dist,delta_t,ref_speed,drv_speed,ref_throttle,drv_throttle,ref_brake,drv_brake,ref_steering,drv_steering,ref_gear,drv_gear,ref_glat,drv_glat,ref_glong,drv_glong,ref_rpm,drv_rpm
0.0,0.0,150.0,125.0,0.0,0.0,68.0,76.0,0.66,1.08,2.0,3.0,-0.18,-0.09,-1.38,-1.26,6492.0,4482.0
5.0,0.02500000000000213,145.5,121.0,0.0,0.0,68.0,68.0,0.08000000000000002,1.43,2.0,0.0,-0.065,-0.04,-0.9299999999999999,-0.77,6103.5,5283.0
10.0,0.07500000000000107,141.0,113.0,0.0,0.0,67.0,64.0,-0.15,0.5650000000000001,2.0,2.0,0.02,-0.06,-1.15,-0.9299999999999999,5345.0,4960.5
15.0,0.09999999999990905,134.0,107.0,0.0,0.0,68.0,55.0,-0.75,0.45,2.0,2.0,0.21,-0.07,-1.65,-0.95,5512.0,4703.0
20.0,0.12500000000013856,128.0,102.0,34.5,69.0,68.0,48.0,-1.475,0.22,0.0,0.0,0.16999999999999998,-0.02,-1.095,-0.75,6370.5,5558.0
25.0,0.1750000000000469,121.5,98.0,0.0,0.0,65.5,25.0,-2.735,-0.35,1.0,1.0,0.24,0.0,-1.3250000000000002,-0.51,6358.5,5530.0
30.0,0.20000000000018225,115.0,96.0,0.0,0.0,60.0,1.5,-3.94,-1.7349999999999999,1.0,1.0,0.46499999999999997,0.13,-1.275,-0.18,6218.0,5445.5
35.0,0.20000000000000284,108.0,95.0,0.0,0.0,48.0,0.0,-7.33,-3.52,1.0,1.0,0.76,0.26,-1.03,-0.15,5895.0,5392.0
40.0,0.24999999999991118,103.0,94.0,0.0,0.0,22.0,0.0,-9.33,-6.16,1.0,1.0,1.01,0.49,-0.55,-0.16,5802.0,5331.0
45.0,0.25000000000009237,101.0,93.0,0.0,0.0,0.0,0.0,-11.89,-8.52,1.0,1.0,0.97,0.66,-0.17,-0.15,5728.0,5264.0
50.0,0.27500000000013713,100.0,92.0,0.0,0.0,0.0,0.0,-15.825,-12.23,1.0,1.0,1.2349999999999999,0.87,-0.18,-0.15,5651.5,5195.0
55.0,0.3000000000001819,99.0,90.0,0.0,0.0,0.0,0.0,-20.13,-16.77,1.0,1.0,1.17,1.03,-0.16,-0.16,5576.0,5124.0
60.0,0.2999999999999119,97.0,88.0,0.0,0.0,0.0,25.0,-24.07,-22.86,1.0,1.0,1.79,1.66,-0.23,-0.48,5488.0,5006.0
65.0,0.3000000000000931,95.0,85.0,0.0,0.0,0.0,35.0,-26.82,-26.82,1.0,1.0,1.81,1.43,-0.24,-0.5,5338.0,4745.0
70.0,0.37500000000013856,93.0,79.0,0.0,0.0,0.0,21.0,-28.725,-31.64,1.0,1.0,1.875,1.79,-0.24,-0.47,5245.5,4379.0
75.0,0.37500000000009237,90.5,76.0,0.0,0.0,0.0,0.0,-31.045,-33.3,1.0,1.0,2.19,1.96,-0.28,-0.28,5091.0,4310.0
80.0,0.4250000000000469,88.0,76.0,19.5,52.0,0.0,0.0,-30.78,-35.57,1.0,1.0,2.0549999999999997,1.64,-0.02,0.21,5133.0,4525.0
85.0,0.44999999999991047,88.0,78.0,49.0,65.0,0.0,0.0,-25.66,-33.6,1.0,1.0,1.83,1.64,0.17,0.31,5183.0,4664.0
90.0,0.45000000000009166,89.0,80.0,56.0,61.0,0.0,0.0,-19.62,-30.39,1.0,1.0,1.65,1.68,0.27,0.28,5308.0,4875.0
95.0,0.5000000000002736,92.0,83.0,57.0,54.0,0.0,0.0,-15.45,-23.08,1.0,1.0,1.37,1.51,0.39,0.58,5502.0,5154.0
100.0,0.525000000000091,94.5,85.0,61.5,55.0,0.0,0.0,-13.254999999999999,-13.69,1.0,1.0,1.2149999999999999,1.45,0.42000000000000004,0.52,5641.0,5414.0
105.0,0.5499999999999119,97.0,88.0,62.0,58.0,0.0,0.0,-11.45,-1.79,1.0,1.0,1.27,1.27,0.52,0.58,5797.0,5853.0
110.0,0.5500000000000931,100.0,91.0,62.0,32.0,0.0,0.0,-10.89,16.21,1.0,1.0,1.26,1.43,0.58,0.65,6043.0,5871.0
115.0,0.5750000000001378,104.0,92.0,63.5,21.0,0.0,0.0,-8.99,20.74,1.0,1.0,1.145,1.33,0.5800000000000001,0.42,6229.0,5877.0
120.0,0.6000000000001826,108.0,93.0,62.0,0.0,0.0,0.0,-7.35,20.57,1.0,1.0,1.19,2.36,0.53,0.2,6505.0,5229.0
125.0,0.650000000000091,110.0,88.0,70.0,0.0,0.0,0.0,-6.55,15.33,1.0,1.0,1.19,0.15,0.53,-0.4,6702.0,4507.0
130.0,0.6750000000001393,114.5,87.0,81.5,0.0,0.0,0.0,-4.494999999999999,14.96,1.0,1.0,1.16,1.25,0.63,-0.62,7015.0,4070.0
135.0,0.750000000000048,117.5,83.0,84.0,0.0,0.0,0.0,-2.46,15.43,1.0,1.0,1.31,-0.12000000000000001,0.645,0.06,7128.0,4124.5
140.0,0.825000000000184,120.5,81.0,91.5,0.0,0.0,0.0,-0.585,9.13,1.0,1.0,1.0550000000000002,-0.44,0.65,0.0,7198.0,4217.0
145.0,0.9000000000000927,123.0,79.5,88.5,0.0,0.0,0.0,-0.31,-4.125,2.0,1.0,0.495,-0.66,0.8400000000000001,-0.05,5884.0,4002.0
150.0,0.9750000000000014,126.5,78.0,100.0,0.0,0.0,0.0,-0.34,-23.78,2.0,1.0,0.33999999999999997,-0.83,0.74,-0.04,5820.5,3816.0
155.0,1.1000000000000014,130.0,71.0,100.0,0.0,0.0,0.0,-0.76,-1.17,2.0,1.0,0.2,-0.04,0.7,-0.09,5985.0,3899.0
160.0,1.1999999999999105,134.0,70.0,100.0,7.0,0.0,0.0,-1.19,5.42,2.0,1.0,0.25,-0.31,0.69,-0.07,6126.0,4078.0
165.0,1.3250000000001378,137.0,72.0,100.0,30.0,0.0,0.0,-0.87,-2.73,2.0,1.0,0.22,0.07,0.6799999999999999,0.24,6300.0,4217.0
170.0,1.4499999999999105,140.0,75.0,100.0,48.0,0.0,0.0,0.25,-3.19,2.0,1.0,0.16,0.23,0.72,0.39,6434.0,4425.0
175.0,1.5750000000001378,143.0,78.0,100.0,44.0,0.0,0.0,2.355,-5.82,2.0,1.0,-0.14,0.33,0.69,0.44,6553.5,5062.0
180.0,1.6499999999999098,146.0,82.0,100.0,52.0,0.0,0.0,3.81,-5.98,2.0,1.0,-0.49,0.62,0.65,0.48,6675.0,4931.0
185.0,1.7500000000001368,148.5,86.5,100.0,75.5,0.0,0.0,4.5649999999999995,0.4049999999999999,2.0,1.0,-0.65,0.49,0.585,0.63,6806.0,5438.0
190.0,1.849999999999909,151.0,91.0,100.0,72.0,0.0,0.0,4.61,3.76,2.0,1.0,-0.64,0.33,0.59,1.03,6964.0,5944.0
195.0,1.900000000000139,153.5,96.5,99.0,90.5,0.0,0.0,4.855,1.52,2.0,1.0,-1.0,0.18,0.5800000000000001,0.85,7095.5,5899.5
200.0,1.9666666666666375,155.66666666666666,102.0,100.0,93.0,0.0,0.0,4.926666666666667,2.1,2.0,1.0,-1.1233333333333333,-0.09,0.56,0.87,7123.666666666667,6162.0
205.0,2.0250000000000004,156.0,107.0,93.0,96.0,0.0,0.0,5.2,-0.95,3.0,1.0,-0.93,-0.005000000000000001,0.79,0.81,6003.0,6424.0
210.0,2.075000000000003,158.5,112.0,99.0,98.0,0.0,0.0,5.28,-0.49,3.0,1.0,-0.985,0.09,0.52,0.85,5968.0,6694.0
215.0,2.1250000000000924,160.5,116.0,100.0,96.0,0.0,0.0,4.57,2.61,3.0,1.0,-0.98,-0.11,0.51,0.75,6025.5,6986.0
220.0,2.150000000000091,163.0,120.0,100.0,100.0,0.0,0.0,3.6,4.86,3.0,1.0,-1.26,-0.44,0.62,0.72,6050.0,7114.0
225.0,2.200000000000184,165.0,124.0,100.0,100.0,0.0,0.0,3.71,5.56,3.0,1.0,-1.01,-0.83,0.53,0.46,6123.0,7280.0
230.0,2.2500000000002736,166.0,126.0,100.0,0.0,0.0,0.0,4.01,3.88,3.0,0.0,-1.1,-0.71,0.57,-0.05,6165.0,7234.0
235.0,2.2583333333333355,168.33333333333334,127.5,100.0,96.0,0.0,0.0,4.01,3.73,3.0,2.0,-0.86,-0.74,0.5,0.755,6270.0,5996.0
240.0,2.3000000000001375,170.5,131.0,100.0,91.0,0.0,0.0,4.32,6.505,3.0,2.0,-0.855,-0.925,0.54,0.615,6350.0,6134.0
245.0,2.325000000000003,171.5,134.0,100.0,96.0,0.0,0.0,4.79,7.13,3.0,2.0,-0.9199999999999999,-1.02,0.52,0.62,6429.5,6137.0
250.0,2.3666666666667284,173.66666666666666,137.0,100.0,93.0,0.0,0.0,4.713333333333333,4.68,3.0,2.0,-1.1833333333333333,-1.33,0.49666666666666665,0.7,6486.333333333333,6361.0
255.0,2.3916666666668194,175.66666666666666,139.0,100.0,99.0,0.0,0.0,4.1066666666666665,2.88,3.0,2.0,-1.2566666666666666,-1.1600000000000001,0.5033333333333333,0.66,6512.333333333333,6439.0
260.0,2.4166666666667593,177.66666666666666,142.0,100.0,95.0,0.0,0.0,3.8866666666666667,3.76,3.0,2.0,-0.8466666666666667,-0.9,0.42,0.63,6617.0,6653.0
265.0,2.4416666666668503,179.33333333333334,144.5,100.0,100.0,0.0,0.0,3.9899999999999998,3.26,3.0,2.0,-1.24,-1.14,0.5433333333333333,0.68,6695.0,6665.5
270.0,2.4666666666666375,180.66666666666666,147.0,100.0,100.0,0.0,0.0,3.65,2.27,3.0,2.0,-1.0766666666666667,-0.77,0.4766666666666666,0.58,6682.666666666667,6722.0
275.0,2.4916666666667284,182.66666666666666,150.0,100.0,100.0,0.0,0.0,2.9766666666666666,2.1100000000000003,3.0,2.0,-0.9566666666666667,-0.725,0.5133333333333334,0.655,6789.333333333333,6881.5
280.0,2.5166666666668203,183.66666666666666,152.0,100.0,100.0,0.0,0.0,2.85,1.59,3.0,2.0,-1.0433333333333334,-0.7,0.47333333333333333,0.67,6811.0,6968.0
285.0,2.51666666666676,185.66666666666666,155.0,100.0,100.0,0.0,0.0,2.97,1.79,3.0,2.0,-1.0166666666666666,-0.54,0.4766666666666666,0.6,6854.666666666667,7056.0
290.0,2.541666666666851,187.0,157.5,100.0,100.0,0.0,0.0,3.0866666666666664,2.27,3.0,2.0,-0.9433333333333334,-0.5800000000000001,0.4766666666666667,0.555,6934.666666666667,7218.0
295.0,2.5583333333333353,188.5,159.66666666666666,50.0,100.0,0.0,0.0,3.4450000000000003,3.0166666666666666,3.0,2.0,-0.935,-0.65,0.255,0.49666666666666665,6876.5,7191.333333333333
300.0,2.575000000000095,189.5,161.0,90.0,100.0,0.0,0.0,4.375,3.96,3.0,2.0,-1.155,-0.79,0.19499999999999998,0.37,6076.0,7219.0
305.0,2.5833333333335435,190.33333333333334,162.0,100.0,100.0,0.0,0.0,4.46,3.24,4.0,2.0,-1.2766666666666666,-0.87,0.45999999999999996,0.32,5741.333333333333,7365.0
310.0,2.608333333333336,192.33333333333334,163.0,100.0,50.0,0.0,0.0,3.6766666666666667,2.505,4.0,2.0,-1.0366666666666666,-0.665,0.38666666666666666,0.075,5819.333333333333,7248.0
315.0,2.625,193.0,163.5,100.0,90.0,0.0,0.0,3.03,2.63,4.0,2.0,-1.12,-0.755,0.47,0.39,5963.0,6444.5
320.0,2.650000000000091,195.0,166.0,100.0,100.0,0.0,0.0,2.33,2.89,4.0,3.0,-1.27,-0.74,0.41,0.56,5875.0,6162.0
325.0,2.6500000000001833,196.0,168.0,100.0,100.0,0.0,0.0,2.3,3.27,4.0,3.0,-0.95,-0.71,0.41,0.51,5915.0,6214.0
330.0,2.666666666666851,197.66666666666666,170.0,100.0,100.0,0.0,0.0,2.2866666666666666,3.55,4.0,3.0,-0.6866666666666666,-0.77,0.3933333333333333,0.52,6072.0,6411.0
335.0,2.6750000000000043,198.5,172.0,100.0,100.0,0.0,0.0,2.0949999999999998,3.52,4.0,3.0,-0.88,-1.07,0.47500000000000003,0.52,6057.0,6370.0
340.0,2.70000000000012,200.0,173.33333333333334,100.0,100.0,0.0,0.0,1.9766666666666666,2.7333333333333334,4.0,3.0,-0.9166666666666667,-1.0633333333333335,0.41,0.5333333333333333,6029.666666666667,6444.666666666667
345.0,2.7166666666669403,201.0,175.33333333333334,100.0,100.0,0.0,0.0,2.3,0.49666666666666665,4.0,3.0,-0.91,-0.7833333333333333,0.42,0.5166666666666667,6067.0,6498.0
350.0,2.724999999999909,202.0,177.5,100.0,100.0,0.0,0.0,3.42,-1.075,4.0,3.0,-0.85,-0.37,0.37,0.51,6109.0,6559.5
355.0,2.7416666666667293,203.66666666666666,179.5,100.0,95.5,0.0,0.0,3.9033333333333333,-0.8350000000000001,4.0,3.0,-0.9966666666666667,-0.08,0.4066666666666667,0.49,6153.333333333333,6614.0
360.0,2.758333333333548,205.0,180.5,87.33333333333333,36.0,0.0,12.0,3.9533333333333336,0.8,4.0,3.0,-0.9933333333333333,-0.039999999999999994,0.33666666666666667,0.16999999999999998,6174.333333333333,6572.5
365.0,2.7583333333333346,205.33333333333334,179.5,46.333333333333336,0.5,0.0,48.5,4.5600000000000005,1.255,4.0,3.0,-1.0633333333333335,-0.115,0.23666666666666666,-0.45499999999999996,6174.666666666667,6432.0
370.0,2.775000000000002,206.0,177.0,22.0,0.0,0.0,60.0,4.87,1.3599999999999999,4.0,3.0,-0.94,-0.21,0.12,-0.745,6156.0,6328.0
375.0,2.791666666666819,206.0,174.5,17.0,0.0,0.0,63.5,4.87,2.135,4.0,3.0,-1.4,-0.395,0.07333333333333333,-0.915,6155.666666666667,6243.5
380.0,2.8083333333333353,206.0,171.0,12.666666666666666,0.0,0.0,57.5,5.116666666666666,3.0700000000000003,4.0,3.0,-1.6233333333333333,-0.55,0.006666666666666668,-0.895,6113.333333333333,6140.5
385.0,2.8166666666667606,206.0,168.33333333333334,0.6666666666666667,0.0,0.0,43.333333333333336,6.613333333333333,3.6333333333333333,4.0,3.0,-0.98,-0.5433333333333333,-0.09,-0.7066666666666667,6083.0,6019.333333333333
390.0,2.850000000000094,205.0,166.0,0.0,0.0,0.0,27.0,8.33,5.14,4.0,3.0,-1.61,-1.07,-0.17,-0.5,6049.0,5953.0
395.0,2.8666666666667613,204.33333333333334,164.0,0.0,0.0,0.0,0.0,9.796666666666667,6.49,4.0,3.0,-2.1166666666666667,-1.18,-0.19333333333333333,-0.15,6031.0,5918.0
400.0,2.8916666666668025,204.0,164.0,0.0,0.0,0.0,0.0,10.675,7.930000000000001,4.0,3.0,-1.8599999999999999,-1.26,-0.18,-0.11333333333333333,6002.5,5896.0
405.0,2.908333333333365,203.0,163.0,0.0,16.5,0.0,0.0,11.533333333333333,9.175,4.0,3.0,-1.6333333333333333,-1.545,-0.16666666666666669,-0.010000000000000002,5965.666666666667,5943.0
410.0,2.9333333333335148,202.0,163.0,0.0,56.666666666666664,0.0,0.0,12.09,10.2,4.0,3.0,-1.79,-1.49,-0.17,0.19666666666666668,5943.0,5980.666666666667
415.0,2.950000000000273,201.0,164.0,30.0,64.0,0.0,0.0,12.97,11.78,4.0,3.0,-2.24,-1.52,0.0,0.24,5996.0,6071.0
420.0,2.9666666666666384,201.0,165.0,70.33333333333333,67.0,0.0,0.0,13.326666666666666,13.32,4.0,3.0,-2.1966666666666668,-1.8,0.09333333333333334,0.25,6035.333333333333,6061.0
425.0,3.0083333333334554,201.0,165.5,82.33333333333333,66.5,0.0,0.0,13.346666666666666,13.33,4.0,3.0,-2.4833333333333334,-1.7850000000000001,0.13,0.28,6038.666666666667,6122.0
430.0,3.008333333333548,201.0,166.5,81.33333333333333,66.0,0.0,0.0,13.103333333333333,13.31,4.0,3.0,-1.7766666666666666,-1.75,0.18,0.28500000000000003,6073.0,6163.0
435.0,3.0333333333332444,202.0,167.0,80.0,65.0,0.0,0.0,12.73,13.33,4.0,3.0,-1.61,-1.7166666666666666,0.29,0.3433333333333333,6141.0,6201.0
440.0,3.0500000000000043,202.0,168.0,81.0,55.0,0.0,0.0,12.21,13.77,4.0,3.0,-2.64,-2.02,0.27,0.29,6099.0,6261.0
445.0,3.0666666666668174,202.0,169.0,84.0,60.0,0.0,0.0,11.696666666666667,13.81,4.0,3.0,-2.2466666666666666,-2.08,0.27999999999999997,0.28,6099.333333333333,6245.0
450.0,3.083333333333334,203.0,170.0,82.33333333333333,64.0,0.0,0.0,11.166666666666668,13.63,4.0,3.0,-2.05,-1.95,0.25,0.31,6152.0,6307.0
455.0,3.100000000000092,203.33333333333334,170.33333333333334,83.0,75.0,0.0,0.0,10.393333333333334,12.646666666666667,4.0,3.0,-2.37,-1.8699999999999999,0.29,0.36333333333333334,6138.666666666667,6341.333333333333
460.0,3.1166666666667595,204.0,171.33333333333334,83.0,78.66666666666667,0.0,0.0,10.06,11.316666666666666,4.0,3.0,-1.99,-1.7633333333333332,0.23,0.38666666666666666,6164.0,6410.333333333333
465.0,3.14166666666676,204.0,172.5,82.0,79.5,0.0,0.0,9.513333333333334,9.205,4.0,3.0,-2.1566666666666667,-1.995,0.2833333333333333,0.355,6191.666666666667,6433.0
470.0,3.150000000000137,205.0,173.5,85.0,84.0,0.0,0.0,8.84,7.85,4.0,3.0,-2.21,-1.895,0.28,0.415,6181.0,6457.5
475.0,3.158333333333365,205.33333333333334,174.5,87.0,91.5,0.0,0.0,8.203333333333333,6.57,4.0,3.0,-2.2533333333333334,-1.83,0.2733333333333333,0.45499999999999996,6215.0,6508.5
480.0,3.1833333333335148,206.0,176.0,95.0,99.66666666666667,0.0,0.0,7.24,5.676666666666667,4.0,3.0,-2.51,-1.9133333333333333,0.28,0.44333333333333336,6207.0,6515.333333333333
485.0,3.2000000000001823,206.66666666666666,177.66666666666666,100.0,100.0,0.0,0.0,6.216666666666667,4.716666666666667,4.0,3.0,-2.21,-1.58,0.32666666666666666,0.45,6226.666666666667,6557.333333333333
490.0,3.2083333333333357,207.5,179.0,100.0,100.0,0.0,0.0,5.41,3.6233333333333335,4.0,3.0,-2.035,-1.4533333333333334,0.33999999999999997,0.4666666666666667,6260.0,6619.333333333333
495.0,3.2166666666667894,208.33333333333334,180.66666666666666,100.0,100.0,0.0,0.0,4.346666666666667,2.533333333333333,4.0,3.0,-1.7833333333333332,-1.24,0.30666666666666664,0.43333333333333335,6271.0,6640.666666666667
500.0,3.2333333333336096,209.0,181.66666666666666,100.0,100.0,0.0,0.0,3.67,1.8866666666666667,4.0,3.0,-1.66,-0.9,0.32,0.43,6313.0,6718.666666666667
505.0,3.24999999999997,209.66666666666666,183.66666666666666,100.0,100.0,0.0,0.0,3.58,1.86,4.0,3.0,-1.37,-0.73,0.31,0.42,6315.666666666667,6765.0
510.0,3.2666666666667883,210.33333333333334,184.66666666666666,100.0,100.0,0.0,0.0,3.55,1.7766666666666666,4.0,3.0,-1.2033333333333334,-0.6466666666666667,0.29333333333333333,0.45,6399.333333333333,6847.666666666667
515.0,3.2750000000002757,211.0,186.5,100.0,100.0,0.0,0.0,3.43,1.2650000000000001,4.0,3.0,-1.26,-0.625,0.34,0.41500000000000004,6383.0,6868.0
520.0,3.2916666666666377,212.0,187.5,100.0,100.0,0.0,0.0,2.6733333333333333,0.6699999999999999,4.0,3.0,-1.3566666666666667,-0.505,0.31666666666666665,0.41000000000000003,6389.666666666667,6908.5
525.0,3.2833333333333954,213.0,189.0,100.0,100.0,0.0,0.0,1.6666666666666667,0.15666666666666668,4.0,3.0,-0.6766666666666667,-0.27666666666666667,0.21333333333333335,0.38666666666666666,6513.666666666667,6976.0
530.0,3.300000000000212,214.33333333333334,190.33333333333334,100.0,100.0,0.0,0.0,1.1333333333333333,-0.17333333333333334,4.0,3.0,-0.8,-0.19,0.26,0.4666666666666667,6618.666666666667,7170.666666666667
535.0,3.3166666666665776,215.0,191.33333333333334,100.0,100.0,0.0,0.0,0.41,-0.45,4.0,3.0,-0.98,-0.10666666666666667,0.31,0.38666666666666666,6450.0,7042.0
540.0,3.316666666666732,216.0,193.0,100.0,100.0,0.0,0.0,-0.05,-0.04,4.0,3.0,-0.5366666666666666,-0.02,0.27666666666666667,0.38,6512.333333333333,7113.0
545.0,3.3333333333335435,217.0,194.0,100.0,100.0,0.0,0.0,-0.2633333333333333,0.51,4.0,3.0,-0.3566666666666667,-0.03,0.30666666666666664,0.39,6511.666666666667,7149.0
550.0,3.3333333333332433,218.0,194.0,100.0,66.66666666666666,0.0,0.0,-1.03,0.5466666666666666,4.0,0.0,-0.09,-0.06666666666666667,0.26,0.41000000000000003,6538.0,6158.333333333333
555.0,3.3500000000000636,218.66666666666666,195.66666666666666,100.0,100.0,0.0,0.0,-2.7566666666666664,-0.13666666666666666,4.0,4.0,0.2766666666666666,-0.05333333333333334,0.29,0.37333333333333335,6590.666666666667,5905.666666666667
560.0,3.3583333333335457,219.0,196.5,100.0,100.0,0.0,0.0,-3.24,-0.78,4.0,4.0,0.5233333333333333,0.035,0.29,0.36,6616.0,5932.0
565.0,3.3666666666665783,220.0,198.0,100.0,100.0,0.0,0.0,-3.21,-1.5033333333333332,4.0,4.0,0.77,0.21666666666666667,0.27,0.37,6657.0,5987.333333333333
570.0,3.3833333333334554,221.0,199.0,100.0,100.0,0.0,0.0,-2.9233333333333333,-1.79,4.0,4.0,0.87,0.34,0.27666666666666667,0.36,6655.0,5986.0
575.0,3.4000000000002757,222.0,200.0,100.0,100.0,0.0,0.0,-2.69,-2.56,4.0,4.0,0.98,0.54,0.26,0.38,6730.0,6114.0
580.0,3.399999999999972,222.0,201.66666666666666,100.0,100.0,0.0,0.0,-2.68,-3.33,4.0,4.0,1.0833333333333335,0.7933333333333333,0.31,0.35333333333333333,6701.333333333333,6073.0
585.0,3.408333333333454,223.0,202.5,100.0,100.0,0.0,0.0,-2.8,-3.66,4.0,4.0,0.9966666666666667,0.9,0.27999999999999997,0.355,6724.666666666667,6106.0
590.0,3.4166666666669414,224.0,203.33333333333334,100.0,100.0,0.0,0.0,-2.8,-4.023333333333333,4.0,4.0,1.05,1.0866666666666667,0.25,0.3433333333333333,6771.0,6155.0
595.0,3.416666666666641,224.66666666666666,204.0,100.0,100.0,0.0,0.0,-2.8,-4.56,4.0,4.0,0.9533333333333333,0.98,0.2366666666666667,0.31,6764.0,6162.0
600.0,3.437500000000135,225.0,205.0,100.0,100.0,0.0,0.0,-2.84,-4.76,4.0,4.0,1.0425,1.37,0.29,0.41,6788.5,6230.0
605.0,3.4500000000001823,225.66666666666666,206.0,100.0,100.0,0.0,0.0,-3.1533333333333333,-3.71,4.0,4.0,0.7966666666666666,0.8466666666666667,0.22000000000000003,0.2833333333333333,6796.0,6242.333333333333
610.0,3.450000000000033,226.0,207.0,90.66666666666667,96.0,0.0,0.0,-4.65,-3.4,4.0,4.0,0.5033333333333333,0.63,0.12,0.3566666666666667,7170.333333333333,6603.0
615.0,3.4500000000001805,227.0,208.0,100.0,100.0,0.0,0.0,-5.01,-3.4,4.0,4.0,1.46,1.34,0.33,0.54,6859.0,6383.0
620.0,3.4500000000001823,227.66666666666666,209.0,100.0,100.0,0.0,0.0,-4.7,-3.4,4.0,4.0,1.9266666666666667,1.6566666666666667,0.24000000000000002,0.34,6848.0,6312.333333333333
625.0,3.470833333333381,228.0,210.0,100.0,100.0,0.0,0.0,-4.54,-3.5833333333333335,4.0,4.0,1.81,1.7166666666666666,0.2425,0.31,6845.0,6299.666666666667
630.0,3.483333333333425,228.66666666666666,211.0,100.0,100.0,0.0,0.0,-4.486666666666666,-4.336666666666666,4.0,4.0,1.2266666666666666,0.9966666666666667,0.21000000000000002,0.29333333333333333,6894.666666666667,6358.0
635.0,3.483333333333425,229.33333333333334,211.0,100.0,100.0,0.0,0.0,-3.903333333333333,-4.27,4.0,4.0,1.28,1.1,0.27999999999999997,0.37,7059.333333333333,6588.0
640.0,3.4833333333334267,230.0,212.0,100.0,100.0,0.0,0.0,-3.46,-3.6766666666666667,4.0,4.0,1.42,1.3533333333333333,0.22,0.3566666666666667,6949.0,6412.333333333333
645.0,3.4916666666667133,230.5,213.0,100.0,100.0,0.0,0.0,-3.355,-3.3466666666666667,4.0,4.0,1.44,1.2766666666666666,0.255,0.30333333333333334,6965.5,6483.0
650.0,3.5,231.0,214.0,100.0,100.0,0.0,0.0,-3.35,-3.78,4.0,4.0,1.43,1.39,0.25,0.33,6946.0,6444.0
655.0,3.5000000000001545,231.66666666666666,215.0,100.0,100.0,0.0,0.0,-2.9233333333333333,-3.8733333333333335,4.0,4.0,1.3166666666666667,1.2933333333333334,0.25,0.31,6971.666666666667,6479.0
660.0,3.504166666666645,232.0,215.33333333333334,100.0,100.0,0.0,0.0,-2.1275,-3.3266666666666667,4.0,4.0,0.9600000000000001,1.0733333333333335,0.23,0.29333333333333333,7010.0,6507.666666666667
665.0,3.516666666666728,232.66666666666666,217.0,100.0,100.0,0.0,0.0,-1.74,-2.23,4.0,4.0,1.0633333333333335,1.18,0.24666666666666667,0.39,7019.666666666667,6537.0
670.0,3.5166666666668807,233.33333333333334,217.66666666666666,100.0,100.0,0.0,0.0,-1.7033333333333334,-1.1166666666666667,4.0,4.0,1.1266666666666667,1.1666666666666665,0.25,0.31666666666666665,7002.0,6534.0
675.0,3.5291666666666224,234.0,218.0,100.0,100.0,0.0,0.0,-1.755,-0.77,4.0,4.0,0.71,0.8533333333333334,0.215,0.3,7014.5,6540.666666666667
680.0,3.533333333333454,234.0,219.0,100.0,100.0,0.0,0.0,-2.4833333333333334,-0.86,4.0,4.0,0.6,0.38,0.07999999999999999,0.03,7181.333333333333,6833.0
685.0,3.5333333333336086,235.0,220.0,100.0,61.66666666666667,0.0,0.0,-2.68,-0.6833333333333333,4.0,4.0,1.06,0.6733333333333333,0.18,0.3466666666666667,7047.0,6583.666666666667
690.0,3.550000000000031,235.0,220.0,100.0,18.666666666666668,0.0,5.0,-2.5666666666666664,-0.63,4.0,4.0,1.1933333333333334,0.6066666666666667,0.22333333333333333,-0.04666666666666665,7072.333333333333,6531.333333333333
695.0,3.550000000000182,236.0,219.0,71.0,0.0,0.0,49.0,-2.52,-0.52,4.0,4.0,1.09,0.44,0.14,-0.65,7049.0,6431.0
700.0,3.558333333333472,235.5,217.0,19.5,0.0,15.5,63.666666666666664,-2.27,-0.51,4.0,4.0,1.13,0.36,-0.195,-0.8933333333333333,6983.5,6365.0
705.0,3.566666666666759,233.0,214.0,0.0,0.0,39.0,74.66666666666667,-1.02,-0.51,4.0,4.0,0.85,0.27,-0.79,-1.0866666666666667,6837.0,6266.333333333333
710.0,3.566666666666757,231.0,210.0,0.0,0.0,51.333333333333336,84.0,-0.7000000000000001,-0.51,4.0,4.0,0.65,0.17,-1.0,-1.27,6743.333333333333,6119.0
715.0,3.570833333333404,227.25,206.33333333333334,0.0,69.0,61.5,93.33333333333333,-0.8200000000000001,-0.9033333333333333,4.0,0.0,0.615,0.10666666666666667,-1.295,-1.46,6615.0,6831.666666666667
720.0,3.6000000000001524,224.33333333333334,199.66666666666666,0.0,0.0,63.0,95.33333333333333,-0.9,-1.9633333333333334,4.0,3.0,0.58,0.16999999999999998,-1.3733333333333333,-1.7666666666666666,6544.666666666667,7098.666666666667
725.0,3.600000000000003,220.33333333333334,195.0,0.0,0.0,66.33333333333333,94.33333333333333,-1.1133333333333333,-1.5566666666666666,4.0,3.0,0.47,0.19333333333333333,-1.37,-1.59,6413.666666666667,6895.0
730.0,3.616666666666667,217.0,188.66666666666666,0.0,0.0,68.0,90.66666666666667,-1.62,-1.0766666666666667,4.0,3.0,0.46,0.20666666666666667,-1.43,-1.6466666666666665,6254.0,6616.0
735.0,3.6333333333334874,211.66666666666666,184.0,0.0,0.0,69.0,79.66666666666667,-2.48,-0.95,4.0,3.0,0.6366666666666667,0.22333333333333333,-1.54,-1.6033333333333333,6116.333333333333,6504.0
740.0,3.633333333333427,206.33333333333334,178.33333333333334,0.0,0.0,69.0,64.66666666666667,-2.723333333333333,-0.98,4.0,3.0,0.83,0.25,-1.4666666666666666,-1.26,5989.666666666667,6351.333333333333
745.0,3.650000000000091,202.0,174.33333333333334,53.66666666666667,23.0,69.33333333333333,61.333333333333336,-2.72,-1.2233333333333332,0.0,3.0,0.9533333333333334,0.3,-1.47,-1.1833333333333333,6607.333333333333,6366.333333333333
750.0,3.675000000000093,198.0,169.5,0.0,34.5,68.0,61.5,-2.62,-2.4,3.0,0.0,1.02,0.435,-1.45,-1.245,7018.0,7366.5
755.0,3.675000000000182,193.0,165.5,0.0,0.0,63.0,61.0,-2.56,-3.715,3.0,2.0,0.83,0.585,-1.39,-1.23,6836.0,7239.5
760.0,3.700000000000273,188.0,160.0,0.0,0.0,54.0,58.0,-2.73,-5.4,3.0,2.0,0.78,0.72,-1.3,-1.1,6635.0,6991.0
765.0,3.6999999999999105,184.0,156.0,0.0,0.0,52.0,58.0,-2.76,-6.38,3.0,2.0,0.9,0.93,-1.31,-1.11,6549.0,6826.0
770.0,3.7250000000000014,180.0,151.0,0.0,0.0,48.0,57.0,-3.81,-6.175,3.0,2.0,1.0,1.1600000000000001,-1.07,-1.125,6411.0,6615.0
775.0,3.7500000000000924,176.0,147.0,0.0,0.0,45.0,54.0,-5.45,-5.96,3.0,2.0,1.06,1.01,-1.02,-1.02,6238.0,6356.0
780.0,3.7750000000001833,173.0,142.5,0.0,0.0,35.0,31.5,-7.57,-7.55,3.0,2.0,1.33,1.1949999999999998,-0.87,-0.7250000000000001,6162.0,6241.0
785.0,3.8000000000002743,170.0,140.0,0.0,0.0,21.0,21.0,-8.55,-8.59,3.0,2.0,1.58,1.32,-0.64,-0.56,6082.0,6148.0
790.0,3.8249999999999105,169.0,137.5,0.0,0.0,0.0,9.5,-8.92,-8.605,3.0,2.0,1.95,1.53,-0.24,-0.37,6073.0,6061.0
795.0,3.8500000000001364,167.0,136.0,0.0,0.0,0.0,0.0,-7.7,-6.845,3.0,2.0,1.92,1.44,-0.22999999999999998,-0.20500000000000002,6020.0,6005.0
800.0,3.875,166.0,135.0,0.0,0.0,0.0,0.0,-5.04,-3.47,3.0,2.0,1.5,1.07,-0.21000000000000002,-0.19,5977.0,5963.0
805.0,3.891666666666726,165.0,134.0,0.0,20.5,14.666666666666666,0.0,-1.6533333333333333,-1.085,3.0,2.0,0.8633333333333334,0.53,-0.3333333333333333,0.0,5873.0,6016.5
810.0,3.925000000000093,161.0,135.0,0.0,51.5,49.0,0.0,1.24,-0.195,3.0,2.0,0.76,0.20500000000000002,-1.09,0.14500000000000002,5635.0,6056.0
815.0,3.9500000000001805,159.0,136.0,0.0,58.0,62.0,0.0,1.57,-0.1,3.0,2.0,0.17,0.08,-0.93,0.17,5244.0,6119.0
820.0,3.950000000000184,153.0,136.0,0.0,13.5,65.5,0.0,1.725,0.13999999999999999,2.0,2.0,-0.045,-0.025,-1.53,0.24,6006.0,6075.5
825.0,3.9750000000001826,147.0,136.0,0.0,0.0,66.0,7.0,2.6,2.5700000000000003,2.0,2.0,-0.5,-0.275,-1.44,-0.22999999999999998,6370.0,6007.5
830.0,3.975000000000186,141.5,133.0,0.0,0.0,61.0,45.0,5.49,6.12,2.0,2.0,-0.575,-0.62,-1.2,-0.83,6021.0,5853.0
835.0,4.000000000000185,136.0,129.0,0.0,0.0,43.0,50.0,8.88,9.9,2.0,2.0,-1.47,-0.99,-0.98,-0.92,5867.0,5649.0
840.0,3.975000000000094,132.0,125.5,0.0,0.0,9.0,9.0,11.83,12.21,2.0,2.0,-1.27,-1.5550000000000002,-0.38,-0.43000000000000005,5869.0,5521.0
845.0,4.000000000000092,131.0,124.0,0.0,0.0,0.0,0.0,13.305,14.745000000000001,2.0,2.0,-1.5950000000000002,-1.55,-0.24,-0.22999999999999998,5771.0,5497.5
850.0,4.0,129.5,122.5,0.0,0.0,0.0,0.0,14.89,17.305,2.0,2.0,-1.63,-1.165,-0.21500000000000002,-0.23,5680.0,5322.0
855.0,4.025000000000002,128.0,120.5,0.0,0.0,0.0,0.0,15.15,17.369999999999997,2.0,2.0,-1.94,-1.77,-0.27,-0.215,5625.0,5269.0
860.0,4.02499999999991,126.0,118.5,0.0,4.0,0.0,0.0,16.16,15.965,2.0,2.0,-1.66,-1.93,-0.23,-0.19,5523.0,5242.0
865.0,4.025000000000276,124.0,117.0,0.0,19.5,0.0,0.0,17.31,12.675,2.0,2.0,-2.28,-1.6,-0.28,0.0,5436.0,5284.0
870.0,4.025000000000183,122.0,116.5,3.0,37.5,0.0,0.0,17.39,12.864999999999998,2.0,2.0,-1.16,-2.1,-0.14,0.175,5342.0,5351.0
875.0,4.0500000000000895,120.0,116.0,29.0,44.0,0.0,0.0,19.41,15.33,2.0,2.0,-3.6,-1.98,-0.52,0.13,5397.0,5298.0
880.0,4.050000000000004,119.0,116.0,43.0,46.0,0.0,0.0,16.97,14.81,2.0,2.0,-0.97,-0.59,0.08,0.09,5484.0,5558.0
885.0,4.049999999999912,119.0,116.0,61.0,61.0,0.0,0.0,14.72,12.59,2.0,2.0,-1.98,-2.53,0.14,-0.23,5409.0,5303.0
890.0,4.050000000000274,120.0,117.0,70.0,60.0,0.0,0.0,12.69,9.74,2.0,2.0,-1.59,-1.33,0.27,0.36,5506.0,5585.0
895.0,4.050000000000182,121.0,118.0,71.0,70.0,0.0,0.0,11.14,7.63,2.0,2.0,-1.29,-1.18,0.29,0.41,5560.0,5423.0
900.0,4.0500000000000895,122.0,120.0,74.0,67.0,0.0,0.0,9.32,7.63,2.0,2.0,-1.52,-1.14,0.34,0.45,5631.0,5591.0
905.0,4.050000000000004,124.0,123.0,88.0,72.0,0.0,0.0,6.4,6.41,2.0,2.0,-1.15,-1.12,0.42,0.47,5843.0,5679.0
910.0,4.049999999999912,127.0,125.0,90.0,93.0,0.0,0.0,4.14,1.82,2.0,2.0,-1.14,-0.89,0.55,0.58,5958.0,5822.0
915.0,4.075000000000138,129.5,128.0,91.5,97.0,0.0,0.0,3.835,-3.58,2.0,2.0,-0.9199999999999999,-0.44,0.525,0.62,6052.0,5982.0
920.0,4.050000000000047,132.0,131.5,88.5,100.0,0.0,0.0,4.145,1.5,2.0,2.0,-1.07,-0.3,0.595,0.66,6240.0,6045.0
925.0,4.075000000000273,134.0,134.5,88.0,100.0,0.0,0.0,4.78,5.2,2.0,2.0,-1.21,-0.625,0.52,0.655,6344.0,6187.0
930.0,4.0750000000000455,136.5,137.0,89.5,99.0,0.0,0.0,4.79,5.37,2.0,2.0,-1.3250000000000002,-0.86,0.555,0.61,6370.5,6317.0
935.0,4.050000000000182,139.5,139.5,90.0,93.0,0.0,0.0,4.3100000000000005,6.1850000000000005,2.0,2.0,-1.455,-1.1749999999999998,0.6,0.55,6511.5,6472.0
940.0,4.050000000000182,141.0,142.0,94.0,91.0,0.0,0.0,3.5,7.02,2.0,2.0,-1.28,-1.19,0.53,0.49,6608.0,6541.0
945.0,4.050000000000182,143.5,144.0,100.0,89.0,0.0,0.0,2.44,6.484999999999999,2.0,2.0,-1.29,-1.475,0.5700000000000001,0.52,6600.5,6650.5
950.0,4.050000000000182,146.0,146.0,100.0,94.0,0.0,0.0,1.52,5.29,2.0,2.0,-1.03,-1.74,0.58,0.47,6691.0,6689.0
955.0,4.050000000000182,148.5,147.5,100.0,94.5,0.0,0.0,0.275,3.955,2.0,2.0,-0.45,-1.135,0.475,0.43999999999999995,6882.0,6875.0
960.0,4.066666666666759,150.66666666666666,149.0,100.0,74.0,0.0,0.0,-1.29,1.39,2.0,2.0,-0.21333333333333335,-1.12,0.6066666666666667,0.41,6887.0,6860.0
965.0,4.075000000000273,153.0,151.0,100.0,38.0,0.0,0.0,-2.53,-0.615,2.0,2.0,0.15,-0.625,0.51,0.26,6974.0,6809.0
970.0,4.0750000000000455,154.0,151.0,48.0,7.0,0.0,0.0,-3.91,-0.7,0.0,2.0,0.495,-0.2,0.395,-0.01,6436.5,6732.0
975.0,4.050000000000274,156.0,151.0,93.0,0.0,0.0,0.0,-5.67,-1.23,3.0,2.0,0.49,0.07,0.38,-0.16,5909.0,6643.0
980.0,4.0749999999999105,157.0,150.0,68.0,0.0,0.0,0.0,-6.34,-2.455,3.0,2.0,1.12,0.35,0.37,-0.2,5880.0,6633.0
985.0,4.075000000000138,158.0,149.0,37.5,0.0,0.0,0.0,-6.615,-3.8,3.0,2.0,1.25,0.58,0.22499999999999998,-0.19,5853.0,6585.0
990.0,4.100000000000001,159.0,148.0,32.5,0.0,0.0,0.0,-6.785,-5.205,3.0,2.0,1.385,0.81,0.20500000000000002,-0.20500000000000002,5852.5,6556.0
995.0,4.100000000000001,160.0,147.0,29.0,0.0,0.0,0.0,-6.99,-7.83,3.0,2.0,1.14,1.09,0.19,-0.22,5876.0,6506.0
1000.0,4.125000000000092,160.0,146.0,14.0,0.0,0.0,0.0,-7.69,-10.655000000000001,3.0,2.0,1.32,1.35,0.05,-0.22,5824.0,6461.0
1005.0,4.125000000000092,159.5,145.0,12.0,0.0,0.0,0.0,-7.605,-13.07,3.0,2.0,1.5699999999999998,1.71,-0.08,-0.25,5874.0,6409.0
1010.0,4.1416666666668185,159.0,143.5,30.333333333333332,0.0,0.0,0.0,-7.386666666666667,-14.149999999999999,3.0,2.0,1.08,1.7999999999999998,0.06333333333333332,-0.25,5806.666666666667,6337.5
1015.0,4.150000000000183,159.0,142.0,47.0,0.0,0.0,0.0,-8.07,-13.58,3.0,2.0,0.91,1.94,0.13,-0.26,6636.0,6267.0
1020.0,4.158333333333548,160.0,140.5,45.0,0.0,0.0,0.0,-7.666666666666667,-11.795,3.0,2.0,2.606666666666667,2.01,0.30000000000000004,-0.25,5989.0,6197.0
1025.0,4.175000000000047,159.0,139.0,58.0,6.0,0.0,0.0,-6.55,-8.83,3.0,2.0,2.35,1.65,0.115,-0.16,5861.0,6190.0
1030.0,4.191666666666851,159.0,139.0,54.0,38.5,0.0,0.0,-4.72,-5.585,3.0,2.0,0.81,1.395,0.2366666666666667,0.055,5987.0,6239.5
1035.0,4.224999999999909,160.0,139.0,0.0,57.0,0.0,0.0,-0.54,-0.9550000000000001,3.0,2.0,1.07,1.02,-0.05,0.185,5715.0,6278.5
1040.0,4.233333333333423,158.66666666666666,140.0,0.0,61.0,16.666666666666664,0.0,2.6866666666666665,1.56,3.0,2.0,0.3333333333333333,0.35,-0.44,0.21,5716.666666666667,6304.0
1045.0,4.25,155.5,141.0,0.0,43.5,38.5,0.0,3.09,1.52,3.0,2.0,-0.24000000000000002,-0.060000000000000005,-0.84,0.195,5563.0,6337.5
1050.0,4.25,152.0,141.0,69.0,0.0,37.0,20.0,2.62,-0.26,0.0,2.0,-0.58,-0.1,-0.7,-0.43,5699.0,6238.0
1055.0,4.25,149.0,137.5,0.0,0.0,37.0,53.5,4.16,0.43000000000000005,2.0,2.0,-0.635,-0.105,-0.7849999999999999,-0.8899999999999999,6497.5,6018.0
1060.0,4.275000000000002,145.0,132.0,0.0,0.0,30.0,51.5,6.38,3.31,2.0,2.0,-0.75,-0.25,-0.82,-0.94,6343.0,5781.0
1065.0,4.274999999999999,143.0,128.0,0.0,0.0,3.0,25.0,8.285,6.35,2.0,2.0,-1.1,-0.87,-0.285,-0.47,6315.5,5648.0
1070.0,4.300000000000004,142.0,126.0,0.0,0.0,0.0,10.0,9.84,8.82,2.0,2.0,-1.27,-0.81,-0.22,-0.39,6273.0,5582.0
1075.0,4.325000000000003,140.5,125.0,0.0,0.0,0.0,0.0,10.440000000000001,13.36,2.0,2.0,-0.8300000000000001,-0.71,-0.26,-0.18,6175.5,5442.0
1080.0,4.350000000000001,140.0,123.0,0.0,0.0,0.0,0.0,11.43,15.86,2.0,2.0,-0.6,-1.35,-0.07,-0.22,5904.0,5429.0
1085.0,4.375,137.5,121.0,0.0,0.0,0.0,0.0,10.094999999999999,15.69,2.0,2.0,-1.9200000000000002,-2.25,-0.6950000000000001,-0.26,5904.5,5325.0
1090.0,4.375000000000135,135.0,120.0,0.0,0.0,0.0,0.0,8.42,14.27,2.0,2.0,-0.47,-1.32,-0.175,-0.21,5830.0,5227.0
1095.0,4.399999999999913,133.0,117.0,7.0,8.0,0.0,0.0,7.58,8.28,2.0,2.0,-1.23,-1.49,0.0,-0.16,5894.0,5236.0
1100.0,4.400000000000276,133.0,117.0,17.0,16.0,0.0,0.0,9.14,3.82,2.0,2.0,-1.26,-1.54,-0.02,0.0,5974.0,5226.0
1105.0,4.425000000000047,133.0,116.0,23.0,17.0,0.0,0.0,9.655,6.55,2.0,2.0,-1.065,-1.24,-0.015000000000000003,0.01,5985.0,5236.0
1110.0,4.450000000000273,132.0,116.0,24.0,0.0,0.0,0.0,8.36,7.79,2.0,2.0,-2.17,-1.1,-0.12,-0.21,5908.0,5115.0
1115.0,4.4500000000001805,132.0,114.0,0.0,0.0,0.0,0.0,3.89,5.3,2.0,2.0,-0.09,-0.98,-0.09,-0.2,5775.0,5045.0
1120.0,4.500000000000185,131.0,113.5,0.0,0.0,3.5,0.0,0.11499999999999999,2.88,2.0,2.0,-0.72,-0.46,-0.315,-0.13,5464.0,4876.0
1125.0,4.500000000000092,128.5,112.5,0.0,0.0,26.0,0.0,-7.9350000000000005,-1.5100000000000002,2.0,2.0,0.07,-0.215,-0.5800000000000001,-0.11,5639.5,4964.0
1130.0,4.524999999999999,125.5,112.0,0.0,0.0,10.0,11.0,-11.35,-9.8,2.0,2.0,1.23,0.8,-0.38,-0.29,5549.0,4943.0
1135.0,4.550000000000004,125.0,109.0,0.0,0.0,0.0,20.0,-11.89,-15.26,2.0,2.0,1.52,1.3,-0.19,-0.47,5517.0,4798.0
1140.0,4.5749999999999105,123.0,107.0,5.0,0.0,0.0,0.0,-13.16,-19.25,2.0,2.0,1.83,1.76,-0.21,-0.22499999999999998,5503.0,4734.5
1145.0,4.600000000000271,123.0,105.0,21.0,0.0,0.0,0.0,-16.79,-21.79,2.0,2.0,1.44,1.95,0.0,-0.26,5577.0,4652.0
1150.0,4.600000000000186,122.0,103.0,22.0,0.0,0.0,0.0,-18.97,-23.12,2.0,2.0,1.58,1.91,-0.01,-0.27,5603.0,4556.0
1155.0,4.650000000000091,122.0,102.0,24.0,28.0,0.0,0.0,-18.72,-21.69,2.0,2.0,2.31,1.87,-0.06,0.0,5471.0,4626.0
1160.0,4.675000000000001,121.0,101.0,27.0,33.5,0.0,0.0,-18.12,-21.285,2.0,2.0,2.12,1.78,-0.03,0.060000000000000005,5477.0,4612.5
1165.0,4.6999999999999105,120.0,101.0,35.0,44.0,0.0,0.0,-16.93,-18.1,2.0,2.0,1.75,1.71,0.02,0.13,5450.0,4594.0
1170.0,4.725000000000275,120.0,102.0,36.0,49.0,0.0,0.0,-16.25,-15.17,2.0,2.0,1.8,1.505,0.08,0.16999999999999998,5506.0,4632.5
1175.0,4.750000000000185,120.0,103.0,40.0,49.0,0.0,0.0,-14.52,-12.98,2.0,2.0,1.54,1.32,0.08,0.19,5477.0,4682.0
1180.0,4.775000000000091,120.0,104.0,51.0,52.0,0.0,0.0,-10.0,-8.465,2.0,2.0,1.38,1.22,0.13,0.29500000000000004,5550.0,4770.0
1185.0,4.800000000000004,121.0,106.0,78.0,72.0,0.0,0.0,-5.21,-5.6,2.0,2.0,1.35,0.86,0.32,0.37,5584.0,4919.0
1190.0,4.8249999999999105,123.0,108.5,90.0,96.0,0.0,0.0,-0.71,-3.4850000000000003,2.0,2.0,1.0,0.725,0.43,0.565,5749.0,5031.0
1195.0,4.825000000000273,126.0,112.0,100.0,93.0,0.0,0.0,-0.36,-0.9949999999999999,2.0,2.0,0.78,0.49,0.63,0.56,5772.0,5268.5
1200.0,4.87500000000005,128.5,116.0,100.0,100.0,0.0,0.0,-1.25,1.8,2.0,2.0,0.39,0.12,0.6,0.64,5926.5,5365.0
1205.0,4.875000000000185,131.5,119.0,100.0,100.0,0.0,0.0,-2.955,1.21,2.0,2.0,0.51,-0.08,0.6000000000000001,0.61,6068.5,5500.0
1210.0,4.900000000000183,135.0,122.0,100.0,100.0,0.0,0.0,-3.18,-0.51,2.0,2.0,0.54,-0.02,0.55,0.6,6202.0,5621.0
1215.0,4.900000000000091,137.0,126.0,100.0,100.0,0.0,0.0,-3.17,-1.33,2.0,2.0,0.7,0.14,0.66,0.62,6294.0,5781.0
1220.0,4.900000000000091,140.0,129.5,99.5,100.0,0.0,0.0,-2.9450000000000003,-0.735,2.0,2.0,0.53,0.16,0.5700000000000001,0.61,6459.0,5904.0
1225.0,4.925000000000097,142.0,132.0,99.0,100.0,0.0,0.0,-2.27,0.06500000000000002,2.0,2.0,0.5,0.08,0.53,0.615,6584.0,6056.0
1230.0,4.9250000000000895,144.5,134.0,100.0,100.0,0.0,0.0,-1.7149999999999999,0.13,2.0,2.0,0.73,0.05,0.585,0.58,6694.5,6164.0
1235.0,4.925000000000097,147.0,137.5,100.0,100.0,0.0,0.0,-1.71,-0.27,2.0,2.0,0.57,0.045,0.53,0.575,6764.0,6335.0
1240.0,4.9250000000000895,149.5,139.0,100.0,100.0,0.0,0.0,-0.865,-0.21,2.0,2.0,0.45499999999999996,0.05,0.535,0.61,6842.0,6405.0
1245.0,4.950000000000095,151.0,143.0,100.0,100.0,0.0,0.0,1.0,0.12,2.0,2.0,0.21,0.02,0.51,0.54,6997.0,6545.0
1250.0,4.975000000000179,153.0,144.5,100.0,100.0,0.0,0.0,1.69,0.29000000000000004,2.0,2.0,0.02,-0.005,0.53,0.54,7001.0,6674.5
1255.0,4.975000000000186,155.0,148.0,52.5,100.0,0.0,0.0,1.685,0.77,2.0,2.0,-0.215,-0.08,0.315,0.55,7025.0,6739.0
1260.0,4.9500000000001805,155.0,150.0,0.0,100.0,0.0,0.0,1.51,1.56,2.0,2.0,-0.31,-0.19,-0.29,0.53,6908.0,6875.0
1265.0,4.9750000000002785,154.0,151.5,0.0,44.0,43.0,0.0,2.5,1.6099999999999999,2.0,2.0,-0.39,-0.295,-0.87,0.29,6751.0,6809.0
1270.0,4.975000000000044,148.0,151.0,0.0,0.0,61.5,0.0,4.01,1.36,2.0,2.0,-0.5549999999999999,-0.33,-1.2349999999999999,-0.29,6443.0,6720.0
1275.0,4.9750000000002785,143.0,149.0,0.0,0.0,62.0,46.0,4.8,1.7349999999999999,2.0,2.0,-0.58,-0.32,-1.22,-0.76,6118.0,6557.0
1280.0,4.975000000000044,137.0,145.0,0.0,0.0,52.0,60.0,4.63,2.6,2.0,2.0,-0.975,-0.38,-1.175,-1.02,5916.0,6357.0
1285.0,4.950000000000188,132.0,140.0,34.5,0.0,30.5,61.0,4.525,3.325,0.0,2.0,-0.9,-0.475,-0.745,-1.1549999999999998,7310.5,6129.5
1290.0,4.9500000000001805,130.0,135.0,0.0,0.0,5.0,60.0,4.58,3.63,1.0,2.0,-0.96,-0.52,-0.36,-1.11,7357.0,5925.0
1295.0,4.950000000000095,128.0,129.0,0.0,0.0,0.0,54.0,6.43,4.08,1.0,2.0,-0.8,-0.63,-0.23,-1.03,7263.0,5662.0
1300.0,4.924999999999997,127.0,125.0,0.0,69.0,0.0,51.0,9.39,4.365,1.0,0.0,-1.12,-0.615,-0.25,-0.895,7205.0,6463.5
1305.0,4.950000000000003,125.5,120.0,0.0,0.0,0.0,39.5,12.51,4.68,1.0,1.0,-1.2850000000000001,-0.655,-0.255,-0.81,7117.5,6759.5
1310.0,4.975000000000136,124.5,116.0,0.0,0.0,0.0,33.0,15.280000000000001,5.86,1.0,1.0,-1.4249999999999998,-0.75,-0.26,-0.73,7021.5,6517.0
1315.0,4.975000000000044,122.5,112.0,0.0,0.0,0.0,27.0,17.119999999999997,6.43,1.0,1.0,-1.725,-0.84,-0.275,-0.61,6915.0,6341.0
1320.0,4.975000000000186,120.5,109.0,0.0,0.0,0.0,22.0,18.375,8.23,1.0,1.0,-1.85,-0.94,-0.29000000000000004,-0.55,6802.5,6158.0
1325.0,5.000000000000092,118.5,105.5,0.0,0.0,0.0,24.0,19.645,12.195,1.0,1.0,-1.81,-1.1600000000000001,-0.28,-0.575,6679.0,5955.5
1330.0,5.024999999999999,116.5,102.0,0.0,0.0,0.0,26.0,20.75,16.15,1.0,1.0,-1.85,-1.35,-0.28500000000000003,-0.67,6557.0,5742.0
1335.0,5.050000000000274,114.0,97.0,7.0,0.0,0.0,10.0,21.28,19.52,1.0,1.0,-1.73,-1.57,-0.12,-0.44,6533.0,5510.0
1340.0,5.075000000000188,113.0,95.0,27.0,0.0,0.0,0.0,20.74,21.54,1.0,1.0,-1.46,-1.6,-0.01,-0.25,6602.0,5389.0
1345.0,5.100000000000094,113.0,93.0,38.0,10.0,0.0,0.0,19.4,21.33,1.0,1.0,-1.7,-1.69,0.09,-0.1,6618.0,5390.0
1350.0,5.125000000000135,113.0,93.0,41.0,42.0,0.0,0.0,16.575000000000003,20.04,1.0,1.0,-1.58,-1.56,0.14500000000000002,0.15,6606.5,5514.0
1355.0,5.175000000000047,114.0,94.0,49.5,42.0,0.0,0.0,14.365,18.34,1.0,1.0,-1.275,-1.49,0.165,0.19,6672.0,5528.0
1360.0,5.225000000000186,114.5,95.0,54.0,40.0,0.0,0.0,12.015,15.1,1.0,1.0,-1.545,-1.42,0.235,0.22,6715.5,5637.0
1365.0,5.225000000000001,116.0,97.0,66.0,47.5,0.0,0.0,8.85,9.5,1.0,1.0,-1.08,-1.21,0.33,0.305,6891.0,5700.5
1370.0,5.249999999999908,118.0,99.0,77.0,67.0,0.0,0.0,6.46,5.14,1.0,1.0,-1.15,-0.88,0.44,0.47,7033.0,5866.0
1375.0,5.300000000000274,120.0,103.0,81.0,84.0,0.0,0.0,3.57,4.75,1.0,1.0,-0.7,-0.67,0.42,0.62,7258.0,6096.0
1380.0,5.300000000000182,122.0,106.0,90.0,74.0,0.0,0.0,0.4,3.2,1.0,1.0,-0.97,-0.55,0.56,0.56,7189.0,6465.0
1385.0,5.325000000000088,124.0,110.0,100.0,82.0,0.0,0.0,-1.56,-0.8800000000000001,1.0,1.0,-0.37,-0.49,0.42,0.7,7371.0,6572.5
1390.0,5.375000000000092,125.5,115.0,91.0,92.0,0.0,0.0,-2.235,-1.57,2.0,1.0,0.045,-0.1,0.91,0.79,6011.0,6846.0
1395.0,5.375,129.5,119.0,100.0,94.0,0.0,0.0,-1.87,-2.71,2.0,1.0,0.14500000000000002,0.2,0.735,0.73,5984.0,7082.0
1400.0,5.375000000000135,132.5,121.0,86.0,0.0,0.0,0.0,-3.2649999999999997,-4.89,2.0,0.0,0.28,0.47,0.615,0.02,6374.5,6766.0
1405.0,5.399999999999913,136.0,124.0,93.0,81.0,0.0,0.0,-3.87,-7.68,2.0,2.0,0.5,0.63,0.59,0.8,6411.0,5770.0
1410.0,5.400000000000134,139.5,127.0,94.5,81.0,0.0,0.0,-5.34,-10.105,2.0,2.0,0.7150000000000001,1.1400000000000001,0.74,0.6599999999999999,6474.5,5998.0
1415.0,5.424999999999912,142.0,130.0,85.0,79.5,0.0,0.0,-8.39,-10.98,2.0,2.0,1.15,1.37,0.61,0.6,6611.0,6097.5
1420.0,5.425000000000139,144.0,133.0,86.5,79.0,0.0,0.0,-9.77,-10.64,2.0,2.0,1.6,1.79,0.565,0.63,6633.5,6126.0
1425.0,5.4499999999999105,146.0,135.0,91.0,83.0,0.0,0.0,-10.52,-9.12,2.0,2.0,1.83,1.71,0.6,0.59,6677.0,6239.0
1430.0,5.450000000000138,148.5,137.5,90.5,82.5,0.0,0.0,-10.36,-9.245000000000001,2.0,2.0,1.705,1.55,0.59,0.5549999999999999,6799.0,6345.5
1435.0,5.4499999999999105,151.0,140.0,87.0,86.0,0.0,0.0,-9.86,-11.61,2.0,2.0,1.72,1.62,0.54,0.55,6940.0,6391.0
1440.0,5.450000000000138,153.0,142.0,91.0,77.0,0.0,0.0,-9.815000000000001,-13.995000000000001,2.0,2.0,1.85,1.845,0.515,0.53,6972.0,6520.5
1445.0,5.475000000000001,154.5,144.0,91.5,75.0,0.0,0.0,-9.47,-14.46,2.0,2.0,1.98,1.96,0.525,0.44,7045.5,6561.0
1450.0,5.475000000000001,156.0,145.5,94.0,75.5,0.0,0.0,-8.33,-14.34,2.0,2.0,1.8,2.14,0.48,0.445,7110.0,6628.0
1455.0,5.483333333333363,158.33333333333334,147.0,99.0,80.0,0.0,0.0,-7.06,-12.98,2.0,2.0,1.7233333333333334,2.06,0.47,0.48,7185.333333333333,6747.0
1460.0,5.500000000000092,159.0,148.5,48.0,85.5,0.0,0.0,-6.46,-10.665,0.0,2.0,1.63,2.09,0.41,0.475,6523.5,6792.0
1465.0,5.500000000000092,161.0,151.0,100.0,96.0,0.0,0.0,-6.05,-5.52,3.0,2.0,1.4,1.71,0.49,0.57,5997.0,6904.0
1470.0,5.525000000000183,163.0,153.5,99.0,100.0,0.0,0.0,-5.15,-2.9050000000000002,3.0,2.0,1.37,1.3599999999999999,0.45,0.605,6108.0,6996.5
1475.0,5.508333333333546,164.33333333333334,155.5,100.0,100.0,0.0,0.0,-4.383333333333334,-1.2850000000000001,3.0,2.0,1.19,0.9099999999999999,0.42333333333333334,0.575,6168.666666666667,7127.5
1480.0,5.525000000000048,166.5,157.0,100.0,0.0,0.0,0.0,-3.5949999999999998,-0.12,3.0,0.0,1.1800000000000002,0.53,0.525,-0.01,6285.5,6714.0
1485.0,5.541666666666806,168.5,159.33333333333334,98.5,100.0,0.0,0.0,-2.42,0.2033333333333333,3.0,3.0,1.105,0.24333333333333335,0.505,0.5466666666666667,6418.5,5893.666666666667
1490.0,5.541666666666636,169.66666666666666,161.0,95.33333333333333,100.0,0.0,0.0,-1.4733333333333334,-0.155,3.0,3.0,0.8800000000000001,0.11,0.42,0.565,6653.0,5987.0
1495.0,5.5333333333333385,171.0,163.66666666666666,88.0,100.0,0.0,0.0,-0.65,-0.35,3.0,3.0,1.53,0.09333333333333334,0.63,0.59,6996.0,6057.333333333333
1500.0,5.5500000000000895,173.0,166.0,100.0,100.0,0.0,0.0,-0.11,0.36,3.0,3.0,1.55,0.05,0.51,0.63,6450.0,6138.0
1505.0,5.550000000000182,175.0,168.0,100.0,100.0,0.0,0.0,0.33,0.86,3.0,3.0,1.09,-0.02,0.53,0.53,6550.0,6198.0
1510.0,5.56666666666694,176.0,170.33333333333334,100.0,100.0,0.0,0.0,0.39,1.3433333333333333,3.0,3.0,0.87,-0.17333333333333334,0.52,0.5433333333333333,6559.0,6294.0
1515.0,5.566666666666578,178.0,171.33333333333334,100.0,100.0,0.0,0.0,1.47,1.7333333333333334,3.0,3.0,0.36,-0.2833333333333333,0.5,0.53,6592.0,6354.666666666667
1520.0,5.575000000000003,180.0,173.5,100.0,100.0,0.0,0.0,2.45,0.51,3.0,3.0,-0.08,-0.325,0.45,0.5449999999999999,6645.0,6422.5
1525.0,5.575000000000088,182.0,175.5,100.0,100.0,0.0,0.0,2.09,-1.04,3.0,3.0,-0.34,-0.115,0.48,0.52,6720.0,6478.0
1530.0,5.575000000000188,184.0,177.5,100.0,100.0,0.0,0.0,1.72,-1.365,3.0,3.0,-0.44,0.095,0.43,0.52,6803.0,6560.0
1535.0,5.575000000000273,185.0,179.0,100.0,100.0,0.0,0.0,1.72,-0.525,3.0,3.0,-0.53,0.15,0.46,0.485,6845.0,6640.0
1540.0,5.5749999999999105,187.0,181.0,100.0,100.0,0.0,0.0,1.55,-0.065,3.0,3.0,-0.54,0.15000000000000002,0.44,0.49,6906.0,6689.0
1545.0,5.575000000000003,188.0,182.5,100.0,100.0,0.0,0.0,1.05,-0.03,3.0,3.0,-0.51,0.1,0.44,0.49,6943.0,6748.0
1550.0,5.591666666666818,189.66666666666666,184.5,100.0,100.0,0.0,0.0,0.6966666666666667,-0.02,3.0,3.0,-0.38666666666666666,0.065,0.42666666666666664,0.48,7004.333333333333,6799.5
1555.0,5.591666666666761,191.0,186.5,100.0,100.0,0.0,0.0,0.6,-0.06,3.0,3.0,-0.33,0.03,0.44333333333333336,0.475,7054.666666666667,6866.0
1560.0,5.583333333333513,192.66666666666666,187.66666666666666,100.0,100.0,0.0,0.0,0.4633333333333334,-0.25333333333333335,3.0,3.0,-0.27,0.043333333333333335,0.4066666666666667,0.4433333333333333,7097.0,6914.0
1565.0,5.591666666666669,194.0,189.33333333333334,100.0,100.0,0.0,0.0,0.065,-0.24666666666666667,3.0,3.0,-0.175,0.05333333333333333,0.38,0.44,7140.5,6975.333333333333
1570.0,5.5833333333334565,194.33333333333334,191.0,33.33333333333333,100.0,0.0,0.0,-0.023333333333333334,-0.1,0.0,3.0,-0.1,0.03,0.16666666666666663,0.45,6518.666666666667,7023.0
1575.0,5.600000000000271,195.0,192.0,100.0,100.0,0.0,0.0,-0.01,-0.39,4.0,3.0,-0.04,0.07,0.41,0.41,5920.0,7086.0
1580.0,5.599999999999916,197.0,194.0,100.0,100.0,0.0,0.0,0.11,-0.34,4.0,3.0,-0.04,0.08,0.39,0.4,5927.0,7128.0
1585.0,5.583333333333336,198.0,194.66666666666666,100.0,100.0,0.0,0.0,0.21,-0.18666666666666668,4.0,3.0,-0.04,0.08333333333333333,0.36,0.36,5966.0,7161.666666666667
1590.0,5.600000000000151,199.0,195.66666666666666,100.0,100.0,0.0,0.0,0.24666666666666667,-0.11,4.0,3.0,-0.05,0.07,0.37,0.35000000000000003,6005.666666666667,7203.0
1595.0,5.6000000000000085,200.33333333333334,197.0,100.0,66.66666666666667,0.0,0.0,0.24,0.009999999999999998,4.0,3.0,-0.07666666666666667,0.056666666666666664,0.36,0.19666666666666668,6036.666666666667,7106.666666666667
1600.0,5.600000000000094,201.33333333333334,197.33333333333334,100.0,100.0,0.0,0.0,0.17333333333333334,0.039999999999999994,4.0,4.0,-0.08666666666666667,0.023333333333333334,0.35666666666666663,0.55,6057.333333333333,5940.333333333333
1605.0,5.600000000000087,203.0,199.0,100.0,100.0,0.0,0.0,0.09,0.09,4.0,4.0,-0.07,0.0,0.35,0.37,6093.0,5991.0
1610.0,5.6166666666667595,203.66666666666666,200.0,100.0,100.0,0.0,0.0,-0.0066666666666666645,0.05,4.0,4.0,-0.03666666666666667,0.0,0.3466666666666667,0.36,6132.333333333333,6012.0
1615.0,5.600000000000179,204.66666666666666,200.66666666666666,100.0,100.0,0.0,0.0,-0.12333333333333332,0.05666666666666667,4.0,4.0,-0.006666666666666668,-0.013333333333333334,0.32,0.35333333333333333,6171.666666666667,6048.666666666667
1620.0,5.608333333333363,206.0,202.0,100.0,100.0,0.0,0.0,-0.19666666666666666,0.02,4.0,4.0,0.026666666666666665,-0.01,0.32333333333333336,0.355,6199.333333333333,6083.5
1625.0,5.616666666666852,207.0,203.33333333333334,100.0,100.0,0.0,0.0,-0.12,-0.03333333333333333,4.0,4.0,0.03,-0.006666666666666667,0.35,0.35666666666666663,6214.0,6129.666666666667
1630.0,5.616666666666845,207.66666666666666,204.0,100.0,100.0,0.0,0.0,-0.04,-0.25,4.0,4.0,0.026666666666666665,0.02,0.31,0.35,6256.333333333333,6148.0
1635.0,5.599999999999973,209.0,205.0,100.0,100.0,0.0,0.0,0.16999999999999998,-0.29333333333333333,4.0,4.0,0.0,0.043333333333333335,0.31666666666666665,0.33,6279.0,6179.333333333333
1640.0,5.616666666666788,210.0,206.66666666666666,100.0,100.0,0.0,0.0,0.12666666666666668,-0.22666666666666668,4.0,4.0,-0.013333333333333332,0.06666666666666667,0.29666666666666663,0.32,6325.0,6210.0
1645.0,5.616666666666937,211.0,207.33333333333334,100.0,100.0,0.0,0.0,0.12,0.05333333333333333,4.0,4.0,-0.03,0.043333333333333335,0.33,0.32333333333333336,6345.0,6241.666666666667
1650.0,5.616666666666646,211.66666666666666,208.0,100.0,100.0,0.0,0.0,0.11,-0.03,4.0,4.0,-0.03666666666666667,0.02,0.29333333333333333,0.3,6375.333333333333,6275.0
1655.0,5.616666666666788,212.33333333333334,209.66666666666666,100.0,100.0,0.0,0.0,0.09666666666666666,-0.14333333333333334,4.0,4.0,-0.03666666666666667,0.026666666666666665,0.30666666666666664,0.32,6396.666666666667,6306.666666666667
1660.0,5.616666666666937,213.0,210.33333333333334,100.0,100.0,0.0,0.0,0.07,-0.15,4.0,4.0,-0.03,0.03333333333333333,0.28,0.32,6421.0,6321.333333333333
1665.0,5.6333333333333115,214.66666666666666,211.33333333333334,100.0,100.0,0.0,0.0,0.09666666666666666,-1.734723475976807e-18,4.0,4.0,-0.03333333333333333,0.013333333333333334,0.27,0.30333333333333334,6462.333333333333,6360.333333333333
1670.0,5.633333333333454,215.0,212.0,100.0,100.0,0.0,0.0,0.15666666666666668,-0.02,4.0,4.0,-0.03333333333333333,0.01,0.2833333333333333,0.31,6469.333333333333,6390.0
1675.0,5.633333333333603,216.0,213.0,100.0,100.0,0.0,0.0,0.53,-3.469446951953614e-18,4.0,4.0,-0.06,0.0,0.26,0.30333333333333334,6502.0,6406.333333333333
1680.0,5.6333333333333115,216.66666666666666,214.33333333333334,100.0,100.0,0.0,0.0,0.6266666666666667,0.03,4.0,4.0,-0.10999999999999999,0.0,0.2866666666666667,0.31,6525.666666666667,6448.0
1685.0,5.633333333333454,217.33333333333334,215.0,100.0,100.0,0.0,0.0,0.63,0.03,4.0,4.0,-0.14333333333333334,0.0,0.25333333333333335,0.3,6559.0,6467.0
1690.0,5.633333333333603,218.0,216.0,100.0,100.0,0.0,0.0,0.67,0.13999999999999999,4.0,4.0,-0.18,-0.02333333333333333,0.26,0.30333333333333334,6609.0,6513.333333333333
1695.0,5.6333333333333115,219.0,217.0,100.0,100.0,0.0,0.0,0.7,0.1,4.0,4.0,-0.25,-0.023333333333333334,0.26666666666666666,0.3,6603.666666666667,6535.333333333333
1700.0,5.633333333333454,220.0,218.0,100.0,100.0,0.0,0.0,0.7033333333333333,0.09,4.0,4.0,-0.26666666666666666,-0.02,0.26333333333333336,0.3,6602.666666666667,6543.0
1705.0,5.633333333333603,221.0,218.66666666666666,100.0,100.0,0.0,0.0,1.0,0.22666666666666668,4.0,4.0,-0.25,-0.03,0.18,0.27666666666666667,6706.0,6555.0
1710.0,5.6333333333333115,221.66666666666666,219.33333333333334,100.0,100.0,0.0,0.0,1.2666666666666666,0.2,4.0,4.0,-0.38666666666666666,-0.04,0.31000000000000005,0.22666666666666666,6651.333333333333,6612.0
1715.0,5.633333333333454,222.33333333333334,220.0,100.0,100.0,0.0,0.0,1.2733333333333334,0.71,4.0,4.0,-0.38999999999999996,-0.06,0.24,0.23,6698.0,6654.0
1720.0,5.633333333333603,223.0,221.0,100.0,100.0,0.0,0.0,1.14,0.4633333333333334,4.0,4.0,-0.38,-0.12,0.28,0.31666666666666665,6775.0,6662.0
1725.0,5.629166666666642,223.66666666666666,222.0,100.0,100.0,0.0,0.0,1.02,-0.36250000000000004,4.0,4.0,-0.38,-0.0625,0.24666666666666667,0.275,6750.0,6686.5
1730.0,5.620833333333472,224.25,222.66666666666666,100.0,100.0,0.0,0.0,0.9375,-0.41666666666666663,4.0,4.0,-0.40249999999999997,-0.020000000000000004,0.195,0.27,6820.0,6754.0
1735.0,5.6333333333335105,225.0,223.33333333333334,100.0,100.0,0.0,0.0,0.7566666666666667,-0.3433333333333333,4.0,4.0,-0.3433333333333334,0.013333333333333332,0.26666666666666666,0.3,6774.333333333333,6769.666666666667
1740.0,5.633333333333368,225.0,224.0,100.0,100.0,0.0,0.0,0.87,0.11,4.0,4.0,-0.13666666666666666,0.01,0.009999999999999998,0.26,7055.666666666667,6739.0
1745.0,5.633333333333518,226.0,224.0,100.0,100.0,0.0,0.0,0.65,0.49,4.0,4.0,-0.49,-0.02333333333333333,0.34,-0.11333333333333333,6743.0,7245.666666666667
1750.0,5.6333333333335105,227.0,225.0,100.0,100.0,0.0,0.0,0.22333333333333333,1.05,4.0,4.0,-0.30000000000000004,-0.07999999999999999,0.25666666666666665,0.3566666666666667,6813.333333333333,6719.0
1755.0,5.637500000000053,227.25,226.0,100.0,100.0,0.0,0.0,0.1825,1.13,4.0,4.0,-0.24,-0.19,0.28,0.29,6909.0,6794.0
1760.0,5.633333333333425,228.66666666666666,226.33333333333334,100.0,100.0,0.0,0.0,0.3433333333333333,1.05,4.0,4.0,-0.19666666666666666,-0.29333333333333333,0.23333333333333334,0.2833333333333333,6883.333333333333,6849.0
1765.0,5.633333333333425,229.33333333333334,228.0,100.0,100.0,0.0,0.0,0.82,1.26,4.0,4.0,-0.21666666666666667,-0.35,0.29333333333333333,0.24,6921.0,6872.0
1770.0,5.633333333333425,230.0,228.66666666666666,100.0,100.0,0.0,0.0,1.46,1.8699999999999999,4.0,4.0,-0.22,-0.48333333333333334,0.23,0.29666666666666663,6969.0,6883.333333333333
1775.0,5.6375000000000455,230.5,229.25,100.0,100.0,0.0,0.0,1.6749999999999998,3.05,4.0,4.0,-0.38,-0.48250000000000004,0.26,0.25,7027.0,6940.25
1780.0,5.633333333333333,231.0,230.0,100.0,100.0,0.0,0.0,1.71,3.9033333333333333,4.0,4.0,-0.5,-0.6566666666666666,0.3,0.29666666666666663,6969.0,7062.666666666667
1785.0,5.633333333333489,232.66666666666666,230.33333333333334,100.0,100.0,0.0,0.0,1.73,4.336666666666667,4.0,4.0,-0.71,-1.04,0.29,0.29333333333333333,6986.666666666667,6961.333333333333
1790.0,5.649999999999913,233.0,232.0,100.0,100.0,0.0,0.0,1.83,4.2,4.0,4.0,-0.74,-1.48,0.27,0.32,6985.0,6968.0
1795.0,5.633333333333397,233.66666666666666,232.0,100.0,100.0,0.0,0.0,2.1566666666666667,3.9733333333333336,4.0,4.0,-0.79,-1.5066666666666666,0.27,0.29333333333333333,7024.666666666667,6963.333333333333
1800.0,5.637500000000223,234.25,233.0,100.0,100.0,0.0,0.0,2.26,3.92,4.0,4.0,-0.8925000000000001,-1.46,0.2575,0.27,7040.75,7007.0
1805.0,5.649999999999977,235.0,233.66666666666666,100.0,100.0,0.0,0.0,2.2399999999999998,3.85,4.0,4.0,-0.95,-1.45,0.25,0.26,7054.0,7029.666666666667
1810.0,5.633333333333454,236.0,234.0,100.0,100.0,0.0,0.0,2.21,3.77,4.0,4.0,-1.04,-1.6,0.24333333333333335,0.28,7067.333333333333,7031.0
1815.0,5.645833333333535,236.0,235.0,100.0,100.0,0.0,0.0,2.1175,3.663333333333333,4.0,4.0,-0.99,-1.71,0.215,0.25333333333333335,7075.25,7038.0
1820.0,5.645833333333364,237.0,235.25,100.0,100.0,0.0,0.0,1.95,3.4475,4.0,4.0,-0.84,-1.5525000000000002,0.20333333333333334,0.235,7114.333333333333,7049.75
1825.0,5.633333333333518,237.0,236.0,100.0,100.0,0.0,0.0,1.82,3.02,4.0,4.0,-1.0,-1.2833333333333334,0.21,0.22666666666666668,7119.0,7090.666666666667
1830.0,5.645833333333421,238.0,236.25,100.0,100.0,0.0,0.0,1.6766666666666667,2.435,4.0,4.0,-0.9566666666666667,-1.455,0.19333333333333333,0.2375,7121.333333333333,7099.0
1835.0,5.633333333333425,238.0,237.0,100.0,100.0,0.0,0.0,1.54,1.9900000000000002,4.0,4.0,-0.83,-1.41,0.17,0.23,7136.0,7090.666666666667
1840.0,5.650000000000006,239.0,237.33333333333334,100.0,100.0,0.0,0.0,1.54,1.3166666666666667,4.0,4.0,-0.7766666666666666,-1.12,0.17,0.19666666666666666,7163.0,7106.666666666667
1845.0,5.637500000000003,239.0,238.0,100.0,100.0,0.0,0.0,1.49,0.9550000000000001,4.0,4.0,-0.9,-0.875,0.16,0.2175,7157.0,7142.5
1850.0,5.650000000000212,239.0,238.33333333333334,66.66666666666667,100.0,0.0,0.0,1.3699999999999999,0.6900000000000001,4.0,4.0,-0.79,-0.8566666666666667,0.03666666666666668,0.19,7031.0,7135.333333333333
1855.0,5.637499999999918,239.0,239.0,100.0,100.0,0.0,0.0,1.21,0.2875,5.0,4.0,-0.72,-0.6075,0.13,0.17500000000000002,6160.0,7137.25
1860.0,5.641666666666758,240.0,239.0,100.0,100.0,0.0,0.0,1.14,0.09333333333333334,5.0,4.0,-0.605,-0.38999999999999996,0.19,0.16333333333333333,6087.0,7153.666666666667
1865.0,5.637500000000273,240.0,239.75,100.0,100.0,0.0,0.0,1.11,-0.007500000000000007,5.0,4.0,-0.61,-0.26,0.14,0.155,6121.0,7171.25
1870.0,5.641666666666673,240.5,239.66666666666666,100.0,33.33333333333333,0.0,0.0,1.0350000000000001,-0.24666666666666667,5.0,0.0,-0.535,-0.14,0.15000000000000002,-0.17333333333333334,6130.5,6858.0
1875.0,5.637500000000188,241.0,239.75,100.0,100.0,0.0,0.0,0.93,-0.16,5.0,5.0,-0.51,-0.05,0.13,0.03999999999999998,6148.0,6246.5
1880.0,5.641666666666801,241.0,240.33333333333334,100.0,100.0,0.0,0.0,0.5900000000000001,0.2033333333333333,5.0,5.0,-0.485,-0.05666666666666667,0.12000000000000001,0.16333333333333333,6150.0,6121.333333333333
1885.0,5.637500000000095,242.0,241.0,100.0,100.0,0.0,0.0,0.38,0.46249999999999997,5.0,5.0,-0.4,-0.0775,0.15,0.1625,6156.0,6129.25
1890.0,5.6416666666667155,242.0,241.0,100.0,100.0,0.0,0.0,0.235,0.5733333333333333,5.0,5.0,-0.30000000000000004,-0.14666666666666667,0.135,0.16666666666666669,6170.5,6141.0
1895.0,5.637500000000003,242.0,241.75,100.0,100.0,0.0,0.0,0.22,0.52,5.0,5.0,-0.21,-0.1675,0.13,0.16,6179.0,6155.25
1900.0,5.6416666666668505,243.0,242.0,100.0,100.0,0.0,0.0,0.215,0.3933333333333333,5.0,5.0,-0.17,-0.16333333333333333,0.135,0.15333333333333335,6203.0,6164.666666666667
1905.0,5.637499999999918,243.0,242.0,100.0,100.0,0.0,0.0,0.21,0.3525,5.0,5.0,-0.17,-0.1575,0.15,0.14,6191.0,6197.75
1910.0,5.650000000000119,243.0,243.0,100.0,100.0,0.0,0.0,0.18,0.2566666666666667,5.0,5.0,-0.13,-0.18666666666666668,0.12,0.16333333333333333,6197.333333333333,6189.333333333333
1915.0,5.637500000000273,244.0,243.0,100.0,100.0,0.0,0.0,0.08,-0.06,5.0,5.0,-0.11,-0.1375,0.11,0.15,6202.0,6187.75
1920.0,5.650000000000034,244.0,244.0,100.0,100.0,0.0,0.0,0.0033333333333333322,-0.33666666666666667,5.0,5.0,-0.07666666666666666,-0.046666666666666676,0.1,0.13333333333333333,6209.666666666667,6195.0
1925.0,5.637500000000188,244.0,244.0,100.0,100.0,0.0,0.0,0.03,-0.33,5.0,5.0,-0.03,0.0225,0.09,0.125,6258.0,6205.5
1930.0,5.645833333333421,244.33333333333334,244.0,100.0,100.0,0.0,0.0,0.026666666666666665,-0.42500000000000004,5.0,5.0,-0.03666666666666667,0.0675,0.11666666666666667,0.1225,6250.0,6251.25
1935.0,5.645833333333471,245.0,244.66666666666666,100.0,100.0,0.0,0.0,0.02,-0.5966666666666667,5.0,5.0,-0.0225,0.15666666666666668,0.11,0.1366666666666667,6227.5,6241.0
1940.0,5.645833333333336,245.0,245.0,100.0,100.0,0.0,0.0,0.05,-0.3225,5.0,5.0,-0.02,0.175,0.08666666666666667,0.11499999999999999,6255.0,6227.0
1945.0,5.645833333333378,245.0,245.0,100.0,100.0,0.0,0.0,0.11,0.12666666666666665,5.0,5.0,-0.0275,0.10333333333333333,0.1075,0.10666666666666667,6257.5,6255.333333333333
1950.0,5.637500000000223,246.0,246.0,100.0,100.0,0.0,0.0,-0.10250000000000001,0.45,5.0,5.0,-0.0225,0.05,0.0825,0.13,6249.75,6273.0
1955.0,5.649999999999977,246.0,246.0,100.0,100.0,0.0,0.0,-0.31333333333333335,0.08666666666666667,5.0,5.0,0.019999999999999997,0.003333333333333334,0.07666666666666667,0.09666666666666666,6245.666666666667,6251.333333333333
1960.0,5.637500000000138,246.0,246.0,100.0,100.0,0.0,0.0,-0.31,-0.15,5.0,5.0,0.0675,0.0,0.0625,0.05,6253.5,6247.0
1965.0,5.641666666666843,246.0,246.0,100.0,100.0,0.0,0.0,-0.08666666666666667,-0.14500000000000002,5.0,5.0,0.08333333333333333,0.02,0.05333333333333333,0.065,6265.0,6256.5
1970.0,5.650000000000098,246.0,246.0,100.0,100.0,0.0,0.0,0.17,-0.05,5.0,5.0,0.05,0.04,0.04,0.07,6264.0,6273.0
1975.0,5.641666666666758,246.0,247.0,100.0,100.0,0.0,0.0,0.07,0.13,5.0,5.0,0.01666666666666667,0.025,0.04,0.06,6285.0,6271.0
1980.0,5.649999999999999,246.0,247.0,100.0,100.0,0.0,0.0,0.01,-0.09,5.0,5.0,0.0,0.01,0.04,0.07,6289.0,6293.0
1985.0,5.6416666666668505,247.0,247.0,100.0,100.0,0.0,0.0,-0.095,-0.13,5.0,5.0,0.005,0.02,0.03,0.06333333333333334,6300.0,6298.666666666667
1990.0,5.637499999999918,247.0,247.0,100.0,100.0,0.0,0.0,-0.31,-0.145,5.0,5.0,0.03,0.0275,0.04,0.0625,6325.0,6310.5
1995.0,5.641666666666758,247.0,247.0,100.0,100.0,0.0,0.0,-0.48,-0.18,5.0,5.0,0.03,0.04,-0.015,0.07,6362.0,6329.333333333333
2000.0,5.637500000000273,247.0,247.75,95.0,100.0,0.0,0.0,-0.53,-0.18,5.0,5.0,0.05,0.0175,-0.2,0.0425,6681.0,6342.25
2005.0,5.645833333333364,247.0,247.0,100.0,98.25,0.0,0.0,-0.25,-0.195,5.0,5.0,0.12000000000000001,0.015,0.27,-0.035,6466.333333333333,6659.0
2010.0,5.645833333333449,247.0,247.66666666666666,100.0,97.66666666666667,0.0,0.0,0.09,-0.06333333333333332,5.0,5.0,0.125,0.06333333333333332,0.07,0.20333333333333334,6339.75,6511.0
2015.0,5.645833333333421,247.33333333333334,248.0,100.0,100.0,0.0,0.0,0.14333333333333334,0.0725,5.0,5.0,0.09333333333333334,0.0875,0.05333333333333333,0.11,6362.666666666667,6359.75
2020.0,5.645833333333471,248.0,248.66666666666666,100.0,100.0,0.0,0.0,0.2325,0.13666666666666666,5.0,5.0,0.07750000000000001,0.06666666666666667,0.0975,0.11666666666666667,6327.0,6372.0
2025.0,5.6374999999999815,248.0,249.0,100.0,100.0,0.0,0.0,0.25,0.37,5.0,5.0,0.0075,0.03,0.02,0.13,6357.0,6347.0
2030.0,5.64166666666673,248.0,249.0,100.0,100.0,0.0,0.0,0.23666666666666666,0.76,5.0,5.0,-0.006666666666666666,-0.03,-0.07333333333333333,0.08,6593.0,6366.0
2035.0,5.650000000000269,248.0,249.0,100.0,100.0,0.0,0.0,0.23,1.13,5.0,5.0,-0.06,-0.08,0.42,0.0,6522.0,6729.0
2040.0,5.6333333333333115,249.0,249.33333333333334,100.0,97.33333333333333,0.0,0.0,0.25,0.8466666666666667,5.0,5.0,-0.1,-0.19,0.12,0.27666666666666667,6352.0,6578.333333333333
2045.0,5.637500000000188,249.0,250.0,100.0,63.5,0.0,0.0,0.26,0.13,5.0,5.0,-0.07,-0.26,0.06,0.06,6386.0,6352.0
2050.0,5.641666666666801,249.0,250.0,100.0,24.333333333333336,0.0,0.0,0.54,-0.21333333333333332,5.0,5.0,-0.11,-0.16333333333333333,0.11,-0.07333333333333333,6458.5,6308.333333333333
2055.0,5.637500000000095,250.0,249.25,100.0,0.25,0.0,13.5,1.15,-0.1225,5.0,5.0,-0.16,-0.11,0.11,-0.4125,6386.0,6235.0
2060.0,5.645833333333336,250.0,247.75,100.0,0.0,0.0,31.0,1.9033333333333333,0.1975,5.0,5.0,-0.25666666666666665,-0.105,0.13333333333333333,-0.615,6470.333333333333,6191.25
2065.0,5.645833333333378,250.0,245.66666666666666,100.0,0.0,0.0,40.0,2.3975,0.39,5.0,5.0,-0.45499999999999996,-0.13666666666666666,0.1825,-0.8033333333333333,6416.0,6123.666666666667
2070.0,5.637500000000223,250.25,244.0,100.0,0.0,0.0,45.0,2.46,0.52,5.0,5.0,-0.5525,-0.19,0.11000000000000001,-0.92,6428.5,6091.0
2075.0,5.649999999999977,251.0,240.66666666666666,100.0,0.0,0.0,44.666666666666664,2.473333333333333,1.35,5.0,5.0,-0.7466666666666667,-0.24333333333333335,0.12666666666666668,-0.9233333333333333,6433.666666666667,5998.333333333333
2080.0,5.637500000000138,251.0,239.0,100.0,0.0,0.0,40.0,2.6675,2.1,5.0,5.0,-0.99,-0.41,0.14250000000000002,-0.91,6420.5,5954.0
2085.0,5.650000000000176,251.66666666666666,236.33333333333334,100.0,0.0,0.0,34.666666666666664,2.8666666666666667,2.37,5.0,5.0,-1.1466666666666667,-0.6066666666666667,0.14333333333333334,-0.8333333333333333,6420.0,5904.666666666667
2090.0,5.662500000000094,252.0,233.75,81.0,0.0,0.0,32.75,3.13,2.285,5.0,5.0,-1.3,-0.7825,0.08,-0.82,6400.0,5850.0
2095.0,5.658333333333381,251.5,231.66666666666666,26.5,0.0,0.0,32.0,3.48,2.2,5.0,5.0,-1.275,-0.9266666666666666,-0.09,-0.82,6351.5,5794.0
2100.0,5.666666666666664,251.0,229.66666666666666,0.0,46.0,0.0,34.333333333333336,3.69,2.4,5.0,0.0,-1.08,-0.9199999999999999,-0.33,-0.7833333333333333,6315.0,6374.666666666667
2105.0,5.68333333333355,250.0,227.0,0.0,0.0,5.666666666666666,41.0,4.343333333333333,3.11,5.0,4.0,-0.9633333333333334,-0.8,-0.35666666666666663,-0.91,6261.666666666667,6662.0
2110.0,5.69583333333329,248.5,223.66666666666666,0.0,0.0,25.25,44.666666666666664,5.4925,4.043333333333334,5.0,4.0,-1.2025000000000001,-0.7866666666666666,-0.605,-1.0133333333333334,6199.25,6529.666666666667
2115.0,5.700000000000131,246.75,221.5,0.0,0.0,30.0,44.25,6.1575,4.4925,5.0,4.0,-1.51,-0.9375,-0.745,-1.03,6149.75,6472.25
2120.0,5.7000000000001805,245.33333333333334,218.66666666666666,46.0,0.0,29.333333333333332,36.0,6.496666666666666,4.91,5.0,4.0,-1.76,-1.16,-0.7266666666666667,-0.8733333333333333,6432.0,6413.0
2125.0,5.7041666666667155,242.5,216.66666666666666,51.75,0.0,25.25,28.666666666666668,6.7075,5.716666666666667,0.0,4.0,-2.0749999999999997,-1.45,-0.72,-0.7533333333333333,7145.5,6356.0
2130.0,5.716666666666754,240.33333333333334,214.0,0.0,0.0,23.666666666666668,27.0,7.2299999999999995,7.02,4.0,4.0,-1.97,-1.71,-0.7333333333333333,-0.71,7050.333333333333,6274.0
2135.0,5.737500000000075,238.5,211.0,0.0,0.0,22.75,27.0,8.195,7.77,4.0,4.0,-1.7375,-1.68,-0.6825,-0.73,6963.5,6190.0
2140.0,5.750000000000156,236.33333333333334,208.66666666666666,0.0,0.0,21.333333333333332,27.0,9.216666666666667,8.216666666666667,4.0,4.0,-1.69,-1.6366666666666667,-0.73,-0.71,6876.333333333333,6099.333333333333
2145.0,5.75,233.66666666666666,206.66666666666666,0.0,0.0,16.0,23.0,9.84,8.263333333333334,4.0,4.0,-2.4333333333333336,-1.7066666666666666,-0.6766666666666666,-0.6533333333333333,6838.0,6031.0
2150.0,5.750000000000007,232.0,205.0,0.0,0.0,4.0,10.0,10.01,7.9,4.0,4.0,-2.18,-2.3,-0.43,-0.49,6809.0,6002.0
2155.0,5.783333333333545,230.66666666666666,203.0,0.0,25.0,0.0,0.0,10.106666666666666,7.04,4.0,4.0,-1.5166666666666666,-1.68,-0.31666666666666665,-0.11,6776.333333333333,6038.0
2160.0,5.783333333333239,229.0,203.0,0.0,56.0,0.0,0.0,10.48,7.0600000000000005,4.0,4.0,-2.6,-1.7,-0.39,-0.04,6752.0,6070.333333333333
2165.0,5.7833333333334025,227.66666666666666,202.66666666666666,4.666666666666666,83.0,0.0,0.0,10.6,7.07,4.0,4.0,-2.2233333333333336,-1.9566666666666666,-0.30000000000000004,0.026666666666666665,6728.333333333333,6055.666666666667
2170.0,5.8041666666668945,226.75,202.0,16.25,96.0,0.0,0.0,10.7625,7.093333333333334,4.0,4.0,-2.4975,-1.6833333333333333,-0.2525,0.07333333333333333,6719.75,6083.333333333333
2175.0,5.8166666666666345,226.0,203.0,26.0,96.0,0.0,0.0,11.45,7.71,4.0,4.0,-2.3866666666666667,-2.04,-0.21333333333333335,0.11,6700.0,6067.0
2180.0,5.816666666666791,225.0,203.0,21.333333333333332,94.33333333333333,0.0,0.0,12.563333333333334,7.97,4.0,4.0,-1.6533333333333333,-1.85,-0.19666666666666668,0.10666666666666667,6684.333333333333,6081.0
2185.0,5.833333333333606,224.0,203.0,15.0,82.0,0.0,0.0,13.3,8.0,4.0,4.0,-1.16,-1.2733333333333332,-0.2,0.15666666666666668,6661.0,6151.0
2190.0,5.833333333333307,223.33333333333334,203.0,15.666666666666666,76.0,0.0,0.0,13.463333333333333,8.003333333333334,4.0,4.0,-1.7866666666666666,-1.1866666666666668,-0.20666666666666667,0.18333333333333332,6630.0,6185.333333333333
2195.0,5.8333333333334565,222.0,204.0,25.666666666666668,70.0,0.0,0.0,13.103333333333333,8.0,4.0,4.0,-1.8866666666666665,-1.6,-0.18333333333333335,0.21,6607.666666666667,6185.0
2200.0,5.850000000000271,221.0,204.0,49.0,57.0,0.0,0.0,12.9,7.35,4.0,4.0,-1.76,-1.69,-0.1,0.1,6607.0,6176.0
2205.0,5.866666666666696,221.0,204.0,70.66666666666667,55.666666666666664,0.0,0.0,12.943333333333333,6.463333333333333,4.0,4.0,-1.77,-1.67,-0.06,0.13999999999999999,6618.333333333333,6161.666666666667
2210.0,5.866666666666852,221.0,204.33333333333334,85.0,58.333333333333336,0.0,0.0,13.46,5.536666666666667,4.0,4.0,-1.41,-1.56,-0.01,0.15,6616.0,6178.666666666667
2215.0,5.8833333333335105,220.33333333333334,205.0,84.66666666666667,63.666666666666664,0.0,0.0,14.633333333333335,4.923333333333334,4.0,4.0,-1.6733333333333333,-1.1733333333333333,0.02666666666666667,0.11,6653.0,6195.333333333333
2220.0,5.883333333333368,220.0,205.0,85.66666666666667,67.0,0.0,0.0,15.4,4.02,4.0,4.0,-1.66,-1.48,0.043333333333333335,0.24,6626.666666666667,6213.0
2225.0,5.883333333333518,220.0,206.0,83.0,68.0,0.0,0.0,15.88,2.7533333333333334,4.0,4.0,-1.52,-1.2,0.04,0.17666666666666667,6655.0,6189.0
2230.0,5.8833333333335105,220.0,206.0,82.66666666666667,68.0,0.0,0.0,15.893333333333334,2.5033333333333334,4.0,4.0,-1.54,-1.0333333333333334,0.11333333333333334,0.20666666666666667,6664.333333333333,6206.666666666667
2235.0,5.900000000000034,220.0,207.0,82.0,68.0,0.0,0.0,15.88,3.723333333333333,4.0,4.0,-1.6733333333333333,-0.9366666666666666,0.11666666666666667,0.21333333333333332,6686.0,6220.333333333333
2240.0,5.900000000000183,220.0,207.0,81.0,68.0,0.0,0.0,15.6,4.41,4.0,4.0,-1.75,-0.96,0.15,0.21,6678.0,6237.0
2245.0,5.900000000000176,221.0,208.0,80.33333333333333,69.33333333333333,0.0,0.0,15.129999999999999,4.4,4.0,4.0,-1.7733333333333334,-1.0833333333333335,0.12333333333333334,0.21333333333333335,6697.333333333333,6253.0
2250.0,5.900000000000034,221.0,208.33333333333334,80.0,70.33333333333333,0.0,0.0,14.39,5.486666666666666,4.0,4.0,-1.83,-1.1766666666666665,0.13666666666666666,0.19333333333333333,6680.666666666667,6275.333333333333
2255.0,5.900000000000183,221.0,209.0,80.0,67.0,0.0,0.0,13.79,7.78,4.0,4.0,-1.75,-1.4,0.14,0.18,6689.0,6286.0
2260.0,5.916666666666842,221.0,209.0,79.66666666666667,59.0,0.0,0.0,12.866666666666667,8.89,4.0,4.0,-1.9133333333333333,-1.33,0.15333333333333335,0.14,6705.666666666667,6296.0
2265.0,5.9333333333334295,221.0,210.0,81.0,56.333333333333336,0.0,0.0,12.16,9.413333333333334,4.0,4.0,-2.3,-1.6366666666666667,0.14,0.13,6673.0,6321.0
2270.0,5.933333333333422,221.0,210.0,82.66666666666667,57.0,0.0,0.0,11.446666666666667,9.466666666666667,4.0,4.0,-2.14,-2.013333333333333,0.13666666666666666,0.12666666666666668,6660.333333333333,6315.333333333333
2275.0,5.933333333333422,221.0,210.0,80.33333333333333,62.0,0.0,0.0,10.58,9.46,4.0,4.0,-1.6266666666666667,-2.09,0.1366666666666667,0.13,6708.333333333333,6302.0
2280.0,5.9333333333334295,221.0,210.0,81.0,69.0,0.0,0.0,9.96,9.466666666666667,4.0,4.0,-2.0,-1.6866666666666665,0.16,0.16666666666666666,6704.0,6356.333333333333
2285.0,5.933333333333422,221.66666666666666,210.0,83.66666666666667,68.33333333333333,0.0,0.0,9.270000000000001,9.47,4.0,4.0,-2.236666666666667,-1.93,0.15666666666666668,0.16333333333333333,6669.333333333333,6363.666666666667
2290.0,5.950000000000095,222.0,210.33333333333334,83.66666666666667,68.33333333333333,0.0,0.0,8.63,9.47,4.0,4.0,-1.8366666666666667,-2.2033333333333336,0.14333333333333334,0.15,6692.0,6340.0
2295.0,5.950000000000095,222.0,211.0,86.0,67.0,0.0,0.0,8.06,9.47,4.0,4.0,-1.83,-2.03,0.16,0.15,6725.0,6343.0
2300.0,5.950000000000088,222.0,211.0,94.0,67.33333333333333,0.0,0.0,6.67,9.346666666666668,4.0,4.0,-1.7566666666666666,-1.82,0.21666666666666667,0.11666666666666667,6714.333333333333,6365.333333333333
2305.0,5.950000000000095,222.33333333333334,211.0,98.0,72.33333333333333,0.0,0.0,5.3533333333333335,8.606666666666666,4.0,4.0,-1.5466666666666666,-1.9533333333333334,0.2,0.16666666666666666,6762.333333333333,6370.333333333333
2310.0,5.962500000000141,223.0,211.0,100.0,84.0,0.0,0.0,4.1425,6.92,4.0,4.0,-1.595,-1.57,0.26,0.17,6750.75,6406.0
2315.0,5.966666666666669,223.33333333333334,211.66666666666666,100.0,96.33333333333333,0.0,0.0,3.0533333333333332,5.113333333333333,4.0,4.0,-1.3033333333333335,-1.6833333333333333,0.22333333333333333,0.25,6766.333333333333,6430.666666666667
2320.0,5.966666666666669,224.0,212.0,100.0,100.0,0.0,0.0,2.38,2.6533333333333333,4.0,4.0,-1.25,-1.3733333333333333,0.26,0.24666666666666667,6769.0,6471.666666666667
2325.0,5.966666666666825,224.66666666666666,213.0,100.0,100.0,0.0,0.0,1.83,1.14,4.0,4.0,-1.1466666666666667,-1.31,0.24666666666666667,0.3,6768.666666666667,6452.0
2330.0,5.983333333333334,225.33333333333334,213.0,100.0,100.0,0.0,0.0,1.4066666666666667,0.17,4.0,4.0,-0.9066666666666666,-1.2,0.25,0.3,6788.0,6444.0
2335.0,5.983333333333334,226.0,214.0,100.0,100.0,0.0,0.0,1.31,-0.27,4.0,4.0,-0.77,-0.7466666666666667,0.25,0.29333333333333333,6810.0,6452.666666666667
2340.0,6.000000000000213,227.0,215.33333333333334,100.0,100.0,0.0,0.0,1.1233333333333333,-0.29333333333333333,4.0,4.0,-0.6366666666666667,-0.39,0.25333333333333335,0.2733333333333334,6829.0,6469.0
2345.0,5.999999999999908,227.0,216.0,100.0,100.0,0.0,0.0,0.66,-0.28,4.0,4.0,-0.52,-0.15,0.26,0.27,6841.0,6514.0
2350.0,6.000000000000064,228.0,216.66666666666666,100.0,100.0,0.0,0.0,-0.3666666666666667,-0.14333333333333337,4.0,4.0,-0.3466666666666667,-0.05666666666666667,0.25,0.2866666666666667,6861.0,6524.666666666667
2355.0,6.000000000000213,229.0,217.33333333333334,100.0,100.0,0.0,0.0,-1.8499999999999999,0.5466666666666666,4.0,4.0,0.009999999999999995,-0.06,0.23333333333333334,0.26666666666666666,6874.0,6544.333333333333
2360.0,6.012499999999953,229.75,219.0,100.0,100.0,0.0,0.0,-2.4074999999999998,0.1,4.0,4.0,0.2725,-0.04,0.22,0.27,6896.75,6567.0
2365.0,6.0166666666667865,230.0,219.0,100.0,100.0,0.0,0.0,-2.663333333333333,-0.26666666666666666,4.0,4.0,0.4766666666666666,-0.006666666666666668,0.21666666666666667,0.26333333333333336,6930.333333333333,6584.333333333333
2370.0,6.000000000000277,231.0,220.0,100.0,100.0,0.0,0.0,-2.73,-0.24,4.0,4.0,0.77,0.03,0.21,0.27,6952.0,6608.0
2375.0,6.008333333333333,231.0,220.66666666666666,100.0,100.0,0.0,0.0,-2.575,-0.09666666666666666,4.0,4.0,0.9450000000000001,0.04666666666666667,0.21000000000000002,0.2833333333333333,6954.0,6647.666666666667
2380.0,6.0166666666668505,232.0,221.33333333333334,100.0,100.0,0.0,0.0,-2.5,-0.4933333333333333,4.0,4.0,0.89,0.10666666666666666,0.2,0.27,6973.0,6651.0
2385.0,6.0166666666668505,232.66666666666666,222.0,100.0,100.0,0.0,0.0,-2.52,-1.31,4.0,4.0,0.9433333333333334,0.21,0.22666666666666666,0.25,7009.333333333333,6671.0
2390.0,6.020833333333378,233.0,223.0,100.0,96.33333333333333,0.0,0.0,-2.7375,-2.0233333333333334,4.0,4.0,0.945,0.35,0.22,0.26,7013.75,6732.666666666667
2395.0,6.033333333333424,233.66666666666666,223.33333333333334,100.0,76.66666666666667,0.0,0.0,-3.5033333333333334,-2.6933333333333334,4.0,4.0,1.05,0.5833333333333333,0.22333333333333333,0.18333333333333332,7037.0,6696.333333333333
2400.0,6.033333333333431,234.0,224.0,100.0,46.0,0.0,0.0,-3.85,-3.53,4.0,4.0,1.0933333333333335,0.76,0.22,0.07,7042.0,6722.0
2405.0,6.045833333333469,234.75,224.0,100.0,10.666666666666668,0.0,0.0,-3.7824999999999998,-4.076666666666667,4.0,4.0,1.1175,1.08,0.1825,-0.14666666666666667,7066.5,6610.666666666667
2410.0,6.033333333333331,235.0,223.0,100.0,0.0,0.0,0.0,-3.41,-4.57,4.0,4.0,1.0433333333333334,1.1,0.19,-0.27,7083.666666666667,6612.0
2415.0,6.0333333333333385,235.0,222.33333333333334,100.0,0.0,0.0,0.0,-3.05,-5.296666666666667,4.0,4.0,1.27,1.1066666666666667,0.2,-0.25,7099.0,6556.666666666667
2420.0,6.05000000000021,235.0,221.66666666666666,33.33333333333333,0.0,0.0,0.0,-2.7533333333333334,-5.01,0.0,4.0,1.1033333333333333,1.0066666666666666,-0.020000000000000018,-0.24666666666666667,6525.333333333333,6511.0
2425.0,6.049999999999905,236.0,221.0,100.0,0.0,0.0,0.0,-2.38,-3.77,5.0,4.0,0.99,1.37,0.3,-0.28,6009.0,6495.0
2430.0,6.0583333333334295,236.0,220.0,100.0,0.0,0.0,0.0,-1.985,-2.5166666666666666,5.0,4.0,0.95,0.9133333333333334,0.21,-0.25333333333333335,6039.0,6465.666666666667
2435.0,6.06666666666694,237.0,219.0,100.0,45.666666666666664,0.0,0.0,-1.87,-2.1,5.0,4.0,0.92,1.09,0.2,-0.0066666666666666645,6050.0,6562.0
2440.0,6.074999999999996,237.0,219.0,100.0,75.0,0.0,0.0,-1.895,-3.26,5.0,4.0,0.75,1.19,0.2,0.08,6071.5,6597.0
2445.0,6.08333333333352,237.0,219.66666666666666,100.0,99.66666666666667,0.0,0.0,-2.03,-3.2433333333333336,5.0,4.0,0.68,0.9066666666666667,0.2,0.16666666666666669,6096.0,6618.333333333333
2450.0,6.083333333333513,238.0,220.0,100.0,100.0,0.0,0.0,-2.3966666666666665,-3.3000000000000003,5.0,4.0,0.7433333333333333,0.5033333333333333,0.21,0.049999999999999996,6106.0,6722.333333333333
2455.0,6.100000000000087,239.0,221.0,100.0,100.0,0.0,0.0,-2.3,-2.34,5.0,4.0,0.72,1.24,0.21,0.39,6116.0,6662.0
2460.0,6.100000000000094,239.0,221.66666666666666,100.0,100.0,0.0,0.0,-1.87,-1.3233333333333333,5.0,4.0,0.7366666666666667,0.8566666666666667,0.22666666666666666,0.2733333333333334,6141.666666666667,6681.333333333333
2465.0,6.100000000000001,240.0,222.0,100.0,100.0,0.0,0.0,-1.73,-1.6,5.0,4.0,0.84,0.73,0.21,0.26,6128.0,6761.0
2470.0,6.100000000000151,240.0,222.66666666666666,100.0,100.0,0.0,0.0,-1.5866666666666667,-2.293333333333333,5.0,4.0,0.81,0.86,0.21333333333333332,0.29333333333333333,6138.666666666667,6729.333333333333
2475.0,6.116666666666582,241.0,224.0,100.0,100.0,0.0,0.0,-1.34,-2.68,5.0,4.0,0.69,0.9466666666666667,0.2,0.28,6153.0,6732.666666666667
2480.0,6.116666666666731,241.66666666666666,224.0,100.0,100.0,0.0,0.0,-0.9866666666666667,-2.35,5.0,4.0,0.6733333333333333,0.9,0.22333333333333333,0.27,6169.666666666667,6750.0
2485.0,6.133333333333603,242.0,225.0,100.0,100.0,0.0,0.0,-0.56,-1.6833333333333333,5.0,4.0,0.58,0.8466666666666667,0.22,0.2866666666666667,6177.0,6797.333333333333
2490.0,6.129166666666642,242.66666666666666,226.25,100.0,100.0,0.0,0.0,-0.23333333333333334,-1.0975,5.0,4.0,0.41,0.8049999999999999,0.21,0.2875,6189.666666666667,6804.75
2495.0,6.133333333333518,243.0,227.0,100.0,100.0,0.0,0.0,-0.2,-0.5433333333333333,5.0,4.0,0.34,0.6366666666666666,0.23,0.28,6202.0,6824.666666666667
2500.0,6.1333333333335105,244.0,228.0,100.0,100.0,0.0,0.0,-0.2,-0.09000000000000001,5.0,4.0,0.2866666666666667,0.5,0.21,0.27666666666666667,6215.666666666667,6853.0
2505.0,6.150000000000098,244.0,228.0,100.0,100.0,0.0,0.0,-0.2,0.37,5.0,4.0,0.24,0.34,0.21,0.27,6224.0,6858.0
2510.0,6.158333333333381,245.0,229.0,100.0,100.0,0.0,0.0,-0.34,0.8333333333333334,5.0,4.0,0.20500000000000002,0.09000000000000001,0.20500000000000002,0.26333333333333336,6238.5,6882.0
2515.0,6.149999999999999,245.0,230.0,100.0,100.0,0.0,0.0,-0.79,0.85,5.0,4.0,0.25,0.0,0.19,0.26,6253.0,6897.0
2520.0,6.158333333333516,246.0,230.66666666666666,100.0,100.0,0.0,0.0,-1.37,0.20666666666666667,5.0,4.0,0.30500000000000005,-0.07333333333333333,0.185,0.26,6274.0,6919.0
2525.0,6.166666666666579,246.0,231.33333333333334,100.0,100.0,0.0,0.0,-1.64,-0.14,5.0,4.0,0.48,-0.04,0.2,0.26,6292.0,6954.333333333333
2530.0,6.170833333333455,247.0,232.0,100.0,100.0,0.0,0.0,-1.64,-0.355,5.0,4.0,0.5866666666666667,0.0024999999999999988,0.19,0.26,6293.333333333333,6977.5
2535.0,6.166666666666941,247.0,233.0,100.0,100.0,0.0,0.0,-1.64,-0.8666666666666667,5.0,4.0,0.67,0.12666666666666668,0.2,0.25333333333333335,6304.0,6984.333333333333
2540.0,6.1833333333333655,248.0,234.0,100.0,100.0,0.0,0.0,-1.6366666666666665,-0.57,5.0,4.0,0.7266666666666667,0.19,0.16666666666666666,0.24,6320.0,7002.0
2545.0,6.179166666666781,248.0,234.33333333333334,100.0,100.0,0.0,0.0,-1.63,-0.1766666666666667,5.0,4.0,0.72,0.19,0.1575,0.24,6327.75,7023.333333333333
2550.0,6.187500000000064,249.0,235.0,100.0,100.0,0.0,0.0,-1.6975,0.17,5.0,4.0,0.7575000000000001,0.14,0.16,0.25,6342.5,7041.0
2555.0,6.191666666666826,249.0,235.5,100.0,100.0,0.0,0.0,-1.9366666666666668,-0.11500000000000002,5.0,4.0,0.7733333333333333,0.11499999999999999,0.16666666666666669,0.215,6353.333333333333,7059.5
2560.0,6.1999999999999105,249.0,236.0,100.0,100.0,0.0,0.0,-2.02,-0.98,5.0,4.0,0.77,0.18,0.17,0.2,6375.0,7089.0
2565.0,6.208333333333421,250.0,236.66666666666666,100.0,100.0,0.0,0.0,-1.9449999999999998,-1.4966666666666666,5.0,4.0,0.8,0.31,0.15000000000000002,0.2,6380.0,7096.666666666667
2570.0,6.20000000000028,250.0,237.0,100.0,100.0,0.0,0.0,-1.75,-1.44,5.0,4.0,0.76,0.38,0.17,0.18,6395.0,7116.0
2575.0,6.208333333333336,250.5,237.66666666666666,100.0,100.0,0.0,0.0,-1.585,-1.7466666666666668,5.0,4.0,0.74,0.5266666666666667,0.14,0.18333333333333332,6414.5,7144.333333333333
2580.0,6.2000000000001805,251.0,238.0,100.0,0.0,0.0,0.0,-1.43,-2.14,5.0,0.0,0.72,0.62,0.16,-0.19,6414.0,6983.0
2585.0,6.216666666666761,251.33333333333334,237.66666666666666,100.0,100.0,0.0,0.0,-1.33,-3.0100000000000002,5.0,5.0,0.7,0.85,0.17333333333333334,0.1033333333333333,6431.0,6259.666666666667
2590.0,6.225000000000136,252.0,238.25,100.0,100.0,0.0,0.0,-1.33,-3.3225000000000002,5.0,5.0,0.7,0.965,0.1875,0.2225,6433.5,6090.0
2595.0,6.22083333333331,252.25,239.0,100.0,100.0,0.0,0.0,-1.3325,-3.723333333333333,5.0,5.0,0.655,1.02,0.1675,0.21333333333333335,6443.0,6126.666666666667
2600.0,6.229166666666728,253.0,240.0,100.0,100.0,0.0,0.0,-1.34,-3.5149999999999997,5.0,5.0,0.6466666666666667,1.115,0.18333333333333332,0.1875,6459.0,6140.0
2605.0,6.233333333333611,253.0,240.0,100.0,100.0,0.0,0.0,-1.34,-2.8566666666666665,5.0,5.0,0.66,1.2833333333333334,0.18,0.23333333333333334,6458.0,6145.666666666667
2610.0,6.237499999999997,253.5,240.25,100.0,100.0,0.0,0.0,-1.34,-1.5699999999999998,5.0,5.0,0.635,1.095,0.18,0.11000000000000001,6475.5,6159.75
2615.0,6.233333333333512,254.0,241.0,100.0,100.0,0.0,0.0,-1.33,-1.29,5.0,5.0,0.66,0.8200000000000001,0.17,0.09333333333333334,6482.0,6202.333333333333
2620.0,6.2458333333334295,254.33333333333334,241.25,100.0,100.0,0.0,0.0,-1.33,-1.895,5.0,5.0,0.6,0.6375,0.18333333333333335,0.1325,6489.666666666667,6378.0
2625.0,6.245833333333472,255.0,242.0,100.0,100.0,0.0,0.0,-1.33,-2.4,5.0,5.0,0.5775,0.5966666666666667,0.2,0.23333333333333334,6541.5,6244.333333333333
2630.0,6.249999999999972,255.25,242.0,100.0,99.25,0.0,0.0,-1.3225,-3.465,5.0,5.0,0.6975,0.4225,0.195,0.0275,6508.75,6425.75
2635.0,6.258333333333425,256.0,242.66666666666666,100.0,94.33333333333333,0.0,0.0,-1.275,-3.3766666666666665,5.0,5.0,0.685,0.6466666666666667,0.16999999999999998,0.12666666666666665,6514.0,6636.333333333333
2640.0,6.262500000000273,256.0,243.0,100.0,96.25,0.0,0.0,-1.25,-2.4375,5.0,5.0,0.56,1.4300000000000002,0.15,0.265,6536.0,6463.0
2645.0,6.266666666666694,256.3333333333333,243.66666666666666,100.0,100.0,0.0,0.0,-1.25,-0.68,5.0,5.0,0.5800000000000001,1.35,0.17666666666666667,0.09999999999999999,6581.0,6227.333333333333
2650.0,6.262500000000109,257.0,244.0,100.0,100.0,0.0,0.0,-1.31,0.14,5.0,5.0,0.6275,0.9,0.1725,0.13,6562.25,6285.0
2655.0,6.270833333333407,257.25,244.66666666666666,100.0,100.0,0.0,0.0,-1.6375000000000002,0.45999999999999996,5.0,5.0,0.625,0.9366666666666666,0.185,0.25666666666666665,6573.5,6262.666666666667
2660.0,6.266666666666822,258.0,245.0,100.0,100.0,0.0,0.0,-1.8966666666666667,0.68,5.0,5.0,0.5933333333333333,0.66,0.19666666666666666,0.23,6603.666666666667,6259.0
2665.0,6.274999999999906,258.0,245.5,100.0,100.0,0.0,0.0,-1.72,0.8600000000000001,5.0,5.0,0.59,0.37,0.19,0.225,6618.0,6280.0
2670.0,6.283333333333459,259.0,246.0,100.0,100.0,0.0,0.0,-1.2866666666666666,0.79,5.0,5.0,0.6366666666666666,0.11,0.18000000000000002,0.23,6627.333333333333,6284.0
2675.0,6.2875000000002075,259.0,247.0,100.0,100.0,0.0,0.0,-0.5549999999999999,0.17500000000000002,5.0,5.0,0.645,-0.005,0.1925,0.22999999999999998,6616.0,6327.0
2680.0,6.287500000000044,260.0,247.0,100.0,100.0,0.0,0.0,-0.165,-0.27,5.0,5.0,0.5175000000000001,-0.04,0.17750000000000002,0.23,6624.0,6346.0
2685.0,6.291666666666714,260.0,248.0,100.0,100.0,0.0,0.0,-0.15,-0.25,5.0,5.0,0.38,-0.05,0.19,0.22666666666666668,6647.5,6317.0
2690.0,6.2875000000000085,261.0,248.75,100.0,100.0,0.0,0.0,-0.15,-0.0375,5.0,5.0,0.29,-0.0275,0.2,0.20500000000000002,6653.0,6335.75
2695.0,6.30000000000021,261.0,249.0,100.0,100.0,0.0,0.0,-0.16999999999999998,-0.21666666666666667,5.0,5.0,0.21,0.01,0.2,0.20666666666666667,6668.333333333333,6382.666666666667
2700.0,6.2999999999999545,261.75,249.75,100.0,100.0,0.0,0.0,-0.42000000000000004,-0.2625,5.0,5.0,0.19,0.0325,0.2,0.2275,6676.0,6372.75
2705.0,6.312500000000185,262.0,250.25,100.0,100.0,0.0,0.0,-0.98,-0.305,5.0,5.0,0.21,0.065,0.17,0.22,6687.0,6375.75
2710.0,6.308333333333472,262.5,251.0,89.5,100.0,0.0,0.0,-0.765,-0.2833333333333333,5.0,5.0,0.225,0.09333333333333334,0.16,0.21333333333333332,6690.5,6403.666666666667
2715.0,6.3000000000000895,263.0,251.0,65.0,100.0,0.0,0.0,-0.28,-0.53,5.0,5.0,0.22,0.13,0.09,0.22,6683.0,6426.0
2720.0,6.312499999999979,263.0,252.0,49.0,100.0,0.0,0.0,0.17250000000000001,-0.7,5.0,5.0,0.14250000000000002,0.165,0.0325,0.225,6681.0,6425.0
2725.0,6.316666666666734,263.0,253.0,58.666666666666664,100.0,0.0,0.0,-0.14666666666666667,-0.96,5.0,5.0,0.09,0.22,0.05,0.23,6691.666666666667,6451.0
2730.0,6.31666666666694,263.0,253.0,68.0,100.0,0.0,0.0,-1.05,-0.87,5.0,5.0,0.13,0.2733333333333333,0.09,0.23,6691.0,6466.0
2735.0,6.320833333333361,263.0,253.75,70.66666666666667,100.0,0.0,0.0,-2.9133333333333336,-0.5425,5.0,5.0,0.34,0.3325,0.05333333333333334,0.25,6696.0,6474.0
2740.0,6.3250000000001165,263.75,254.25,72.0,100.0,0.0,0.0,-4.175000000000001,-0.3925,5.0,5.0,0.6399999999999999,0.3375,0.0675,0.2325,6713.75,6485.25
2745.0,6.333333333333336,264.0,255.0,72.0,100.0,0.0,0.0,-4.39,-1.0733333333333333,5.0,5.0,0.7,0.35333333333333333,0.07,0.23333333333333334,6715.0,6495.0
2750.0,6.3250000000001805,264.0,256.0,74.0,100.0,0.0,0.0,-4.015000000000001,-1.66,5.0,5.0,0.77,0.36,0.065,0.22,6766.5,6561.0
2755.0,6.337499999999956,264.0,256.0,78.25,100.0,0.0,0.0,-3.1775,-1.52,5.0,5.0,1.0225,0.49,0.09,0.24,6751.25,6561.5
2760.0,6.325000000000145,264.0,256.75,88.5,100.0,0.0,0.0,-2.8175,-1.2149999999999999,5.0,5.0,1.145,0.5725,0.1325,0.24,6749.0,6551.5
2765.0,6.337500000000134,264.5,257.0,96.5,100.0,0.0,0.0,-2.94,-1.5525,5.0,5.0,1.1,0.6375,0.175,0.2425,6757.5,6571.25
2770.0,6.333333333333421,265.0,257.6666666666667,100.0,100.0,0.0,0.0,-3.24,-2.3200000000000003,5.0,5.0,0.99,0.7233333333333333,0.15,0.24333333333333332,6801.0,6579.666666666667
2775.0,6.337499999999984,265.0,258.0,100.0,100.0,0.0,0.0,-3.24,-3.32,5.0,5.0,0.94,0.79,0.165,0.23,6806.5,6603.0
2780.0,6.3416666666667325,265.6666666666667,259.0,100.0,100.0,0.0,0.0,-3.24,-3.6399999999999997,5.0,5.0,0.9933333333333333,0.95,0.18333333333333335,0.245,6812.666666666667,6636.0
2785.0,6.337500000000276,266.0,259.75,100.0,100.0,0.0,0.0,-3.27,-3.3225000000000002,5.0,5.0,1.14,1.08,0.18,0.25,6804.0,6634.75
2790.0,6.34583333333336,266.0,260.0,100.0,100.0,0.0,0.0,-3.413333333333333,-2.2475,5.0,5.0,1.1300000000000001,1.1075,0.18333333333333335,0.27,6809.666666666667,6644.25
2795.0,6.345833333333452,266.75,260.6666666666667,100.0,100.0,0.0,0.0,-3.45,-1.83,5.0,5.0,1.14,1.0466666666666666,0.185,0.25333333333333335,6820.25,6663.0
2800.0,6.350000000000001,267.0,261.0,100.0,100.0,0.0,0.0,-2.94,-1.86,5.0,5.0,1.26,1.09,0.22,0.27,6829.0,6669.0
2805.0,6.341666666666846,267.5,262.0,100.0,100.0,0.0,0.0,-1.85,-1.87,5.0,5.0,1.1600000000000001,0.93,0.195,0.22666666666666668,6836.5,6680.0
2810.0,6.349999999999959,268.0,262.75,100.0,100.0,0.0,0.0,-1.3175,-2.0925000000000002,5.0,5.0,1.0975000000000001,0.9375,0.22,0.2425,6841.25,6698.5
2815.0,6.337500000000141,268.25,263.0,100.0,100.0,0.0,0.0,-1.0475,-2.58,5.0,5.0,0.9225,0.91,0.205,0.25,6851.0,6710.0
2820.0,6.350000000000136,269.0,264.0,100.0,100.0,0.0,0.0,-0.885,-2.6950000000000003,5.0,5.0,0.77,0.99,0.16999999999999998,0.26,6870.5,6727.0
2825.0,6.350000000000136,269.0,264.0,100.0,100.0,0.0,0.0,-0.6475,-2.435,5.0,5.0,0.7224999999999999,0.895,0.1875,0.25,6872.0,6735.0
2830.0,6.34999999999998,270.0,265.0,100.0,100.0,0.0,0.0,-0.265,-1.7175,5.0,5.0,0.5599999999999999,0.9425,0.185,0.26,6872.25,6768.5
2835.0,6.350000000000094,270.0,265.5,100.0,100.0,0.0,0.0,-0.255,-1.43,5.0,5.0,0.47,0.985,0.195,0.245,6884.0,6760.5
2840.0,6.362500000000203,270.75,266.0,100.0,100.0,0.0,0.0,-0.29,-1.43,5.0,5.0,0.365,0.96,0.205,0.26,6892.75,6774.0
2845.0,6.350000000000044,271.0,266.25,100.0,100.0,0.0,0.0,-0.4975,-1.2575,5.0,5.0,0.3,0.86,0.1825,0.2475,6911.75,6790.25
2850.0,6.358333333333384,271.5,267.0,100.0,100.0,0.0,0.0,-0.8,-0.8233333333333334,5.0,5.0,0.3,0.7366666666666666,0.195,0.25666666666666665,6914.5,6807.333333333333
2855.0,6.362500000000047,272.0,268.0,100.0,100.0,0.0,0.0,-1.185,-0.34,5.0,5.0,0.345,0.67,0.2,0.27,6927.75,6818.0
2860.0,6.354166666666892,272.25,268.0,100.0,100.0,0.0,0.0,-1.585,-0.21000000000000002,5.0,5.0,0.4575,0.5866666666666667,0.205,0.25,6935.75,6822.333333333333
2865.0,6.362500000000004,273.0,268.75,100.0,100.0,0.0,0.0,-1.63,-0.17,5.0,5.0,0.54,0.42000000000000004,0.18,0.25,6950.0,6847.75
2870.0,6.362500000000118,273.0,269.0,100.0,100.0,0.0,0.0,-1.63,-0.15,5.0,5.0,0.6525000000000001,0.32,0.17,0.25,6957.5,6861.0
2875.0,6.366666666666667,273.0,270.0,100.0,100.0,0.0,0.0,-1.63,-0.16,5.0,5.0,0.68,0.25,0.18,0.26,6961.0,6869.333333333333
2880.0,6.362500000000182,274.0,270.75,100.0,100.0,0.0,0.0,-1.63,-0.45,5.0,5.0,0.7250000000000001,0.245,0.18,0.2675,6988.0,6890.5
2885.0,6.362499999999962,274.0,271.0,100.0,100.0,0.0,0.0,-1.63,-1.13,5.0,5.0,0.795,0.3,0.17250000000000001,0.22,6984.0,6906.0
2890.0,6.366666666666852,275.0,272.0,100.0,100.0,0.0,0.0,-1.63,-1.8266666666666667,5.0,5.0,0.76,0.45,0.15,0.23,6993.0,6910.333333333333
2895.0,6.362500000000139,275.0,272.75,100.0,100.0,0.0,0.0,-1.6,-2.0475,5.0,5.0,0.7749999999999999,0.57,0.18,0.2225,7014.0,6939.0
2900.0,6.362500000000132,275.0,273.0,100.0,100.0,0.0,0.0,-1.6,-2.03,5.0,5.0,0.73,0.66,0.14750000000000002,0.22,7031.0,6964.0
2905.0,6.362499999999912,276.0,273.25,100.0,100.0,0.0,0.0,-1.52,-2.0275,5.0,5.0,0.93,0.8175,0.19,0.245,7026.0,6969.0
2910.0,6.370833333333472,276.0,274.0,100.0,100.0,0.0,0.0,-1.3375000000000001,-2.023333333333333,5.0,5.0,0.9299999999999999,0.9933333333333334,0.185,0.24333333333333335,7014.75,6979.0
2915.0,6.366666666666845,276.6666666666667,275.0,100.0,100.0,0.0,0.0,-1.3,-1.69,5.0,5.0,0.8933333333333333,1.19,0.16333333333333333,0.22,7026.333333333333,6973.0
2920.0,6.3625000000000895,277.0,275.0,100.0,100.0,0.0,0.0,-1.3,-1.335,5.0,5.0,0.91,1.0825,0.13,0.0,7031.0,6968.0
2925.0,6.362499999999983,277.0,275.0,100.0,100.0,0.0,0.0,-1.3,-0.8400000000000001,5.0,5.0,0.7825,0.855,0.145,0.19,7041.0,6979.5
2930.0,6.375000000000092,277.0,275.0,50.0,100.0,0.0,0.0,-1.3,-0.51,5.0,5.0,0.79,0.7,-0.04999999999999999,0.18,6960.5,6992.0
2935.0,6.375000000000199,277.0,276.0,75.0,100.0,0.0,0.0,-1.3,-0.5,0.0,5.0,0.7675000000000001,0.6375000000000001,-0.215,0.17,6555.25,6998.25
2940.0,6.36250000000004,277.0,276.0,100.0,100.0,0.0,0.0,-1.3,-0.585,6.0,5.0,0.6825,0.525,0.1875,0.17,6084.25,7015.0
2945.0,6.362500000000054,277.5,276.75,100.0,100.0,0.0,0.0,-1.26,-0.865,6.0,5.0,0.76,0.4875,0.14,0.1775,6097.5,7029.5
2950.0,6.375000000000043,278.0,277.0,100.0,100.0,0.0,0.0,-1.1,-1.565,6.0,5.0,0.8,0.5700000000000001,0.13,0.175,6094.25,7040.0
2955.0,6.37500000000027,278.0,277.5,100.0,100.0,0.0,0.0,-0.89,-1.955,6.0,5.0,0.71,0.6499999999999999,0.1,0.165,6099.0,7047.0
2960.0,6.370833333333358,278.0,278.0,100.0,100.0,0.0,0.0,-0.86,-2.105,6.0,5.0,0.6766666666666666,0.76,0.1,0.14,6117.333333333333,7060.75
2965.0,6.362500000000125,278.75,278.0,100.0,100.0,0.0,0.0,-0.86,-1.78,6.0,5.0,0.6925,0.92,0.1,0.16,6110.5,7069.0
2970.0,6.362499999999997,279.0,278.0,100.0,100.0,0.0,0.0,-0.86,-1.3824999999999998,6.0,5.0,0.58,0.9724999999999999,0.07,0.1375,6124.0,7061.5
2975.0,6.37083333333355,279.0,278.6666666666667,100.0,100.0,0.0,0.0,-0.86,-1.28,6.0,5.0,0.59,0.86,0.0925,0.11666666666666667,6136.25,7075.0
2980.0,6.375,279.0,279.0,100.0,100.0,0.0,0.0,-0.86,-1.27,6.0,5.0,0.6,0.77,0.1,0.14,6136.5,7104.0
2985.0,6.375000000000114,279.0,278.25,100.0,25.0,0.0,0.0,-0.86,-1.27,6.0,0.0,0.6025,0.84,0.0925,-0.11000000000000001,6136.0,6569.0
2990.0,6.375,280.0,279.0,100.0,100.0,0.0,0.0,-0.83,-1.26,6.0,6.0,0.58,0.8200000000000001,0.08,0.16,6136.0,6102.0
2995.0,6.362500000000182,280.0,279.0,100.0,100.0,0.0,0.0,-0.765,-1.22,6.0,6.0,0.535,0.8225,0.06,0.1375,6140.5,6125.5
3000.0,6.3624999999999545,280.0,279.0,100.0,100.0,0.0,0.0,-0.75,-1.12,6.0,6.0,0.5075000000000001,0.79,0.075,0.13,6151.5,6123.0
3005.0,6.375000000000185,280.0,279.5,100.0,100.0,0.0,0.0,-0.75,-0.87,6.0,6.0,0.5,0.735,0.08,0.11499999999999999,6153.0,6131.0
3010.0,6.375000000000071,280.0,280.0,100.0,100.0,0.0,0.0,-0.7475,-0.56,6.0,6.0,0.475,0.6174999999999999,0.07250000000000001,0.10500000000000001,6155.5,6140.25
3015.0,6.3750000000001705,280.5,280.0,100.0,100.0,0.0,0.0,-0.675,-0.33,6.0,6.0,0.46,0.53,0.065,0.13,6164.0,6149.0
3020.0,6.374999999999957,281.0,280.0,100.0,100.0,0.0,0.0,-0.4525,-0.0050000000000000044,6.0,6.0,0.445,0.4175,0.07250000000000001,0.11,6168.75,6157.75
3025.0,6.362500000000139,281.0,280.5,100.0,100.0,0.0,0.0,0.07,0.215,6.0,6.0,0.3675,0.295,0.065,0.125,6168.0,6161.0
3030.0,6.362500000000139,281.0,281.0,100.0,100.0,0.0,0.0,0.53,0.47250000000000003,6.0,6.0,0.235,0.1425,0.060000000000000005,0.125,6169.5,6165.75
3035.0,6.362500000000125,281.0,281.0,100.0,100.0,0.0,0.0,0.99,0.63,6.0,6.0,0.04250000000000001,0.06,0.07,0.12,6171.0,6167.0
3040.0,6.374999999999915,281.0,281.0,100.0,100.0,0.0,0.0,1.09,0.6950000000000001,6.0,6.0,-0.12,-0.08499999999999999,0.04,0.095,6172.0,6165.0
3045.0,6.375000000000142,281.0,281.75,100.0,100.0,0.0,0.0,0.72,0.55,6.0,6.0,-0.2725,-0.16,0.07,0.07250000000000001,6171.75,6168.0
3050.0,6.375000000000142,281.5,282.0,100.0,100.0,0.0,0.0,0.71,0.48,6.0,6.0,-0.325,-0.18,0.060000000000000005,0.09,6179.5,6175.0
3055.0,6.375000000000128,282.0,282.0,100.0,100.0,0.0,0.0,1.0899999999999999,0.35,6.0,6.0,-0.4525,-0.1825,0.05,0.10250000000000001,6186.5,6201.0
3060.0,6.362499999999983,282.0,282.0,100.0,100.0,0.0,0.0,1.4675,0.205,6.0,6.0,-0.5850000000000001,-0.215,0.0475,0.1,6183.5,6190.5
3065.0,6.362500000000097,282.0,282.0,100.0,100.0,0.0,0.0,1.4849999999999999,-0.02250000000000002,6.0,6.0,-0.65,-0.16499999999999998,0.05,0.0675,6192.0,6185.25
3070.0,6.36250000000021,282.0,282.0,100.0,100.0,0.0,0.0,1.1575,-0.13,6.0,6.0,-0.64,-0.11,0.045,0.08,6207.25,6193.0
3075.0,6.366666666666745,282.0,283.0,100.0,100.0,0.0,0.0,0.69,0.2033333333333333,6.0,6.0,-0.74,-0.09999999999999999,0.06,0.08,6203.0,6220.333333333333
3080.0,6.374999999999986,282.0,283.0,100.0,100.0,0.0,0.0,0.26749999999999996,0.565,6.0,6.0,-0.65,-0.16499999999999998,0.0525,0.07750000000000001,6193.5,6215.25
3085.0,6.375000000000085,282.0,283.0,100.0,100.0,0.0,0.0,-0.195,0.59,6.0,6.0,-0.48,-0.2,0.03,0.08,6197.0,6212.0
3090.0,6.375000000000199,282.0,283.0,100.0,99.0,0.0,0.0,-0.5449999999999999,0.7675,6.0,6.0,-0.29500000000000004,-0.2725,0.0375,0.0775,6198.25,6213.75
3095.0,6.375000000000085,282.0,283.0,100.0,82.5,0.0,0.0,-0.68,0.97,6.0,6.0,-0.15,-0.32999999999999996,0.02,0.04000000000000001,6202.0,6209.5
3100.0,6.362500000000054,282.0,283.0,100.0,49.5,0.0,0.0,-0.38,0.9175,6.0,6.0,-0.01,-0.365,0.02,-0.019999999999999997,6217.0,6197.75
3105.0,6.36250000000004,282.0,283.0,100.0,28.0,0.0,0.0,0.24000000000000005,0.52,6.0,6.0,0.0,-0.37,0.0,-0.08,6210.25,6188.0
3110.0,6.362500000000267,282.0,283.0,100.0,13.75,0.0,0.0,0.62,0.395,6.0,6.0,-0.07,-0.3925,-0.01,-0.16499999999999998,6225.0,6160.25
3115.0,6.36250000000004,282.0,282.5,100.0,3.5,0.0,0.0,0.6074999999999999,0.525,6.0,6.0,-0.11,-0.345,-0.0175,-0.25,6236.5,6128.5
3120.0,6.362500000000054,282.0,282.0,100.0,0.0,0.0,0.0,0.57,0.9400000000000001,6.0,6.0,-0.08,-0.215,-0.12000000000000001,-0.28250000000000003,6321.0,6108.75
3125.0,6.375000000000043,282.0,281.0,100.0,0.0,0.0,0.0,0.57,2.09,6.0,6.0,-0.08750000000000001,-0.0875,-0.07250000000000001,-0.2525,6556.25,6069.0
3130.0,6.37500000000027,282.0,280.5,100.0,0.0,0.0,0.0,0.37,2.865,6.0,6.0,-0.43,-0.33999999999999997,0.29,-0.27,6349.0,6062.5
3135.0,6.375000000000043,283.0,280.0,100.0,0.0,0.0,0.0,-0.3425,2.6500000000000004,6.0,6.0,-0.5075000000000001,-0.6375000000000001,0.07,-0.3025,6228.5,6066.5
3140.0,6.366666666666767,283.0,279.0,100.0,0.0,0.0,0.0,-1.0633333333333335,1.73,6.0,6.0,-0.2866666666666667,-0.51,0.023333333333333338,-0.29,6246.666666666667,6047.0
3145.0,6.362499999999997,283.0,278.75,100.0,0.0,0.0,0.0,-1.05,1.3225,6.0,6.0,-0.23,-0.2625,0.09,-0.2475,6278.0,6023.0
3150.0,6.37083333333355,283.0,278.0,100.0,0.0,0.0,0.0,-0.99,1.7466666666666666,6.0,6.0,-0.12000000000000001,-0.25,0.055,-0.2633333333333333,6238.75,5965.666666666667
3155.0,6.375,283.0,277.0,100.0,0.0,0.0,0.0,-0.76,2.44,6.0,6.0,-0.019999999999999997,-0.57,0.07,-0.27,6250.5,5966.0
3160.0,6.375000000000114,283.0,276.75,100.0,1.0,0.0,0.0,-0.41000000000000003,2.2024999999999997,6.0,6.0,0.05750000000000001,-0.9650000000000001,0.085,-0.2625,6235.25,5985.0
3165.0,6.375,283.0,276.0,100.0,4.5,0.0,0.0,0.08,1.525,6.0,6.0,0.06,-1.02,0.08,-0.24,6226.0,5990.0
3170.0,6.375000000000227,284.0,275.25,100.0,10.25,0.0,0.0,0.6675,0.5775000000000001,6.0,6.0,-0.03,-0.835,0.0825,-0.195,6228.25,5987.5
3175.0,6.387500000000003,284.0,275.0,100.0,15.75,0.0,0.0,0.79,-0.6,6.0,6.0,-0.12,-0.6475,0.09,-0.165,6237.5,5983.5
3180.0,6.3875000000001165,284.0,275.0,100.0,25.5,0.0,0.0,0.5975,-0.925,6.0,6.0,-0.18,-0.55,0.07500000000000001,-0.14500000000000002,6248.25,5978.5
3185.0,6.387500000000003,284.0,274.25,100.0,36.0,0.0,0.0,0.33,-0.4775,6.0,6.0,-0.22,-0.295,0.07,-0.11750000000000001,6255.0,5999.0
3190.0,6.383333333333532,284.0,274.0,100.0,42.0,0.0,0.0,0.20333333333333334,-0.08,6.0,6.0,-0.24333333333333335,-0.27,0.08,-0.04,6249.0,5997.0
3195.0,6.38749999999996,284.75,274.0,100.0,52.0,0.0,0.0,0.1825,0.605,6.0,6.0,-0.20750000000000002,-0.18,0.08,-0.095,6253.5,5977.0
3200.0,6.387500000000188,285.0,274.0,100.0,57.0,0.0,0.0,0.07,0.785,6.0,6.0,-0.17,-0.15500000000000003,0.09,-0.05,6265.0,5989.75
3205.0,6.387500000000074,285.0,273.0,100.0,63.0,0.0,0.0,-0.0225,0.38,6.0,6.0,-0.145,-0.12,0.10250000000000001,-0.15,6266.75,6123.0
3210.0,6.391666666666836,285.0,274.0,100.0,66.0,0.0,0.0,-0.055,0.27666666666666667,6.0,6.0,-0.12,-0.27666666666666667,0.095,0.10333333333333335,6266.5,6008.666666666667
3215.0,6.399999999999963,285.0,274.0,100.0,67.5,0.0,0.0,-0.05,0.27,6.0,6.0,-0.08,-0.2675,0.0875,-0.015000000000000001,6274.5,5982.25
3220.0,6.400000000000176,286.0,274.0,100.0,68.0,0.0,0.0,-0.02,0.24,6.0,6.0,-0.05,-0.25,0.09,0.02,6272.0,6005.0
3225.0,6.4000000000000625,286.0,274.0,100.0,68.0,0.0,0.0,0.0475,0.14500000000000002,6.0,6.0,-0.03,-0.2275,0.0975,0.02,6276.0,5996.0
3230.0,6.408333333333516,286.0,274.0,100.0,68.0,0.0,0.0,0.07,-0.12333333333333334,6.0,6.0,-0.035,-0.19666666666666668,0.09,0.01666666666666667,6285.0,6001.666666666667
3235.0,6.412499999999966,286.0,274.0,100.0,68.0,0.0,0.0,0.0175,-0.44,6.0,6.0,-0.025,-0.09,0.07500000000000001,0.02,6289.5,6010.0
3240.0,6.412500000000179,286.0,274.0,100.0,63.0,0.0,0.0,-0.18,-0.5399999999999999,6.0,6.0,0.0,-0.01,0.08,0.1075,6300.0,6062.5
3245.0,6.420833333333391,287.0,274.0,100.0,32.0,0.0,0.0,-0.6875,-0.18333333333333335,6.0,6.0,0.075,0.06666666666666665,0.0925,0.020000000000000004,6309.75,5977.333333333333
3250.0,6.425000000000182,287.0,274.0,100.0,6.0,0.0,0.0,-0.9299999999999999,-0.05,6.0,6.0,0.175,0.14,0.1,-0.14,6304.0,5942.0
3255.0,6.4249999999999545,287.0,273.0,100.0,0.0,0.0,5.75,-1.1199999999999999,-0.1275,6.0,6.0,0.30500000000000005,0.10500000000000001,0.085,-0.3,6301.25,5914.0
3260.0,6.425000000000182,287.0,272.0,100.0,0.0,0.0,39.5,-1.4,-0.265,6.0,6.0,0.41,0.125,0.09,-0.64,6303.0,5877.5
3265.0,6.437500000000057,287.25,270.0,100.0,0.0,0.0,62.0,-2.0225,-0.29,6.0,6.0,0.595,0.14,0.0875,-0.97,6319.25,5827.0
3270.0,6.437500000000185,288.0,267.5,100.0,0.0,0.0,62.0,-2.325,-0.335,6.0,6.0,0.745,0.1525,0.07500000000000001,-1.0750000000000002,6318.5,5774.25
3275.0,6.445833333333283,288.0,264.6666666666667,94.0,0.0,0.0,62.0,-2.4924999999999997,-1.0533333333333332,6.0,6.0,0.9325,0.20666666666666667,0.07,-1.1666666666666667,6316.25,5692.0
3280.0,6.450000000000188,288.0,262.0,50.0,0.0,0.0,61.0,-2.51,-2.43,6.0,0.0,1.2,0.4,-0.03,-1.15,6289.0,6535.0
3285.0,6.454166666666723,287.75,260.0,14.25,37.333333333333336,1.0,62.666666666666664,-2.5625,-3.08,6.0,0.0,1.3,0.64,-0.1875,-1.25,6249.0,6485.0
3290.0,6.454166666666829,286.3333333333333,255.75,0.0,0.0,14.666666666666666,63.25,-2.9366666666666665,-3.505,6.0,5.0,1.2433333333333334,1.0425,-0.4533333333333333,-1.375,6210.666666666667,6372.25
3295.0,6.462499999999906,285.0,252.5,0.0,0.0,30.0,59.25,-3.77,-3.2325,6.0,5.0,1.66,1.0175,-0.67,-1.22,6145.0,6274.5
3300.0,6.470833333333459,282.75,249.66666666666666,0.0,0.0,32.5,51.666666666666664,-4.015,-2.8633333333333333,6.0,5.0,1.865,1.26,-0.7324999999999999,-1.1400000000000001,6116.25,6206.0
3305.0,6.475000000000136,281.5,247.0,0.0,0.0,34.5,44.0,-4.06,-2.7,6.0,5.0,1.8250000000000002,1.53,-0.775,-1.06,6074.0,6149.0
3310.0,6.495833333333465,279.5,243.66666666666666,0.0,0.0,35.75,30.666666666666668,-4.06,-2.3533333333333335,6.0,5.0,1.7475,1.3766666666666667,-0.78,-0.81,6022.75,6082.333333333333
3315.0,6.499999999999915,278.0,242.0,0.0,0.0,36.0,24.0,-4.04,-2.1,6.0,5.0,1.55,1.33,-0.75,-0.66,5980.0,6055.0
3320.0,6.5166666666667865,275.3333333333333,240.0,0.0,0.0,36.0,22.0,-3.6,-2.61,6.0,5.0,1.73,1.1400000000000001,-0.97,-0.6233333333333333,5914.333333333333,5998.0
3325.0,6.512500000000216,272.5,239.0,0.0,0.0,35.25,15.0,-3.1025,-2.66,6.0,5.0,1.8175,1.24,-1.06,-0.54,5879.0,5968.0
3330.0,6.533333333333431,270.0,237.33333333333334,0.0,0.0,34.0,0.6666666666666667,-2.97,-2.66,6.0,5.0,1.13,1.1300000000000001,-0.83,-0.27,5804.0,5954.333333333333
3335.0,6.545833333333327,268.6666666666667,236.75,64.66666666666667,1.25,31.333333333333332,0.0,-2.97,-2.6675,0.0,5.0,1.23,0.9825,-0.7366666666666667,-0.2225,6569.0,5944.25
3340.0,6.545833333333391,266.5,236.0,14.0,4.333333333333333,27.75,0.0,-2.97,-3.0233333333333334,0.0,5.0,1.3675000000000002,1.21,-0.725,-0.18333333333333335,6671.25,5935.0
3345.0,6.56250000000027,265.0,235.75,0.0,4.0,27.0,0.0,-2.98,-4.2725,5.0,5.0,1.14,0.8075,-0.8,-0.1825,6598.0,5920.25
3350.0,6.558333333333323,262.5,235.0,0.0,4.666666666666667,23.5,0.0,-3.3,-5.26,5.0,5.0,1.1,0.8533333333333333,-0.6799999999999999,-0.16,6550.5,5915.333333333333
3355.0,6.579166666666779,261.25,234.66666666666666,0.0,8.666666666666666,22.25,0.0,-3.6375,-5.140000000000001,5.0,5.0,1.3425,1.1333333333333333,-0.6775,-0.17333333333333334,6531.75,5900.333333333333
3360.0,6.575000000000074,259.75,234.0,0.0,18.75,17.75,0.0,-4.05,-4.415,5.0,5.0,0.5875,1.105,-0.46,-0.145,6457.75,5899.5
3365.0,6.583333333333492,258.3333333333333,234.0,0.0,28.333333333333332,16.333333333333332,0.0,-5.116666666666667,-5.51,5.0,5.0,0.64,0.6633333333333333,-0.63,-0.08666666666666667,6384.0,5923.333333333333
3370.0,6.599999999999909,257.0,234.0,0.0,34.0,16.0,0.0,-5.67,-7.81,5.0,5.0,1.03,1.05,-0.53,0.03,6399.0,5910.0
3375.0,6.600000000000094,255.5,233.0,0.0,39.0,17.0,0.0,-5.67,-7.779999999999999,5.0,5.0,1.5150000000000001,1.2999999999999998,-0.53,-0.015,6382.5,5909.0
3380.0,6.61250000000021,254.25,233.0,0.0,43.0,16.25,0.0,-5.6850000000000005,-7.69,5.0,5.0,1.0875,1.4,-0.47250000000000003,-0.02,6348.0,5908.0
3385.0,6.616666666666696,253.0,233.0,0.0,48.333333333333336,13.0,0.0,-5.996666666666667,-8.446666666666665,5.0,5.0,0.38666666666666666,0.75,-0.31666666666666665,0.003333333333333334,6247.333333333333,5926.333333333333
3390.0,6.612500000000125,252.25,233.0,0.0,57.0,2.25,0.0,-7.17,-9.54,5.0,5.0,0.8900000000000001,0.55,-0.4225,0.09,6228.25,5983.0
3395.0,6.620833333333408,251.0,233.0,22.25,63.666666666666664,0.0,0.0,-7.51,-10.58,5.0,5.0,1.725,1.21,-0.14500000000000002,0.06666666666666667,6332.0,5981.0
3400.0,6.633333333333475,251.0,233.0,56.33333333333333,70.33333333333333,0.0,0.0,-7.51,-10.74,5.0,5.0,1.7833333333333334,1.71,-0.07333333333333333,0.08333333333333333,6345.666666666667,5938.0
3405.0,6.637499999999918,251.0,233.75,82.0,75.5,0.0,0.0,-7.51,-10.2575,5.0,5.0,2.13,1.8,-0.02,0.0775,6356.0,5942.25
3410.0,6.641666666666751,250.5,234.0,96.0,82.66666666666667,0.0,0.0,-7.5649999999999995,-10.02,5.0,5.0,2.12,1.9966666666666666,0.02,0.12333333333333334,6350.5,5960.333333333333
3415.0,6.6500000000002615,250.0,234.0,93.0,86.0,0.0,0.0,-7.58,-9.95,5.0,5.0,1.93,2.16,0.02,0.15,6362.0,5957.0
3420.0,6.650000000000027,250.0,234.0,91.66666666666667,82.0,0.0,0.0,-7.58,-9.95,5.0,5.0,1.93,2.0966666666666667,0.06333333333333334,0.15666666666666668,6368.666666666667,5977.333333333333
3425.0,6.662500000000108,250.0,234.0,90.25,79.0,0.0,0.0,-7.58,-9.91,5.0,5.0,2.1075,1.87,0.0475,0.16,6375.0,5999.0
3430.0,6.662500000000065,250.0,234.0,90.5,79.0,0.0,0.0,-7.615,-9.79,5.0,5.0,1.975,1.955,0.11750000000000001,0.185,6372.5,6002.5
3435.0,6.6666666666668135,250.0,234.0,86.33333333333333,79.0,0.0,0.0,-7.736666666666666,-9.61,5.0,5.0,1.5733333333333335,1.95,0.1,0.19,6419.0,6011.0
3440.0,6.670833333333306,250.0,235.0,85.0,79.0,0.0,0.0,-8.39,-9.126666666666667,5.0,5.0,1.72,1.7666666666666666,0.1575,0.19,6416.75,6019.333333333333
3445.0,6.666666666666728,250.0,235.0,83.66666666666667,79.0,0.0,0.0,-8.706666666666667,-8.73,5.0,5.0,1.8599999999999999,1.59,0.13,0.18,6420.0,6023.0
3450.0,6.683333333333607,251.0,235.0,85.0,85.0,0.0,0.0,-8.63,-7.826666666666667,5.0,5.0,1.96,1.66,0.13,0.21,6399.0,6060.333333333333
3455.0,6.6875,251.0,236.0,86.0,93.0,0.0,0.0,-8.19,-7.09,5.0,5.0,1.84,1.885,0.14,0.2575,6422.0,6030.5
3460.0,6.683333333333522,251.0,236.0,87.0,96.66666666666667,0.0,0.0,-7.62,-6.706666666666667,5.0,5.0,1.85,1.66,0.13,0.26333333333333336,6421.0,6048.666666666667
3465.0,6.695833333333411,251.0,237.0,89.66666666666667,98.5,0.0,0.0,-7.2700000000000005,-6.3325,5.0,5.0,1.7433333333333334,1.655,0.16,0.2575,6440.666666666667,6059.75
3470.0,6.695833333333482,251.0,237.0,90.5,99.33333333333333,0.0,0.0,-7.12,-5.9799999999999995,5.0,5.0,1.9775,1.4166666666666665,0.1675,0.28,6439.5,6099.0
3475.0,6.704166666666637,251.25,238.0,93.5,100.0,0.0,0.0,-7.05,-5.523333333333333,5.0,5.0,2.0825,1.67,0.1775,0.29333333333333333,6421.75,6101.666666666667
3480.0,6.704166666666723,252.0,238.0,96.33333333333333,100.0,0.0,0.0,-6.793333333333333,-4.9575,5.0,5.0,1.86,1.78,0.19,0.2575,6435.666666666667,6086.0
3485.0,6.716666666666939,252.0,239.0,97.0,100.0,0.0,0.0,-6.44,-4.716666666666667,5.0,5.0,1.86,1.5433333333333334,0.19,0.25,6454.0,6102.333333333333
3490.0,6.712500000000006,252.0,239.75,100.0,100.0,0.0,0.0,-5.765000000000001,-4.71,5.0,5.0,2.23,1.5775000000000001,0.18,0.2775,6433.5,6124.0
3495.0,6.716666666666853,252.0,240.0,100.0,100.0,0.0,0.0,-4.91,-4.6066666666666665,5.0,5.0,2.16,1.7333333333333334,0.15,0.25666666666666665,6430.0,6122.333333333333
3500.0,6.720833333333417,253.0,240.75,100.0,100.0,0.0,0.0,-4.056666666666667,-4.1225000000000005,5.0,5.0,2.026666666666667,1.705,0.19333333333333333,0.2425,6440.666666666667,6131.25
3505.0,6.7291666666668135,253.0,241.0,100.0,100.0,0.0,0.0,-3.41,-3.0166666666666666,5.0,5.0,1.9175,1.6733333333333333,0.1825,0.23333333333333334,6441.25,6147.0
3510.0,6.72499999999998,253.0,241.75,100.0,100.0,0.0,0.0,-2.8575,-2.2625,5.0,5.0,1.5425,1.525,0.185,0.2325,6468.0,6151.25
3515.0,6.733333333333377,253.66666666666666,242.0,89.33333333333333,91.66666666666667,0.0,0.0,-2.066666666666667,-1.7966666666666666,5.0,5.0,1.3900000000000001,1.1766666666666665,0.16666666666666669,0.22333333333333333,6467.666666666667,6169.333333333333
3520.0,6.737500000000281,254.0,242.75,51.0,42.0,8.0,0.0,-1.07,-1.79,5.0,5.0,1.08,1.07,0.01,0.1,6428.0,6146.75
3525.0,6.74166666666666,252.5,241.66666666666666,7.5,0.0,39.5,38.333333333333336,0.16999999999999998,-1.7366666666666666,5.0,5.0,0.775,0.8266666666666667,-0.5650000000000001,-0.5833333333333334,6313.0,6029.666666666667
3530.0,6.737500000000182,250.0,239.5,0.0,0.0,57.0,58.5,0.82,-1.1324999999999998,5.0,5.0,0.43,0.6725,-0.94,-0.9175,6211.0,5952.0
3535.0,6.750000000000085,247.33333333333334,237.0,23.0,0.0,67.0,74.0,0.8766666666666667,-0.6833333333333333,5.0,5.0,0.20333333333333334,0.5633333333333334,-1.2133333333333334,-1.2433333333333334,6225.333333333333,5869.333333333333
3540.0,6.750000000000085,244.0,232.0,56.0,0.0,74.0,88.0,0.73,-0.6,0.0,5.0,-0.05,0.43,-1.4,-1.57,7135.0,5734.0
3545.0,6.75,240.0,229.0,0.0,0.0,73.66666666666667,87.0,0.22333333333333333,-0.6,4.0,5.0,-0.10666666666666667,0.37,-1.52,-1.6033333333333335,6963.333333333333,5662.666666666667
3550.0,6.75,236.0,224.0,0.0,0.0,73.0,83.0,-0.34,-0.55,4.0,5.0,-0.11,0.28,-1.51,-1.59,6878.0,5497.0
3555.0,6.7583333333335105,231.5,219.66666666666666,0.0,0.0,75.0,78.33333333333333,-0.47,-0.29333333333333333,4.0,5.0,-0.035,0.23,-1.52,-1.5366666666666666,6711.5,5434.0
3560.0,6.7666666666665805,227.0,214.33333333333334,0.0,0.0,72.0,76.66666666666667,-0.33,0.07999999999999999,4.0,5.0,0.0,0.09666666666666666,-1.6,-1.4566666666666666,6583.0,5249.666666666667
3565.0,6.766666666666723,223.66666666666666,210.0,46.0,31.0,70.0,75.0,-0.23,0.2,4.0,0.0,0.019999999999999997,0.02,-1.45,-1.44,6758.666666666667,6122.0
3570.0,6.766666666666879,218.33333333333334,206.0,46.0,0.0,68.66666666666667,73.66666666666667,0.003333333333333334,0.2733333333333334,0.0,4.0,0.03666666666666667,-0.02333333333333333,-1.4566666666666668,-1.44,7397.0,5963.666666666667
3575.0,6.783333333333232,214.0,201.66666666666666,0.0,0.0,68.0,70.0,0.09,0.30333333333333334,3.0,4.0,0.03,-0.03666666666666667,-1.5,-1.4,7660.0,5846.333333333333
3580.0,6.783333333333388,210.0,197.0,0.0,0.0,68.0,69.0,3.469446951953614e-18,0.42,3.0,4.0,0.02333333333333333,-0.06,-1.45,-1.3466666666666667,7284.0,5721.333333333333
3585.0,6.791666666666842,205.0,191.66666666666666,0.0,0.0,67.5,69.0,0.020000000000000004,0.5333333333333333,3.0,4.0,0.04,-0.07,-1.44,-1.4000000000000001,7268.5,5450.0
3590.0,6.799999999999983,200.66666666666666,186.66666666666666,0.0,69.0,67.33333333333333,69.0,0.23333333333333334,0.35333333333333333,3.0,0.0,0.003333333333333334,-0.07666666666666667,-1.4033333333333333,-1.3233333333333335,7068.333333333333,6014.0
3595.0,6.800000000000011,196.0,183.0,0.0,0.0,67.0,69.0,0.43,0.47,3.0,3.0,-0.02,-0.1,-1.43,-1.23,6905.0,6465.0
3600.0,6.800000000000097,191.0,179.0,0.0,0.0,68.0,70.0,0.45,0.94,3.0,3.0,-0.07,-0.13,-1.46,-1.34,6768.0,6287.0
3605.0,6.816666666666848,186.0,173.0,0.0,0.0,73.0,65.66666666666667,0.92,1.18,3.0,3.0,-0.16,-0.23333333333333334,-1.5,-1.3066666666666666,6564.0,6123.666666666667
3610.0,6.825000000000273,181.0,168.5,0.0,0.0,74.0,60.0,0.99,1.495,3.0,3.0,-0.21,-0.315,-1.54,-1.21,6391.0,5968.5
3615.0,6.824999999999903,175.0,164.0,0.0,0.0,76.0,55.5,1.42,1.755,3.0,3.0,-0.18,-0.375,-1.33,-1.125,6154.0,5835.0
3620.0,6.849999999999994,171.0,159.0,69.0,0.0,77.0,55.0,2.15,2.03,0.0,3.0,-0.31,-0.34,-1.69,-1.08,6401.0,5627.0
3625.0,6.833333333333357,164.0,156.0,0.0,0.0,76.66666666666667,54.0,2.3933333333333335,2.3,2.0,3.0,-0.4533333333333333,-0.49,-1.4266666666666667,-1.17,7038.666666666667,5461.0
3630.0,6.850000000000094,158.5,150.5,0.0,34.5,77.0,47.0,3.0949999999999998,2.325,2.0,3.0,-0.62,-0.535,-1.62,-0.8999999999999999,6519.0,5592.0
3635.0,6.85000000000008,151.0,147.0,0.0,0.0,76.0,44.0,4.34,2.52,2.0,2.0,-0.88,-0.5,-1.5,-0.76,6596.0,6446.0
3640.0,6.850000000000094,145.5,143.0,0.0,0.0,76.0,44.0,5.46,3.455,2.0,2.0,-0.62,-0.605,-1.365,-0.895,5844.0,6239.5
3645.0,6.85000000000008,140.0,138.0,0.0,0.0,73.0,44.0,5.81,4.81,2.0,2.0,-1.0,-0.74,-1.39,-0.93,5626.0,6023.0
3650.0,6.850000000000094,134.0,135.0,0.0,0.0,62.0,41.5,6.235,5.984999999999999,2.0,2.0,-1.13,-0.855,-1.0550000000000002,-0.825,5475.0,5898.0
3655.0,6.875000000000085,129.0,131.0,0.0,0.0,61.0,32.0,7.87,7.79,2.0,2.0,-1.27,-0.995,-1.04,-0.7,5181.0,5752.0
3660.0,6.849999999999994,122.0,129.0,0.0,0.0,46.0,29.0,9.86,9.41,2.0,2.0,-1.72,-1.2,-0.95,-0.62,5032.0,5594.0
3665.0,6.849999999999909,118.0,124.0,0.0,0.0,0.0,29.0,11.53,11.11,2.0,2.0,-2.0,-1.46,-0.19,-0.67,5161.0,5442.0
3670.0,6.825000000000188,116.5,121.0,7.0,0.0,0.0,21.0,12.02,12.14,2.0,2.0,-1.94,-1.44,-0.07,-0.49,5138.5,5291.0
3675.0,6.825000000000102,115.0,118.0,16.5,0.0,0.0,7.0,5.890000000000001,13.59,2.0,2.0,-1.9849999999999999,-1.77,0.045,-0.3,5172.5,5216.0
3680.0,6.824999999999989,114.0,117.0,29.5,0.0,0.0,0.0,6.74,15.07,2.0,2.0,-2.06,-1.7,0.135,-0.17,5181.5,5174.0
3685.0,6.800000000000267,114.0,116.0,47.0,7.0,0.0,0.0,12.54,17.27,2.0,2.0,-1.77,-1.67,0.19,-0.06,5212.0,5167.0
3690.0,6.825000000000188,115.0,116.0,70.0,16.0,0.0,0.0,12.59,18.505000000000003,2.0,2.0,-1.44,-1.835,0.29,-0.005,5247.0,5172.5
3695.0,6.825000000000088,117.0,115.0,72.0,19.0,0.0,0.0,15.6,18.855,2.0,2.0,-1.4,-1.63,0.31,0.025,5299.0,5169.0
3700.0,6.825000000000003,118.0,115.0,61.0,22.5,0.0,0.0,19.13,20.685000000000002,2.0,2.0,-1.51,-1.7,0.3,0.05,5444.0,5161.0
3705.0,6.849999999999909,120.0,115.0,57.0,25.0,0.0,0.0,20.6,22.13,2.0,2.0,-1.82,-1.8,0.31,0.09,5536.0,5150.0
3710.0,6.8500000000002785,122.0,115.0,65.0,31.0,0.0,0.0,20.68,22.12,2.0,2.0,-1.82,-1.89,0.4,0.1,5679.0,5170.0
3715.0,6.850000000000193,124.0,115.0,74.0,36.0,0.0,0.0,20.56,22.12,2.0,2.0,-1.61,-1.73,0.46,0.13,5875.0,5203.0
3720.0,6.85000000000008,126.0,115.0,71.0,42.0,0.0,0.0,18.42,22.09,2.0,2.0,-1.98,-1.88,0.5,0.17,5935.0,5250.0
3725.0,6.875,127.0,116.0,68.0,49.5,0.0,0.0,16.28,21.29,2.0,2.0,-1.96,-1.795,0.53,0.20500000000000002,6024.0,5311.0
3730.0,6.900000000000006,129.0,117.0,64.5,54.0,0.0,0.0,14.41,20.72,2.0,2.0,-2.0549999999999997,-1.855,0.5,0.26,6152.0,5359.0
3735.0,6.900000000000134,130.0,118.5,65.0,57.0,0.0,0.0,13.26,20.005000000000003,2.0,2.0,-2.05,-1.89,0.45999999999999996,0.325,6206.0,5427.5
3740.0,6.924999999999912,132.0,120.0,66.0,60.0,0.0,0.0,12.23,18.585,2.0,2.0,-2.03,-1.87,0.44,0.395,6214.0,5536.0
3745.0,6.925000000000267,133.0,121.5,69.0,60.0,0.0,0.0,11.79,16.925,2.0,2.0,-2.14,-1.88,0.5,0.43999999999999995,6263.0,5649.5
3750.0,6.9500000000000455,134.5,123.5,70.5,67.0,0.0,0.0,11.59,14.38,2.0,2.0,-2.135,-1.825,0.52,0.52,6314.0,5754.5
3755.0,6.9750000000002785,136.0,125.5,76.0,73.0,0.0,0.0,11.01,12.13,2.0,2.0,-1.93,-1.92,0.53,0.565,6323.0,5869.5
3760.0,6.950000000000188,137.0,128.0,0.0,80.0,0.0,0.0,9.74,10.07,0.0,2.0,-1.98,-1.86,0.0,0.6,6109.0,5922.0
3765.0,6.975000000000193,139.0,131.0,83.0,85.0,0.0,0.0,9.665,7.35,3.0,2.0,-2.05,-1.81,0.52,0.62,5231.5,6066.0
3770.0,6.975000000000179,141.0,133.0,88.0,89.5,0.0,0.0,9.25,7.1899999999999995,3.0,2.0,-1.68,-1.6749999999999998,0.53,0.675,5271.0,6126.5
3775.0,7.000000000000185,143.5,136.5,89.5,92.0,0.0,0.0,8.26,7.35,3.0,2.0,-1.46,-1.4249999999999998,0.52,0.625,5363.5,6284.0
3780.0,7.0000000000001705,145.0,139.0,87.0,97.0,0.0,0.0,7.43,6.15,3.0,2.0,-1.37,-1.27,0.53,0.66,5525.0,6387.0
3785.0,7.000000000000185,147.5,142.5,92.0,98.5,0.0,0.0,7.23,4.07,3.0,2.0,-1.4300000000000002,-1.2650000000000001,0.5349999999999999,0.6799999999999999,5506.5,6546.0
3790.0,7.0000000000001705,149.0,145.0,84.0,100.0,0.0,0.0,7.65,3.77,3.0,2.0,-1.48,-1.15,0.56,0.67,5724.0,6639.0
3795.0,7.000000000000185,151.0,147.5,49.5,100.0,0.0,0.0,8.760000000000002,3.925,3.0,2.0,-1.895,-1.03,0.325,0.67,5587.0,6766.5
3800.0,7.016666666666751,152.0,150.0,49.333333333333336,100.0,0.0,0.0,8.586666666666666,3.6,3.0,2.0,-0.9466666666666668,-0.95,0.32999999999999996,0.63,5629.666666666667,6899.0
3805.0,7.01666666666695,153.0,153.33333333333334,52.0,100.0,0.0,0.0,6.56,3.3233333333333333,3.0,2.0,-0.84,-0.8466666666666667,0.33,0.6233333333333333,6600.0,7034.0
3810.0,7.000000000000043,155.0,155.0,87.5,99.5,0.0,0.0,4.325,3.3449999999999998,3.0,2.0,-1.445,-0.86,0.38,0.545,5768.5,7194.5
3815.0,7.000000000000284,156.0,157.0,99.0,100.0,0.0,0.0,4.17,2.93,3.0,2.0,-0.85,-1.13,-0.08,0.58,6119.0,7243.0
3820.0,6.999999999999915,156.0,159.0,99.0,100.0,0.0,0.0,4.01,2.03,3.0,2.0,-0.62,-1.11,-0.09,0.54,6106.0,7238.0
3825.0,7.000000000000142,155.5,160.0,98.5,100.0,0.0,0.0,3.735,0.8800000000000001,3.0,3.0,-0.49,-0.6799999999999999,0.03999999999999998,0.395,5998.0,6345.0
3830.0,6.999999999999972,155.0,162.33333333333334,100.0,100.0,0.0,0.0,2.6066666666666665,0.2966666666666667,3.0,3.0,-0.2366666666666667,-0.3966666666666667,-0.13999999999999993,0.6433333333333333,6030.666666666667,6033.0
3835.0,7.0,155.0,165.0,100.0,100.0,0.0,0.0,1.65,0.23,3.0,3.0,0.01,-0.28,-0.03,0.58,5778.0,6092.0
3840.0,6.974999999999994,155.5,167.0,87.0,100.0,0.0,0.0,3.065,0.05,3.0,3.0,0.01,-0.13,0.315,0.47,6649.5,6174.0
3845.0,6.983333333333377,157.66666666666666,168.33333333333334,100.0,100.0,0.0,0.0,4.343333333333334,0.16333333333333333,3.0,3.0,-0.11666666666666667,-0.14333333333333334,0.6666666666666666,0.51,5938.0,6275.0
3850.0,6.966666666666768,161.0,170.66666666666666,79.0,100.0,0.0,0.0,2.58,0.35,3.0,3.0,-0.5,-0.22,0.5,0.55,5926.0,6334.333333333333
3855.0,6.975000000000179,162.0,172.5,55.0,100.0,0.0,0.0,0.75,0.96,3.0,3.0,-0.44,-0.235,0.71,0.51,5918.0,6370.0
3860.0,6.950000000000188,163.5,174.5,73.5,100.0,0.0,0.0,-0.53,0.52,3.0,3.0,-0.17,-0.17,0.41500000000000004,0.49,6110.5,6486.0
3865.0,6.9500000000000455,165.0,176.5,98.5,100.0,0.0,0.0,-0.41000000000000003,-0.115,3.0,3.0,-0.04,-0.135,0.475,0.535,6332.0,6516.0
3870.0,6.941666666666848,167.66666666666666,178.5,100.0,100.0,0.0,0.0,1.3433333333333333,-0.55,3.0,3.0,-0.013333333333333332,-0.005,0.39333333333333337,0.52,6308.333333333333,6593.5
3875.0,6.933333333333238,169.0,180.66666666666666,100.0,100.0,0.0,0.0,2.29,-0.44666666666666666,3.0,3.0,-0.08,0.07666666666666666,0.42,0.5166666666666667,6377.0,6688.333333333333
3880.0,6.924999999999997,171.0,181.5,100.0,100.0,0.0,0.0,1.36,-0.275,3.0,3.0,-0.11,0.1,0.93,0.5,6391.0,6705.0
3885.0,6.925000000000097,173.0,183.5,100.0,100.0,0.0,0.0,0.57,-0.20500000000000002,3.0,3.0,-0.15,0.1,0.45,0.48,6391.0,6781.0
3890.0,6.908333333333459,175.0,185.5,100.0,100.0,0.0,0.0,0.14666666666666667,-0.28500000000000003,3.0,3.0,-0.04,0.11,0.4666666666666667,0.485,6508.666666666667,6845.0
3895.0,6.908333333333545,176.33333333333334,187.5,100.0,100.0,0.0,0.0,0.06333333333333334,-0.27,3.0,3.0,0.009999999999999998,0.10500000000000001,0.4633333333333333,0.475,6532.333333333333,6907.0
3900.0,6.900000000000006,178.33333333333334,189.0,100.0,100.0,0.0,0.0,0.07,-0.34,3.0,3.0,0.06999999999999999,0.11666666666666667,0.47333333333333333,0.47000000000000003,6614.0,6974.666666666667
3905.0,6.900000000000091,179.33333333333334,190.33333333333334,100.0,100.0,0.0,0.0,0.09333333333333334,-0.3433333333333333,3.0,3.0,0.08,0.11333333333333333,0.46,0.45666666666666667,6639.666666666667,7002.666666666667
3910.0,6.883333333333368,181.33333333333334,192.0,100.0,100.0,0.0,0.0,0.023333333333333338,-0.37,3.0,3.0,0.09333333333333334,0.12,0.44666666666666666,0.45,6722.0,7077.0
3915.0,6.883333333333454,183.33333333333334,193.0,100.0,100.0,0.0,0.0,-0.18,-0.86,3.0,3.0,0.11333333333333333,0.18,0.45999999999999996,0.42,6770.666666666667,7117.0
3920.0,6.883333333333539,184.33333333333334,195.0,100.0,100.0,0.0,0.0,-0.16333333333333333,-0.72,3.0,3.0,0.13,0.21,0.45,0.4,6820.666666666667,7172.0
3925.0,6.866666666666674,186.33333333333334,195.66666666666666,100.0,100.0,0.0,0.0,-0.2633333333333333,-0.27,3.0,3.0,0.12333333333333334,0.18666666666666668,0.42666666666666664,0.39333333333333337,6888.333333333333,7198.333333333333
3930.0,6.88333333333334,187.0,197.0,100.0,0.0,0.0,0.0,-0.66,-0.28,3.0,0.0,0.16,0.15666666666666668,0.45,-0.043333333333333335,6958.0,6914.0
3935.0,6.866666666666745,189.0,197.33333333333334,100.0,100.0,0.0,0.0,-0.79,-0.39,3.0,4.0,0.24,0.14333333333333334,0.45,0.62,6987.0,5973.666666666667
3940.0,6.866666666666859,190.0,199.0,100.0,100.0,0.0,0.0,-0.78,-0.14,3.0,4.0,0.26,0.11666666666666667,0.43,0.4066666666666667,7045.0,6001.333333333333
3945.0,6.8500000000002785,192.0,201.0,100.0,100.0,0.0,0.0,-0.78,-0.24,3.0,4.0,0.26,0.1,0.4,0.41,7096.0,6059.0
3950.0,6.849999999999966,192.0,201.66666666666666,66.66666666666666,100.0,0.0,0.0,-0.78,-0.27999999999999997,0.0,4.0,0.24,0.09333333333333334,-0.013333333333333336,0.39666666666666667,6591.333333333333,6098.666666666667
3955.0,6.850000000000051,193.66666666666666,203.0,100.0,100.0,0.0,0.0,-0.7866666666666667,-0.9633333333333333,4.0,4.0,0.26,0.14666666666666667,0.49333333333333335,0.44,5912.666666666667,6188.0
3960.0,6.841666666666853,195.0,204.33333333333334,100.0,100.0,0.0,0.0,-0.78,-1.4066666666666667,4.0,4.0,0.28,0.25333333333333335,0.405,0.44,5920.5,6178.666666666667
3965.0,6.833333333333329,196.33333333333334,206.0,100.0,100.0,0.0,0.0,-0.91,-1.56,4.0,4.0,0.31,0.33,0.44,0.43,5964.0,6223.0
3970.0,6.849999999999994,198.0,207.0,100.0,100.0,0.0,0.0,-1.64,-1.22,4.0,4.0,0.46,0.4,0.43,0.42,5973.0,6282.0
3975.0,6.833333333333414,199.0,208.66666666666666,100.0,100.0,0.0,0.0,-2.64,-0.9933333333333333,4.0,4.0,0.53,0.51,0.4,0.42666666666666664,6013.0,6270.333333333333
3980.0,6.833333333333428,200.66666666666666,209.33333333333334,100.0,100.0,0.0,0.0,-2.986666666666667,-1.2333333333333332,4.0,4.0,0.73,0.47000000000000003,0.43333333333333335,0.43333333333333335,6060.0,6320.666666666667
3985.0,6.816666666666848,201.66666666666666,211.0,100.0,100.0,0.0,0.0,-2.97,-1.68,4.0,4.0,0.8133333333333334,0.49,0.4033333333333333,0.41,6109.333333333333,6334.0
3990.0,6.816666666666691,203.0,211.66666666666666,100.0,100.0,0.0,0.0,-3.0133333333333336,-2.6666666666666665,4.0,4.0,0.8666666666666667,0.5933333333333334,0.41,0.42,6133.0,6401.666666666667
3995.0,6.816666666666848,204.0,213.33333333333334,100.0,100.0,0.0,0.0,-3.65,-3.4566666666666666,4.0,4.0,0.78,0.7233333333333333,0.39,0.41,6195.0,6435.0
4000.0,6.800000000000267,205.0,214.0,100.0,100.0,0.0,0.0,-4.91,-4.01,4.0,4.0,0.83,0.49,0.29,0.38,6341.0,6484.0
4005.0,6.7999999999999545,206.66666666666666,215.66666666666666,100.0,99.66666666666667,0.0,0.0,-5.3566666666666665,-4.883333333333333,4.0,4.0,1.3966666666666665,1.39,0.3933333333333333,0.5366666666666666,6235.333333333333,6558.666666666667
4010.0,6.800000000000125,207.33333333333334,216.33333333333334,100.0,100.0,0.0,0.0,-5.36,-4.8133333333333335,4.0,4.0,1.3666666666666667,1.47,0.3833333333333333,0.36333333333333334,6270.0,6517.333333333333
4015.0,6.800000000000267,209.0,218.0,100.0,100.0,0.0,0.0,-5.36,-4.74,4.0,4.0,1.19,1.25,0.37,0.42,6316.0,6582.0
4020.0,6.7999999999999545,209.66666666666666,218.66666666666666,100.0,100.0,0.0,0.0,-5.36,-4.833333333333333,4.0,4.0,1.27,1.2566666666666666,0.38666666666666666,0.38,6381.0,6622.666666666667
4025.0,6.783333333333388,210.66666666666666,220.0,100.0,100.0,0.0,0.0,-5.08,-4.806666666666667,4.0,4.0,1.53,1.5266666666666666,0.39999999999999997,0.4066666666666667,6380.333333333333,6627.0
4030.0,6.783333333333545,212.0,221.0,100.0,100.0,0.0,0.0,-4.6033333333333335,-4.54,4.0,4.0,1.25,1.16,0.36333333333333334,0.39,6420.666666666667,6659.0
4035.0,6.783333333333232,213.0,221.66666666666666,100.0,100.0,0.0,0.0,-4.17,-4.163333333333333,4.0,4.0,1.51,1.3633333333333333,0.44,0.41666666666666663,6436.0,6728.333333333333
4040.0,6.783333333333388,213.66666666666666,223.0,100.0,100.0,0.0,0.0,-3.6333333333333333,-3.506666666666667,4.0,4.0,1.28,1.48,0.38666666666666666,0.38,6469.0,6694.666666666667
4045.0,6.783333333333545,215.0,224.0,100.0,100.0,0.0,0.0,-2.9366666666666665,-2.99,4.0,4.0,1.1766666666666665,1.1,0.41,0.36,6504.0,6747.0
4050.0,6.783333333333232,216.0,224.66666666666666,100.0,100.0,0.0,0.0,-2.35,-2.526666666666667,4.0,4.0,1.24,1.2733333333333332,0.41,0.41333333333333333,6516.0,6799.666666666667
4055.0,6.766666666666723,216.66666666666666,226.0,100.0,100.0,0.0,0.0,-1.6600000000000001,-2.05,4.0,4.0,1.1433333333333333,1.39,0.35666666666666663,0.39,6522.666666666667,6768.0
4060.0,6.766666666666879,218.0,226.66666666666666,100.0,100.0,0.0,0.0,-1.25,-1.36,4.0,4.0,0.8966666666666666,1.2066666666666666,0.35,0.36666666666666664,6546.666666666667,6790.333333333333
4065.0,6.7666666666665805,219.0,227.33333333333334,100.0,100.0,0.0,0.0,-1.21,-0.6866666666666668,4.0,4.0,0.64,0.8233333333333334,0.36,0.35,6604.0,6828.0
4070.0,6.766666666666723,220.0,229.0,100.0,100.0,0.0,0.0,-1.19,-0.21,4.0,4.0,0.5966666666666667,0.53,0.35,0.38,6643.666666666667,6887.0
4075.0,6.758333333333553,221.0,229.5,100.0,100.0,0.0,0.0,-1.14,0.255,4.0,4.0,0.48333333333333334,0.37,0.33,0.385,6661.666666666667,6907.0
4080.0,6.749999999999915,222.0,231.0,100.0,100.0,0.0,0.0,-0.67,0.89,4.0,4.0,0.52,0.13,0.43,0.37,6687.0,7021.0
4085.0,6.758333333333425,223.0,231.66666666666666,100.0,100.0,0.0,0.0,0.13,1.03,4.0,4.0,0.45,-0.05,0.355,0.37,6685.5,6952.666666666667
4090.0,6.762500000000273,224.0,232.25,100.0,100.0,0.0,0.0,1.41,0.59,4.0,4.0,0.09,-0.125,0.34,0.3325,6715.0,6955.75
4095.0,6.749999999999972,224.66666666666666,233.66666666666666,100.0,100.0,0.0,0.0,2.0166666666666666,0.32333333333333336,4.0,4.0,-0.11666666666666667,-0.16333333333333333,0.2833333333333333,0.31333333333333335,6868.666666666667,7008.0
4100.0,6.750000000000114,226.0,234.33333333333334,100.0,100.0,0.0,0.0,2.21,1.0166666666666666,4.0,4.0,-0.45666666666666667,-0.18333333333333332,0.46,0.27666666666666667,6932.666666666667,7140.333333333333
4105.0,6.737500000000281,227.0,235.0,100.0,100.0,0.0,0.0,2.31,1.5625,4.0,4.0,-0.7,-0.4075,0.29,0.355,6825.0,7093.0
4110.0,6.74166666666666,228.0,236.0,100.0,100.0,0.0,0.0,2.3,1.5133333333333334,4.0,4.0,-0.88,-0.5466666666666666,0.32999999999999996,0.36,6833.0,7091.666666666667
4115.0,6.7500000000001705,229.0,237.0,100.0,100.0,0.0,0.0,1.85,1.11,4.0,4.0,-0.61,-0.52,0.35,0.31,6896.0,7107.0
4120.0,6.733333333333519,229.66666666666666,238.0,100.0,100.0,0.0,0.0,1.2400000000000002,0.8533333333333333,4.0,4.0,-0.6133333333333333,-0.5166666666666667,0.29000000000000004,0.2633333333333333,6954.0,7157.0
4125.0,6.733333333333363,230.0,239.0,100.0,100.0,0.0,0.0,0.9266666666666667,0.57,4.0,4.0,-0.4666666666666667,-0.46,0.20333333333333334,0.28,7092.666666666667,7172.0
4130.0,6.729166666666785,230.0,239.33333333333334,100.0,100.0,0.0,0.0,0.8375,0.48333333333333334,4.0,4.0,-0.5825,-0.44,0.21250000000000002,0.2833333333333333,7262.0,7203.666666666667
4135.0,6.7333333333334195,231.33333333333334,240.0,100.0,100.0,0.0,0.0,0.3566666666666667,0.11,4.0,4.0,-0.8266666666666667,-0.37,0.33666666666666667,0.26,6949.666666666667,7192.0
4140.0,6.716666666666768,232.0,241.0,100.0,100.0,0.0,0.0,-0.55,-0.18666666666666665,4.0,4.0,-0.53,-0.27,0.31,0.27666666666666667,6975.0,7206.666666666667
4145.0,6.725000000000051,233.0,242.0,100.0,100.0,0.0,0.0,-1.065,-0.68,4.0,4.0,-0.14,-0.06,0.215,0.26,7052.5,7217.0
4150.0,6.716666666666654,234.0,241.33333333333334,100.0,33.33333333333333,0.0,0.0,-0.92,-0.21333333333333332,4.0,0.0,0.1,0.016666666666666663,0.35,0.08666666666666666,7026.0,6595.333333333333
4155.0,6.716666666666825,235.0,242.0,100.0,100.0,0.0,0.0,-0.6933333333333334,0.21,4.0,5.0,0.21999999999999997,0.06,0.3,0.28,7047.0,6177.0
4160.0,6.716666666666569,236.0,243.33333333333334,100.0,100.0,0.0,0.0,-0.61,-0.013333333333333336,4.0,5.0,0.26,0.07666666666666667,0.28,0.31,7069.0,6185.666666666667
4165.0,6.704166666666723,236.66666666666666,244.0,100.0,100.0,0.0,0.0,-0.61,-0.355,4.0,5.0,0.2866666666666667,0.07,0.27,0.245,7139.333333333333,6241.75
4170.0,6.704166666666893,237.25,245.0,100.0,100.0,0.0,0.0,-0.6325000000000001,-0.56,4.0,5.0,0.35,0.15333333333333335,0.2675,0.32333333333333336,7129.5,6269.0
4175.0,6.704166666666637,238.0,245.75,100.0,100.0,0.0,0.0,-0.9966666666666666,-0.93,4.0,5.0,0.27666666666666667,0.135,0.20666666666666667,0.2775,7202.333333333333,6293.5
4180.0,6.700000000000131,238.25,246.25,100.0,100.0,0.0,0.0,-1.33,-1.595,4.0,5.0,0.4575,0.2575,0.21250000000000002,0.2825,7250.5,6374.5
4185.0,6.700000000000188,239.0,247.0,100.0,100.0,0.0,0.0,-1.33,-2.0700000000000003,4.0,5.0,0.5266666666666667,0.5566666666666666,0.25666666666666665,0.37,7176.666666666667,6322.333333333333
4190.0,6.7000000000000455,239.75,248.0,25.0,100.0,0.0,0.0,-1.455,-2.335,0.0,5.0,0.26,0.4825,-0.0775,0.2675,6892.75,6351.75
4195.0,6.700000000000102,239.0,248.66666666666666,98.0,100.0,0.0,0.0,-2.29,-2.75,5.0,5.0,0.33666666666666667,0.16333333333333333,0.08333333333333331,0.04333333333333336,6602.666666666667,6570.333333333333
4200.0,6.687500000000057,240.25,249.0,100.0,88.0,0.0,0.0,-2.815,-3.66,5.0,5.0,1.005,0.73,0.55,0.65,6150.0,6928.0
4205.0,6.691666666666819,241.66666666666666,250.5,100.0,100.0,0.0,0.0,-2.816666666666667,-3.465,5.0,5.0,1.16,1.42,0.32333333333333336,0.31,6166.0,6398.5
4210.0,6.687499999999972,242.25,251.0,100.0,100.0,0.0,0.0,-2.7249999999999996,-2.95,5.0,5.0,1.155,1.5,0.2925,0.29,6178.25,6396.0
4215.0,6.683333333333394,243.0,251.33333333333334,100.0,100.0,0.0,0.0,-2.5866666666666664,-2.2866666666666666,5.0,5.0,1.0,1.2133333333333334,0.2866666666666667,0.28,6211.333333333333,6416.0
4220.0,6.6750000000002245,244.0,252.0,100.0,100.0,0.0,0.0,-2.1325000000000003,-2.12,5.0,5.0,1.2575,1.245,0.3125,0.31,6208.25,6452.75
4225.0,6.679166666666632,244.0,253.0,100.0,100.0,0.0,0.0,-1.6633333333333333,-2.12,5.0,5.0,1.0766666666666667,1.3450000000000002,0.2833333333333333,0.3025,6230.0,6438.25
4230.0,6.683333333333522,245.0,253.66666666666666,100.0,100.0,0.0,0.0,-1.4,-2.12,5.0,5.0,1.04,1.2033333333333334,0.28,0.30333333333333334,6254.0,6468.0
4235.0,6.666666666666842,246.0,254.0,100.0,100.0,0.0,0.0,-1.26,-2.11,5.0,5.0,0.8366666666666667,1.08,0.27666666666666667,0.29,6275.666666666667,6478.0
4240.0,6.675000000000097,246.0,255.0,100.0,100.0,0.0,0.0,-1.14,-1.75,5.0,5.0,0.81,1.05,0.29,0.305,6285.0,6508.0
4245.0,6.67500000000004,247.0,256.0,100.0,100.0,0.0,0.0,-0.7849999999999999,-1.14,5.0,5.0,0.55,0.74,0.27,0.29,6310.5,6518.0
4250.0,6.666666666666671,248.0,256.3333333333333,100.0,100.0,0.0,0.0,-0.45,-0.9166666666666666,5.0,5.0,0.53,0.6833333333333333,0.34,0.2733333333333333,6343.0,6591.333333333333
4255.0,6.662500000000179,248.5,257.0,100.0,100.0,0.0,0.0,-0.10999999999999999,-0.6125,5.0,5.0,0.46499999999999997,0.74,0.28,0.3,6337.0,6567.25
4260.0,6.662499999999909,249.0,258.0,100.0,100.0,0.0,0.0,0.25,-0.08499999999999999,5.0,5.0,0.3,0.6,0.28,0.2925,6351.0,6563.0
4265.0,6.658333333333459,250.0,258.5,100.0,100.0,0.0,0.0,0.5166666666666667,0.325,5.0,5.0,0.15000000000000002,0.36,0.26666666666666666,0.265,6378.333333333333,6586.0
4270.0,6.662500000000193,250.75,259.0,100.0,100.0,0.0,0.0,0.6,0.78,5.0,5.0,0.012499999999999997,0.17,0.2625,0.31,6396.25,6611.0
4275.0,6.654166666666711,251.25,260.0,100.0,100.0,0.0,0.0,0.39,0.8333333333333334,5.0,5.0,-0.005000000000000001,0.053333333333333344,0.315,0.27666666666666667,6420.0,6629.0
4280.0,6.654166666666768,252.0,260.75,100.0,100.0,0.0,0.0,-0.020000000000000018,0.6325,5.0,5.0,-0.07,-0.09,0.2966666666666667,0.285,6440.333333333333,6656.75
4285.0,6.650000000000006,253.0,261.0,100.0,100.0,0.0,0.0,-0.35,0.31,5.0,5.0,-0.05,-0.16,0.26,0.28,6456.0,6661.0
4290.0,6.650000000000176,253.5,262.0,100.0,100.0,0.0,0.0,-0.345,0.325,5.0,5.0,-0.02,-0.21500000000000002,0.25,0.275,6459.5,6676.0
4295.0,6.637499999999918,254.0,262.75,100.0,100.0,0.0,0.0,-0.29,0.44,5.0,5.0,0.01,-0.23,0.27,0.28,6494.0,6688.0
4300.0,6.6458333333334565,255.0,263.25,100.0,100.0,0.0,0.0,-0.10666666666666669,0.7224999999999999,5.0,5.0,0.03,-0.305,0.2733333333333334,0.28,6492.0,6709.0
4305.0,6.6458333333335275,255.75,264.0,100.0,100.0,0.0,0.0,0.26,0.79,5.0,5.0,0.0075,-0.32666666666666666,0.2525,0.26666666666666666,6510.5,6720.333333333333
4310.0,6.6375000000000455,256.0,265.0,100.0,100.0,0.0,0.0,0.685,0.82,5.0,5.0,-0.065,-0.34,0.255,0.26,6539.25,6748.0
4315.0,6.633333333333439,256.6666666666667,265.3333333333333,100.0,100.0,0.0,0.0,0.7666666666666667,0.83,5.0,5.0,-0.16333333333333333,-0.36666666666666664,0.26333333333333336,0.26,6550.666666666667,6761.666666666667
4320.0,6.637500000000003,257.0,266.0,100.0,100.0,0.0,0.0,0.77,0.83,5.0,5.0,-0.21,-0.415,0.25,0.26,6555.0,6771.0
4325.0,6.633333333333539,258.0,267.0,100.0,100.0,0.0,0.0,0.8266666666666667,0.83,5.0,5.0,-0.25,-0.4,0.23666666666666666,0.24,6586.333333333333,6788.0
4330.0,6.62916666666662,258.75,267.0,100.0,100.0,0.0,0.0,1.0825,0.84,5.0,5.0,-0.32999999999999996,-0.3833333333333333,0.25,0.24666666666666667,6612.75,6829.0
4335.0,6.625000000000142,259.25,267.75,100.0,100.0,0.0,0.0,1.27,0.84,5.0,5.0,-0.45,-0.485,0.2525,0.29,6609.75,6829.75
4340.0,6.616666666666859,260.0,269.0,100.0,100.0,0.0,0.0,1.27,0.84,5.0,5.0,-0.5433333333333333,-0.51,0.23666666666666666,0.26,6616.0,6828.0
4345.0,6.625000000000085,261.0,269.0,100.0,100.0,0.0,0.0,1.27,0.84,5.0,5.0,-0.54,-0.475,0.23,0.23,6645.0,6842.5
4350.0,6.620833333333337,261.0,269.75,100.0,100.0,0.0,0.0,1.27,0.825,5.0,5.0,-0.5133333333333333,-0.4225,0.22,0.26,6674.0,6883.5
4355.0,6.61250000000004,261.75,270.0,100.0,100.0,0.0,0.0,1.27,0.81,5.0,5.0,-0.6125,-0.4,0.2425,0.26,6688.5,6903.0
4360.0,6.62500000000027,262.0,271.0,100.0,100.0,0.0,0.0,1.24,0.755,5.0,5.0,-0.69,-0.51,0.25,0.255,6678.0,6900.5
4365.0,6.612499999999997,263.0,271.75,100.0,100.0,0.0,0.0,1.2349999999999999,0.67,5.0,5.0,-0.625,-0.4625,0.225,0.26,6695.5,6909.75
4370.0,6.600000000000193,263.0,272.0,100.0,100.0,0.0,0.0,1.12,0.67,5.0,5.0,-0.74,-0.48,0.25,0.27,6723.0,6949.0
4375.0,6.612500000000068,264.0,272.5,100.0,100.0,0.0,0.0,1.0,0.7150000000000001,5.0,5.0,-0.6649999999999999,-0.49,0.2475,0.27,6717.5,6935.5
4380.0,6.6041666666668135,264.6666666666667,273.0,100.0,100.0,0.0,0.0,1.0066666666666666,0.9850000000000001,5.0,5.0,-0.59,-0.4375,0.23333333333333334,0.23500000000000001,6755.0,6966.75
4385.0,6.599999999999909,265.0,274.0,100.0,100.0,0.0,0.0,1.01,1.28,5.0,5.0,-0.71,-0.57,0.24,0.28,6746.0,6984.0
4390.0,6.600000000000136,265.3333333333333,274.3333333333333,100.0,100.0,0.0,0.0,0.9666666666666667,1.2633333333333334,5.0,5.0,-0.6633333333333333,-0.68,0.22,0.24666666666666667,6751.0,6971.0
4395.0,6.6000000000002075,266.0,275.0,100.0,100.0,0.0,0.0,0.9624999999999999,0.9375,5.0,5.0,-0.52,-0.6074999999999999,0.1975,0.225,6785.25,6982.75
4400.0,6.60000000000008,266.0,275.0,100.0,100.0,0.0,0.0,1.03,0.81,5.0,5.0,-0.55,-0.49,0.23,0.22,6817.0,7053.0
4405.0,6.595833333333331,267.0,276.0,100.0,100.0,0.0,0.0,1.05,0.755,5.0,5.0,-0.6166666666666667,-0.665,0.22999999999999998,0.2475,6796.333333333333,7026.75
4410.0,6.595833333333374,267.75,276.6666666666667,100.0,100.0,0.0,0.0,1.03,0.4966666666666667,5.0,5.0,-0.49,-0.5233333333333334,0.1875,0.24,6831.25,7025.0
4415.0,6.6000000000002785,268.0,277.0,100.0,100.0,0.0,0.0,0.91,0.29,5.0,5.0,-0.53,-0.39,0.23,0.22,6860.0,7076.0
4420.0,6.5874999999999915,269.0,278.0,100.0,100.0,0.0,0.0,-0.10000000000000003,0.0525,5.0,5.0,-0.34,-0.2975,0.20500000000000002,0.2125,6855.5,7069.0
4425.0,6.587500000000119,269.0,278.0,100.0,100.0,0.0,0.0,-1.0575,0.0,5.0,5.0,-0.1825,-0.18,0.2275,0.225,6869.5,7114.0
4430.0,6.587500000000006,270.0,278.75,100.0,100.0,0.0,0.0,-1.63,-0.165,5.0,5.0,0.01,-0.13,0.25,0.2225,6863.0,7099.75
4435.0,6.575000000000188,270.0,279.0,100.0,100.0,0.0,0.0,-1.69,-0.62,5.0,5.0,0.3,0.03,0.2,0.2,6871.5,7083.0
4440.0,6.587499999999949,270.75,280.0,100.0,81.5,0.0,0.0,-1.7825,-0.785,5.0,5.0,0.40499999999999997,0.13,0.14500000000000002,0.165,6910.25,7086.0
4445.0,6.58750000000019,271.0,280.0,100.0,39.5,0.0,0.0,-1.95,-0.865,5.0,5.0,0.59,0.24500000000000002,0.21,0.065,6927.0,7080.5
4450.0,6.575000000000131,271.5,280.0,100.0,13.0,0.0,0.0,-2.335,-1.04,5.0,5.0,0.835,0.35,0.21000000000000002,-0.02,6924.5,7055.0
4455.0,6.575000000000131,272.0,279.75,100.0,0.0,0.0,0.0,-2.4925,-1.56,5.0,5.0,0.9475,0.51,0.2075,-0.2025,6936.25,7006.25
4460.0,6.574999999999903,272.0,279.0,100.0,0.0,0.0,0.0,-2.5,-2.08,5.0,5.0,1.13,0.7050000000000001,0.2,-0.21,6944.0,7005.5
4465.0,6.5625000000000995,273.0,278.25,100.0,0.0,0.0,0.0,-2.5,-2.33,5.0,5.0,1.21,0.9225,0.19,-0.2175,6946.0,6986.75
4470.0,6.575000000000202,273.0,278.0,100.0,0.0,0.0,0.0,-2.5,-2.4274999999999998,5.0,5.0,1.17,1.005,0.17250000000000001,-0.2175,6963.75,6974.75
4475.0,6.575000000000088,274.0,277.5,100.0,0.0,0.0,0.0,-2.5,-2.7649999999999997,5.0,5.0,1.27,1.145,0.18,-0.22,6970.0,6959.0
4480.0,6.562500000000043,274.0,277.0,100.0,0.0,0.0,0.0,-2.625,-3.26,5.0,5.0,1.21,1.24,0.18,-0.2225,6981.5,6943.25
4485.0,6.562500000000057,274.0,276.0,100.0,0.0,0.0,0.0,-3.005,-3.53,5.0,5.0,1.2875,1.28,0.1775,-0.22,6998.25,6933.0
4490.0,6.566666666666933,275.0,275.6666666666667,100.0,0.0,0.0,0.0,-3.27,-3.5933333333333333,5.0,5.0,1.59,1.5833333333333333,0.17,-0.23,6989.0,6914.0
4495.0,6.570833333333368,275.0,275.0,100.0,0.0,0.0,0.0,-3.07,-3.25,5.0,5.0,1.6466666666666667,1.7925,0.14666666666666667,-0.37,6986.666666666667,6889.0
4500.0,6.562500000000114,275.0,274.0,100.0,0.0,0.0,0.0,-2.5575,-2.74,5.0,5.0,1.4649999999999999,1.57,0.1475,-0.25,7004.5,6869.0
4505.0,6.5625,275.0,273.75,100.0,0.0,0.0,0.0,-2.26,-2.55,5.0,5.0,1.23,1.465,0.17,-0.24,7013.0,6857.5
4510.0,6.570833333333567,276.0,273.0,100.0,0.0,0.0,0.0,-2.0225,-2.46,5.0,5.0,1.255,1.39,0.17,-0.24,7035.75,6837.666666666667
4515.0,6.574999999999989,276.0,272.0,100.0,0.0,0.0,0.0,-1.855,-2.46,5.0,5.0,1.2,1.4,0.17,-0.25,7024.5,6820.0
4520.0,6.562500000000185,276.0,271.0,100.0,0.0,0.0,0.0,-1.8,-2.46,5.0,5.0,0.96,1.19,0.14,-0.23,7039.0,6807.5
4525.0,6.570833333333397,277.0,271.0,100.0,0.0,0.0,0.0,-1.8,-2.46,5.0,5.0,1.05,1.16,0.14250000000000002,-0.21666666666666667,7058.0,6793.666666666667
4530.0,6.575000000000188,277.0,270.0,100.0,0.0,0.0,0.0,-1.8,-2.46,5.0,5.0,1.0,1.2,0.15,-0.23,7051.5,6777.0
4535.0,6.574999999999946,277.0,269.75,100.0,0.0,0.0,0.0,-1.8075,-2.4699999999999998,5.0,5.0,0.86,1.02,0.1275,-0.22,7079.5,6763.25
4540.0,6.5833333333335275,278.0,269.0,100.0,0.0,0.0,0.0,-1.81,-2.52,5.0,5.0,0.92,1.13,0.13,-0.22,7080.0,6746.666666666667
4545.0,6.575000000000131,278.0,269.0,100.0,0.0,0.0,0.0,-1.81,-2.53,5.0,5.0,0.975,1.13,0.13,-0.22,7074.0,6735.0
4550.0,6.579166666666808,278.0,268.0,100.0,0.0,0.0,0.0,-1.8475000000000001,-2.53,5.0,5.0,1.005,1.2166666666666666,0.11750000000000001,-0.22666666666666668,7078.0,6718.666666666667
4555.0,6.587499999999906,278.0,267.25,100.0,9.75,0.0,0.0,-2.06,-2.53,5.0,5.0,1.1,1.29,0.13,-0.16749999999999998,7084.0,6724.25
4560.0,6.587500000000148,278.75,267.0,100.0,21.0,0.0,0.0,-2.46,-2.53,5.0,5.0,1.2675,1.44,0.052500000000000005,-0.13,7070.75,6717.0
4565.0,6.591666666666853,278.0,266.5,33.33333333333334,32.0,0.0,0.0,-2.6,-2.69,5.0,5.0,1.29,1.52,-0.5433333333333333,-0.29000000000000004,6881.0,6705.5
4570.0,6.587500000000091,277.0,265.25,100.0,40.75,0.0,0.0,-2.61,-3.3675,6.0,5.0,1.2,1.4375,-0.14,-0.285,6158.0,6683.25
4575.0,6.587499999999977,277.0,265.0,100.0,50.0,0.0,0.0,-2.61,-4.09,6.0,5.0,1.0999999999999999,1.4,0.15,-0.07,6070.5,6677.0
4580.0,6.600000000000094,277.0,264.0,100.0,56.0,0.0,0.0,-2.6399999999999997,-3.995,6.0,5.0,1.1600000000000001,1.52,0.11,-0.08499999999999999,6082.5,6674.0
4585.0,6.61250000000021,277.0,264.0,100.0,63.0,0.0,0.0,-2.7975,-3.16,6.0,5.0,1.4075,1.74,-0.21500000000000005,-0.21,6078.75,6661.0
4590.0,6.600000000000037,277.0,263.0,100.0,65.5,0.0,0.0,-3.135,-2.36,6.0,5.0,1.3824999999999998,1.595,-0.0025,-0.22749999999999998,6061.0,6645.25
4595.0,6.608333333333391,276.5,263.0,100.0,67.66666666666667,0.0,0.0,-3.5700000000000003,-1.82,6.0,5.0,1.395,1.36,-0.025,-0.04,6070.0,6643.333333333333
4600.0,6.61250000000004,276.0,263.0,100.0,69.0,0.0,0.0,-3.75,-1.48,6.0,5.0,1.52,1.2,0.012500000000000004,-0.15,6061.75,6634.0
4605.0,6.616666666666944,276.0,262.0,100.0,70.0,0.0,0.0,-3.66,-1.26,6.0,5.0,1.61,0.9633333333333334,0.01,-0.03333333333333333,6070.0,6632.333333333333
4610.0,6.6208333333333655,276.0,262.0,100.0,70.0,0.0,0.0,-3.5233333333333334,-1.2925,6.0,5.0,1.67,0.8825000000000001,-0.10333333333333333,-0.0425,6058.333333333333,6634.0
4615.0,6.612500000000125,276.0,262.0,100.0,60.0,0.0,0.0,-3.45,-2.21,6.0,5.0,1.645,0.88,-0.04249999999999999,-0.03,6056.5,6629.0
4620.0,6.625,275.0,262.0,100.0,40.5,0.0,0.0,-3.42,-2.705,6.0,5.0,1.73,1.0,-0.11,-0.07,6039.0,6611.5
4625.0,6.637500000000216,275.0,261.0,100.0,0.0,0.0,0.0,-3.1225,-2.78,6.0,5.0,1.455,1.08,0.0075,-0.3,6037.5,6535.0
4630.0,6.6291666666666345,275.0,260.75,100.0,0.0,0.0,0.0,-2.356666666666667,-2.465,6.0,5.0,1.4566666666666668,1.0625,0.03333333333333333,-0.37,6048.333333333333,6550.5
4635.0,6.6333333333335105,275.0,259.3333333333333,100.0,0.0,0.0,8.0,-1.55,-1.7866666666666666,6.0,5.0,1.3,1.2,0.01,-0.44999999999999996,6029.0,6500.666666666667
4640.0,6.637500000000074,275.0,258.0,82.25,0.0,0.0,26.0,-1.3,-1.46,6.0,5.0,0.835,0.81,-0.025,-0.64,6053.5,6456.0
4645.0,6.650000000000176,274.5,255.0,39.0,0.0,10.0,41.5,-1.3,-1.46,6.0,5.0,1.22,0.99,-0.23,-0.97,6036.0,6351.5
4650.0,6.64999999999992,272.0,253.0,0.0,0.0,41.0,47.0,-1.3,-1.46,6.0,5.0,0.99,1.19,-1.02,-1.24,5880.0,6324.0
4655.0,6.6541666666667965,269.5,250.0,0.0,0.0,53.25,53.0,-1.135,-1.3633333333333333,6.0,5.0,0.7075,0.7999999999999999,-1.135,-1.1866666666666665,5792.0,6226.333333333333
4660.0,6.654166666666853,266.6666666666667,246.5,46.0,0.0,59.666666666666664,57.75,-0.7466666666666667,-1.0775000000000001,6.0,5.0,0.5966666666666667,0.7,-1.3433333333333333,-1.3250000000000002,5857.333333333333,6111.0
4665.0,6.666666666666757,263.0,242.66666666666666,0.0,0.0,63.0,58.0,-0.04,-0.6166666666666667,0.0,5.0,0.58,0.66,-1.49,-1.3366666666666667,6546.0,6025.333333333333
4670.0,6.670833333333334,259.6666666666667,239.75,0.0,0.0,62.333333333333336,58.0,0.25666666666666665,0.012500000000000011,5.0,5.0,0.36666666666666664,0.4975,-1.53,-1.3725,6440.666666666667,5958.5
4675.0,6.679166666666717,255.5,235.33333333333334,0.0,23.0,63.0,58.333333333333336,0.165,0.32333333333333336,5.0,5.0,0.21500000000000002,0.2733333333333333,-1.5425,-1.32,6328.75,6161.333333333333
4680.0,6.687500000000227,251.5,231.0,0.0,0.0,63.0,60.0,-0.34750000000000003,-0.02,5.0,4.0,0.16,0.13,-1.56,-1.34,6239.25,6744.0
4685.0,6.683333333333309,248.0,229.0,0.0,0.0,63.0,58.666666666666664,-0.9166666666666667,-0.2866666666666667,5.0,4.0,0.21666666666666667,0.13999999999999999,-1.5466666666666666,-1.41,6143.666666666667,6704.0
4690.0,6.700000000000188,244.0,225.0,0.0,0.0,63.0,54.0,-1.71,-0.92,5.0,4.0,0.3,0.19,-1.54,-1.26,6035.0,6570.0
4695.0,6.700000000000188,239.33333333333334,221.33333333333334,0.0,0.0,63.0,53.666666666666664,-2.473333333333333,-1.4266666666666667,5.0,4.0,0.54,0.27999999999999997,-1.53,-1.2766666666666666,5894.666666666667,6459.666666666667
4700.0,6.704166666666723,235.5,216.66666666666666,0.0,0.0,58.25,50.0,-2.7800000000000002,-1.7533333333333334,5.0,4.0,0.7475,0.44666666666666666,-1.4449999999999998,-1.21,5828.75,6334.333333333333
4705.0,6.716666666666768,232.0,214.0,46.0,0.0,54.666666666666664,50.0,-3.033333333333333,-1.95,5.0,4.0,0.8266666666666667,0.54,-1.3066666666666666,-1.19,6208.666666666667,6232.0
4710.0,6.716666666666754,228.0,209.66666666666666,0.0,0.0,53.333333333333336,49.0,-3.533333333333333,-2.71,0.0,4.0,0.9166666666666666,0.7066666666666667,-1.2866666666666666,-1.1733333333333333,6640.666666666667,6121.0
4715.0,6.725000000000094,224.0,206.5,0.0,0.0,52.0,47.5,-4.31,-3.365,4.0,4.0,0.84,0.675,-1.25,-1.08,6422.0,5991.5
4720.0,6.733333333333434,220.0,203.33333333333334,0.0,0.0,48.666666666666664,44.333333333333336,-5.1866666666666665,-3.8266666666666667,4.0,4.0,1.1199999999999999,0.8300000000000001,-1.2566666666666666,-1.09,6352.666666666667,5852.666666666667
4725.0,6.7333333333334195,216.33333333333334,199.0,0.0,0.0,39.0,44.0,-5.703333333333333,-4.26,4.0,4.0,1.0566666666666666,0.9,-1.0766666666666667,-1.1,6260.333333333333,5763.0
4730.0,6.750000000000085,214.0,196.0,0.0,0.0,19.0,22.0,-6.04,-3.71,4.0,4.0,1.25,1.07,-0.74,-0.73,6263.0,5743.0
4735.0,6.750000000000085,212.33333333333334,194.33333333333334,0.0,0.0,1.0,7.0,-6.933333333333334,-3.5666666666666664,4.0,4.0,1.2733333333333332,1.0033333333333334,-0.39,-0.41000000000000003,6256.666666666667,5732.666666666667
4740.0,6.766666666666765,211.66666666666666,193.33333333333334,1.3333333333333333,0.0,0.0,7.333333333333333,-8.073333333333334,-4.3533333333333335,4.0,4.0,1.3900000000000001,1.0133333333333334,-0.34,-0.4066666666666667,6237.333333333333,5690.666666666667
4745.0,6.775000000000091,210.0,191.5,23.0,0.0,0.0,7.0,-9.06,-5.26,4.0,4.0,1.58,1.105,-0.21,-0.385,6254.0,5654.5
4750.0,6.783333333333417,209.33333333333334,190.66666666666666,35.333333333333336,0.0,0.0,4.666666666666667,-10.166666666666666,-6.466666666666667,4.0,4.0,1.0033333333333334,0.8633333333333334,-0.14333333333333334,-0.31,6261.333333333333,5610.0
4755.0,6.800000000000097,209.0,189.66666666666666,43.0,0.0,0.0,0.0,-10.91,-7.556666666666667,4.0,4.0,1.07,0.9500000000000001,-0.07666666666666667,-0.25333333333333335,6256.666666666667,5577.0
4760.0,6.80000000000004,209.0,188.66666666666666,54.666666666666664,0.0,0.0,0.0,-11.013333333333334,-8.27,4.0,4.0,1.0666666666666667,1.1166666666666667,-0.03333333333333333,-0.24000000000000002,6288.333333333333,5553.0
4765.0,6.800000000000182,208.0,188.0,66.0,0.0,0.0,0.0,-10.46,-8.29,4.0,4.0,1.9,1.45,-0.01,-0.24,6240.0,5524.0
4770.0,6.816666666666848,208.0,186.0,70.0,0.0,0.0,0.0,-9.816666666666666,-7.83,4.0,4.0,2.03,1.75,-0.023333333333333334,-0.27,6234.0,5494.0
4775.0,6.833333333333357,208.0,186.0,66.33333333333333,20.0,0.0,0.0,-9.006666666666666,-6.02,4.0,4.0,2.0366666666666666,1.64,-0.03333333333333334,-0.13,6252.666666666667,5559.0
4780.0,6.850000000000193,208.0,185.0,74.0,27.0,0.0,0.0,-8.44,-5.26,4.0,4.0,2.28,1.52,0.06,-0.05,6231.0,5518.0
4785.0,6.8500000000002785,208.0,184.0,87.0,17.0,0.0,0.0,-7.29,-5.3,4.0,4.0,1.6,2.1,0.12,-0.13,6302.0,5459.0
4790.0,6.866666666666632,208.0,183.0,88.33333333333333,0.0,0.0,0.0,-6.0,-4.08,4.0,4.0,1.5533333333333332,1.11,0.16333333333333333,-0.21,6360.0,5393.0
4795.0,6.883333333333454,208.0,182.0,96.66666666666667,0.0,0.0,15.0,-3.9266666666666667,-2.4,4.0,4.0,1.8299999999999998,1.33,0.21333333333333335,-0.44,6353.666666666667,5346.0
4800.0,6.9000000000002615,208.0,180.0,100.0,0.0,0.0,32.0,-1.24,-0.39,4.0,4.0,1.57,0.96,0.27,-0.71,6378.0,5270.0
4805.0,6.916666666666643,209.0,177.0,82.0,0.0,0.0,37.0,0.22000000000000003,0.03,4.0,4.0,1.2566666666666666,0.55,0.21000000000000002,-0.84,6368.333333333333,5196.0
4810.0,6.916666666666728,209.0,174.0,17.0,0.0,3.333333333333333,44.0,0.8966666666666666,-0.01,4.0,3.0,1.21,0.24,-0.07333333333333336,-0.88,6214.666666666667,6211.0
4815.0,6.93333333333355,207.33333333333334,170.0,0.0,0.0,41.0,43.0,1.4133333333333333,0.44,4.0,3.0,0.63,0.03,-0.91,-0.93,6085.666666666667,6105.0
4820.0,6.949999999999903,205.0,168.0,0.0,0.0,57.0,34.0,2.3,0.46,4.0,3.0,0.1,-0.02,-1.17,-0.77,5945.0,5995.0
4825.0,6.974999999999994,199.0,164.5,0.0,0.0,73.0,27.0,2.53,0.445,4.0,3.0,-0.45,-0.10500000000000001,-1.54,-0.685,5776.0,5907.0
4830.0,6.991666666666816,195.0,162.0,23.0,0.0,74.66666666666667,23.0,2.25,0.5549999999999999,0.0,3.0,-0.54,-0.11499999999999999,-1.47,-0.585,6566.666666666667,5825.0
4835.0,7.016666666666751,189.0,159.0,0.0,0.0,73.66666666666667,28.0,2.1366666666666667,1.3,3.0,3.0,-0.5933333333333334,-0.2,-1.5999999999999999,-0.67,6534.666666666667,5712.0
4840.0,7.025000000000148,184.0,157.0,0.0,0.0,68.5,25.0,2.025,1.8,3.0,3.0,-0.85,-0.31,-1.565,-0.63,6498.0,5656.0
4845.0,7.049999999999997,179.0,154.5,0.0,34.5,66.0,20.0,2.4050000000000002,1.9849999999999999,3.0,0.0,-0.61,-0.37,-1.375,-0.45499999999999996,6294.5,6557.0
4850.0,7.075000000000102,174.0,153.0,0.0,0.0,61.0,10.0,3.5250000000000004,2.37,3.0,2.0,-0.77,-0.48,-1.495,-0.39,6081.0,6742.0
4855.0,7.066666666666819,168.66666666666666,151.0,0.0,0.0,53.0,4.0,3.756666666666667,3.44,3.0,2.0,-0.81,-0.61,-1.22,-0.33,5987.666666666667,6698.0
4860.0,7.075000000000188,164.0,150.5,69.0,0.0,48.0,0.0,4.36,5.365,0.0,2.0,-1.05,-0.8200000000000001,-1.02,-0.225,6928.0,6644.5
4865.0,7.1000000000002785,160.0,149.0,0.0,0.0,44.0,0.0,5.42,7.27,2.0,2.0,-0.93,-1.04,-0.99,-0.24,6971.0,6605.0
4870.0,7.100000000000051,156.0,148.0,0.0,0.0,40.0,0.0,6.85,9.065000000000001,2.0,2.0,-1.2149999999999999,-1.23,-1.005,-0.24,6719.0,6544.5
4875.0,7.1000000000002785,151.0,147.0,0.0,0.0,35.0,0.0,9.07,10.65,2.0,2.0,-1.44,-1.57,-0.88,-0.26,6570.0,6490.0
4880.0,7.124999999999915,148.0,145.5,0.0,0.0,29.0,0.0,10.46,12.370000000000001,2.0,2.0,-1.49,-1.635,-0.74,-0.265,6443.0,6417.5
4885.0,7.125000000000142,145.0,144.0,0.0,0.0,3.5,0.0,12.29,12.99,2.0,2.0,-1.67,-1.5,-0.38,-0.25,6372.0,6351.0
4890.0,7.100000000000051,143.0,142.5,8.5,0.0,0.0,0.0,13.36,13.285,2.0,2.0,-1.895,-1.79,-0.195,-0.27,6359.0,6280.0
4895.0,7.1000000000002785,142.0,141.0,26.0,7.0,0.0,0.0,14.49,13.93,2.0,2.0,-2.15,-1.93,-0.11,-0.16,6380.0,6288.0
4900.0,7.100000000000051,141.5,140.0,43.5,13.5,0.0,0.0,15.635000000000002,14.844999999999999,2.0,2.0,-1.805,-2.145,-0.015,-0.135,6377.5,6246.0
4905.0,7.1000000000002785,141.0,139.0,53.0,23.0,0.0,0.0,15.74,14.14,2.0,2.0,-1.86,-1.78,0.07,-0.1,6429.0,6268.0
4910.0,7.125000000000057,141.0,138.0,63.5,34.0,0.0,0.0,15.59,13.06,2.0,2.0,-2.065,-1.65,0.085,-0.05,6419.5,6221.0
4915.0,7.12500000000027,141.0,138.0,76.0,40.0,0.0,0.0,14.76,11.215,2.0,2.0,-1.75,-1.2349999999999999,0.12,-0.024999999999999994,6460.0,6189.5
4920.0,7.125000000000057,141.0,138.0,79.0,40.0,0.0,0.0,12.915,10.9,2.0,2.0,-1.93,-1.45,0.22,0.19,6515.5,6242.0
4925.0,7.12500000000027,142.0,137.5,79.0,40.0,0.0,0.0,9.34,11.625,2.0,2.0,-1.97,-1.92,0.31,0.05499999999999999,6565.0,6182.0
4930.0,7.125000000000057,143.0,137.0,85.0,42.0,0.0,0.0,6.07,11.35,2.0,2.0,-1.6400000000000001,-1.71,0.325,0.0,6640.0,6160.0
4935.0,7.1500000000002615,145.0,137.0,93.0,41.0,0.0,0.0,3.29,8.38,2.0,2.0,-1.57,-1.61,0.43,0.03,6703.0,6176.0
4940.0,7.150000000000048,146.5,137.0,96.0,46.5,0.0,0.0,1.875,3.615,2.0,2.0,-1.385,-1.24,0.46499999999999997,0.08,6809.5,6188.0
4945.0,7.1500000000002615,148.0,138.0,100.0,45.0,0.0,0.0,0.28,0.12,2.0,2.0,-1.13,-0.69,0.52,0.13,6853.0,6190.0
4950.0,7.17500000000004,150.5,138.0,50.0,0.0,0.0,0.0,-0.7050000000000001,-0.74,2.0,2.0,-0.615,-0.14,0.305,-0.15,6938.0,6052.0
4955.0,7.175000000000267,151.0,136.5,100.0,0.0,0.0,15.0,-1.93,-1.07,3.0,2.0,-0.12,0.105,0.78,-0.45,6036.0,6026.5
4960.0,7.183333333333323,153.33333333333334,133.0,100.0,0.0,0.0,41.0,-2.87,-1.05,3.0,2.0,0.25,0.15,0.4666666666666667,-0.86,5733.333333333333,5823.0
4965.0,7.225000000000136,154.5,128.0,89.0,0.0,0.0,49.0,-3.45,-1.88,3.0,2.0,0.53,0.3,0.4,-0.99,5752.0,5595.0
4970.0,7.249999999999915,155.0,122.0,11.0,0.0,35.0,56.0,-4.42,-1.81,3.0,2.0,0.71,0.33,-0.5,-1.16,5572.0,5280.0
4975.0,7.275000000000148,149.5,116.0,0.0,0.0,69.5,59.0,-5.145,-1.85,3.0,2.0,0.8200000000000001,0.3,-1.4300000000000002,-1.19,5207.5,5026.0
4980.0,7.299999999999898,143.0,110.0,0.0,0.0,73.0,54.0,-5.56,-3.19,3.0,0.0,0.98,0.4,-1.54,-1.09,4968.0,6201.0
4985.0,7.350000000000136,136.0,104.5,48.0,0.0,70.0,20.5,-6.495,-5.720000000000001,0.0,1.0,1.2,0.6,-1.435,-0.61,5758.5,5926.0
4990.0,7.39999999999992,130.0,101.0,0.0,0.0,67.0,17.0,-7.12,-6.56,2.0,1.0,1.23,0.73,-1.4,-0.56,5481.0,5728.0
4995.0,7.450000000000273,121.0,97.0,0.0,0.0,64.0,21.0,-7.87,-7.22,2.0,1.0,0.95,0.61,-1.41,-0.6,5185.0,5499.0
5000.0,7.475000000000179,115.0,93.5,69.0,0.0,62.0,16.5,-8.26,-9.295,0.0,1.0,1.16,0.905,-1.39,-0.54,4884.0,5301.5
5005.0,7.5,108.0,90.0,0.0,0.0,46.0,7.0,-9.135,-11.745,1.0,1.0,1.165,0.975,-1.045,-0.405,5587.0,5092.0
5010.0,7.525000000000276,102.0,88.0,0.0,0.0,33.0,0.0,-11.97,-11.29,1.0,1.0,1.27,0.9550000000000001,-0.76,-0.265,5345.0,4991.0
5015.0,7.575000000000102,96.0,86.0,0.0,1.0,29.0,0.0,-14.15,-14.32,1.0,1.0,1.51,1.06,-0.835,-0.19,5049.0,4902.0
5020.0,7.5750000000000455,91.0,84.0,0.0,1.0,0.0,0.0,-16.46,-16.75,1.0,1.0,1.63,1.19,-0.28500000000000003,-0.23,5050.0,4794.0
5025.0,7.549999999999898,87.0,83.0,6.0,5.0,0.0,0.0,-16.37,-15.36,1.0,1.0,1.62,1.16,-0.13,-0.14,4994.0,4728.0
5030.0,7.60000000000008,85.0,82.0,7.0,16.0,0.0,0.0,-16.53,-17.98,1.0,1.0,1.64,1.21,-0.1,-0.03,4885.0,4735.0
5035.0,7.6000000000002785,83.0,81.0,6.0,0.0,0.0,0.0,-21.52,-23.28,1.0,1.0,1.59,1.39,-0.1,-0.25,4763.0,4598.0
5040.0,7.625000000000142,80.5,78.0,9.0,6.0,0.0,0.0,-24.585,-24.39,1.0,1.0,1.605,1.45,-0.095,-0.22,4662.5,4512.0
5045.0,7.599999999999994,80.0,78.0,39.0,41.0,0.0,0.0,-20.91,-19.97,1.0,1.0,1.34,1.5,0.13,0.13,4725.0,4646.0
5050.0,7.625000000000085,82.5,80.0,64.5,72.0,0.0,0.0,-14.620000000000001,-7.98,1.0,1.0,1.17,1.05,0.355,0.35,4914.0,4759.0
5055.0,7.600000000000193,86.0,83.0,88.0,98.0,0.0,0.0,-4.58,-1.13,1.0,1.0,0.73,0.33,0.55,0.54,5119.0,4898.0
5060.0,7.624999999999915,90.0,87.5,87.0,92.0,0.0,0.0,-1.87,-1.69,1.0,1.0,0.32,0.16999999999999998,0.57,0.625,5518.0,5298.0
5065.0,7.625000000000085,95.0,92.5,78.0,82.5,0.0,0.0,-1.9,-1.725,1.0,1.0,0.36,0.275,0.73,0.725,5964.0,5691.5
5070.0,7.625000000000142,99.5,97.0,84.0,69.0,0.0,0.0,1.2100000000000002,0.35,1.0,1.0,0.44,0.38,0.8,0.82,6095.0,6041.0
5075.0,7.650000000000176,104.0,101.0,32.0,22.0,0.0,0.0,10.39,4.49,1.0,1.0,-0.45,-0.18,0.51,0.34,5998.0,5858.0
5080.0,7.650000000000006,103.0,101.0,0.0,0.0,0.0,0.0,17.950000000000003,9.425,1.0,1.0,-1.365,-0.8,-0.245,-0.195,5830.5,5740.0
5085.0,7.6500000000002615,101.0,99.0,0.0,0.0,0.0,0.0,20.21,15.76,1.0,1.0,-1.49,-1.24,-0.25,-0.22,5737.0,5634.0
5090.0,7.650000000000006,99.0,98.0,0.0,0.0,0.0,0.0,20.75,19.3,1.0,1.0,-1.66,-1.54,-0.26,-0.25,5617.0,5531.0
5095.0,7.674999999999912,97.0,96.0,0.0,0.0,0.0,0.0,20.82,20.78,1.0,1.0,-1.64,-1.625,-0.25,-0.26,5509.0,5432.5
5100.0,7.650000000000091,96.0,94.0,22.0,0.0,0.0,0.0,20.77,21.42,1.0,1.0,-1.33,-1.45,0.1,-0.25,5622.0,5327.0
5105.0,7.6500000000002615,96.0,93.0,36.0,14.0,0.0,0.0,20.33,21.42,1.0,1.0,-1.21,-1.52,0.0,0.0,6264.0,5370.0
5110.0,7.675000000000097,98.0,93.0,54.0,32.0,0.0,0.0,19.939999999999998,20.03,1.0,1.0,-1.6600000000000001,-1.47,0.38,0.12,6037.5,5498.0
5115.0,7.699999999999903,100.0,94.0,57.0,44.0,0.0,0.0,19.6,18.83,1.0,1.0,-1.64,-1.5,0.24,0.35,5905.0,5610.0
5120.0,7.675000000000097,102.0,96.0,52.0,49.5,0.0,0.0,18.24,17.39,1.0,1.0,-1.81,-1.585,0.39,0.355,6152.0,5702.5
5125.0,7.699999999999989,104.0,98.0,50.0,50.0,0.0,0.0,17.19,14.57,1.0,1.0,-1.7,-1.51,0.46,0.34,6299.0,5843.0
5130.0,7.700000000000188,106.0,101.0,52.0,56.0,0.0,0.0,12.47,9.24,1.0,1.0,-1.77,-1.36,0.46,0.47,6436.0,6007.0
5135.0,7.725000000000094,108.0,104.5,63.0,75.5,0.0,0.0,5.82,8.305,1.0,1.0,-1.62,-1.2349999999999999,0.56,0.635,6685.0,6240.0
5140.0,7.725000000000136,110.5,108.0,75.0,82.0,0.0,0.0,0.365,5.02,1.0,1.0,-1.455,-1.01,0.6,0.64,6868.0,6526.0
5145.0,7.725000000000051,113.5,112.0,76.0,88.0,0.0,0.0,-1.315,3.66,1.0,1.0,-1.315,-0.95,0.63,0.66,7043.5,6746.0
5150.0,7.700000000000102,116.0,115.0,0.0,92.0,0.0,0.0,-1.6,3.69,0.0,1.0,-1.37,-0.97,0.0,0.78,6869.0,6871.0
5155.0,7.724999999999994,119.0,119.5,95.0,99.5,0.0,0.0,-1.01,0.95,2.0,1.0,-0.89,-0.725,0.78,0.745,5570.0,7079.0
5160.0,7.699999999999903,123.0,123.0,100.0,100.0,0.0,0.0,-0.13,1.15,2.0,1.0,-0.3,-0.42,0.67,0.66,5684.0,7252.0
5165.0,7.725000000000136,125.5,125.0,100.0,100.0,0.0,0.0,0.54,1.65,2.0,1.0,-0.2,-0.34,0.69,0.35,5792.0,7272.0
5170.0,7.725000000000051,129.5,127.0,100.0,97.0,0.0,0.0,1.245,1.79,2.0,2.0,-0.185,-0.29,0.66,0.81,5982.0,6014.0
5175.0,7.750000000000284,133.0,131.0,100.0,100.0,0.0,0.0,1.25,1.99,2.0,2.0,-0.23,-0.36,0.64,0.63,6096.0,6031.0
5180.0,7.725000000000179,136.0,133.5,100.0,100.0,0.0,0.0,1.08,1.99,2.0,2.0,-0.25,-0.42,0.65,0.65,6240.0,6150.5
5185.0,7.725000000000165,138.5,136.0,100.0,100.0,0.0,0.0,0.825,1.94,2.0,2.0,-0.225,-0.48,0.63,0.65,6389.0,6300.0
5190.0,7.7500000000001705,142.0,140.0,100.0,100.0,0.0,0.0,0.81,1.71,2.0,2.0,-0.22,-0.46,0.61,0.61,6461.0,6451.0
5195.0,7.7500000000001705,144.5,142.5,100.0,97.0,0.0,0.0,0.79,1.5150000000000001,2.0,2.0,-0.185,-0.355,0.62,0.55,6619.5,6662.5
5200.0,7.7500000000001705,147.0,146.0,100.0,100.0,0.0,0.0,0.79,0.87,2.0,2.0,-0.23,-0.46,0.69,0.6,6739.0,6665.0
5205.0,7.7500000000001705,149.5,148.5,100.0,100.0,0.0,0.0,0.6599999999999999,0.625,2.0,2.0,-0.175,-0.325,0.525,0.615,6886.0,6814.0
5210.0,7.733333333333505,152.0,150.0,100.0,100.0,0.0,0.0,0.45,0.5166666666666667,2.0,2.0,-0.19,-0.2633333333333333,0.59,0.5966666666666667,6932.0,6861.333333333333
5215.0,7.733333333333533,153.33333333333334,153.0,100.0,100.0,0.0,0.0,0.43,0.31,3.0,2.0,-0.12666666666666668,-0.17,0.43,0.62,6202.666666666667,7000.0
5220.0,7.750000000000043,155.5,155.5,100.0,100.0,0.0,0.0,0.33999999999999997,0.345,3.0,2.0,-0.13,-0.165,0.5800000000000001,0.575,5787.0,7073.5
5225.0,7.73333333333359,158.0,157.66666666666666,100.0,100.0,0.0,0.0,0.29,0.18,3.0,2.0,-0.1,-0.10666666666666667,0.55,0.45666666666666667,5846.0,7170.333333333333
5230.0,7.749999999999915,160.0,160.0,100.0,100.0,0.0,0.0,0.15,0.08,3.0,2.0,-0.06,-0.07,0.5,0.5,5943.0,7257.0
5235.0,7.741666666666802,162.0,160.0,100.0,33.33333333333333,0.0,0.0,0.195,-0.20666666666666667,3.0,0.0,-0.04,-0.02,0.505,0.08333333333333333,6015.0,6899.333333333333
5240.0,7.75,163.5,162.5,100.0,100.0,0.0,0.0,0.21,-0.5449999999999999,3.0,3.0,-0.04,0.035,0.535,0.525,6089.0,5991.0
5245.0,7.733333333333334,166.0,164.0,100.0,100.0,0.0,0.0,0.19,-0.5933333333333333,3.0,3.0,-0.04,0.09666666666666666,0.51,0.49666666666666665,6153.0,6084.333333333333
5250.0,7.750000000000085,168.0,166.0,100.0,100.0,0.0,0.0,0.14,-0.51,3.0,3.0,-0.04,0.11,0.49,0.47,6222.0,6158.0
5255.0,7.7500000000001705,170.0,168.0,100.0,100.0,0.0,0.0,0.05,-0.5,3.0,3.0,-0.02,0.12,0.5,0.52,6294.0,6228.0
5260.0,7.733333333333533,171.33333333333334,170.0,100.0,100.0,0.0,0.0,-0.33999999999999997,-0.58,3.0,3.0,0.016666666666666666,0.14,0.4633333333333333,0.51,6346.333333333333,6299.0
5265.0,7.75,173.33333333333334,172.0,100.0,100.0,0.0,0.0,-0.5333333333333333,-0.54,3.0,3.0,0.08666666666666667,0.16,0.5033333333333333,0.49333333333333335,6443.333333333333,6371.333333333333
5270.0,7.750000000000085,175.0,173.33333333333334,100.0,100.0,0.0,0.0,-0.52,-0.5633333333333334,3.0,3.0,0.13666666666666666,0.16333333333333333,0.48,0.49,6466.333333333333,6422.0
5275.0,7.75,176.5,175.5,100.0,100.0,0.0,0.0,-0.525,-0.8,3.0,3.0,0.15,0.19,0.48,0.46499999999999997,6541.5,6495.0
5280.0,7.750000000000085,178.5,177.5,100.0,100.0,0.0,0.0,-0.675,-1.0499999999999998,3.0,3.0,0.18,0.22499999999999998,0.455,0.475,6604.0,6549.0
5285.0,7.7500000000001705,179.5,178.5,100.0,100.0,0.0,0.0,-0.9450000000000001,-1.13,3.0,3.0,0.225,0.26,0.45,0.48,6666.0,6630.5
5290.0,7.750000000000043,181.5,180.5,100.0,100.0,0.0,0.0,-1.145,-1.13,3.0,3.0,0.27,0.30000000000000004,0.445,0.515,6734.5,6694.0
5295.0,7.750000000000128,183.0,182.5,100.0,100.0,0.0,0.0,-1.31,-1.13,3.0,3.0,0.365,0.345,0.44,0.47,6769.0,6732.5
5300.0,7.75,184.5,183.5,100.0,100.0,0.0,0.0,-1.33,-0.94,3.0,3.0,0.395,0.355,0.45,0.445,6823.0,6793.5
5305.0,7.750000000000114,186.33333333333334,185.33333333333334,100.0,100.0,0.0,0.0,-1.6266666666666667,-0.7066666666666667,3.0,3.0,0.43666666666666665,0.32333333333333336,0.42,0.44666666666666666,6871.333333333333,6848.333333333333
5310.0,7.750000000000199,187.33333333333334,187.0,100.0,100.0,0.0,0.0,-2.1166666666666667,-0.73,3.0,3.0,0.5066666666666667,0.30666666666666664,0.42,0.43666666666666665,6937.666666666667,6904.666666666667
5315.0,7.75,189.33333333333334,188.33333333333334,100.0,100.0,0.0,0.0,-2.1966666666666668,-1.1366666666666667,3.0,3.0,0.6233333333333333,0.33666666666666667,0.42666666666666664,0.44,6984.333333333333,6948.333333333333
5320.0,7.75,190.0,190.0,100.0,100.0,0.0,0.0,-2.19,-1.57,3.0,3.0,0.65,0.37,0.41,0.45,7032.0,6998.0
5325.0,7.750000000000085,191.0,191.0,0.0,100.0,0.0,0.0,-2.19,-1.87,0.0,3.0,0.67,0.49,-0.08,0.44,6775.0,7069.0
5330.0,7.7500000000001705,192.0,193.0,100.0,100.0,0.0,0.0,-2.08,-1.87,4.0,3.0,0.78,0.57,0.42,0.4,5819.0,7087.0
5335.0,7.7500000000001705,193.0,193.66666666666666,100.0,100.0,0.0,0.0,-1.7966666666666666,-1.87,4.0,3.0,0.7266666666666667,0.6033333333333333,0.4033333333333333,0.38333333333333336,5847.0,7136.666666666667
5340.0,7.749999999999972,194.66666666666666,195.0,100.0,33.33333333333334,0.0,0.0,-1.4533333333333334,-1.87,4.0,3.0,0.73,0.69,0.36,0.0566666666666667,5861.666666666667,6895.333333333333
5345.0,7.750000000000085,196.0,195.5,100.0,100.0,0.0,0.0,-1.245,-1.835,4.0,4.0,0.645,0.675,0.37,0.305,5891.5,6218.0
5350.0,7.750000000000199,197.0,196.33333333333334,100.0,100.0,0.0,0.0,-1.0533333333333335,-1.5933333333333333,4.0,4.0,0.53,0.6466666666666667,0.35000000000000003,0.37333333333333335,5940.0,5933.333333333333
5355.0,7.7666666666665805,198.0,197.66666666666666,100.0,100.0,0.0,0.0,-0.79,-1.3533333333333333,4.0,4.0,0.46,0.6166666666666667,0.35,0.37333333333333335,5963.0,5963.666666666667
5360.0,7.75,199.0,199.0,100.0,100.0,0.0,0.0,-0.75,-1.29,4.0,4.0,0.4,0.6,0.36,0.38,6015.0,5992.0
5365.0,7.750000000000142,200.66666666666666,200.0,100.0,100.0,0.0,0.0,-0.75,-1.19,4.0,4.0,0.33666666666666667,0.5033333333333333,0.33666666666666667,0.33666666666666667,6046.666666666667,6044.0
5370.0,7.750000000000085,201.66666666666666,201.66666666666666,100.0,100.0,0.0,0.0,-0.75,-0.8966666666666667,4.0,4.0,0.32,0.48000000000000004,0.36,0.36666666666666664,6080.333333333333,6069.666666666667
5375.0,7.750000000000085,202.33333333333334,202.33333333333334,100.0,100.0,0.0,0.0,-0.75,-0.7,4.0,4.0,0.29333333333333333,0.4266666666666667,0.33,0.35333333333333333,6108.333333333333,6097.666666666667
5380.0,7.750000000000085,203.0,204.0,100.0,100.0,0.0,0.0,-0.72,-0.4,4.0,4.0,0.3,0.33,0.35,0.32,6131.0,6132.0
5385.0,7.7500000000001705,205.0,205.0,100.0,100.0,0.0,0.0,-0.26,-0.08,4.0,4.0,0.23,0.19,0.34,0.35,6175.0,6163.0
5390.0,7.7500000000001705,205.66666666666666,205.66666666666666,100.0,100.0,0.0,0.0,0.14666666666666667,0.13,4.0,4.0,0.14333333333333334,0.07333333333333333,0.32333333333333336,0.34,6205.333333333333,6194.0
5395.0,7.750000000000028,206.33333333333334,207.0,100.0,100.0,0.0,0.0,0.20666666666666667,0.11,4.0,4.0,0.08333333333333334,-0.003333333333333333,0.3233333333333333,0.33333333333333337,6227.0,6221.333333333333
5400.0,7.7500000000001705,208.0,208.0,100.0,100.0,0.0,0.0,0.18,0.11,4.0,4.0,0.0,-0.02,0.29,0.34,6262.0,6253.0
5405.0,7.750000000000256,209.0,209.0,100.0,100.0,0.0,0.0,0.11,0.12,4.0,4.0,-0.03,-0.05,0.32,0.36,6293.0,6291.0
5410.0,7.749999999999972,209.66666666666666,210.0,100.0,100.0,0.0,0.0,0.043333333333333335,0.19,4.0,4.0,-0.06,-0.07333333333333333,0.31666666666666665,0.34,6306.666666666667,6311.666666666667
5415.0,7.750000000000114,210.33333333333334,211.0,100.0,100.0,0.0,0.0,0.10999999999999999,0.24333333333333335,4.0,4.0,-0.06333333333333334,-0.07333333333333333,0.29666666666666663,0.30666666666666664,6326.0,6343.0
5420.0,7.750000000000256,211.0,212.0,100.0,100.0,0.0,0.0,0.42,0.23,4.0,4.0,-0.1,-0.05,0.29,0.27,6368.0,6374.0
5425.0,7.749999999999972,212.0,212.66666666666666,100.0,100.0,0.0,0.0,0.7833333333333333,0.3233333333333333,4.0,4.0,-0.15666666666666668,-0.04666666666666666,0.2866666666666667,0.31333333333333335,6398.0,6419.333333333333
5430.0,7.750000000000114,213.0,214.0,100.0,100.0,0.0,0.0,0.9166666666666666,0.7166666666666667,4.0,4.0,-0.24666666666666667,-0.14666666666666667,0.29666666666666663,0.31,6421.0,6428.666666666667
5435.0,7.750000000000256,214.0,215.0,100.0,100.0,0.0,0.0,0.74,0.7,4.0,4.0,-0.28,-0.17,0.28,0.31,6447.0,6459.0
5440.0,7.749999999999972,215.0,215.66666666666666,100.0,100.0,0.0,0.0,0.73,0.76,4.0,4.0,-0.30333333333333334,-0.24333333333333335,0.28,0.32666666666666666,6475.666666666667,6497.666666666667
5445.0,7.750000000000114,216.0,216.33333333333334,100.0,100.0,0.0,0.0,0.7633333333333333,0.7666666666666667,4.0,4.0,-0.31333333333333335,-0.26333333333333336,0.2833333333333333,0.30666666666666664,6490.0,6504.666666666667
5450.0,7.750000000000256,216.0,217.0,100.0,100.0,0.0,0.0,1.05,0.87,4.0,4.0,-0.29,-0.27,0.25,0.28,6542.0,6592.0
5455.0,7.749999999999972,217.0,218.66666666666666,100.0,100.0,0.0,0.0,1.3666666666666667,0.9,4.0,4.0,-0.41,-0.36333333333333334,0.3,0.32,6558.0,6569.333333333333
5460.0,7.750000000000114,218.33333333333334,219.33333333333334,100.0,100.0,0.0,0.0,1.38,0.8966666666666667,4.0,4.0,-0.4666666666666667,-0.36,0.28,0.3,6565.333333333333,6592.666666666667
5465.0,7.750000000000256,219.0,220.0,100.0,100.0,0.0,0.0,1.38,0.89,4.0,4.0,-0.46,-0.33,0.28,0.29,6601.0,6646.0
5470.0,7.749999999999972,219.66666666666666,221.0,100.0,100.0,0.0,0.0,1.3666666666666667,0.8433333333333333,4.0,4.0,-0.43666666666666665,-0.33666666666666667,0.26666666666666666,0.2866666666666667,6648.333333333333,6670.333333333333
5475.0,7.750000000000114,220.33333333333334,222.0,100.0,100.0,0.0,0.0,1.3233333333333335,0.8033333333333333,4.0,4.0,-0.5166666666666666,-0.3466666666666667,0.29666666666666663,0.29333333333333333,6677.0,6701.0
5480.0,7.750000000000256,221.0,223.0,100.0,100.0,0.0,0.0,1.11,0.79,4.0,4.0,-0.56,-0.38,0.28,0.31,6663.0,6702.0
5485.0,7.749999999999972,222.0,223.66666666666666,100.0,100.0,0.0,0.0,0.87,0.7566666666666667,4.0,4.0,-0.48,-0.36,0.26666666666666666,0.31333333333333335,6699.333333333333,6742.0
5490.0,7.745833333333451,223.0,225.0,100.0,100.0,0.0,0.0,0.7533333333333333,0.595,4.0,4.0,-0.44666666666666666,-0.3325,0.27,0.3,6712.333333333333,6761.0
5495.0,7.73333333333359,224.0,225.66666666666666,100.0,100.0,0.0,0.0,0.74,0.4866666666666667,4.0,4.0,-0.36,-0.2833333333333333,0.27,0.29,6748.0,6792.666666666667
5500.0,7.74166666666666,224.5,226.33333333333334,100.0,100.0,0.0,0.0,0.735,0.29000000000000004,4.0,4.0,-0.345,-0.26333333333333336,0.275,0.30333333333333334,6772.0,6827.333333333333
5505.0,7.7500000000001705,225.0,227.0,100.0,100.0,0.0,0.0,0.6,0.11,4.0,4.0,-0.37,-0.22,0.28,0.29,6773.0,6821.0
5510.0,7.7500000000001705,226.0,228.0,100.0,100.0,0.0,0.0,0.18666666666666665,0.04666666666666667,4.0,4.0,-0.29333333333333333,-0.17333333333333334,0.25666666666666665,0.29,6783.0,6848.333333333333
5515.0,7.733333333333363,227.0,229.0,100.0,100.0,0.0,0.0,-0.18000000000000002,0.03,4.0,4.0,-0.14666666666666667,-0.13,0.24333333333333332,0.3,6836.0,6899.0
5520.0,7.733333333333505,228.0,229.66666666666666,100.0,100.0,0.0,0.0,-0.16,0.09333333333333334,4.0,4.0,-0.09,-0.11,0.27,0.31,6846.0,6902.333333333333
5525.0,7.741666666666802,228.0,230.33333333333334,100.0,100.0,0.0,0.0,-0.015,0.11666666666666667,4.0,4.0,-0.055,-0.09333333333333334,0.255,0.2833333333333333,6853.5,6915.666666666667
5530.0,7.737500000000082,229.0,231.0,100.0,100.0,0.0,0.0,0.18,0.18,4.0,4.0,-0.04,-0.08,0.25,0.2675,6890.0,6959.5
5535.0,7.733333333333434,229.66666666666666,232.0,100.0,100.0,0.0,0.0,0.29,0.13666666666666666,4.0,4.0,-0.06333333333333334,-0.08,0.38666666666666666,0.30333333333333334,6929.0,6986.0
5540.0,7.737500000000068,230.25,233.0,100.0,100.0,0.0,0.0,-0.1825,0.02,4.0,4.0,0.0125,-0.06,0.225,0.27,6921.5,6986.0
5545.0,7.741666666666802,231.0,233.5,100.0,100.0,0.0,0.0,-0.5766666666666667,-0.49,4.0,4.0,0.07,-0.009999999999999998,0.23666666666666666,0.275,6939.333333333333,7018.0
5550.0,7.733333333333334,232.0,234.0,100.0,100.0,0.0,0.0,-0.8266666666666667,-0.84,4.0,4.0,0.13333333333333333,0.09,0.25666666666666665,0.28,6977.0,7055.0
5555.0,7.733333333333334,233.0,235.0,100.0,100.0,0.0,0.0,-0.84,-0.7000000000000001,4.0,4.0,0.21,0.13,0.23,0.23666666666666666,6994.0,7063.333333333333
5560.0,7.733333333333533,233.0,236.0,100.0,100.0,0.0,0.0,-0.84,-0.54,4.0,4.0,0.25666666666666665,0.18,0.24666666666666667,0.26,7023.666666666667,7090.0
5565.0,7.733333333333249,234.0,236.66666666666666,100.0,100.0,0.0,0.0,-0.84,-0.33,4.0,4.0,0.36,0.17666666666666667,0.27,0.23666666666666666,7015.0,7092.666666666667
5570.0,7.72500000000008,234.5,237.0,100.0,100.0,0.0,0.0,-0.84,-0.3,4.0,4.0,0.33,0.16,0.225,0.22,7047.0,7107.0
5575.0,7.73333333333359,235.0,237.66666666666666,100.0,100.0,0.0,0.0,-0.84,-0.31333333333333335,4.0,4.0,0.37,0.15666666666666668,0.24,0.22333333333333333,7064.0,7131.666666666667
5580.0,7.729166666666629,235.66666666666666,238.0,100.0,100.0,0.0,0.0,-0.8733333333333333,-0.685,4.0,4.0,0.37,0.17,0.23333333333333334,0.225,7086.333333333333,7147.0
5585.0,7.733333333333505,236.0,238.0,100.0,33.33333333333334,0.0,0.0,-1.05,-1.37,4.0,4.0,0.38,0.27,0.2,-0.023333333333333317,7111.0,6913.0
5590.0,7.729166666666842,237.0,238.25,100.0,81.25,0.0,0.0,-1.3933333333333333,-1.835,4.0,3.0,0.49333333333333335,0.4225,0.22333333333333333,-0.035,7116.0,6474.25
5595.0,7.720833333333374,237.25,239.66666666666666,100.0,100.0,0.0,0.0,-1.4275,-2.043333333333333,4.0,5.0,0.52,0.53,0.205,0.25,7126.5,6115.666666666667
5600.0,7.729166666666757,238.0,240.0,33.33333333333334,100.0,0.0,0.0,-1.42,-2.05,4.0,5.0,0.5333333333333333,0.62,-0.036666666666666625,0.245,7029.333333333333,6140.0
5605.0,7.7208333333334025,238.0,240.66666666666666,25.0,100.0,0.0,0.0,-1.43,-2.14,0.0,5.0,0.5650000000000001,0.7066666666666667,-0.08750000000000001,0.24000000000000002,6525.25,6149.333333333333
5610.0,7.729166666666799,238.0,241.25,100.0,100.0,0.0,0.0,-1.4233333333333333,-2.4425,5.0,5.0,0.5966666666666667,0.84,0.21333333333333332,0.2525,6092.333333333333,6168.0
5615.0,7.716666666666669,239.0,242.0,100.0,100.0,0.0,0.0,-1.4233333333333333,-2.8866666666666667,5.0,5.0,0.44666666666666666,0.7000000000000001,0.22,0.20333333333333334,6116.333333333333,6202.666666666667
5620.0,7.725000000000037,239.0,242.25,100.0,100.0,0.0,0.0,-1.475,-3.2600000000000002,5.0,5.0,0.40249999999999997,0.7125,0.255,0.21250000000000002,6173.5,6237.75
5625.0,7.7166666666668675,240.0,243.0,100.0,100.0,0.0,0.0,-1.9200000000000002,-3.0266666666666664,5.0,5.0,0.6833333333333333,1.04,0.21,0.23666666666666666,6146.333333333333,6221.333333333333
5630.0,7.724999999999952,240.75,244.0,100.0,100.0,0.0,0.0,-2.08,-2.115,5.0,5.0,0.84,1.0525,0.2175,0.225,6135.25,6218.0
5635.0,7.716666666666782,241.0,244.0,100.0,100.0,0.0,0.0,-2.08,-1.8433333333333335,5.0,5.0,0.7233333333333334,0.7100000000000001,0.19666666666666668,0.24333333333333335,6162.666666666667,6263.0
5640.0,7.712500000000205,241.75,245.0,100.0,100.0,0.0,0.0,-2.0725,-2.16,5.0,5.0,0.815,0.89,0.2575,0.22,6239.0,6333.0
5645.0,7.716666666666697,242.33333333333334,245.66666666666666,100.0,100.0,0.0,0.0,-2.18,-2.1933333333333334,5.0,5.0,1.1099999999999999,1.09,0.22,0.25,6175.666666666667,6251.0
5650.0,7.712500000000119,243.0,246.0,100.0,100.0,0.0,0.0,-2.44,-2.23,5.0,5.0,0.9724999999999999,0.92,0.2,0.24,6190.75,6281.0
5655.0,7.7125000000000625,243.25,246.5,100.0,100.0,0.0,0.0,-2.46,-2.31,5.0,5.0,0.7525,0.84,0.195,0.245,6246.0,6321.0
5660.0,7.7166666666667965,244.0,247.0,100.0,100.0,0.0,0.0,-2.42,-2.4,5.0,5.0,0.85,0.88,0.21,0.24,6253.0,6332.0
5665.0,7.712499999999977,244.25,248.0,100.0,100.0,0.0,0.0,-2.005,-2.24,5.0,5.0,0.955,0.9099999999999999,0.215,0.22999999999999998,6257.75,6337.0
5670.0,7.716666666666711,245.0,249.0,100.0,100.0,0.0,0.0,-1.6666666666666665,-2.24,5.0,5.0,0.9133333333333333,1.02,0.22666666666666666,0.23,6264.0,6349.0
5675.0,7.716666666666939,245.0,249.0,96.0,100.0,0.0,0.0,-1.67,-2.216666666666667,5.0,5.0,0.88,0.9766666666666667,0.22,0.24000000000000002,6262.0,6353.666666666667
5680.0,7.704166666666623,245.33333333333334,249.75,28.666666666666668,100.0,10.0,0.0,-1.6966666666666665,-2.0125,5.0,5.0,0.7133333333333334,0.8125,-0.11333333333333331,0.26,6194.666666666667,6373.5
5685.0,7.712500000000176,244.0,250.0,0.0,98.5,41.0,0.0,-1.83,-1.955,5.0,5.0,0.67,0.79,-0.82,0.2475,6058.0,6413.0
5690.0,7.700000000000188,241.66666666666666,250.66666666666666,0.0,86.0,46.333333333333336,0.0,-1.8533333333333335,-2.0166666666666666,5.0,5.0,0.7233333333333333,0.9099999999999999,-1.0133333333333334,0.22666666666666666,6007.0,6388.333333333333
5695.0,7.700000000000074,240.0,251.0,0.0,51.0,50.0,0.0,-1.86,-2.22,5.0,5.0,0.75,0.94,-1.12,0.11,5952.0,6366.0
5700.0,7.700000000000102,235.66666666666666,251.0,0.0,6.666666666666668,50.0,6.666666666666666,-1.8733333333333333,-2.2666666666666666,5.0,5.0,0.7333333333333333,0.8833333333333333,-1.1066666666666667,-0.22999999999999998,5849.0,6305.333333333333
5705.0,7.687500000000057,232.5,250.0,17.25,0.0,52.0,16.0,-2.3125,-2.38,5.0,5.0,0.7024999999999999,0.83,-1.1124999999999998,-0.4,5942.75,6259.0
5710.0,7.691666666666805,229.66666666666666,248.5,23.0,0.0,52.0,25.5,-2.85,-2.665,0.0,5.0,0.7833333333333333,0.99,-1.06,-0.585,6622.333333333333,6211.0
5715.0,7.683333333333323,226.33333333333334,247.0,0.0,0.0,52.0,27.0,-3.3766666666666665,-2.88,4.0,5.0,1.1166666666666667,1.16,-1.21,-0.6,6583.666666666667,6168.0
5720.0,7.666666666666671,223.0,245.0,0.0,0.0,52.0,27.666666666666668,-3.96,-3.1533333333333333,4.0,5.0,1.09,1.06,-1.14,-0.6466666666666667,6505.0,6125.666666666667
5725.0,7.6666666666668135,218.66666666666666,243.0,0.0,0.0,52.0,28.0,-4.53,-3.91,4.0,5.0,1.16,1.29,-1.2033333333333334,-0.66,6341.0,6057.0
5730.0,7.649999999999977,215.33333333333334,241.66666666666666,0.0,0.0,50.333333333333336,26.666666666666668,-4.57,-3.9966666666666666,4.0,5.0,1.3766666666666667,1.2633333333333334,-1.1266666666666667,-0.6633333333333333,6259.666666666667,6032.333333333333
5735.0,7.650000000000006,212.0,239.0,0.0,0.0,43.0,26.0,-4.65,-4.11,4.0,5.0,1.12,1.12,-0.97,-0.58,6143.0,5962.0
5740.0,7.633333333333468,208.66666666666666,237.66666666666666,0.0,0.0,34.333333333333336,25.666666666666668,-5.173333333333333,-4.6,4.0,5.0,1.3833333333333333,1.3766666666666667,-0.91,-0.6533333333333333,6056.333333333333,5930.0
5745.0,7.6333333333333115,206.66666666666666,236.0,0.0,0.0,23.0,24.0,-4.876666666666667,-5.16,4.0,5.0,1.4366666666666668,1.3,-0.6633333333333333,-0.56,6039.333333333333,5895.0
5750.0,7.6083333333334195,204.66666666666666,234.5,0.0,0.0,9.666666666666666,22.0,-4.85,-5.1850000000000005,4.0,5.0,1.3533333333333333,1.4249999999999998,-0.38666666666666666,-0.565,6007.666666666667,5850.0
5755.0,7.60000000000008,203.0,232.0,0.0,0.0,9.0,22.0,-6.37,-5.89,4.0,5.0,1.66,1.66,-0.38,-0.55,5985.0,5802.0
5760.0,7.60000000000008,202.33333333333334,230.66666666666666,0.0,0.0,3.666666666666667,23.333333333333332,-7.859999999999999,-6.81,4.0,5.0,1.62,1.7366666666666666,-0.30000000000000004,-0.6266666666666667,5963.0,5755.333333333333
5765.0,7.5791666666668505,201.33333333333334,228.5,0.0,51.75,0.0,33.5,-9.743333333333334,-7.925,4.0,0.0,1.8133333333333335,2.05,-0.22333333333333333,-0.7324999999999999,5937.0,6617.5
5770.0,7.566666666666691,200.66666666666666,226.33333333333334,3.3333333333333335,0.0,0.0,38.0,-10.68,-8.37,4.0,4.0,2.1066666666666665,2.15,-0.22333333333333333,-0.89,5931.333333333333,6631.666666666667
5775.0,7.566666666666848,200.0,223.33333333333334,13.0,0.0,0.0,39.0,-11.39,-8.553333333333335,4.0,4.0,2.15,2.123333333333333,-0.14,-0.9133333333333333,5920.0,6515.333333333333
5780.0,7.550000000000267,199.0,220.0,21.0,0.0,0.0,38.0,-12.2,-8.56,4.0,4.0,2.39,2.29,-0.12,-0.93,5914.0,6402.0
5785.0,7.5499999999999545,198.0,217.33333333333334,35.0,0.0,0.0,33.666666666666664,-11.793333333333333,-8.573333333333334,4.0,4.0,2.263333333333333,2.27,-0.08000000000000002,-0.8633333333333333,5903.666666666667,6325.0
5790.0,7.533333333333388,197.33333333333334,215.33333333333334,52.666666666666664,0.0,0.0,27.0,-10.636666666666667,-8.876666666666667,4.0,4.0,2.0033333333333334,2.043333333333333,-0.006666666666666668,-0.7033333333333333,5911.666666666667,6243.666666666667
5795.0,7.525000000000176,197.0,212.0,65.0,0.0,0.0,27.0,-9.39,-9.86,4.0,4.0,2.135,2.3,0.05,-0.72,5916.0,6160.0
5800.0,7.5166666666666515,197.0,209.33333333333334,75.33333333333333,0.0,0.0,27.0,-8.113333333333333,-10.86,4.0,4.0,2.3266666666666667,2.5733333333333333,0.07666666666666667,-0.7333333333333333,5904.333333333333,6095.0
5805.0,7.5249999999999915,197.0,206.5,79.0,0.0,0.0,29.5,-8.51,-11.98,4.0,4.0,2.07,2.355,0.08,-0.775,5904.0,5996.0
5810.0,7.516666666666751,197.0,203.66666666666666,86.0,0.0,0.0,35.0,-10.63,-12.786666666666667,4.0,4.0,2.13,2.046666666666667,0.13,-0.8166666666666667,5927.0,5847.333333333333
5815.0,7.516666666666751,197.0,200.0,87.0,0.0,0.0,34.0,-11.02,-13.26,4.0,4.0,1.57,1.92,0.17333333333333334,-0.77,5951.666666666667,5736.0
5820.0,7.516666666666836,197.66666666666666,197.0,81.0,0.0,0.0,21.0,-10.486666666666666,-12.77,4.0,4.0,1.6833333333333331,2.17,0.2366666666666667,-0.73,6059.0,5698.0
5825.0,7.50833333333334,198.0,195.33333333333334,85.5,0.0,0.0,9.666666666666666,-9.135,-12.870000000000001,4.0,4.0,2.2800000000000002,2.1933333333333334,0.29000000000000004,-0.43,5979.5,5690.0
5830.0,7.516666666666794,198.33333333333334,193.0,87.33333333333333,0.0,0.0,9.0,-7.706666666666666,-13.763333333333334,4.0,4.0,1.8,2.0966666666666667,0.23,-0.41,6022.666666666667,5640.0
5835.0,7.5250000000002615,199.0,191.5,92.0,0.0,0.0,9.0,-6.1,-14.69,4.0,4.0,1.66,1.94,0.31,-0.395,6071.0,5591.5
5840.0,7.5166666666665805,200.0,189.66666666666666,100.0,0.0,0.0,10.0,-3.99,-14.863333333333333,4.0,4.0,1.88,1.9166666666666665,0.33,-0.41,6097.0,5540.0
5845.0,7.533333333333388,200.66666666666666,187.66666666666666,100.0,0.0,0.0,9.666666666666666,-2.5033333333333334,-14.5,4.0,4.0,1.68,1.6866666666666668,0.32,-0.38,6072.333333333333,5491.0
5850.0,7.541666666666842,201.5,185.66666666666666,100.0,0.0,0.0,4.666666666666667,-1.3849999999999998,-12.95,4.0,4.0,1.225,1.6866666666666668,0.345,-0.34,6092.5,5432.333333333333
5855.0,7.549999999999983,202.33333333333334,184.66666666666666,100.0,0.0,0.0,0.0,-0.8033333333333333,-10.766666666666667,4.0,4.0,0.7899999999999999,1.7933333333333334,0.33,-0.21666666666666667,6156.333333333333,5431.0
5860.0,7.549999999999983,203.0,184.0,100.0,0.0,0.0,0.0,-0.59,-7.34,4.0,4.0,0.62,1.68,0.31,-0.27,6188.0,5398.0
5865.0,7.550000000000097,204.0,183.0,100.0,25.0,0.0,0.0,-0.52,-3.84,4.0,4.0,0.59,1.16,0.36,-0.1,6159.0,5441.0
5870.0,7.566666666666762,205.66666666666666,182.0,100.0,52.0,0.0,0.0,-0.52,-3.19,4.0,4.0,0.42000000000000004,1.19,0.33666666666666667,-0.02,6197.333333333333,5441.0
5875.0,7.583333333333414,206.33333333333334,182.0,100.0,69.0,0.0,0.0,-0.47333333333333333,-3.13,4.0,4.0,0.3466666666666667,0.77,0.32333333333333336,0.03,6214.0,5447.0
5880.0,7.60000000000008,207.0,182.0,100.0,74.0,0.0,0.0,-0.29,-3.16,4.0,4.0,0.26,0.66,0.31,0.13,6252.0,5445.0
5885.0,7.600000000000165,208.0,183.0,100.0,77.0,0.0,0.0,-0.25,-3.06,4.0,4.0,0.2,0.56,0.33,0.06,6284.0,5494.0
5890.0,7.616666666666859,209.66666666666666,183.0,100.0,77.0,0.0,0.0,-0.3733333333333333,-3.03,4.0,4.0,0.17333333333333334,0.46,0.31,0.04,6319.0,5568.0
5895.0,7.633333333333368,210.0,183.0,62.66666666666667,77.0,6.0,0.0,-0.9366666666666666,-2.65,4.0,4.0,0.21666666666666667,0.55,0.12666666666666668,0.08,6302.0,5508.0
5900.0,7.650000000000176,210.0,184.0,10.0,71.0,40.0,0.0,-1.56,-0.33,4.0,4.0,0.33,0.37,-0.69,0.14,6169.0,5518.0
5905.0,7.666666666666842,206.0,184.0,0.0,31.0,55.333333333333336,0.0,-1.8166666666666667,2.85,4.0,4.0,0.37,0.01,-1.1466666666666667,0.18,6020.666666666667,5532.0
5910.0,7.666666666666615,202.0,184.0,46.0,0.0,70.66666666666667,24.0,-1.8266666666666667,3.07,4.0,4.0,0.4066666666666667,-0.52,-1.47,-0.48,6372.666666666667,5399.0
5915.0,7.683333333333465,197.66666666666666,181.0,46.0,0.0,74.0,60.0,-1.6866666666666668,1.06,0.0,4.0,0.5866666666666667,-0.56,-1.5766666666666667,-1.12,7003.666666666667,5300.0
5920.0,7.68333333333355,191.33333333333334,176.0,0.0,0.0,75.66666666666667,90.0,-1.0166666666666666,0.23,3.0,4.0,0.45666666666666667,-0.33,-1.59,-1.65,6706.0,5015.0
5925.0,7.699999999999903,187.0,169.0,0.0,0.0,76.0,90.0,-0.77,-0.32,3.0,4.0,0.53,-0.33,-1.76,-1.81,6578.0,4877.0
5930.0,7.716666666666654,180.0,162.0,0.0,46.0,76.0,88.0,-0.76,-1.3333333333333333,3.0,0.0,0.33,-0.02666666666666667,-1.56,-1.67,6361.0,5367.333333333333
5935.0,7.72500000000008,176.0,155.5,0.0,0.0,75.0,81.0,-0.76,-1.205,3.0,3.0,0.29,0.115,-1.56,-1.6099999999999999,6111.0,5407.0
5940.0,7.733333333333448,169.0,149.0,23.0,0.0,72.0,64.0,-1.3666666666666667,-1.03,3.0,3.0,0.33666666666666667,0.22,-1.4833333333333334,-1.27,6201.333333333333,5258.0
5945.0,7.7500000000001705,164.0,143.0,34.5,34.5,64.5,60.0,-2.39,-1.26,0.0,3.0,0.45,0.3,-1.355,-1.2,7138.0,5631.0
5950.0,7.766666666666751,159.0,139.0,0.0,0.0,60.666666666666664,54.0,-3.0233333333333334,-1.79,2.0,2.0,0.5266666666666667,0.31,-1.26,-1.14,6839.0,6033.0
5955.0,7.7750000000002615,153.0,134.0,0.0,0.0,57.0,51.0,-4.13,-3.38,2.0,2.0,0.79,0.45499999999999996,-1.28,-1.0550000000000002,6660.0,5847.0
5960.0,7.80000000000004,148.5,129.0,0.0,0.0,54.5,35.0,-5.265,-5.5600000000000005,2.0,2.0,0.895,0.735,-1.2149999999999999,-0.79,6443.5,5658.5
5965.0,7.800000000000267,143.0,125.0,0.0,0.0,47.0,24.0,-6.27,-6.41,2.0,2.0,1.06,0.92,-1.05,-0.62,6215.0,5523.0
5970.0,7.8250000000000455,139.5,123.0,0.0,0.0,23.5,19.0,-7.46,-8.2,2.0,2.0,1.19,1.07,-0.65,-0.51,6120.0,5410.0
5975.0,7.8500000000002785,136.0,120.0,0.0,0.0,24.0,27.0,-9.87,-11.03,2.0,2.0,1.45,1.32,-0.65,-0.65,5997.0,5274.0
5980.0,7.850000000000165,133.0,116.0,0.0,0.0,24.0,29.0,-12.63,-13.6,2.0,2.0,1.68,1.61,-0.65,-0.74,5830.0,5071.0
5985.0,7.900000000000176,129.5,112.0,0.0,0.0,21.0,4.0,-14.995000000000001,-14.73,2.0,2.0,1.905,1.7349999999999999,-0.66,-0.31,5663.0,4944.0
5990.0,7.925000000000097,125.5,110.0,0.0,3.0,16.5,0.0,-17.255000000000003,-14.29,2.0,2.0,2.0949999999999998,1.74,-0.6000000000000001,-0.2,5499.0,4907.0
5995.0,7.924999999999983,122.5,110.0,0.0,22.0,0.5,0.0,-19.310000000000002,-14.16,2.0,2.0,2.215,1.73,-0.31999999999999995,0.0,5404.0,4922.0
6000.0,7.925000000000125,120.5,110.0,6.5,31.0,0.0,0.0,-20.05,-14.7,2.0,2.0,2.01,1.52,-0.21000000000000002,0.05,5352.0,4937.0
6005.0,7.9500000000000455,119.0,110.0,25.5,39.5,0.0,0.0,-21.195,-13.99,2.0,2.0,2.135,1.65,-0.025,0.14500000000000002,5393.5,4947.0
6010.0,7.975000000000165,118.0,110.0,35.0,31.0,0.0,0.0,-24.695,-14.4,2.0,2.0,1.875,1.2,-0.025,0.08,5386.0,5624.0
6015.0,7.97500000000008,118.0,110.0,45.5,32.0,0.0,0.0,-26.005,-18.52,2.0,2.0,1.76,1.12,0.03,0.06,5396.5,5365.0
6020.0,8.0,118.0,110.0,53.5,41.0,0.0,0.0,-24.51,-14.81,2.0,2.0,1.835,2.175,0.115,0.13,5399.5,5014.5
6025.0,8.000000000000256,118.0,111.0,57.0,59.0,0.0,0.0,-20.46,-11.9,2.0,2.0,1.95,1.78,0.21,0.3,5469.0,5140.0
6030.0,8.00000000000017,119.0,113.0,60.0,82.0,0.0,0.0,-12.38,-9.67,2.0,2.0,1.71,1.45,0.25,0.41,5530.0,5266.0
6035.0,8.000000000000085,120.0,115.0,79.0,79.0,0.0,0.0,-5.3,-5.81,2.0,2.0,1.5,1.32,0.37,0.47,5657.0,5550.0
6040.0,8.0,122.0,117.0,80.0,82.0,0.0,0.0,-1.84,-1.58,2.0,2.0,1.39,1.38,0.52,0.6,5867.0,5539.0
6045.0,8.025000000000006,123.5,119.0,75.5,77.0,0.0,0.0,0.22500000000000003,0.54,2.0,2.0,1.25,1.01,0.46499999999999997,0.5,6121.0,5901.0
6050.0,8.02500000000012,126.0,122.0,78.0,80.0,0.0,0.0,3.4000000000000004,4.65,2.0,2.0,1.17,0.93,0.495,0.54,6114.0,5843.0
6055.0,8.025000000000034,128.5,125.0,78.0,91.0,0.0,0.0,9.120000000000001,8.53,2.0,2.0,0.915,0.49,0.525,0.61,6070.0,5837.0
6060.0,8.050000000000267,131.0,128.0,83.0,57.0,0.0,0.0,12.13,9.84,2.0,2.0,-0.06,-0.71,0.56,0.42,5977.0,5829.0
6065.0,8.050000000000182,133.0,130.0,58.0,56.0,0.0,0.0,10.68,9.04,2.0,2.0,-0.99,-0.98,0.4,0.36,6116.0,5991.0
6070.0,8.050000000000182,135.0,132.0,49.0,56.0,0.0,0.0,8.865,6.555,2.0,2.0,-1.1749999999999998,-0.98,0.35,0.4,6221.5,6082.5
6075.0,8.050000000000182,136.0,133.0,57.0,58.0,0.0,0.0,6.58,4.94,2.0,2.0,-1.1,-0.95,0.34,0.44,6313.0,6145.0
6080.0,8.050000000000097,138.0,136.0,74.0,58.0,0.0,0.0,5.09,7.48,2.0,2.0,-1.08,-0.88,0.44,0.43,6467.0,6273.0
6085.0,8.050000000000082,140.0,137.5,83.0,63.5,0.0,0.0,6.005,8.115,2.0,2.0,-0.96,-0.9950000000000001,0.45999999999999996,0.395,6591.0,6339.0
6090.0,8.050000000000097,142.0,139.0,85.0,76.0,0.0,0.0,7.3,8.03,2.0,2.0,-1.56,-1.37,0.61,0.51,6640.0,6362.0
6095.0,8.050000000000082,144.0,141.5,88.5,76.5,0.0,0.0,7.21,7.675000000000001,2.0,2.0,-1.545,-1.28,0.525,0.48,6645.5,6473.0
6100.0,8.050000000000097,146.0,143.0,89.0,76.0,0.0,0.0,6.83,7.28,2.0,2.0,-1.51,-1.41,0.52,0.46,6755.0,6556.0
6105.0,8.050000000000082,148.0,145.0,91.5,81.0,0.0,0.0,5.574999999999999,6.54,2.0,2.0,-1.37,-1.315,0.51,0.475,6842.5,6662.0
6110.0,8.050000000000097,150.0,147.0,96.0,80.0,0.0,0.0,4.57,6.49,2.0,2.0,-1.27,-1.17,0.54,0.42,6954.0,6799.0
6115.0,8.05833333333345,152.0,148.5,93.66666666666667,79.5,0.0,0.0,4.0,5.515000000000001,2.0,2.0,-1.0866666666666667,-1.24,0.5166666666666667,0.47,7128.666666666667,6918.5
6120.0,8.075000000000188,153.5,151.0,94.5,84.0,0.0,0.0,3.5300000000000002,3.44,2.0,2.0,-1.2850000000000001,-1.31,0.45999999999999996,0.45,7165.0,6970.0
6125.0,8.075000000000173,154.0,152.5,100.0,92.0,0.0,0.0,3.49,1.7400000000000002,3.0,2.0,-1.32,-1.125,-0.02,0.49,6580.0,7021.5
6130.0,8.06666666666689,156.33333333333334,154.0,99.33333333333333,100.0,0.0,0.0,2.74,0.7933333333333333,3.0,2.0,-1.1,-0.9966666666666667,0.5466666666666666,0.5599999999999999,5926.333333333333,7121.0
6135.0,8.075000000000045,158.5,155.0,100.0,100.0,0.0,0.0,1.175,0.75,3.0,3.0,-1.045,-0.54,0.525,0.8,5892.0,5875.0
6140.0,8.075000000000273,161.0,157.5,100.0,100.0,0.0,0.0,0.42,1.955,3.0,3.0,-0.64,-0.48,0.55,0.525,5957.0,5859.0
6145.0,8.074999999999903,163.0,159.5,100.0,100.0,0.0,0.0,0.46,2.8499999999999996,3.0,3.0,-0.38,-0.5549999999999999,0.53,0.525,6061.0,5929.5
6150.0,8.083333333333414,164.33333333333334,162.0,100.0,100.0,0.0,0.0,1.1466666666666667,2.12,3.0,3.0,-0.31666666666666665,-0.58,0.5166666666666667,0.52,6119.333333333333,6035.0
6155.0,8.074999999999989,166.5,163.0,100.0,100.0,0.0,0.0,1.8199999999999998,1.42,3.0,3.0,-0.33999999999999997,-0.55,0.52,0.51,6206.0,6085.0
6160.0,8.09166666666674,168.5,165.33333333333334,100.0,100.0,0.0,0.0,1.75,1.31,3.0,3.0,-0.405,-0.5133333333333333,0.505,0.51,6283.5,6186.0
6165.0,8.09166666666681,170.66666666666666,168.0,100.0,100.0,0.0,0.0,1.23,1.31,3.0,3.0,-0.43333333333333335,-0.44999999999999996,0.5066666666666667,0.51,6320.333333333333,6219.5
6170.0,8.075000000000173,172.0,169.5,100.0,100.0,0.0,0.0,1.19,1.375,3.0,3.0,-0.22,-0.25,0.44,0.405,6476.0,6472.0
6175.0,8.083333333333613,174.0,171.66666666666666,96.0,99.0,0.0,0.0,1.01,1.47,3.0,3.0,-0.25,-0.42000000000000004,0.57,0.62,6858.0,6509.666666666667
6180.0,8.099999999999909,176.0,173.0,100.0,100.0,0.0,0.0,0.67,1.49,3.0,3.0,-0.36,-0.47,0.47,0.46,6640.0,6650.0
6185.0,8.099999999999994,177.0,176.0,100.0,96.0,0.0,0.0,0.68,1.29,3.0,3.0,-0.56,-0.76,0.59,0.53,6600.0,6534.0
6190.0,8.10000000000008,180.0,177.0,100.0,44.0,0.0,0.0,0.69,0.97,3.0,3.0,-0.43,-0.59,0.5,0.32,6633.0,6473.0
6195.0,8.100000000000165,181.0,177.0,42.0,0.0,0.0,30.0,1.0,0.92,3.0,3.0,-0.36,-0.46,0.34,-0.56,6648.0,6340.0
6200.0,8.100000000000279,179.0,174.0,0.0,0.0,49.0,68.0,1.8,0.91,3.0,3.0,-0.4,-0.34,-0.91,-1.23,6399.0,6161.0
6205.0,8.099999999999909,175.0,168.0,0.0,0.0,64.0,75.0,1.82,0.91,3.0,3.0,-0.49,-0.35,-1.29,-1.35,6179.0,5936.0
6210.0,8.10833333333342,169.33333333333334,162.5,0.0,69.0,73.0,75.0,2.27,1.3050000000000002,3.0,0.0,-0.39,-0.26,-1.2966666666666666,-1.3050000000000002,5775.0,6564.0
6215.0,8.099999999999994,164.5,157.5,0.0,0.0,73.0,76.0,2.8949999999999996,1.46,3.0,2.0,-0.6499999999999999,-0.38,-1.5150000000000001,-1.4,5715.0,6816.0
6220.0,8.125000000000085,158.5,152.0,34.5,0.0,73.0,71.0,3.125,1.91,3.0,2.0,-0.65,-0.39,-1.33,-1.3,5796.5,6496.0
6225.0,8.125000000000085,154.0,146.0,0.0,0.0,68.0,65.5,3.5,3.09,2.0,2.0,-0.7,-0.54,-1.17,-1.24,6652.0,6291.0
6230.0,8.125000000000085,147.5,140.0,0.0,0.0,60.5,65.0,4.1450000000000005,4.82,2.0,2.0,-0.785,-0.68,-1.185,-1.2,6375.0,6035.0
6235.0,8.125000000000085,142.0,135.0,0.0,0.0,54.0,61.0,5.54,5.664999999999999,2.0,2.0,-0.95,-0.815,-1.08,-1.175,6164.0,5832.5
6240.0,8.150000000000091,138.0,129.5,0.0,69.0,52.0,53.0,6.925,6.369999999999999,2.0,0.0,-0.9199999999999999,-0.9,-0.99,-0.94,5957.5,6711.5
6245.0,8.150000000000091,133.0,125.0,0.0,0.0,50.0,46.0,7.95,6.93,2.0,1.0,-1.14,-0.93,-0.93,-0.87,5793.0,7016.0
6250.0,8.150000000000006,129.0,121.0,69.0,0.0,46.0,44.0,8.83,7.73,0.0,1.0,-1.15,-1.01,-0.81,-0.86,6899.0,6756.0
6255.0,8.174999999999898,123.0,115.0,0.0,0.0,45.0,44.0,10.25,9.93,1.0,1.0,-1.22,-1.22,-0.83,-0.885,6823.0,6389.0
6260.0,8.175000000000267,119.0,110.5,0.0,0.0,37.0,41.0,11.32,11.129999999999999,1.0,1.0,-1.6,-1.4,-0.86,-0.825,6555.0,6124.5
6265.0,8.200000000000188,114.0,106.0,0.0,0.0,35.0,21.0,13.0,13.01,1.0,1.0,-1.47,-1.53,-0.67,-0.52,6308.0,5946.0
6270.0,8.22500000000008,110.0,103.5,0.0,0.0,27.0,9.5,14.03,14.715,1.0,1.0,-1.8,-1.56,-0.69,-0.28,6090.0,5846.0
6275.0,8.225000000000136,107.0,102.0,0.0,0.0,0.0,6.0,15.815,16.26,1.0,1.0,-1.9249999999999998,-1.62,-0.16499999999999998,-0.26,6038.0,5756.0
6280.0,8.225000000000193,106.0,100.5,0.0,0.0,0.0,0.0,17.77,17.955,1.0,1.0,-1.79,-1.555,-0.16,-0.135,5982.0,5699.5
6285.0,8.224999999999994,104.0,99.0,0.0,0.0,0.0,0.0,20.560000000000002,20.08,1.0,1.0,-1.7850000000000001,-1.75,-0.16,-0.16,5908.5,5633.0
6290.0,8.250000000000256,103.0,98.0,6.0,11.0,0.0,0.0,22.86,20.97,1.0,1.0,-1.98,-1.95,-0.09,-0.07,5900.0,5681.0
6295.0,8.250000000000085,103.0,98.5,29.0,41.0,0.0,0.0,23.46,21.314999999999998,1.0,1.0,-2.05,-1.88,0.10500000000000001,0.19,5960.5,5717.5
6300.0,8.249999999999915,103.0,100.0,45.0,55.0,0.0,0.0,21.93,21.18,1.0,1.0,-1.9,-1.78,0.17,0.23,6022.0,5876.0
6305.0,8.275000000000176,104.5,102.0,58.0,59.0,0.0,0.0,19.35,19.12,1.0,1.0,-1.8900000000000001,-1.75,0.29000000000000004,0.32,6122.0,5998.0
6310.0,8.25,106.0,103.0,62.0,64.0,0.0,0.0,16.55,16.4,1.0,1.0,-1.65,-1.57,0.36,0.39,6266.0,6143.0
6315.0,8.27499999999992,108.0,105.5,61.0,69.0,0.0,0.0,14.04,13.32,1.0,1.0,-1.48,-1.44,0.39,0.505,6407.0,6354.0
6320.0,8.275000000000176,110.0,109.0,63.0,74.0,0.0,0.0,10.934999999999999,10.0,1.0,1.0,-1.7349999999999999,-1.65,0.45499999999999996,0.61,6584.5,6581.0
6325.0,8.25,112.0,112.0,68.0,79.0,0.0,0.0,10.27,7.86,1.0,1.0,-1.55,-1.55,0.52,0.6,6697.0,6802.0
6330.0,8.27499999999992,115.0,115.5,70.0,86.5,0.0,0.0,9.42,5.8,1.0,1.0,-1.72,-1.395,0.63,0.67,6839.0,6919.5
6335.0,8.275000000000261,118.0,118.5,70.0,86.5,0.0,0.0,8.8,5.035,1.0,1.0,-1.31,-1.245,0.57,0.6699999999999999,7073.0,7175.5
6340.0,8.275000000000176,120.0,122.0,70.0,95.0,0.0,0.0,8.59,4.475,1.0,1.0,-1.38,-1.08,0.48,0.605,7173.0,7193.0
6345.0,8.275000000000091,122.0,124.5,64.0,100.0,0.0,0.0,6.52,3.06,2.0,1.0,-1.08,-0.87,0.52,0.45999999999999996,6127.0,7297.5
6350.0,8.25,125.0,126.0,76.0,0.0,0.0,0.0,5.02,2.94,2.0,0.0,-1.25,-0.65,0.57,0.03,5864.0,6805.0
6355.0,8.249999999999915,128.0,129.0,86.0,98.0,0.0,0.0,3.33,3.44,2.0,2.0,-0.93,-0.45,0.59,0.69,6069.0,6006.0
6360.0,8.27500000000012,129.5,133.0,77.5,93.0,0.0,0.0,1.885,3.83,2.0,2.0,-0.98,-0.96,0.5,0.77,6497.5,6223.0
6365.0,8.250000000000057,132.5,135.5,80.0,99.0,0.0,0.0,-0.585,3.1550000000000002,2.0,2.0,-1.62,-1.295,0.7,0.78,6355.5,6265.0
6370.0,8.250000000000256,135.0,139.0,88.0,99.0,0.0,0.0,-2.3,2.83,2.0,2.0,-1.36,-0.78,0.58,0.63,6382.0,6429.0
6375.0,8.250000000000057,137.5,141.5,88.0,99.5,0.0,0.0,-4.68,2.365,2.0,2.0,-1.07,-0.94,0.685,0.7949999999999999,6474.0,6554.5
6380.0,8.225000000000165,141.5,144.0,99.0,100.0,0.0,0.0,-7.550000000000001,1.06,2.0,2.0,-0.05499999999999999,-0.61,0.69,0.68,6473.0,6679.0
6385.0,8.225000000000193,144.0,146.5,100.0,100.0,0.0,0.0,-3.74,0.445,2.0,2.0,0.49,-0.665,0.66,0.61,6638.0,6757.0
6390.0,8.225000000000165,146.5,150.0,100.0,100.0,0.0,0.0,-1.44,-0.76,2.0,2.0,0.615,-0.23,0.655,0.62,6728.5,6864.0
6395.0,8.241666666666774,149.66666666666666,152.5,100.0,100.0,0.0,0.0,-1.4166666666666665,-1.3,2.0,2.0,0.4766666666666667,0.02,0.6566666666666667,0.645,6809.666666666667,6946.5
6400.0,8.250000000000256,152.0,156.0,100.0,100.0,0.0,0.0,-1.85,-0.74,2.0,2.0,0.4,0.15,0.58,0.61,6974.0,7094.0
6405.0,8.225000000000051,154.5,157.0,100.0,100.0,0.0,0.0,-2.95,-0.68,2.0,2.0,0.545,0.18,0.595,0.57,7059.0,7147.0
6410.0,8.22500000000025,156.0,159.5,0.0,50.0,0.0,0.0,-3.01,-1.7149999999999999,0.0,0.0,0.64,0.275,0.0,0.41,6969.0,6424.0
6415.0,8.224999999999909,158.0,160.5,100.0,100.0,0.0,0.0,-3.01,-2.0949999999999998,3.0,3.0,0.66,0.37,0.82,0.5549999999999999,5796.0,5946.5
6420.0,8.225000000000136,160.5,164.0,100.0,100.0,0.0,0.0,-3.14,-1.75,3.0,3.0,0.715,0.5,0.545,0.55,5988.0,6070.0
6425.0,8.224999999999994,162.0,166.0,100.0,100.0,0.0,0.0,-2.885,-1.62,3.0,3.0,0.785,0.47,0.545,0.53,6041.0,6159.0
6430.0,8.216666666666669,165.0,167.33333333333334,100.0,100.0,0.0,0.0,-1.75,-1.87,3.0,3.0,0.67,0.43333333333333335,0.55,0.53,6153.0,6238.0
6435.0,8.22500000000008,166.0,169.5,100.0,100.0,0.0,0.0,-1.54,-2.16,3.0,3.0,0.63,0.54,0.55,0.55,6221.0,6299.5
6440.0,8.225000000000193,168.0,171.5,100.0,100.0,0.0,0.0,-1.55,-2.3899999999999997,3.0,3.0,0.64,0.615,0.56,0.535,6264.0,6345.0
6445.0,8.208333333333528,170.33333333333334,173.5,100.0,100.0,0.0,0.0,-1.3633333333333333,-2.875,3.0,3.0,0.5466666666666667,0.7050000000000001,0.53,0.505,6310.333333333333,6418.5
6450.0,8.208333333333371,172.5,175.0,100.0,100.0,0.0,0.0,-1.32,-3.04,3.0,3.0,0.41000000000000003,0.7266666666666667,0.5,0.4766666666666667,6390.5,6497.333333333333
6455.0,8.208333333333456,174.5,176.66666666666666,100.0,100.0,0.0,0.0,-1.7650000000000001,-2.9899999999999998,3.0,3.0,0.475,0.87,0.55,0.5233333333333333,6490.5,6563.666666666667
6460.0,8.208333333333314,176.0,178.66666666666666,100.0,100.0,0.0,0.0,-2.585,-3.48,3.0,3.0,0.525,0.75,0.5,0.47333333333333333,6527.5,6634.0
6465.0,8.208333333333428,177.5,180.66666666666666,100.0,100.0,0.0,0.0,-2.6,-2.896666666666667,3.0,3.0,0.55,0.9133333333333333,0.475,0.5366666666666666,6646.5,6740.666666666667
6470.0,8.208333333333513,179.5,182.0,100.0,100.0,0.0,0.0,-1.82,-1.4033333333333333,3.0,3.0,0.765,0.9733333333333333,0.5349999999999999,0.49666666666666665,6645.5,6718.0
6475.0,8.208333333333371,181.5,184.0,100.0,100.0,0.0,0.0,-1.475,-0.9433333333333334,3.0,3.0,0.645,0.6433333333333333,0.485,0.47,6701.0,6797.0
6480.0,8.208333333333456,183.0,185.66666666666666,100.0,100.0,0.0,0.0,-1.7999999999999998,-1.9566666666666666,3.0,3.0,0.56,0.61,0.48,0.47333333333333333,6787.5,6870.333333333333
6485.0,8.199999999999989,184.5,187.0,100.0,100.0,0.0,0.0,-2.64,-2.9299999999999997,3.0,3.0,0.66,0.6950000000000001,0.49,0.45999999999999996,6833.5,6905.5
6490.0,8.200000000000102,186.5,188.5,100.0,100.0,0.0,0.0,-3.64,-3.8499999999999996,3.0,3.0,0.735,0.7849999999999999,0.45,0.445,6908.5,6987.0
6495.0,8.200000000000202,187.33333333333334,190.33333333333334,100.0,100.0,0.0,0.0,-4.326666666666666,-4.83,3.0,3.0,0.9466666666666667,1.0833333333333335,0.4766666666666666,0.47,6966.0,7037.666666666667
6500.0,8.200000000000003,189.33333333333334,191.33333333333334,100.0,81.0,0.0,0.0,-3.9933333333333336,-5.553333333333334,3.0,3.0,0.9933333333333334,1.0766666666666667,0.44333333333333336,0.39,7015.0,7057.666666666667
6505.0,8.199999999999989,191.0,192.0,93.0,6.0,0.0,0.0,-3.68,-6.5,3.0,3.0,0.99,1.33,0.42,0.07,7103.0,6945.0
6510.0,8.200000000000074,192.0,191.0,53.0,0.0,0.0,0.0,-3.8,-7.5,3.0,3.0,1.18,1.62,0.26,-0.17,7029.0,6894.0
6515.0,8.200000000000188,192.0,191.0,0.0,0.0,0.0,0.0,-5.06,-8.03,3.0,3.0,1.22,1.58,-0.18,-0.17,6926.0,6862.0
6520.0,8.200000000000273,191.0,190.0,0.0,0.0,0.0,0.0,-6.3,-8.82,3.0,3.0,1.27,1.45,-0.18,-0.16,6874.0,6827.0
6525.0,8.199999999999946,190.33333333333334,189.33333333333334,0.0,0.0,0.0,0.0,-6.583333333333333,-9.523333333333333,3.0,3.0,1.3566666666666667,1.64,-0.17,-0.16666666666666669,6848.333333333333,6798.333333333333
6530.0,8.20000000000006,189.33333333333334,188.33333333333334,0.0,0.0,0.0,0.0,-6.713333333333333,-10.37,3.0,3.0,1.33,1.5,-0.17333333333333334,-0.15666666666666668,6824.0,6768.666666666667
6535.0,8.20000000000016,189.0,188.0,0.0,0.0,0.0,0.0,-7.754999999999999,-10.969999999999999,3.0,3.0,1.4,1.65,-0.16999999999999998,-0.175,6793.0,6734.0
6540.0,8.200000000000045,188.0,187.0,0.0,0.0,0.0,0.0,-9.46,-11.05,3.0,3.0,1.545,1.5150000000000001,-0.16999999999999998,-0.15,6766.5,6705.0
6545.0,8.208333333333414,187.0,186.0,0.0,0.0,0.0,0.0,-10.71,-10.815000000000001,3.0,3.0,1.3366666666666667,1.38,-0.15666666666666668,-0.13,6729.0,6667.0
6550.0,8.200000000000031,186.66666666666666,185.0,0.0,12.333333333333332,0.0,0.0,-11.783333333333333,-11.02,3.0,3.0,1.59,1.71,-0.16666666666666666,-0.03333333333333333,6698.333333333333,6721.666666666667
6555.0,8.200000000000117,185.66666666666666,185.0,0.0,35.666666666666664,0.0,0.0,-12.333333333333334,-11.129999999999999,3.0,3.0,1.91,1.56,-0.18,0.07666666666666667,6672.333333333333,6744.666666666667
6560.0,8.200000000000188,185.0,185.33333333333334,8.666666666666666,57.0,0.0,0.0,-13.263333333333334,-11.523333333333333,3.0,3.0,1.45,1.79,-0.07666666666666667,0.17666666666666667,6700.666666666667,6863.666666666667
6565.0,8.200000000000017,184.0,185.66666666666666,30.666666666666668,71.0,0.0,0.0,-13.88,-11.55,3.0,3.0,2.6266666666666665,2.57,-0.05,0.009999999999999998,6708.666666666667,6785.333333333333
6570.0,8.199999999999989,184.0,185.0,46.0,82.0,0.0,0.0,-13.87,-11.55,3.0,3.0,2.99,2.41,0.03,0.19,6683.0,6772.0
6575.0,8.200000000000074,183.0,186.0,54.0,81.0,0.0,0.0,-13.05,-11.53,3.0,3.0,2.58,2.4,0.05,0.27,6707.0,6804.0
6580.0,8.200000000000188,183.0,186.0,62.0,81.0,0.0,0.0,-11.09,-11.0,3.0,3.0,2.32,2.28,0.13,0.2,6712.0,6870.0
6585.0,8.200000000000273,183.0,187.0,77.0,84.0,0.0,0.0,-8.56,-8.97,3.0,3.0,2.43,2.42,0.21,0.29,6715.0,6882.0
6590.0,8.199999999999903,184.0,188.0,99.0,91.0,0.0,0.0,-5.67,-6.51,3.0,3.0,1.46,1.46,0.32,0.31,6792.0,6994.0
6595.0,8.199999999999989,185.0,189.0,100.0,100.0,0.0,0.0,-2.59,-2.14,3.0,3.0,1.44,1.82,0.4,0.59,7033.0,7099.0
6600.0,8.183333333333422,187.0,190.0,100.0,100.0,0.0,0.0,0.52,0.6766666666666666,3.0,3.0,1.25,1.5033333333333332,0.48,0.41333333333333333,6905.0,7031.666666666667
6605.0,8.183333333333508,188.0,191.0,100.0,100.0,0.0,0.0,1.81,4.113333333333333,3.0,3.0,0.85,1.02,0.54,0.5133333333333333,7010.0,7060.666666666667
6610.0,8.191666666666833,189.0,192.5,100.0,100.0,0.0,0.0,2.0,5.075,3.0,3.0,0.31666666666666665,0.065,0.4433333333333333,0.335,6972.666666666667,7136.5
6615.0,8.183333333333309,190.66666666666666,193.33333333333334,100.0,100.0,0.0,0.0,2.013333333333333,4.623333333333334,3.0,3.0,-0.04666666666666667,-0.31,0.14,0.22666666666666668,7292.666666666667,7346.0
6620.0,8.183333333333394,191.66666666666666,194.33333333333334,100.0,100.0,0.0,0.0,2.046666666666667,4.123333333333334,3.0,3.0,-0.2533333333333333,-0.7866666666666666,0.42,0.39333333333333337,7149.333333333333,7245.0
6625.0,8.175000000000182,193.0,196.0,100.0,100.0,0.0,0.0,2.48,4.13,3.0,3.0,-0.455,-1.08,0.395,0.38,7175.5,7265.0
6630.0,8.183333333333337,194.33333333333334,197.0,66.66666666666667,100.0,0.0,0.0,2.666666666666667,4.14,3.0,3.0,-0.7766666666666666,-1.12,0.21,0.38,7121.666666666667,7236.0
6635.0,8.183333333333337,195.0,198.0,0.0,100.0,0.0,0.0,2.81,4.2,0.0,3.0,-0.79,-1.08,-0.06,0.25333333333333335,6784.0,7341.666666666667
6640.0,8.183333333333422,196.0,198.0,100.0,58.666666666666664,0.0,0.0,3.82,4.413333333333333,4.0,0.0,-1.03,-1.3833333333333333,0.48,-0.04333333333333333,5921.0,6753.666666666667
6645.0,8.166666666666856,198.0,199.33333333333334,100.0,100.0,0.0,0.0,4.87,4.87,4.0,4.0,-1.35,-1.4433333333333334,0.39,0.43,5954.0,5926.666666666667
6650.0,8.183333333333508,198.66666666666666,200.33333333333334,100.0,100.0,0.0,0.0,5.053333333333334,5.26,4.0,4.0,-1.12,-1.3133333333333335,0.37666666666666665,0.38,6009.0,6148.666666666667
6655.0,8.174999999999983,199.5,201.0,99.5,100.0,0.0,0.0,4.390000000000001,4.34,4.0,4.0,-1.22,-1.62,0.37,0.43,6140.0,6150.0
6660.0,8.16666666666677,201.0,202.66666666666666,100.0,100.0,0.0,0.0,3.006666666666667,3.0466666666666664,4.0,4.0,-1.4933333333333334,-1.4533333333333334,0.41333333333333333,0.39,6089.0,6130.0
6665.0,8.183333333333593,202.0,203.66666666666666,100.0,100.0,0.0,0.0,2.43,2.59,4.0,4.0,-1.3,-1.05,0.36,0.36666666666666664,6130.0,6196.0
6670.0,8.166666666666572,203.0,205.33333333333334,100.0,100.0,0.0,0.0,2.27,2.42,4.0,4.0,-1.07,-1.2433333333333334,0.39,0.42,6213.0,6209.0
6675.0,8.166666666666742,204.66666666666666,206.0,100.0,100.0,0.0,0.0,1.5133333333333332,1.9,4.0,4.0,-1.1466666666666667,-1.16,0.4,0.4,6163.333333333333,6202.0
6680.0,8.166666666666856,205.33333333333334,207.0,100.0,100.0,0.0,0.0,1.6966666666666665,1.7433333333333334,4.0,4.0,-0.94,-0.89,0.37,0.4,6191.333333333333,6239.666666666667
6685.0,8.183333333333223,207.0,208.66666666666666,100.0,100.0,0.0,0.0,3.26,2.0533333333333332,4.0,4.0,-0.76,-0.6233333333333333,0.38,0.37333333333333335,6246.0,6322.666666666667
6690.0,8.166666666666657,208.0,209.33333333333334,100.0,100.0,0.0,0.0,4.8,2.566666666666667,4.0,4.0,-0.86,-0.7566666666666667,0.38,0.38,6337.0,6351.666666666667
6695.0,8.166666666666828,208.66666666666666,211.0,100.0,99.0,0.0,0.0,4.973333333333334,2.87,4.0,4.0,-1.18,-0.89,0.36333333333333334,0.36,6331.0,6373.0
6700.0,8.166666666666657,210.0,211.66666666666666,100.0,54.333333333333336,0.0,0.0,4.746666666666666,2.6599999999999997,4.0,4.0,-1.2966666666666666,-0.93,0.36666666666666664,0.24666666666666667,6357.333333333333,6336.0
6705.0,8.166666666666657,211.0,211.66666666666666,73.0,3.3333333333333335,0.0,19.0,4.0,2.4366666666666665,4.0,4.0,-1.16,-0.7466666666666667,0.3,-0.24333333333333335,6355.0,6227.333333333333
6710.0,8.166666666666828,211.0,210.0,13.666666666666668,0.0,0.0,44.0,3.5166666666666666,2.77,4.0,4.0,-1.0999999999999999,-0.82,-0.023333333333333345,-0.88,6256.0,6075.0
6715.0,8.183333333333337,211.0,207.0,0.0,0.0,2.333333333333333,50.0,3.546666666666667,3.64,4.0,4.0,-1.23,-1.06,-0.19,-1.07,6210.666666666667,6017.0
6720.0,8.16666666666677,209.33333333333334,202.66666666666666,0.0,0.0,25.0,50.0,4.376666666666667,4.5,4.0,4.0,-1.13,-1.02,-0.5966666666666667,-0.9866666666666667,6130.666666666667,5892.0
6725.0,8.166666666666742,207.0,200.33333333333334,0.0,0.0,30.0,44.333333333333336,5.14,4.906666666666667,4.0,4.0,-1.16,-1.1633333333333333,-0.66,-0.9566666666666667,6039.0,5814.333333333333
6730.0,8.183333333333422,205.33333333333334,196.66666666666666,0.0,0.0,33.666666666666664,35.0,5.6433333333333335,5.373333333333333,4.0,4.0,-1.4766666666666666,-1.5666666666666667,-0.8033333333333333,-0.7966666666666667,5994.666666666667,5748.333333333333
6735.0,8.175000000000125,202.0,195.0,0.0,0.0,35.5,32.0,5.845,5.9,4.0,4.0,-1.6400000000000001,-1.58,-0.825,-0.78,5901.0,5703.0
6740.0,8.183333333333337,199.33333333333334,192.0,0.0,0.0,35.0,29.0,5.983333333333333,6.71,4.0,4.0,-1.3933333333333333,-1.16,-0.7733333333333333,-0.6,5807.0,5601.0
6745.0,8.200000000000188,197.0,190.0,0.0,42.0,36.0,27.0,6.41,7.08,4.0,0.0,-1.17,-1.47,-0.8,-0.54,5698.0,6816.0
6750.0,8.183333333333593,194.0,187.66666666666666,69.0,0.0,36.0,21.333333333333332,6.88,7.16,0.0,3.0,-1.7,-1.7566666666666666,-0.78,-0.5866666666666667,6877.0,6714.666666666667
6755.0,8.183333333333223,191.0,186.33333333333334,0.0,0.0,33.0,11.666666666666668,6.88,7.383333333333334,3.0,3.0,-1.78,-1.5333333333333332,-0.8,-0.4033333333333333,6802.0,6670.333333333333
6760.0,8.200000000000074,188.33333333333334,184.33333333333334,0.0,0.0,25.0,4.333333333333334,6.926666666666667,8.053333333333335,3.0,3.0,-1.4366666666666668,-1.68,-0.66,-0.25666666666666665,6662.666666666667,6627.333333333333
6765.0,8.20000000000016,186.33333333333334,184.0,0.0,0.0,19.0,0.0,7.1033333333333335,8.19,3.0,3.0,-1.9533333333333334,-1.8666666666666667,-0.5766666666666667,-0.18333333333333332,6661.0,6611.666666666667
6770.0,8.200000000000074,184.33333333333334,183.0,0.0,0.0,12.666666666666666,0.0,8.09,8.316666666666666,3.0,3.0,-1.8933333333333333,-1.8266666666666667,-0.42666666666666664,-0.17666666666666667,6596.0,6584.666666666667
6775.0,8.20000000000016,182.33333333333334,182.0,0.0,0.0,7.333333333333333,0.0,9.236666666666666,8.98,3.0,3.0,-1.6933333333333334,-1.6933333333333334,-0.32,-0.16666666666666669,6551.333333333333,6548.666666666667
6780.0,8.19999999999996,181.33333333333334,181.33333333333334,0.0,0.0,1.6666666666666667,0.0,9.813333333333334,9.81,3.0,3.0,-1.8333333333333333,-1.8766666666666667,-0.23333333333333334,-0.18333333333333332,6513.0,6521.666666666667
6785.0,8.200000000000074,180.33333333333334,180.0,0.0,0.0,0.0,0.0,10.040000000000001,10.66,3.0,3.0,-2.0833333333333335,-2.046666666666667,-0.20333333333333334,-0.19333333333333333,6488.0,6483.666666666667
6790.0,8.20000000000016,179.0,179.33333333333334,0.0,0.0,0.0,0.0,10.783333333333333,10.766666666666666,3.0,3.0,-1.8366666666666667,-1.3,-0.19,-0.15000000000000002,6446.666666666667,6447.0
6795.0,8.200000000000074,178.33333333333334,178.33333333333334,0.0,0.0,0.0,0.0,12.106666666666666,10.87,3.0,3.0,-1.1433333333333333,-1.2666666666666666,-0.15333333333333332,-0.16,6400.0,6367.0
6800.0,8.20000000000016,177.33333333333334,177.33333333333334,0.0,0.0,0.0,0.0,13.636666666666667,10.493333333333334,3.0,3.0,-1.6733333333333333,-2.0166666666666666,-0.18666666666666668,-0.17333333333333334,6365.666666666667,6383.0
6805.0,8.19999999999996,177.0,177.0,24.666666666666664,4.666666666666666,0.0,0.0,13.88,10.46,3.0,3.0,-1.82,-1.5266666666666668,-0.03666666666666667,-0.07666666666666667,6436.0,6381.666666666667
6810.0,8.200000000000074,177.0,176.0,59.0,15.666666666666666,0.0,0.0,13.66,10.77,3.0,3.0,-1.5733333333333333,-1.9533333333333334,0.07666666666666667,-0.02666666666666667,6509.333333333333,6401.666666666667
6815.0,8.200000000000074,177.0,176.0,85.0,40.0,0.0,0.0,12.25,11.93,3.0,3.0,-2.13,-1.91,0.18,0.03,6496.0,6416.0
6820.0,8.200000000000188,177.0,176.0,83.0,51.0,0.0,0.0,11.94,13.6,3.0,3.0,-1.8,-1.94,0.19,0.1,6546.0,6424.0
6825.0,8.200000000000273,178.0,176.0,84.0,67.0,0.0,0.0,12.04,14.81,3.0,3.0,-1.88,-1.82,0.24,0.12,6556.0,6465.0
6830.0,8.199999999999903,178.0,176.0,81.0,85.0,0.0,0.0,12.18,15.25,3.0,3.0,-1.93,-1.94,0.25,0.24,6624.0,6496.0
6835.0,8.199999999999989,179.0,177.0,83.0,83.0,0.0,0.0,12.44,15.27,3.0,3.0,-1.87,-1.89,0.33,0.24,6646.0,6537.0
6840.0,8.200000000000074,180.0,177.0,80.0,80.0,0.0,0.0,12.52,15.22,3.0,3.0,-1.96,-2.46,0.33,0.24,6707.0,6536.0
6845.0,8.200000000000188,180.0,177.0,80.0,80.0,0.0,0.0,12.52,14.7,3.0,3.0,-2.37,-2.81,0.34,0.21,6723.0,6546.0
6850.0,8.200000000000273,181.0,177.0,82.0,82.0,0.0,0.0,12.52,14.37,3.0,3.0,-2.9,-2.47,0.36,0.28,6701.0,6549.0
6855.0,8.199999999999903,182.0,178.0,81.0,77.0,0.0,0.0,12.52,14.36,3.0,3.0,-2.17,-2.07,0.28,0.32,6744.0,6664.0
6860.0,8.199999999999989,182.0,179.0,78.0,74.0,0.0,0.0,12.59,13.89,3.0,3.0,-1.97,-1.84,0.36,0.21,6780.0,6701.0
6865.0,8.216666666666754,183.0,179.0,76.0,76.0,0.0,0.0,12.88,12.473333333333333,3.0,3.0,-2.47,-2.7066666666666666,0.34,0.3433333333333333,6883.0,6647.333333333333
6870.0,8.216666666666839,183.0,180.0,79.0,80.0,0.0,0.0,12.88,11.086666666666668,3.0,3.0,-2.74,-2.29,0.28,0.2866666666666667,6768.0,6654.0
6875.0,8.216666666666924,183.0,180.33333333333334,77.0,78.33333333333333,0.0,0.0,12.83,10.483333333333333,3.0,3.0,-1.99,-1.8033333333333335,0.23,0.32,6843.0,6721.0
6880.0,8.216666666666583,183.0,181.0,76.0,79.0,0.0,0.0,12.04,10.1,4.0,3.0,-1.84,-1.6666666666666665,0.39,0.29,5863.0,6764.666666666667
6885.0,8.216666666666669,184.0,182.0,76.0,79.33333333333333,0.0,0.0,10.46,9.423333333333334,4.0,3.0,-1.73,-1.7866666666666666,0.27,0.3466666666666667,5675.0,6793.0
6890.0,8.21666666666681,184.0,182.0,77.66666666666667,82.0,0.0,0.0,9.693333333333333,8.82,4.0,3.0,-1.8966666666666667,-1.88,0.30666666666666664,0.36,5635.0,6802.0
6895.0,8.216666666666754,185.0,183.0,78.33333333333333,84.0,0.0,0.0,9.34,8.23,4.0,3.0,-1.5533333333333332,-1.57,0.2466666666666667,0.32,5643.333333333333,6856.0
6900.0,8.216666666666839,185.66666666666666,184.0,78.66666666666667,87.0,0.0,0.0,9.323333333333334,6.97,4.0,3.0,-1.51,-1.4,0.2733333333333334,0.33,5694.666666666667,6896.0
6905.0,8.21666666666664,186.0,185.0,81.0,94.0,0.0,0.0,9.133333333333335,5.92,4.0,3.0,-1.5733333333333333,-1.49,0.29333333333333333,0.39,5693.666666666667,6925.0
6910.0,8.22500000000008,187.0,186.0,84.0,100.0,0.0,0.0,8.655000000000001,5.43,4.0,3.0,-1.73,-1.57,0.3,0.41,5698.5,6932.0
6915.0,8.225000000000165,187.5,188.0,89.0,100.0,0.0,0.0,8.055,4.96,4.0,3.0,-1.67,-1.33,0.31,0.39,5699.0,6973.0
6920.0,8.233333333333348,188.33333333333334,189.0,91.0,100.0,0.0,0.0,7.59,4.34,4.0,3.0,-1.34,-1.38,0.32333333333333336,0.42,5747.333333333333,7062.0
6925.0,8.216666666666754,189.33333333333334,190.0,93.0,100.0,0.0,0.0,7.176666666666667,3.9166666666666665,4.0,3.0,-1.53,-0.9733333333333334,0.3333333333333333,0.38666666666666666,5780.0,7026.666666666667
6930.0,8.216666666666669,190.33333333333334,191.0,94.0,33.33333333333334,0.0,0.0,6.766666666666667,3.623333333333333,4.0,3.0,-1.0033333333333334,-1.1833333333333331,0.31,0.01666666666666669,5864.333333333333,7089.0
6935.0,8.225000000000193,191.0,191.0,92.0,50.0,0.0,0.0,6.49,3.3200000000000003,4.0,0.0,-1.83,-0.5549999999999999,0.44,-0.08,5924.0,6410.5
6940.0,8.216666666666924,192.0,191.66666666666666,100.0,86.0,0.0,0.0,6.02,4.2,4.0,4.0,-0.6,-1.0666666666666667,-0.1,0.7266666666666667,6361.0,6553.0
6945.0,8.216666666666583,193.0,194.0,99.0,100.0,0.0,0.0,5.3,4.303333333333334,4.0,4.0,-1.93,-1.19,0.4,0.45999999999999996,5898.0,5884.666666666667
6950.0,8.216666666666725,194.66666666666666,195.0,100.0,100.0,0.0,0.0,3.7800000000000002,3.98,4.0,4.0,-1.5133333333333332,-0.94,0.4033333333333333,0.44,5946.0,5955.0
6955.0,8.21666666666681,195.66666666666666,196.0,100.0,100.0,0.0,0.0,2.0100000000000002,3.92,4.0,4.0,-0.9866666666666667,-0.92,0.37666666666666665,0.38,6022.0,6019.0
6960.0,8.233333333333348,196.33333333333334,198.0,100.0,100.0,0.0,0.0,0.8866666666666667,3.56,4.0,4.0,-1.0066666666666666,-1.35,0.35333333333333333,0.43,6045.0,6039.0
6965.0,8.216666666666754,198.0,198.66666666666666,100.0,100.0,0.0,0.0,-0.41,2.6500000000000004,4.0,4.0,-1.1066666666666667,-1.2766666666666666,0.45,0.4066666666666667,6001.666666666667,6008.333333333333
6970.0,8.216666666666754,199.0,200.0,100.0,100.0,0.0,0.0,-1.01,1.51,4.0,4.0,-0.68,-0.9733333333333333,0.4,0.38666666666666666,5998.0,6066.333333333333
6975.0,8.216666666666839,200.0,201.33333333333334,100.0,100.0,0.0,0.0,-1.02,0.2666666666666667,4.0,4.0,-0.13,-0.77,0.4,0.4066666666666667,6057.0,6075.333333333333
6980.0,8.216666666666839,201.66666666666666,202.0,100.0,100.0,0.0,0.0,-0.9533333333333334,-0.11,4.0,4.0,0.06,-0.51,0.38333333333333336,0.4,6078.0,6119.0
6985.0,8.216666666666669,202.33333333333334,203.66666666666666,100.0,100.0,0.0,0.0,-0.6266666666666667,-0.27666666666666667,4.0,4.0,0.16,-0.32,0.39333333333333337,0.4,6124.666666666667,6140.0
6990.0,8.216666666666782,204.0,205.0,100.0,100.0,0.0,0.0,-0.13,-0.4866666666666667,4.0,4.0,0.18666666666666668,-0.08000000000000002,0.38,0.38333333333333336,6149.0,6173.666666666667
6995.0,8.216666666666924,205.0,206.0,100.0,100.0,0.0,0.0,0.0,-0.47000000000000003,4.0,4.0,0.12,0.023333333333333334,0.35,0.37666666666666665,6184.0,6236.0
7000.0,8.21666666666664,206.0,207.0,100.0,100.0,0.0,0.0,-0.01,-0.1,4.0,4.0,0.07666666666666667,0.05,0.37,0.4,6249.666666666667,6262.0
7005.0,8.208333333333428,207.5,208.66666666666666,100.0,100.0,0.0,0.0,0.16,0.33,4.0,4.0,0.05,0.020000000000000004,0.385,0.37333333333333335,6255.5,6286.333333333333
7010.0,8.216666666666868,208.33333333333334,209.66666666666666,100.0,100.0,0.0,0.0,0.8366666666666667,0.3333333333333333,4.0,4.0,-0.056666666666666664,-0.02333333333333333,0.36333333333333334,0.39,6299.333333333333,6323.666666666667
7015.0,8.216666666666583,210.0,211.0,100.0,100.0,0.0,0.0,1.09,0.2833333333333333,4.0,4.0,-0.15,-0.05,0.35,0.38333333333333336,6313.0,6359.666666666667
7020.0,8.216666666666725,210.66666666666666,212.0,100.0,100.0,0.0,0.0,0.8566666666666667,0.17,4.0,4.0,-0.20666666666666667,-0.05,0.33666666666666667,0.37,6360.0,6399.0
7025.0,8.216666666666868,212.0,213.0,100.0,100.0,0.0,0.0,0.6366666666666667,0.2966666666666667,4.0,4.0,-0.24333333333333332,-0.06666666666666667,0.35333333333333333,0.37333333333333335,6391.666666666667,6420.0
7030.0,8.216666666666583,213.0,214.0,100.0,61.66666666666667,0.0,0.0,0.68,0.6666666666666666,4.0,4.0,-0.26,-0.11666666666666667,0.37,0.25333333333333335,6411.0,6412.666666666667
7035.0,8.216666666666725,213.66666666666666,215.0,100.0,7.0,0.0,8.0,0.69,0.81,4.0,4.0,-0.24,-0.15,0.35333333333333333,-0.09,6452.0,6327.0
7040.0,8.216666666666868,215.0,212.33333333333334,100.0,0.0,0.0,38.666666666666664,0.59,0.5633333333333334,4.0,4.0,-0.23666666666666666,-0.18,0.3433333333333333,-0.7833333333333333,6484.333333333333,6225.0
7045.0,8.216666666666583,216.0,210.33333333333334,62.0,0.0,0.0,51.0,0.46,0.3933333333333333,4.0,4.0,-0.22,-0.16666666666666666,0.23,-1.0066666666666666,6461.0,6141.0
7050.0,8.233333333333405,215.33333333333334,205.66666666666666,5.0,23.0,31.0,61.333333333333336,0.5266666666666667,0.36,4.0,4.0,-0.21,-0.14666666666666667,-0.6399999999999999,-1.19,6333.0,6075.0
7055.0,8.225000000000165,212.0,202.0,0.0,41.0,53.5,66.0,0.675,0.42,4.0,0.0,-0.195,-0.12,-1.12,-1.29,6193.5,7188.0
7060.0,8.216666666666669,208.0,198.66666666666666,0.0,0.0,73.66666666666667,66.0,0.69,0.5333333333333333,4.0,3.0,-0.20333333333333334,-0.15,-1.5133333333333332,-1.3233333333333335,6018.333333333333,7017.333333333333
7065.0,8.23333333333332,203.0,193.66666666666666,0.0,0.0,78.0,66.0,0.8,0.7266666666666667,4.0,3.0,-0.21,-0.16,-1.54,-1.3466666666666667,5840.0,6855.0
7070.0,8.22500000000008,197.0,189.5,0.0,0.0,82.0,66.0,1.55,1.37,4.0,3.0,-0.34,-0.24,-1.63,-1.315,5680.0,6712.0
7075.0,8.24166666666676,192.66666666666666,184.5,46.0,0.0,81.33333333333333,62.0,1.98,2.71,4.0,3.0,-0.3433333333333333,-0.375,-1.5466666666666666,-1.23,6124.333333333333,6491.5
7080.0,8.241666666666816,187.0,180.5,11.333333333333336,0.0,79.66666666666667,57.0,2.416666666666667,3.82,0.0,3.0,-0.46,-0.6599999999999999,-1.6533333333333333,-1.22,6439.0,6378.0
7085.0,8.25,182.0,176.0,0.0,0.0,76.0,45.0,2.5,4.3149999999999995,3.0,3.0,-0.59,-0.855,-1.5350000000000001,-0.95,6412.0,6256.5
7090.0,8.250000000000085,177.0,173.0,0.0,0.0,67.5,33.5,2.51,4.32,3.0,3.0,-0.5700000000000001,-0.9199999999999999,-1.3599999999999999,-0.76,6208.5,6162.5
7095.0,8.250000000000142,171.66666666666666,170.33333333333334,0.0,0.0,58.666666666666664,29.0,2.77,4.326666666666667,3.0,3.0,-0.69,-1.0833333333333335,-1.2566666666666666,-0.67,6049.0,6095.333333333333
7100.0,8.25000000000017,167.0,167.0,69.0,0.0,54.0,28.0,3.08,5.13,0.0,3.0,-0.74,-0.85,-1.05,-0.6,7044.0,5966.0
7105.0,8.250000000000256,163.0,165.0,0.0,0.0,52.0,28.0,4.38,5.9,2.0,3.0,-0.57,-1.18,-1.05,-0.66,6906.0,5894.0
7110.0,8.233333333333348,159.0,163.0,0.0,0.0,48.333333333333336,28.0,5.29,5.93,2.0,3.0,-0.9666666666666667,-1.02,-1.04,-0.56,6903.666666666667,5840.0
7115.0,8.250000000000114,155.0,160.5,0.0,69.0,39.5,27.5,6.255000000000001,5.9350000000000005,2.0,0.0,-0.8200000000000001,-1.2,-0.815,-0.52,6659.5,6222.0
7120.0,8.233333333333235,152.0,157.66666666666666,0.0,0.0,29.0,26.333333333333332,7.57,5.966666666666667,2.0,0.0,-1.24,-1.1600000000000001,-0.73,-0.55,6613.0,6899.666666666667
7125.0,8.225000000000136,149.0,155.0,0.0,0.0,7.0,26.0,8.4,6.7,2.0,2.0,-1.25,-1.25,-0.3,-0.61,6543.5,6778.0
7130.0,8.224999999999909,148.0,152.5,0.0,0.0,0.0,26.0,9.22,7.5649999999999995,2.0,2.0,-1.36,-1.375,-0.16,-0.615,6528.0,6627.0
7135.0,8.225000000000136,147.0,150.0,0.0,0.0,0.0,26.0,10.535,8.1,2.0,2.0,-1.6099999999999999,-1.42,-0.175,-0.56,6484.5,6564.0
7140.0,8.216666666666583,146.0,146.66666666666666,0.0,0.0,17.0,26.666666666666668,10.33,7.043333333333334,2.0,2.0,-1.47,-1.6366666666666665,-0.42,-0.6633333333333333,6383.0,6410.0
7145.0,8.225000000000136,142.0,143.0,0.0,0.0,42.5,33.0,8.47,4.27,2.0,2.0,-1.605,-1.32,-0.905,-0.74,6187.0,6241.0
7150.0,8.224999999999909,138.0,139.0,0.0,0.0,52.0,46.0,5.51,1.9699999999999998,2.0,2.0,-1.28,-0.99,-1.03,-0.9199999999999999,5836.0,6062.0
7155.0,8.225000000000136,132.5,134.0,0.0,0.0,50.5,61.0,2.8449999999999998,0.73,2.0,2.0,-1.355,-0.56,-1.05,-1.21,5618.0,5866.0
7160.0,8.225000000000051,127.0,128.0,0.0,0.0,52.5,64.0,0.14500000000000002,0.94,2.0,2.0,-0.9550000000000001,-0.27,-1.005,-1.27,5285.5,5451.0
7165.0,8.20000000000016,121.0,122.0,34.5,0.0,53.0,62.5,-3.5,1.475,2.0,2.0,-0.7749999999999999,-0.19,-1.0899999999999999,-1.155,5159.5,5197.5
7170.0,8.22500000000008,116.0,115.0,0.0,0.0,53.0,59.0,-5.15,1.72,1.0,1.0,-0.045,-0.12,-1.02,-0.99,6409.0,6233.0
7175.0,8.224999999999994,110.0,110.0,0.0,0.0,52.0,60.0,-5.02,-0.69,1.0,1.0,0.475,-0.01,-1.005,-1.13,6072.5,5757.0
7180.0,8.22500000000025,104.0,102.5,0.0,0.0,50.0,56.5,-6.95,-4.455,1.0,1.0,0.67,0.26,-0.9,-1.01,5646.0,5352.0
7185.0,8.199999999999989,97.0,97.0,0.0,0.0,37.0,49.0,-11.18,-10.6,1.0,1.0,0.96,0.89,-0.76,-1.03,5390.0,5326.0
7190.0,8.225000000000051,94.5,91.0,0.0,0.0,4.5,23.0,-15.375,-18.44,1.0,1.0,1.295,1.33,-0.235,-0.52,5344.5,5160.0
7195.0,8.250000000000085,93.0,89.0,0.0,0.0,0.0,0.0,-20.87,-25.86,1.0,1.0,1.35,1.86,-0.14,-0.21,5294.0,5064.0
7200.0,8.250000000000256,92.0,88.0,0.0,0.0,0.0,0.0,-28.08,-31.5,1.0,1.0,2.11,1.98,-0.22,-0.24,5209.0,4971.0
7205.0,8.25,90.0,85.0,0.0,0.0,0.0,0.0,-32.67,-35.91,1.0,1.0,2.22,2.19,-0.26,-0.28,5097.0,4839.0
7210.0,8.275000000000176,88.0,82.5,0.0,0.0,0.0,0.0,-35.0,-39.05,1.0,1.0,2.24,2.1550000000000002,-0.28,-0.28,4954.0,4660.0
7215.0,8.275000000000034,84.5,79.0,0.0,0.0,0.0,0.0,-36.59,-39.74,1.0,1.0,2.1100000000000003,2.0,-0.26,-0.26,4782.0,4488.0
7220.0,8.299999999999898,82.0,77.0,0.0,9.0,0.0,0.0,-36.8,-39.93,1.0,1.0,2.05,1.78,-0.26,-0.08,4611.0,4429.0
7225.0,8.300000000000097,80.0,76.0,14.0,21.0,0.0,0.0,-36.8,-39.93,1.0,1.0,1.92,1.75,0.0,0.05,4643.0,4438.0
7230.0,8.300000000000097,80.0,77.0,34.0,39.0,0.0,0.0,-36.31,-37.32,1.0,1.0,1.91,1.76,0.07,0.15,4690.0,4517.0
7235.0,8.350000000000279,81.0,79.0,46.0,40.0,0.0,0.0,-30.17,-29.16,1.0,1.0,1.6,1.61,0.22,0.24,4814.0,4695.0
7240.0,8.300000000000267,84.0,80.0,56.0,55.0,0.0,0.0,-21.56,-15.35,1.0,1.0,1.55,1.44,0.37,0.38,4998.0,4815.0
7245.0,8.349999999999994,86.0,85.0,75.0,97.0,0.0,0.0,-10.71,0.27,1.0,1.0,1.37,0.42,0.55,0.69,5202.0,5037.0
7250.0,8.350000000000165,91.0,91.0,89.0,96.0,0.0,0.0,-4.42,1.01,1.0,1.0,0.9,-0.01,0.7,0.83,5449.0,5404.0
7255.0,8.324999999999903,96.0,96.0,88.0,93.0,0.0,0.0,-2.41,0.83,1.0,1.0,0.66,-0.04,0.78,0.885,5847.0,5794.5
7260.0,8.325000000000188,101.0,101.0,93.5,96.0,0.0,0.0,2.5,1.32,1.0,1.0,0.295,-0.07,0.905,0.9,6089.0,6076.0
7265.0,8.324999999999989,106.0,107.0,94.0,93.5,0.0,0.0,9.14,6.295,1.0,1.0,-0.54,-0.425,0.79,0.845,6334.0,6399.5
7270.0,8.349999999999909,111.0,112.0,80.0,75.0,0.0,0.0,13.17,11.17,1.0,1.0,-1.05,-0.88,0.66,0.68,6555.0,6601.0
7275.0,8.325000000000188,114.5,114.0,71.0,0.0,0.0,0.0,13.715,11.85,1.0,0.0,-1.375,-1.49,0.615,-0.18,6812.5,6640.0
7280.0,8.325000000000074,117.5,117.0,66.0,63.0,0.0,0.0,12.57,11.42,1.0,2.0,-1.58,-1.3,0.56,0.55,6900.5,5399.0
7285.0,8.324999999999989,119.0,119.0,31.5,59.0,0.0,0.0,12.62,11.25,1.0,2.0,-1.475,-1.46,0.23500000000000001,0.47,6962.5,5453.0
7290.0,8.32500000000013,120.5,122.0,62.5,59.0,0.0,0.0,12.35,11.1,2.0,2.0,-1.0150000000000001,-1.4,0.405,0.42,5738.0,5674.0
7295.0,8.325000000000045,123.5,124.0,59.5,62.0,0.0,0.0,12.32,10.43,2.0,2.0,-1.62,-1.32,0.565,0.44,5658.0,5775.0
7300.0,8.325000000000188,125.5,126.0,59.5,63.0,0.0,0.0,11.855,9.78,2.0,2.0,-1.565,-1.67,0.46499999999999997,0.51,5915.0,5845.0
7305.0,8.325000000000074,127.0,129.0,63.0,67.0,0.0,0.0,8.89,6.5,2.0,2.0,-1.6949999999999998,-1.44,0.46499999999999997,0.51,5947.0,5954.0
7310.0,8.325000000000102,129.0,130.5,69.0,85.0,0.0,0.0,4.17,3.7750000000000004,2.0,2.0,-1.37,-1.0150000000000001,0.49,0.53,6029.0,6181.5
7315.0,8.324999999999989,131.0,133.5,67.0,90.0,0.0,0.0,-0.76,2.7800000000000002,2.0,2.0,-1.24,-1.03,0.64,0.6000000000000001,6242.0,6310.0
7320.0,8.324999999999989,133.0,136.0,72.5,91.0,0.0,0.0,-1.52,2.96,2.0,2.0,-1.04,-1.17,0.475,0.67,6316.0,6397.0
7325.0,8.300000000000125,135.5,138.5,91.0,92.5,0.0,0.0,1.8199999999999998,2.875,2.0,2.0,-1.07,-1.13,0.595,0.61,6409.5,6527.5
7330.0,8.299999999999898,138.0,141.0,96.0,96.0,0.0,0.0,2.42,2.12,2.0,2.0,-1.09,-1.13,0.63,0.65,6497.0,6597.0
7335.0,8.32500000000013,141.5,145.0,99.5,100.0,0.0,0.0,1.95,1.92,2.0,2.0,-0.97,-1.01,0.66,0.67,6559.5,6648.0
7340.0,8.299999999999898,144.0,147.0,100.0,100.0,0.0,0.0,1.69,1.99,2.0,2.0,-0.75,-0.8,0.62,0.64,6624.0,6783.0
7345.0,8.300000000000125,146.5,149.5,100.0,100.0,0.0,0.0,1.75,2.545,2.0,2.0,-0.585,-0.745,0.625,0.635,6775.5,6893.0
7350.0,8.299999999999898,150.0,152.0,100.0,100.0,0.0,0.0,1.72,3.07,2.0,2.0,-0.54,-0.75,0.61,0.59,6849.0,7001.0
7355.0,8.300000000000125,152.5,153.5,100.0,47.0,0.0,0.0,2.3049999999999997,2.85,2.0,0.0,-0.55,-0.6599999999999999,0.615,0.39,6975.0,6347.0
7360.0,8.299999999999983,154.66666666666666,155.66666666666666,100.0,100.0,0.0,0.0,2.7466666666666666,2.2399999999999998,2.0,3.0,-0.66,-0.81,0.5866666666666667,0.6766666666666666,7112.333333333333,5805.666666666667
7365.0,8.299999999999983,157.0,158.0,0.0,100.0,0.0,0.0,1.81,2.0,0.0,3.0,-0.68,-0.6,-0.39,0.54,7075.0,5897.0
7370.0,8.291666666666657,158.5,160.66666666666666,100.0,100.0,0.0,0.0,1.18,2.0,3.0,3.0,-0.47,-0.6533333333333333,0.69,0.5866666666666667,6003.5,6000.333333333333
7375.0,8.300000000000068,160.5,162.5,100.0,100.0,0.0,0.0,0.99,1.925,3.0,3.0,-0.485,-0.635,0.59,0.565,5961.0,6048.0
7380.0,8.283333333333417,163.0,165.33333333333334,100.0,100.0,0.0,0.0,0.02,1.54,3.0,3.0,-0.24,-0.48000000000000004,0.56,0.52,6059.0,6169.0
7385.0,8.300000000000182,164.0,167.0,100.0,100.0,0.0,0.0,-0.13,1.0,3.0,3.0,-0.15,-0.48,0.56,0.58,6144.0,6198.0
7390.0,8.300000000000267,167.0,169.0,100.0,100.0,0.0,0.0,0.21,0.31,3.0,3.0,-0.1,-0.32,0.55,0.58,6181.0,6300.0
7395.0,8.283333333333331,169.0,171.0,100.0,100.0,0.0,0.0,0.18333333333333332,-0.31,3.0,3.0,-0.07333333333333333,-0.18,0.55,0.54,6270.0,6343.0
7400.0,8.2916666666668,171.0,173.33333333333334,100.0,100.0,0.0,0.0,0.315,-0.41333333333333333,3.0,3.0,-0.08,-0.03333333333333334,0.525,0.54,6331.0,6443.0
7405.0,8.291666666666657,172.5,175.33333333333334,100.0,100.0,0.0,0.0,0.425,-0.17666666666666667,3.0,3.0,-0.095,0.013333333333333332,0.54,0.53,6420.5,6512.0
7410.0,8.291666666666742,174.5,177.33333333333334,100.0,100.0,0.0,0.0,0.305,-0.12666666666666668,3.0,3.0,-0.10500000000000001,0.04,0.53,0.5366666666666667,6493.0,6563.333333333333
7415.0,8.283333333333502,176.66666666666666,179.33333333333334,100.0,100.0,0.0,0.0,0.06666666666666667,-0.23666666666666666,3.0,3.0,-0.08333333333333333,0.04666666666666667,0.51,0.5033333333333333,6534.666666666667,6629.666666666667
7420.0,8.283333333333417,178.66666666666666,181.33333333333334,100.0,100.0,0.0,0.0,0.37666666666666665,-0.2733333333333334,3.0,3.0,-0.06666666666666667,0.05666666666666667,0.49,0.51,6625.0,6718.0
7425.0,8.283333333333502,180.0,183.33333333333334,100.0,100.0,0.0,0.0,0.9066666666666666,-0.27,3.0,3.0,-0.10999999999999999,0.08,0.49,0.51,6693.333333333333,6771.0
7430.0,8.283333333333303,181.66666666666666,184.33333333333334,100.0,100.0,0.0,0.0,0.74,-0.15,3.0,3.0,-0.16333333333333333,0.07666666666666667,0.5,0.5,6735.0,6824.333333333333
7435.0,8.283333333333388,183.66666666666666,186.33333333333334,100.0,100.0,0.0,0.0,0.11000000000000001,-0.1,3.0,3.0,-0.14666666666666667,0.056666666666666664,0.48333333333333334,0.49,6804.333333333333,6895.0
7440.0,8.266666666666822,185.66666666666666,188.0,100.0,100.0,0.0,0.0,-0.25,-0.1,3.0,3.0,-0.06,0.05,0.49,0.48,6882.333333333333,6961.0
7445.0,8.275000000000034,186.5,190.0,100.0,100.0,0.0,0.0,-0.08,-0.15,3.0,3.0,-0.035,0.05,0.46499999999999997,0.47,6919.0,7043.0
7450.0,8.27500000000012,188.5,191.0,100.0,100.0,0.0,0.0,0.27,-0.17,3.0,3.0,-0.025,0.05,0.445,0.48,6994.0,7043.0
7455.0,8.28333333333336,190.33333333333334,193.0,100.0,100.0,0.0,0.0,0.3233333333333333,-0.42,3.0,3.0,-0.03666666666666667,0.1,0.45666666666666667,0.46,7038.0,7110.0
7460.0,8.266666666666765,191.33333333333334,193.66666666666666,66.66666666666667,66.66666666666666,0.0,0.0,0.6233333333333334,-0.20333333333333334,3.0,0.0,-0.08666666666666667,0.07333333333333333,0.32,0.42666666666666664,6989.666666666667,6399.333333333333
7465.0,8.275000000000261,192.0,195.0,100.0,100.0,0.0,0.0,0.86,-0.115,4.0,4.0,-0.15,0.07500000000000001,0.29,0.47,6426.0,5888.0
7470.0,8.266666666666566,194.0,196.33333333333334,100.0,100.0,0.0,0.0,0.44,-0.09666666666666666,4.0,4.0,-0.17,0.056666666666666664,0.43,0.43,5853.0,5926.666666666667
7475.0,8.266666666666652,195.0,198.0,100.0,100.0,0.0,0.0,0.21,-0.023333333333333338,4.0,4.0,-0.14,0.043333333333333335,0.43,0.44,5890.0,5968.333333333333
7480.0,8.266666666666822,196.66666666666666,199.0,100.0,100.0,0.0,0.0,0.2566666666666667,0.2,4.0,4.0,-0.12333333333333334,0.0,0.41333333333333333,0.41,5926.333333333333,6023.0
7485.0,8.266666666666737,197.66666666666666,201.0,100.0,100.0,0.0,0.0,0.6966666666666665,0.65,4.0,4.0,-0.14333333333333334,-0.06,0.41333333333333333,0.43,5990.666666666667,6061.0
7490.0,8.266666666666765,199.33333333333334,202.0,100.0,100.0,0.0,0.0,1.21,1.3599999999999999,4.0,4.0,-0.22333333333333333,-0.2,0.41666666666666663,0.42,6001.333333333333,6083.0
7495.0,8.250000000000028,200.33333333333334,203.33333333333334,100.0,100.0,0.0,0.0,1.7166666666666668,1.5866666666666667,4.0,4.0,-0.3333333333333333,-0.29000000000000004,0.3933333333333333,0.41333333333333333,6062.333333333333,6137.333333333333
7500.0,8.26666666666685,202.0,205.0,100.0,100.0,0.0,0.0,2.21,1.8033333333333332,4.0,4.0,-0.47,-0.44,0.4,0.39,6099.0,6182.0
7505.0,8.266666666666822,202.66666666666666,206.0,100.0,100.0,0.0,0.0,2.6033333333333335,2.12,4.0,4.0,-0.6133333333333334,-0.61,0.38,0.44,6130.0,6217.0
7510.0,8.258333333333326,204.5,207.0,100.0,100.0,0.0,0.0,2.9699999999999998,2.8333333333333335,4.0,4.0,-0.845,-0.79,0.4,0.39,6161.5,6232.333333333333
7515.0,8.250000000000114,205.33333333333334,208.33333333333334,100.0,100.0,0.0,0.0,3.35,3.23,4.0,4.0,-0.9633333333333333,-0.86,0.38666666666666666,0.39,6200.0,6266.666666666667
7520.0,8.250000000000256,206.0,209.0,100.0,100.0,0.0,0.0,3.42,3.84,4.0,4.0,-0.96,-0.61,0.38,0.33,6209.0,6337.0
7525.0,8.266666666666652,207.66666666666666,211.0,100.0,99.0,0.0,0.0,3.0966666666666667,5.02,4.0,4.0,-0.7766666666666667,-1.35,0.3733333333333333,0.51,6323.666666666667,6414.0
7530.0,8.250000000000057,208.66666666666666,211.66666666666666,100.0,99.0,0.0,0.0,2.783333333333333,4.803333333333334,4.0,4.0,-1.1133333333333333,-1.4200000000000002,0.39666666666666667,0.38666666666666666,6317.333333333333,6380.333333333333
7535.0,8.250000000000199,210.0,213.0,100.0,97.33333333333333,0.0,0.0,2.75,4.430000000000001,4.0,4.0,-0.8300000000000001,-0.7266666666666667,0.35,0.27666666666666667,6353.666666666667,6549.666666666667
7540.0,8.249999999999915,211.0,214.0,100.0,97.0,0.0,0.0,3.83,4.23,4.0,4.0,-0.53,-0.96,0.27,0.52,6514.0,6738.0
7545.0,8.250000000000057,211.66666666666666,214.66666666666666,100.0,100.0,0.0,0.0,5.256666666666667,3.39,4.0,4.0,-0.9033333333333333,-0.9000000000000001,0.4266666666666667,0.31,6496.333333333333,6722.666666666667
7550.0,8.250000000000199,213.33333333333334,216.0,100.0,100.0,0.0,0.0,5.2700000000000005,3.5733333333333333,4.0,4.0,-1.1733333333333333,-1.73,0.36666666666666664,0.5666666666666667,6503.666666666667,6588.666666666667
7555.0,8.249999999999915,214.0,217.0,100.0,100.0,0.0,0.0,4.36,4.52,4.0,4.0,-1.39,-1.2,0.41,0.34,6461.0,6552.0
7560.0,8.250000000000057,215.0,218.0,100.0,100.0,0.0,0.0,3.413333333333333,5.12,4.0,4.0,-1.5266666666666668,-1.96,0.4066666666666667,0.14,6502.333333333333,6540.666666666667
7565.0,8.250000000000199,216.0,218.33333333333334,100.0,100.0,0.0,0.0,3.26,4.516666666666667,4.0,4.0,-1.6733333333333333,-1.5933333333333333,0.38333333333333336,0.3466666666666667,6481.333333333333,6556.0
7570.0,8.249999999999915,217.0,219.0,100.0,100.0,0.0,0.0,3.01,3.32,4.0,4.0,-1.25,-1.03,0.34,0.37,6527.0,6643.0
7575.0,8.250000000000057,218.0,220.0,99.33333333333333,90.66666666666667,0.0,0.0,2.27,2.723333333333333,4.0,4.0,-0.9233333333333333,-1.1266666666666667,0.3433333333333333,0.34,6613.333333333333,6650.333333333333
7580.0,8.250000000000199,219.0,221.0,55.66666666666667,32.0,0.0,0.0,2.183333333333333,1.7266666666666668,4.0,4.0,-1.09,-1.22,0.24000000000000002,0.16666666666666669,6559.0,6579.333333333333
7585.0,8.249999999999915,219.0,221.0,0.0,0.0,13.0,21.0,1.73,1.02,4.0,4.0,-1.08,-0.81,-0.26,-0.4,6400.0,6493.0
7590.0,8.250000000000057,216.66666666666666,217.66666666666666,0.0,0.0,47.33333333333333,61.666666666666664,0.9400000000000001,0.6633333333333333,4.0,4.0,-0.6433333333333333,-0.44,-0.97,-1.0466666666666666,6293.0,6237.0
7595.0,8.250000000000199,213.33333333333334,214.0,0.0,0.0,61.666666666666664,75.66666666666667,0.47,0.4666666666666667,4.0,4.0,-0.5633333333333334,-0.62,-1.31,-1.6366666666666667,6143.0,6166.0
7600.0,8.249999999999915,209.0,209.0,0.0,0.0,72.0,81.0,-0.05,-0.14,4.0,4.0,-0.46,-0.28,-1.49,-1.45,6070.0,6040.0
7605.0,8.23333333333332,204.0,205.66666666666666,69.0,23.0,78.0,83.0,-0.06,-0.38333333333333336,0.0,0.0,-0.15,-0.11666666666666667,-1.55,-1.58,6717.0,6665.666666666667
7610.0,8.241666666666816,199.0,198.5,0.0,0.0,78.0,83.0,0.043333333333333335,-0.665,0.0,3.0,-0.12666666666666668,-0.095,-1.7,-1.7999999999999998,6911.333333333333,7027.5
7615.0,8.241666666666703,193.5,194.33333333333334,0.0,0.0,78.0,83.0,-0.27,-0.77,3.0,3.0,-0.035,-0.03666666666666667,-1.6,-1.42,6845.0,6868.0
7620.0,8.241666666666788,188.5,189.33333333333334,0.0,0.0,77.0,77.33333333333333,-0.265,0.2033333333333333,3.0,3.0,0.035,0.17333333333333334,-1.5150000000000001,-1.3,6640.5,6531.333333333333
7625.0,8.224999999999994,183.0,185.0,0.0,0.0,76.0,78.0,-0.045000000000000005,0.21,3.0,3.0,0.04,0.41,-1.415,-1.73,6424.5,6260.0
7630.0,8.22500000000008,177.5,179.0,0.0,69.0,74.5,76.0,-0.125,-0.19,3.0,0.0,0.08,0.31,-1.44,-1.44,6261.5,6771.0
7635.0,8.225000000000165,173.0,175.0,69.0,0.0,69.0,70.0,-0.19,-0.18,0.0,2.0,0.09,0.19,-1.275,-1.26,7195.0,7419.0
7640.0,8.241666666666703,168.0,168.33333333333334,0.0,0.0,66.5,71.0,-0.5700000000000001,-0.6966666666666667,2.0,2.0,0.11499999999999999,0.15000000000000002,-1.335,-1.4033333333333333,7270.5,7275.0
7645.0,8.22500000000025,162.0,163.0,0.0,0.0,62.0,74.5,-1.22,-2.38,2.0,2.0,0.2,0.29000000000000004,-1.28,-1.4249999999999998,7047.0,7109.5
7650.0,8.249999999999915,158.0,157.0,0.0,0.0,57.0,73.0,-2.04,-4.14,2.0,2.0,0.33,0.55,-1.19,-1.35,6876.0,6670.0
7655.0,8.225000000000136,153.0,153.0,0.0,0.0,51.0,69.0,-3.45,-5.11,2.0,2.0,0.5449999999999999,0.7,-1.045,-1.24,6672.5,6548.0
7660.0,8.224999999999909,149.0,147.0,0.0,0.0,48.0,47.5,-4.75,-5.96,2.0,2.0,0.82,1.15,-1.05,-1.025,6479.0,6404.5
7665.0,8.225000000000136,144.5,143.0,0.0,0.0,37.0,28.0,-5.855,-7.16,2.0,2.0,0.96,1.23,-0.825,-0.67,6317.0,6257.0
7670.0,8.224999999999909,141.0,140.5,0.0,0.0,22.0,22.0,-7.46,-8.415,2.0,2.0,1.16,1.2149999999999999,-0.55,-0.55,6203.0,6169.5
7675.0,8.225000000000136,139.0,138.0,0.0,0.0,12.0,21.0,-9.6,-9.94,2.0,2.0,1.3,1.48,-0.38,-0.56,6111.5,6052.0
7680.0,8.249999999999915,137.0,135.0,0.0,0.0,9.0,21.0,-12.24,-11.34,2.0,2.0,1.45,1.44,-0.35,-0.53,6047.0,5865.0
7685.0,8.22500000000025,136.0,132.5,0.0,0.0,0.0,21.5,-14.23,-13.135000000000002,2.0,2.0,1.74,1.7850000000000001,-0.18,-0.55,5989.0,5768.5
7690.0,8.250000000000057,134.5,128.5,0.0,0.0,0.0,13.0,-15.879999999999999,-15.39,2.0,2.0,1.8450000000000002,1.745,-0.19,-0.445,5928.0,5603.0
7695.0,8.250000000000256,134.0,127.0,15.0,12.0,0.0,0.0,-17.34,-15.2,2.0,2.0,1.8,2.01,-0.04,-0.07,5980.0,5679.0
7700.0,8.25000000000017,133.0,127.0,25.0,44.0,0.0,0.0,-19.46,-12.48,2.0,2.0,1.87,1.82,0.0,0.15,5988.0,5757.0
7705.0,8.275000000000176,132.5,127.0,27.0,50.0,0.0,0.0,-21.045,-12.44,2.0,2.0,1.995,1.82,0.0,0.21,5970.0,5749.0
7710.0,8.275000000000091,132.0,128.0,40.0,59.0,0.0,0.0,-21.23,-14.34,2.0,2.0,1.82,1.75,0.055,0.26,5980.5,5842.0
7715.0,8.275000000000091,132.0,128.5,51.0,76.0,0.0,0.0,-20.06,-14.84,2.0,2.0,2.06,1.685,0.15,0.31,6004.0,5870.5
7720.0,8.274999999999977,132.0,130.5,51.0,87.0,0.0,0.0,-18.54,-14.83,2.0,2.0,1.83,1.82,0.19,0.41,6017.0,5990.5
7725.0,8.275000000000006,133.0,132.0,45.5,85.0,0.0,0.0,-18.54,-14.3,2.0,2.0,2.035,1.69,0.15,0.44,6028.5,6083.0
7730.0,8.299999999999983,133.0,134.0,43.0,76.0,0.0,0.0,-18.52,-12.97,2.0,2.0,1.74,1.35,0.18,0.46,6059.0,6329.0
7735.0,8.27499999999992,134.0,135.5,41.0,70.5,0.0,0.0,-18.22,-12.395,2.0,2.0,1.71,1.72,0.2,0.45999999999999996,6129.0,6430.5
7740.0,8.27500000000012,134.0,137.0,36.0,69.0,0.0,0.0,-16.68,-10.23,2.0,2.0,1.76,1.89,0.20500000000000002,0.45,6121.5,6445.0
7745.0,8.250000000000057,134.0,138.5,31.5,69.0,0.0,0.0,-14.725000000000001,-3.735,2.0,2.0,1.79,1.98,0.175,0.52,6138.5,6539.0
7750.0,8.275000000000261,135.0,140.0,35.0,70.0,0.0,0.0,-13.68,0.69,2.0,2.0,1.93,1.6949999999999998,0.24,0.475,6147.0,6613.5
7755.0,8.275000000000034,135.5,141.0,45.0,74.0,0.0,0.0,-11.6,-0.2,2.0,2.0,1.585,1.41,0.275,0.44,6227.0,6681.0
7760.0,8.25000000000017,136.5,143.0,63.5,77.0,0.0,0.0,-8.21,-0.8,2.0,2.0,1.7799999999999998,1.46,0.405,0.485,6286.0,6786.0
7765.0,8.25000000000017,138.0,145.0,78.0,80.0,0.0,0.0,-5.55,-4.42,2.0,2.0,1.02,1.73,0.26,0.56,6496.0,6734.0
7770.0,8.25000000000017,139.5,146.5,78.5,81.0,0.0,0.0,-3.3,-6.995,2.0,2.0,1.495,1.2599999999999998,0.35500000000000004,0.475,6995.5,6856.5
7775.0,8.25000000000017,140.0,148.0,76.0,81.0,0.0,0.0,-3.11,-6.7,2.0,2.0,1.21,1.52,0.28,0.51,7238.0,7028.0
7780.0,8.241666666666845,141.5,150.33333333333334,90.0,88.66666666666667,0.0,0.0,-3.05,-5.616666666666667,2.0,2.0,1.28,1.21,0.525,0.5133333333333333,6798.0,6965.333333333333
7785.0,8.225000000000193,144.0,151.5,91.0,84.5,0.0,0.0,-2.32,-5.62,2.0,2.0,1.0,1.3599999999999999,0.47,0.505,6820.0,7147.5
7790.0,8.225000000000165,146.5,153.0,91.5,92.0,0.0,0.0,-3.085,-3.97,2.0,2.0,1.205,1.39,0.63,0.54,6911.5,7160.0
7795.0,8.225000000000193,149.0,155.0,93.0,0.0,0.0,0.0,-3.69,-2.3,2.0,0.0,1.25,1.385,0.6,-0.025,6997.0,6887.5
7800.0,8.20000000000016,151.0,156.5,98.5,95.0,0.0,0.0,-3.685,-2.605,2.0,3.0,1.255,0.9199999999999999,0.63,0.665,7008.0,5954.0
7805.0,8.200000000000188,153.0,159.0,95.0,99.0,0.0,0.0,-3.68,-4.1,2.0,3.0,0.99,1.1,0.5,0.63,7178.0,6003.0
7810.0,8.183333333333536,155.33333333333334,160.0,66.66666666666667,99.0,0.0,0.0,-3.68,-4.83,2.0,3.0,1.1966666666666665,1.21,0.3733333333333334,0.56,7090.666666666667,6058.0
7815.0,8.200000000000045,156.0,163.0,49.0,100.0,0.0,0.0,-3.675,-5.725,0.0,3.0,1.135,1.615,0.365,0.55,6384.5,6038.0
7820.0,8.175000000000267,159.0,164.5,100.0,100.0,0.0,0.0,-4.0,-5.975,3.0,3.0,1.35,1.645,0.59,0.525,5883.0,6074.0
7825.0,8.199999999999903,161.0,167.0,100.0,100.0,0.0,0.0,-4.91,-6.13,3.0,3.0,1.22,1.31,0.51,0.49,5930.0,6156.0
7830.0,8.183333333333422,162.33333333333334,168.0,100.0,100.0,0.0,0.0,-4.84,-6.17,3.0,3.0,1.08,1.49,0.5066666666666667,0.51,6013.0,6273.0
7835.0,8.174999999999983,164.5,170.0,100.0,100.0,0.0,0.0,-4.965,-5.78,3.0,3.0,1.21,1.66,0.46499999999999997,0.45,6107.0,6284.0
7840.0,8.166666666666742,166.0,172.0,100.0,100.0,0.0,0.0,-5.623333333333333,-4.01,3.0,3.0,1.4166666666666667,1.46,0.4533333333333333,0.43,6141.333333333333,6315.0
7845.0,8.166666666666742,168.0,173.0,100.0,76.66666666666667,0.0,0.0,-6.06,-1.0433333333333334,3.0,3.0,1.45,0.9500000000000001,0.41,0.3466666666666667,6203.0,6334.666666666667
7850.0,8.166666666666856,169.0,173.66666666666666,81.0,10.0,0.0,10.0,-5.29,1.2333333333333334,3.0,3.0,1.42,0.44666666666666666,0.36,-0.1966666666666666,6214.0,6265.666666666667
7855.0,8.175000000000267,170.0,169.0,8.0,0.0,6.0,72.0,-3.46,0.26,3.0,3.0,1.22,0.215,-0.06,-1.38,6108.0,6029.0
7860.0,8.166666666666657,166.0,162.33333333333334,0.0,23.0,53.666666666666664,87.0,0.6699999999999998,-0.41333333333333333,3.0,0.0,0.6766666666666667,-0.06333333333333334,-1.3733333333333333,-2.086666666666667,5903.0,6978.333333333333
7865.0,8.175000000000125,160.0,156.0,34.5,0.0,59.0,80.0,3.8449999999999998,1.42,3.0,2.0,-0.07,-0.28,-1.5350000000000001,-1.63,5869.0,6800.0
7870.0,8.174999999999898,153.0,148.5,0.0,0.0,58.0,63.0,5.99,5.015000000000001,2.0,2.0,-0.8,-0.705,-1.38,-1.3599999999999999,6680.0,6390.5
7875.0,8.183333333333422,148.33333333333334,143.0,0.0,0.0,44.333333333333336,48.0,7.82,9.0,2.0,2.0,-1.0566666666666666,-0.7,-1.1733333333333333,-1.04,6489.333333333333,6176.0
7880.0,8.174999999999898,144.0,138.5,0.0,0.0,27.0,24.0,10.52,11.63,2.0,2.0,-0.9,-1.7200000000000002,-0.82,-0.865,6192.0,6075.0
7885.0,8.175000000000125,140.0,135.0,0.0,0.0,22.0,9.0,12.015,13.25,2.0,2.0,-1.9,-1.47,-0.845,-0.51,6119.5,5978.0
7890.0,8.199999999999903,137.0,133.0,0.0,0.0,10.0,10.0,12.26,15.84,2.0,2.0,-1.64,-1.3,-0.62,-0.52,6022.0,5763.0
7895.0,8.20000000000013,134.5,130.5,0.0,0.0,0.0,0.5,12.925,17.065,2.0,2.0,-1.52,-1.9449999999999998,-0.355,-0.395,5918.5,5730.5
7900.0,8.200000000000045,132.0,127.5,3.0,0.0,0.0,0.0,13.3,18.54,2.0,2.0,-1.67,-1.795,-0.3,-0.33999999999999997,5862.5,5615.0
7905.0,8.200000000000273,131.0,126.0,12.0,7.0,0.0,0.0,14.74,19.19,2.0,2.0,-1.81,-2.39,-0.19,-0.36,5862.0,5602.0
7910.0,8.200000000000188,129.0,124.0,13.0,38.0,0.0,0.0,17.57,18.58,2.0,2.0,-2.0,-1.88,-0.21,-0.08,5778.0,5681.0
7915.0,8.225000000000165,128.0,123.0,14.5,49.0,0.0,0.0,18.975,16.2,2.0,2.0,-2.08,-2.01,-0.2,0.01,5744.0,5598.0
7920.0,8.22500000000008,126.5,123.0,26.5,54.0,0.0,0.0,18.689999999999998,13.92,2.0,2.0,-2.115,-2.27,-0.15,0.08,5718.5,5620.0
7925.0,8.224999999999994,125.5,123.0,42.0,59.0,0.0,0.0,17.365000000000002,11.18,2.0,2.0,-2.565,-1.85,-0.045,0.13,5683.0,5607.0
7930.0,8.225000000000136,125.0,124.0,51.5,64.0,0.0,0.0,13.7,8.16,2.0,2.0,-2.255,-1.61,-0.0050000000000000044,0.24,5729.5,5650.0
7935.0,8.249999999999915,125.0,125.0,64.0,63.0,0.0,0.0,9.58,5.47,2.0,2.0,-1.75,-1.26,0.14,0.36,5699.0,5962.0
7940.0,8.22500000000025,125.0,126.0,74.0,78.0,0.0,0.0,4.41,3.5,2.0,2.0,-1.56,-1.065,0.3,0.34,6014.0,5964.5
7945.0,8.225000000000193,126.0,128.0,79.0,82.0,0.0,0.0,1.43,0.88,2.0,2.0,-1.15,-1.3450000000000002,0.21,0.495,6160.0,6206.0
7950.0,8.200000000000074,128.0,129.0,80.0,92.0,0.0,0.0,-3.46,-0.28,2.0,2.0,-1.19,-0.91,0.44,0.09,6099.0,6461.0
7955.0,8.22500000000008,128.5,131.0,75.5,82.0,0.0,0.0,-3.855,-3.35,2.0,2.0,-1.015,-1.26,0.32499999999999996,0.57,6539.5,6338.0
7960.0,8.224999999999994,130.5,133.0,85.0,82.0,0.0,0.0,-2.415,-4.84,2.0,2.0,-1.125,-0.77,0.475,0.49,6270.0,6420.0
7965.0,8.224999999999994,132.0,135.5,83.0,94.5,0.0,0.0,-0.96,-4.545,2.0,2.0,-0.78,-0.8300000000000001,0.43,0.6100000000000001,6416.0,6340.5
7970.0,8.199999999999903,135.0,138.0,96.0,100.0,0.0,0.0,-2.04,-1.47,2.0,2.0,-1.1,-0.24,0.6,0.47,6258.0,6332.0
7975.0,8.20000000000013,137.0,140.0,97.0,100.0,0.0,0.0,-1.9449999999999998,2.26,2.0,2.0,-0.46499999999999997,-0.245,0.43,0.595,6418.5,6497.5
7980.0,8.199999999999903,139.0,142.0,100.0,100.0,0.0,0.0,-2.08,3.03,2.0,2.0,-0.18,-0.44,0.53,0.46,6391.0,6565.0
7985.0,8.20000000000013,141.5,144.5,100.0,100.0,0.0,0.0,-0.52,2.785,2.0,2.0,0.035,-0.485,0.52,0.47,6488.5,6627.0
7990.0,8.199999999999903,144.0,146.0,100.0,93.0,0.0,0.0,2.36,2.08,2.0,2.0,-0.09,-0.53,0.46,0.37,6646.0,7216.0
7995.0,8.20000000000013,145.5,148.5,99.0,100.0,0.0,0.0,2.57,1.45,2.0,2.0,-0.385,-0.6799999999999999,0.515,0.44999999999999996,6900.5,6855.0
8000.0,8.199999999999903,148.0,151.0,99.0,100.0,0.0,0.0,2.32,1.06,2.0,2.0,-0.43,-0.74,0.36,0.6,6970.0,7005.0
8005.0,8.20000000000013,150.0,152.5,100.0,50.0,0.0,0.0,1.2850000000000001,-0.020000000000000018,2.0,2.0,-0.735,-0.645,0.48,0.185,6920.0,6882.0
8010.0,8.183333333333223,152.0,152.66666666666666,100.0,66.0,0.0,0.0,0.6,-0.5733333333333334,2.0,0.0,-0.59,-0.22666666666666668,0.46,0.42333333333333323,6952.0,6044.666666666667
8015.0,8.183333333333422,153.0,155.0,0.0,100.0,0.0,0.0,0.6,-0.18,0.0,3.0,-0.37,-0.05,-0.09333333333333332,0.42,6842.666666666667,5856.0
8020.0,8.199999999999989,154.5,157.0,97.0,100.0,0.0,0.0,0.6,0.27,3.0,3.0,-0.225,-0.01,0.5800000000000001,0.45,5920.5,5865.0
8025.0,8.183333333333337,156.0,159.0,100.0,100.0,0.0,0.0,0.62,0.9333333333333333,3.0,3.0,-0.26,-0.060000000000000005,0.49,0.27666666666666667,5808.0,6042.666666666667
8030.0,8.183333333333337,158.33333333333334,161.0,100.0,100.0,0.0,0.0,0.62,0.75,3.0,3.0,-0.19333333333333333,-0.14,0.4333333333333333,0.46,6027.666666666667,5973.0
8035.0,8.175000000000097,160.0,163.0,100.0,100.0,0.0,0.0,0.64,0.71,3.0,3.0,-0.22,-0.19,0.42,0.46,5974.5,6035.0
8040.0,8.191666666666805,161.66666666666666,164.5,100.0,100.0,0.0,0.0,0.65,0.175,3.0,3.0,-0.22,-0.14,0.43,0.435,5999.0,6112.5
8045.0,8.175000000000182,163.0,166.0,100.0,100.0,0.0,0.0,0.65,0.22499999999999998,3.0,3.0,-0.19,-0.095,0.43,0.435,6093.0,6169.0
8050.0,8.183333333333593,165.0,167.66666666666666,100.0,100.0,0.0,0.0,0.67,0.38666666666666666,3.0,3.0,-0.16,-0.08,0.39,0.4333333333333333,6140.0,6354.666666666667
8055.0,8.183333333333337,166.33333333333334,169.0,100.0,100.0,0.0,0.0,0.5,0.43,3.0,3.0,-0.17333333333333334,-0.09,0.49333333333333335,0.37,6252.333333333333,6338.0
8060.0,8.175000000000125,168.5,171.0,100.0,100.0,0.0,0.0,0.04000000000000001,0.5,3.0,3.0,-0.14,-0.12,0.43,0.51,6290.0,6388.0
8065.0,8.166666666666629,169.66666666666666,173.0,100.0,100.0,0.0,0.0,-0.31333333333333335,1.04,3.0,3.0,-0.08000000000000002,-0.19,0.4433333333333333,0.45,6319.0,6432.0
8070.0,8.166666666666742,171.66666666666666,174.0,100.0,100.0,0.0,0.0,0.32666666666666666,1.08,3.0,3.0,-0.06666666666666667,-0.23,0.44,0.43,6387.333333333333,6454.0
8075.0,8.150000000000091,173.0,176.0,100.0,100.0,0.0,0.0,0.73,0.89,3.0,3.0,-0.1,-0.26,0.41,0.45,6449.0,6546.0
8080.0,8.166666666666856,175.0,177.33333333333334,100.0,100.0,0.0,0.0,0.4,0.6599999999999999,3.0,3.0,-0.11,-0.26,0.43,0.43,6494.0,6582.0
8085.0,8.166666666666941,176.0,179.33333333333334,100.0,100.0,0.0,0.0,0.16,0.44333333333333336,3.0,3.0,-0.11,-0.21666666666666667,0.4,0.43333333333333335,6545.0,6651.666666666667
8090.0,8.166666666666572,178.0,180.33333333333334,100.0,100.0,0.0,0.0,0.02,0.03333333333333333,3.0,3.0,-0.07,-0.16666666666666666,0.41,0.44,6598.0,6701.333333333333
8095.0,8.166666666666657,179.0,182.33333333333334,100.0,100.0,0.0,0.0,0.02,0.019999999999999997,3.0,3.0,-0.05,-0.11,0.42,0.42333333333333334,6642.0,6760.0
8100.0,8.166666666666742,181.0,183.33333333333334,100.0,100.0,0.0,0.0,0.02,0.12666666666666668,3.0,3.0,-0.02,-0.07666666666666667,0.42,0.43,6727.0,6824.0
8105.0,8.150000000000176,182.0,185.0,100.0,100.0,0.0,0.0,0.14,0.22,3.0,3.0,-0.02,-0.06,0.42,0.39,6764.0,6859.0
8110.0,8.150000000000261,184.0,186.0,100.0,100.0,0.0,0.0,0.18,0.33,3.0,3.0,-0.03,-0.06,0.41,0.42,6869.0,6928.0
8115.0,8.149999999999892,185.0,188.0,100.0,100.0,0.0,0.0,0.19,0.38,3.0,3.0,-0.04,-0.08,0.44,0.42,6887.0,6953.0
8120.0,8.150000000000006,186.0,189.0,100.0,100.0,0.0,0.0,0.19,0.27,3.0,3.0,-0.04,-0.09,0.4,0.43,6910.0,7028.0
8125.0,8.150000000000091,188.0,191.0,100.0,100.0,0.0,0.0,0.31,0.23,3.0,3.0,-0.06,-0.1,0.41,0.42,6956.0,7061.0
8130.0,8.150000000000063,188.66666666666666,192.0,100.0,33.33333333333334,0.0,0.0,0.6633333333333333,0.38666666666666666,3.0,3.0,-0.1,-0.09666666666666666,0.3666666666666667,-0.033333333333333326,7023.333333333333,7061.333333333333
8135.0,8.150000000000176,190.66666666666666,192.66666666666666,100.0,66.66666666666666,0.0,0.0,0.8766666666666667,0.45333333333333337,3.0,0.0,-0.16666666666666666,-0.12,0.39666666666666667,0.3866666666666666,7065.666666666667,6156.333333333333
8140.0,8.149999999999977,191.5,194.0,100.0,100.0,0.0,0.0,0.815,0.51,3.0,4.0,-0.22,-0.14500000000000002,0.39,0.4,7095.5,5872.5
8145.0,8.15000000000012,193.0,195.33333333333334,100.0,100.0,0.0,0.0,0.7066666666666667,0.66,3.0,4.0,-0.23333333333333334,-0.17333333333333334,0.38,0.4033333333333333,7146.333333333333,5899.666666666667
8150.0,8.133333333333525,194.33333333333334,197.0,66.66666666666667,100.0,0.0,0.0,0.7,0.72,3.0,4.0,-0.25333333333333335,-0.19,0.12666666666666668,0.41,7144.333333333333,5950.0
8155.0,8.149999999999892,195.0,198.0,0.0,100.0,0.0,0.0,0.69,0.73,0.0,4.0,-0.24,-0.24,-0.1,0.44,6813.0,5985.0
8160.0,8.133333333333326,196.0,199.0,100.0,100.0,0.0,0.0,0.53,0.7433333333333333,4.0,4.0,-0.22,-0.26666666666666666,0.39,0.41,5921.0,6007.333333333333
8165.0,8.133333333333411,197.0,200.66666666666666,100.0,100.0,0.0,0.0,0.53,0.7566666666666667,4.0,4.0,-0.22,-0.26333333333333336,0.37,0.37333333333333335,5956.0,6056.666666666667
8170.0,8.133333333333411,198.0,201.33333333333334,100.0,100.0,0.0,0.0,0.37,0.8666666666666667,4.0,4.0,-0.2,-0.29000000000000004,0.38666666666666666,0.4166666666666667,5988.666666666667,6079.666666666667
8175.0,8.141666666666794,199.5,203.33333333333334,100.0,100.0,0.0,0.0,0.14500000000000002,1.1866666666666665,4.0,4.0,-0.15500000000000003,-0.3466666666666667,0.375,0.4,6017.0,6126.666666666667
8180.0,8.133333333333354,200.33333333333334,204.0,100.0,100.0,0.0,0.0,0.18333333333333332,1.25,4.0,4.0,-0.12333333333333334,-0.43,0.36666666666666664,0.39,6052.333333333333,6144.0
8185.0,8.133333333333496,202.0,205.66666666666666,100.0,100.0,0.0,0.0,0.46,1.1033333333333333,4.0,4.0,-0.13,-0.43,0.36,0.37333333333333335,6068.0,6177.0
8190.0,8.11666666666693,203.0,206.33333333333334,100.0,100.0,0.0,0.0,0.9,0.94,4.0,4.0,-0.2,-0.35333333333333333,0.36,0.36666666666666664,6120.0,6224.666666666667
8195.0,8.133333333333297,204.0,207.33333333333334,100.0,100.0,0.0,0.0,0.9,0.9,4.0,4.0,-0.20666666666666667,-0.3333333333333333,0.36333333333333334,0.36333333333333334,6164.333333333333,6308.0
8200.0,8.13333333333344,205.33333333333334,209.0,100.0,100.0,0.0,0.0,0.9,0.83,4.0,4.0,-0.27666666666666667,-0.44,0.3433333333333333,0.36,6221.333333333333,6278.0
8205.0,8.13333333333361,206.0,209.66666666666666,100.0,100.0,0.0,0.0,0.9,0.6733333333333333,4.0,4.0,-0.37,-0.38666666666666666,0.36,0.35000000000000003,6200.0,6300.0
8210.0,8.11666666666656,207.0,211.0,100.0,100.0,0.0,0.0,0.9,0.5133333333333333,4.0,4.0,-0.34,-0.32666666666666666,0.32,0.3466666666666667,6246.0,6358.0
8215.0,8.116666666666731,208.66666666666666,212.0,100.0,100.0,0.0,0.0,0.9,0.5,4.0,4.0,-0.36666666666666664,-0.26,0.35333333333333333,0.34,6268.666666666667,6362.0
8220.0,8.116666666666873,209.33333333333334,213.0,100.0,100.0,0.0,0.0,0.9,0.5066666666666667,4.0,4.0,-0.3466666666666667,-0.24333333333333332,0.30333333333333334,0.32,6306.333333333333,6410.666666666667
8225.0,8.11666666666656,210.0,214.0,100.0,100.0,0.0,0.0,0.9,0.6933333333333334,4.0,4.0,-0.34,-0.24,0.31,0.33,6333.0,6438.666666666667
8230.0,8.116666666666731,211.0,215.0,100.0,100.0,0.0,0.0,0.8400000000000001,0.89,4.0,4.0,-0.34,-0.23,0.3,0.31,6357.666666666667,6473.0
8235.0,8.116666666666873,212.0,215.66666666666666,100.0,100.0,0.0,0.0,0.59,0.93,4.0,4.0,-0.2733333333333334,-0.31333333333333335,0.29000000000000004,0.33333333333333337,6407.0,6505.666666666667
8240.0,8.099999999999994,213.0,217.0,100.0,100.0,0.0,0.0,0.30333333333333334,0.84,4.0,4.0,-0.29,-0.36,0.32,0.32,6404.0,6506.0
8245.0,8.099999999999994,214.0,218.0,100.0,100.0,0.0,0.0,0.09,0.65,4.0,4.0,-0.18,-0.31,0.29,0.29,6429.0,6536.0
8250.0,8.100000000000165,215.0,218.66666666666666,100.0,100.0,0.0,0.0,0.06,0.3666666666666667,4.0,4.0,-0.12000000000000001,-0.23333333333333334,0.2833333333333333,0.2866666666666667,6477.333333333333,6588.333333333333
8255.0,8.099999999999994,215.33333333333334,219.33333333333334,100.0,100.0,0.0,0.0,0.12333333333333334,0.12333333333333335,4.0,4.0,-0.07666666666666667,-0.18,0.2833333333333333,0.2866666666666667,6500.666666666667,6606.333333333333
8260.0,8.099999999999994,216.0,220.0,100.0,100.0,0.0,0.0,0.14,-0.07,4.0,4.0,-0.05,-0.11,0.28,0.28,6507.0,6626.0
8265.0,8.100000000000165,217.0,221.0,100.0,100.0,0.0,0.0,0.12000000000000001,-0.31,4.0,4.0,-0.043333333333333335,-0.023333333333333338,0.26666666666666666,0.25666666666666665,6533.333333333333,6651.666666666667
8270.0,8.099999999999994,218.0,222.0,100.0,100.0,0.0,0.0,0.16,-0.15666666666666668,4.0,4.0,-0.03333333333333333,0.009999999999999998,0.24333333333333335,0.2633333333333333,6588.333333333333,6690.333333333333
8275.0,8.099999999999994,219.0,223.0,100.0,100.0,0.0,0.0,0.06,0.12,4.0,4.0,-0.03,0.02,0.27,0.28,6580.0,6681.0
8280.0,8.100000000000165,219.66666666666666,223.66666666666666,100.0,100.0,0.0,0.0,0.020000000000000004,-0.10333333333333332,4.0,4.0,-0.03333333333333333,0.04333333333333333,0.25,0.24666666666666667,6591.0,6714.0
8285.0,8.104166666666629,220.25,224.33333333333334,100.0,100.0,0.0,0.0,-0.05,-0.37333333333333335,4.0,4.0,0.0025,0.08,0.25,0.27666666666666667,6624.75,6747.666666666667
8290.0,8.104166666666714,221.0,225.0,100.0,100.0,0.0,0.0,0.06,-0.34,4.0,4.0,0.003333333333333334,0.11499999999999999,0.25666666666666665,0.2475,6656.0,6757.0
8295.0,8.100000000000193,221.33333333333334,226.0,100.0,100.0,0.0,0.0,0.20333333333333334,-0.3466666666666667,4.0,4.0,-0.013333333333333332,0.12,0.22666666666666668,0.22666666666666668,6654.333333333333,6781.333333333333
8300.0,8.099999999999909,222.0,226.0,100.0,100.0,0.0,0.0,0.26,-0.38,4.0,4.0,-0.03,0.12,0.21,0.23,6700.0,6821.0
8305.0,8.100000000000051,223.0,227.0,100.0,100.0,0.0,0.0,0.25,-0.38,4.0,4.0,-0.04,0.13333333333333333,0.20666666666666667,0.23666666666666666,6734.0,6869.0
8310.0,8.09583333333353,223.33333333333334,228.0,100.0,100.0,0.0,0.0,0.21,-0.29,4.0,4.0,-0.06333333333333334,0.1525,0.21666666666666667,0.2475,6758.333333333333,6860.0
8315.0,8.08333333333323,224.0,228.66666666666666,100.0,100.0,0.0,0.0,0.22,0.030000000000000013,4.0,4.0,-0.07,0.12333333333333334,0.2,0.24,6762.0,6892.333333333333
8320.0,8.0833333333334,225.0,229.0,100.0,100.0,0.0,0.0,0.26,-0.02666666666666666,4.0,4.0,-0.05333333333333334,0.09666666666666666,0.20666666666666667,0.23666666666666666,6801.333333333333,6937.666666666667
8325.0,8.100000000000279,225.0,230.0,100.0,100.0,0.0,0.0,0.25,-0.47,4.0,4.0,-0.04,0.11,0.23,0.27,6847.0,6972.0
8330.0,8.09166666666664,226.0,230.5,100.0,100.0,0.0,0.0,-0.04666666666666666,-0.31,4.0,4.0,-0.05,0.11499999999999999,0.22666666666666666,0.265,6857.0,6950.0
8335.0,8.083333333333428,227.0,231.0,100.0,100.0,0.0,0.0,-0.53,-0.09,4.0,4.0,-1.734723475976807e-18,0.1,0.22333333333333333,0.28,6823.0,6958.0
8340.0,8.083333333333599,227.0,232.0,100.0,100.0,0.0,0.0,-0.73,-0.4666666666666667,4.0,4.0,0.08,0.12666666666666668,0.2,0.23666666666666666,6862.0,7011.333333333333
8345.0,8.087499999999977,228.0,233.0,100.0,100.0,0.0,0.0,-0.82,-0.8374999999999999,4.0,4.0,0.165,0.19,0.255,0.265,6896.0,7019.75
8350.0,8.083333333333513,229.0,233.66666666666666,100.0,100.0,0.0,0.0,-0.78,-0.87,4.0,4.0,0.26,0.24,0.23,0.26333333333333336,6889.0,7015.333333333333
8355.0,8.083333333333513,229.0,234.0,100.0,100.0,0.0,0.0,-0.7866666666666667,-0.87,4.0,4.0,0.2866666666666667,0.26666666666666666,0.23,0.25,6898.333333333333,7052.0
8360.0,8.070833333333354,230.0,234.75,100.0,100.0,0.0,0.0,-0.82,-0.885,4.0,4.0,0.31333333333333335,0.33749999999999997,0.23333333333333334,0.2425,6952.666666666667,7063.5
8365.0,8.079166666666765,230.75,235.33333333333334,100.0,66.66666666666667,0.0,0.0,-0.835,-0.89,4.0,4.0,0.355,0.37,0.255,0.053333333333333316,6935.75,7039.666666666667
8370.0,8.083333333333428,231.33333333333334,235.0,100.0,0.0,0.0,0.0,-1.0366666666666666,-1.0,4.0,0.0,0.36333333333333334,0.38,0.23,-0.17,6957.666666666667,6605.0
8375.0,8.066666666666748,232.0,236.0,100.0,100.0,0.0,0.0,-1.66,-1.2966666666666666,4.0,5.0,0.43,0.4,0.22,0.37333333333333335,6983.0,5967.0
8380.0,8.075000000000045,232.5,237.0,100.0,100.0,0.0,0.0,-2.125,-1.77,4.0,5.0,0.5249999999999999,0.52,0.20500000000000002,0.23,7013.5,6055.0
8385.0,8.066666666666663,233.0,237.0,100.0,100.0,0.0,0.0,-2.49,-1.8833333333333333,4.0,5.0,0.68,0.6133333333333333,0.25,0.23666666666666666,7027.0,6060.333333333333
8390.0,8.066666666666833,233.66666666666666,238.0,100.0,100.0,0.0,0.0,-3.063333333333333,-2.03,4.0,5.0,0.84,0.7,0.19666666666666666,0.25,7045.333333333333,6070.0
8395.0,8.074999999999903,234.0,238.0,100.0,95.5,0.0,0.0,-3.6,-2.86,4.0,5.0,1.0,0.775,0.19,0.22,7052.0,6090.5
8400.0,8.06666666666672,235.0,239.0,100.0,83.0,0.0,0.0,-4.096666666666667,-3.9,4.0,5.0,1.01,0.99,0.17,0.17,7084.666666666667,6101.0
8405.0,8.062500000000227,235.0,239.0,100.0,75.0,0.0,0.0,-4.0825,-4.57,4.0,5.0,1.2375,1.17,0.195,0.135,7084.25,6091.5
8410.0,8.066666666666634,235.66666666666666,239.0,100.0,67.0,0.0,0.0,-3.88,-5.26,4.0,5.0,1.2833333333333334,1.36,0.17333333333333334,0.11,7098.666666666667,6106.0
8415.0,8.058333333333422,236.0,240.0,100.0,58.0,0.0,0.0,-4.07,-5.7,4.0,5.0,1.3733333333333333,1.33,0.20333333333333334,0.08499999999999999,7109.333333333333,6098.5
8420.0,8.062500000000199,236.0,240.0,25.0,52.0,0.0,0.0,-4.7575,-6.29,4.0,5.0,1.1825,1.16,-0.12000000000000002,0.02,6917.0,6132.0
8425.0,8.058333333333366,236.0,240.0,100.0,50.0,0.0,0.0,-5.636666666666667,-6.38,5.0,5.0,1.3766666666666667,1.815,-0.05666666666666667,0.08,6392.0,6103.5
8430.0,8.050000000000182,236.0,240.0,100.0,50.0,0.0,0.0,-6.37,-5.99,5.0,5.0,1.72,1.93,0.24,0.05,6045.0,6090.0
8435.0,8.058333333333422,237.0,240.0,98.66666666666667,51.0,0.0,0.0,-6.633333333333334,-5.984999999999999,5.0,5.0,1.7333333333333334,1.8499999999999999,0.16,0.08499999999999999,6064.666666666667,6101.5
8440.0,8.050000000000097,237.0,240.0,99.0,54.0,0.0,0.0,-6.66,-6.39,5.0,5.0,2.0,2.15,0.21,0.06,6067.0,6092.0
8445.0,8.058333333333337,237.0,240.0,100.0,59.5,0.0,0.0,-6.656666666666667,-6.9399999999999995,5.0,5.0,2.203333333333333,1.955,0.16999999999999998,0.07,6061.0,6090.5
8450.0,8.049999999999983,237.0,240.0,99.0,61.0,0.0,0.0,-6.51,-7.11,5.0,5.0,1.72,1.84,0.14,0.06,6091.0,6131.0
8455.0,8.058333333333508,238.0,239.33333333333334,97.5,65.66666666666667,0.0,0.0,-6.09,-6.926666666666667,5.0,5.0,2.19,2.6666666666666665,0.135,-0.26666666666666666,6101.5,6093.333333333333
8460.0,8.049999999999898,237.0,239.0,100.0,72.0,0.0,0.0,-5.41,-6.4,5.0,5.0,2.69,2.23,-0.35,0.09,6047.0,6071.0
8465.0,8.058333333333422,237.0,239.0,100.0,77.0,0.0,0.0,-4.255,-5.413333333333334,5.0,5.0,1.65,1.5933333333333333,0.12000000000000001,0.14333333333333334,6094.0,6122.666666666667
8470.0,8.050000000000267,237.0,239.0,100.0,82.0,0.0,0.0,-4.07,-4.4,5.0,5.0,1.6,1.79,0.21,0.11,6104.0,6150.0
8475.0,8.049999999999983,238.0,239.66666666666666,100.0,85.33333333333333,0.0,0.0,-4.036666666666666,-2.9299999999999997,5.0,5.0,1.69,1.4666666666666668,0.19333333333333333,0.19666666666666666,6091.666666666667,6115.666666666667
8480.0,8.050000000000182,238.0,240.0,100.0,87.0,0.0,0.0,-3.52,-2.16,5.0,5.0,0.81,0.77,0.14,0.04,6126.0,6276.0
8485.0,8.050000000000153,238.0,240.0,99.33333333333333,89.33333333333333,0.0,0.0,-2.6966666666666668,-1.92,5.0,5.0,0.9533333333333334,1.28,0.20999999999999996,0.2733333333333333,6422.0,6214.666666666667
8490.0,8.050000000000097,239.0,241.0,100.0,93.0,0.0,0.0,-1.75,-1.9,5.0,5.0,1.58,1.02,0.27,0.21,6132.0,6153.0
8495.0,8.050000000000068,239.66666666666666,241.0,100.0,93.0,0.0,0.0,-0.22999999999999998,-2.1,5.0,5.0,0.9500000000000001,1.01,0.16666666666666669,0.21666666666666667,6181.0,6196.0
8500.0,8.049999999999983,240.0,242.0,100.0,94.0,0.0,0.0,0.27,-2.08,5.0,5.0,0.94,1.05,0.25,0.22,6150.0,6164.0
8505.0,8.050000000000153,240.66666666666666,242.66666666666666,100.0,94.66666666666667,0.0,0.0,0.3,-1.9466666666666665,5.0,5.0,0.63,0.6566666666666667,0.19333333333333333,0.19666666666666666,6138.333333333333,6204.666666666667
8510.0,8.049999999999898,241.0,243.0,100.0,96.0,0.0,0.0,0.3,-2.0,5.0,5.0,0.24,0.37,0.17,0.03,6187.0,6393.0
8515.0,8.050000000000068,241.0,243.66666666666666,100.0,96.0,0.0,0.0,-0.19666666666666668,-1.8933333333333333,5.0,5.0,0.17666666666666667,1.0633333333333332,0.18999999999999997,0.33666666666666667,6465.333333333333,6294.0
8520.0,8.050000000000267,242.0,244.0,100.0,94.0,0.0,0.0,-0.61,-1.24,5.0,5.0,0.24,1.05,0.29,0.23,6166.0,6221.0
8525.0,8.041666666666657,243.0,244.5,100.0,85.0,0.0,0.0,-0.69,-0.54,5.0,5.0,0.21,0.8200000000000001,0.20333333333333334,0.19,6201.666666666667,6232.0
8530.0,8.050000000000182,243.0,245.0,100.0,62.0,0.0,0.0,-0.97,-0.02,5.0,5.0,0.28,0.6,0.21,0.15,6245.0,6219.0
8535.0,8.041666666666828,244.0,245.0,100.0,31.0,0.0,0.0,-0.7733333333333333,0.52,5.0,5.0,0.29333333333333333,0.33,0.19,0.045,6237.0,6211.0
8540.0,8.050000000000097,244.0,245.0,100.0,1.0,0.0,0.0,-0.48,1.14,5.0,5.0,0.32,0.12,0.2,-0.12,6265.0,6152.0
8545.0,8.041666666666714,245.0,244.33333333333334,92.5,0.0,0.0,23.666666666666664,-0.095,0.9666666666666667,5.0,5.0,0.29000000000000004,-0.056666666666666664,0.19,-0.5700000000000001,6240.5,6112.666666666667
8550.0,8.049999999999983,245.0,241.0,46.0,0.0,23.0,63.0,0.2,-0.02,5.0,5.0,0.16,-0.15,-0.24,-1.31,6191.0,5985.0
8555.0,8.041666666666856,243.0,238.33333333333334,3.0,0.0,55.0,64.33333333333333,0.29500000000000004,-0.45,5.0,5.0,0.055,-0.10666666666666666,-1.075,-1.33,6030.0,5889.666666666667
8560.0,8.049999999999898,239.0,234.0,69.0,0.0,74.0,76.0,0.06,-0.3,0.0,5.0,0.0,-0.06,-1.49,-1.58,6139.0,5753.0
8565.0,8.050000000000068,234.33333333333334,229.0,23.0,0.0,80.33333333333333,79.66666666666667,-0.07333333333333332,-0.14666666666666667,0.0,5.0,-0.049999999999999996,-0.030000000000000002,-1.7233333333333334,-1.6133333333333335,6800.666666666667,5650.0
8570.0,8.050000000000267,231.0,225.0,0.0,0.0,82.0,85.0,-0.31,0.17,4.0,5.0,-0.04,-0.02,-1.66,-1.72,6693.0,5517.0
8575.0,8.049999999999983,225.33333333333334,220.0,0.0,0.0,85.0,86.0,-0.5233333333333333,0.44,4.0,5.0,0.0,-0.09,-1.8499999999999999,-1.7666666666666666,6427.666666666667,5377.0
8580.0,8.050000000000097,220.0,215.0,0.0,0.0,85.0,85.33333333333333,-0.4666666666666667,0.3733333333333333,4.0,5.0,0.02333333333333333,-0.08666666666666667,-1.7833333333333334,-1.6433333333333333,6345.333333333333,5244.0
8585.0,8.050000000000267,215.0,211.0,0.0,69.0,84.0,85.0,-0.03,0.28,4.0,0.0,0.03,-0.09,-1.71,-1.62,6120.0,5967.0
8590.0,8.066666666666634,209.33333333333334,204.0,46.0,0.0,84.0,84.0,0.71,0.36,4.0,4.0,-0.06333333333333334,-0.2,-1.7033333333333334,-1.61,6106.0,5885.0
8595.0,8.058333333333422,205.0,200.0,51.5,0.0,82.5,84.0,1.0350000000000001,0.10333333333333333,0.0,4.0,-0.15500000000000003,-0.14333333333333334,-1.59,-1.5633333333333335,7020.0,5735.666666666667
8600.0,8.066666666666862,199.0,194.0,0.0,0.0,75.33333333333333,87.33333333333333,0.9033333333333333,0.24333333333333332,3.0,4.0,-0.21666666666666667,-0.15333333333333332,-1.54,-1.7233333333333334,6952.0,5535.333333333333
8605.0,8.074999999999903,195.0,189.0,0.0,34.5,73.0,88.5,0.53,0.375,3.0,4.0,-0.3,-0.11,-1.57,-1.54,6884.0,5957.0
8610.0,8.074999999999989,189.0,184.0,0.0,0.0,73.0,88.0,0.09,0.965,3.0,3.0,-0.09,-0.065,-1.28,-1.4649999999999999,6614.0,5909.0
8615.0,8.075000000000102,185.0,178.0,0.0,0.0,73.0,87.0,0.62,1.52,3.0,3.0,-0.11,-0.19,-1.6,-1.835,6176.0,5973.5
8620.0,8.07500000000016,178.0,171.5,0.0,0.0,72.0,84.5,1.0,1.38,3.0,3.0,-0.37,-0.395,-1.51,-1.63,6301.0,6040.5
8625.0,8.075000000000273,174.0,166.5,0.0,0.0,72.0,81.0,1.13,1.555,3.0,3.0,-0.41,-0.45,-1.5,-1.545,6169.0,5872.0
8630.0,8.099999999999909,169.0,160.0,69.0,69.0,71.0,80.0,1.81,3.17,0.0,0.0,-0.34,-0.3,-1.23,-1.29,7031.0,5475.0
8635.0,8.07500000000013,163.0,155.0,0.0,0.0,71.0,77.0,3.7199999999999998,4.2,2.0,2.0,-0.46,-0.74,-1.5,-1.44,6700.5,6703.0
8640.0,8.099999999999994,156.5,149.0,0.0,0.0,71.5,63.0,4.715,4.37,2.0,2.0,-0.925,-0.9299999999999999,-1.51,-1.295,6758.0,6444.0
8645.0,8.099999999999994,150.0,143.0,0.0,0.0,65.0,51.0,5.5,5.37,2.0,2.0,-1.04,-0.96,-1.3,-1.12,6506.0,6231.0
8650.0,8.099999999999994,145.0,139.0,0.0,0.0,57.0,49.5,5.99,6.654999999999999,2.0,2.0,-1.025,-1.0150000000000001,-1.21,-1.05,6236.5,6045.0
8655.0,8.125,141.0,133.0,0.0,0.0,42.0,43.5,5.99,8.405,2.0,2.0,-1.02,-1.26,-0.96,-0.99,6093.0,5763.0
8660.0,8.125,136.0,129.0,0.0,0.0,28.5,32.0,7.1899999999999995,9.75,2.0,2.0,-1.32,-1.45,-0.7250000000000001,-0.8,5959.5,5602.0
8665.0,8.125000000000142,132.5,125.0,0.0,0.0,26.0,21.0,9.43,10.89,2.0,2.0,-1.42,-1.65,-0.67,-0.61,5808.0,5481.0
8670.0,8.149999999999892,130.0,122.0,0.0,0.0,20.0,9.0,10.91,12.31,2.0,2.0,-1.58,-1.74,-0.6,-0.38,5689.0,5376.0
8675.0,8.150000000000261,127.0,120.0,0.0,0.0,4.0,6.0,12.86,13.51,2.0,2.0,-1.83,-1.82,-0.33,-0.35,5609.0,5294.0
8680.0,8.150000000000176,125.0,119.0,0.0,0.0,0.0,0.0,15.22,13.67,2.0,2.0,-1.69,-1.5,-0.24,-0.2,5544.0,5238.0
8685.0,8.150000000000091,124.0,117.0,0.0,5.0,0.0,0.0,16.97,15.12,2.0,2.0,-1.66,-1.51,-0.23,-0.08,5474.0,5223.0
8690.0,8.175000000000097,122.5,117.0,13.5,20.0,0.0,0.0,18.21,17.05,2.0,2.0,-1.735,-1.8,-0.10500000000000001,-0.01,5498.0,5246.0
8695.0,8.174999999999983,122.0,117.0,44.5,43.0,0.0,0.0,18.77,18.02,2.0,2.0,-1.69,-1.36,0.08,0.08,5548.0,5304.0
8700.0,8.175000000000125,122.5,117.0,58.0,51.0,0.0,0.0,19.630000000000003,17.67,2.0,2.0,-1.495,-1.64,0.135,0.16,5614.0,5359.0
8705.0,8.200000000000045,123.0,118.0,70.5,59.5,0.0,0.0,19.86,16.55,2.0,2.0,-1.9699999999999998,-1.83,0.22999999999999998,0.22,5657.0,5388.5
8710.0,8.20000000000016,124.0,119.0,70.5,61.0,0.0,0.0,19.865000000000002,17.29,2.0,2.0,-1.915,-1.835,0.26,0.255,5686.5,5433.5
8715.0,8.200000000000102,124.5,120.0,70.0,60.5,0.0,0.0,19.865000000000002,17.549999999999997,2.0,2.0,-1.99,-1.895,0.28500000000000003,0.28,5753.5,5500.5
8720.0,8.22500000000008,126.0,121.5,67.0,60.5,0.0,0.0,19.67,16.405,2.0,2.0,-2.09,-2.035,0.32,0.315,5870.0,5568.0
8725.0,8.224999999999994,127.0,123.0,66.0,64.5,0.0,0.0,18.92,14.925,2.0,2.0,-2.2,-1.935,0.38,0.38,5915.0,5682.0
8730.0,8.199999999999903,128.0,125.0,65.0,66.0,0.0,0.0,17.69,13.92,2.0,2.0,-2.36,-1.85,0.44,0.43,5960.0,5777.0
8735.0,8.200000000000273,129.0,126.0,64.0,66.0,0.0,0.0,14.91,12.5,2.0,2.0,-2.42,-2.08,0.37,0.44,6054.0,5823.0
8740.0,8.225000000000051,130.0,129.0,68.5,73.0,0.0,0.0,11.774999999999999,11.73,2.0,2.0,-2.4749999999999996,-1.97,0.415,0.41,6041.5,5857.0
8745.0,8.225000000000165,131.5,130.0,77.0,70.0,0.0,0.0,8.485,11.64,2.0,2.0,-2.245,-1.78,0.47,0.41,6134.0,5995.0
8750.0,8.225000000000193,133.0,131.5,80.0,68.0,0.0,0.0,6.78,11.149999999999999,2.0,2.0,-1.86,-1.74,0.46,0.4,6253.0,6201.0
8755.0,8.225000000000165,134.5,133.0,80.5,70.0,0.0,0.0,6.5649999999999995,9.01,2.0,2.0,-1.83,-1.76,0.48,0.36,6330.0,6228.0
8760.0,8.22500000000008,136.5,135.0,83.0,80.0,0.0,0.0,6.285,4.63,2.0,2.0,-1.67,-1.64,0.4,0.46,6417.5,6343.0
8765.0,8.22500000000008,138.0,136.0,86.0,84.0,0.0,0.0,5.29,2.5,2.0,2.0,-1.79,-1.5899999999999999,0.48,0.475,6422.0,6451.5
8770.0,8.22500000000008,139.5,138.0,86.5,83.0,0.0,0.0,4.265,0.71,2.0,2.0,-1.375,-1.55,0.38,0.56,6589.5,6530.0
8775.0,8.250000000000085,142.0,140.0,93.0,89.0,0.0,0.0,2.98,-1.67,2.0,2.0,-1.61,-1.18,0.53,0.47,6603.0,6559.0
8780.0,8.250000000000085,143.0,141.5,93.0,97.0,0.0,0.0,2.525,-1.09,2.0,2.0,-1.095,-1.3050000000000002,0.42500000000000004,0.59,6706.5,6638.5
8785.0,8.250000000000085,145.0,144.0,98.0,100.0,0.0,0.0,2.84,0.98,2.0,2.0,-1.56,-0.73,0.61,0.51,6744.0,6616.0
8790.0,8.250000000000085,147.5,146.5,98.0,100.0,0.0,0.0,3.395,3.63,2.0,2.0,-1.13,-0.69,0.44999999999999996,0.5549999999999999,6848.5,6725.0
8795.0,8.250000000000085,149.0,149.0,100.0,100.0,0.0,0.0,3.37,5.02,2.0,2.0,-1.1,-0.87,0.5,0.56,6863.0,6893.0
8800.0,8.22500000000008,151.5,150.0,100.0,99.0,0.0,0.0,3.465,5.0,2.0,2.0,-1.105,-1.0,0.515,0.43,7025.5,6932.0
8805.0,8.22500000000008,153.0,152.5,99.0,100.0,0.0,0.0,3.64,5.005,2.0,2.0,-1.18,-1.25,0.45,0.52,7166.0,7001.5
8810.0,8.25000000000017,155.0,154.0,100.0,93.0,0.0,0.0,3.63,5.17,2.0,2.0,-1.18,-1.01,0.45,0.35,7095.0,7181.0
8815.0,8.241666666666845,155.5,155.33333333333334,0.0,94.0,0.0,0.0,3.61,4.743333333333333,0.0,2.0,-0.95,-1.1866666666666665,-0.18,0.35333333333333333,6877.5,7215.0
8820.0,8.225000000000193,157.0,157.0,100.0,98.5,0.0,0.0,3.55,3.615,3.0,2.0,-1.05,-1.43,0.46,0.375,5952.0,7220.5
8825.0,8.250000000000256,159.0,158.0,100.0,0.0,0.0,0.0,3.28,2.81,3.0,0.0,-1.22,-1.18,0.46,-0.12,5942.0,7022.0
8830.0,8.225000000000051,160.5,158.0,99.5,90.0,0.0,0.0,2.75,2.6,3.0,3.0,-0.605,-0.8,0.31000000000000005,0.56,6075.5,6215.0
8835.0,8.250000000000114,161.5,160.5,99.5,100.0,0.0,0.0,2.595,1.5350000000000001,3.0,3.0,-0.925,-1.32,0.54,0.48,6225.0,5974.5
8840.0,8.224999999999909,164.0,162.0,100.0,100.0,0.0,0.0,1.22,0.61,3.0,3.0,-1.09,-0.885,0.44,0.42,6056.0,5996.0
8845.0,8.25,165.0,164.0,100.0,100.0,0.0,0.0,0.83,0.37,3.0,3.0,-0.66,-0.48,0.41,0.44,6126.0,6112.0
8850.0,8.250000000000085,167.0,165.0,100.0,100.0,0.0,0.0,0.86,0.17,3.0,3.0,-0.44,-0.26,0.41,0.39,6181.0,6137.0
8855.0,8.250000000000114,168.0,167.33333333333334,100.0,100.0,0.0,0.0,0.86,0.15000000000000002,3.0,3.0,-0.2733333333333333,-0.17333333333333334,0.37,0.43666666666666665,6282.666666666667,6249.0
8860.0,8.25000000000017,169.5,168.5,100.0,100.0,0.0,0.0,0.62,0.1,3.0,3.0,-0.28500000000000003,-0.125,0.41000000000000003,0.43,6330.5,6265.5
8865.0,8.250000000000057,171.0,170.0,100.0,100.0,0.0,0.0,0.039999999999999994,0.1,3.0,3.0,-0.21500000000000002,-0.08,0.38,0.42000000000000004,6350.0,6311.0
8870.0,8.241666666666816,172.66666666666666,171.5,100.0,100.0,0.0,0.0,-0.20666666666666667,0.245,3.0,3.0,-0.10333333333333333,-0.07,0.35000000000000003,0.425,6410.333333333333,6376.5
8875.0,8.249999999999972,173.66666666666666,173.66666666666666,100.0,100.0,0.0,0.0,-0.21,0.24333333333333335,3.0,3.0,-0.043333333333333335,-0.056666666666666664,0.38666666666666666,0.39,6436.666666666667,6437.333333333333
8880.0,8.23333333333332,175.0,174.66666666666666,100.0,100.0,0.0,0.0,-0.29,0.3633333333333333,3.0,3.0,0.02,-0.07,0.38,0.41333333333333333,6528.0,6471.666666666667
8885.0,8.250000000000085,177.0,176.0,100.0,100.0,0.0,0.0,-0.25,0.4,3.0,3.0,0.04,-0.1,0.38,0.41,6548.0,6520.0
8890.0,8.25000000000017,178.0,178.0,100.0,100.0,0.0,0.0,-0.27,-0.04,3.0,3.0,0.05,-0.05,0.36,0.37,6578.0,6614.0
8895.0,8.250000000000256,179.0,179.0,100.0,100.0,0.0,0.0,-0.3,-0.14,3.0,3.0,0.07,-0.02,0.31,0.4,6667.0,6642.0
8900.0,8.249999999999915,180.0,181.0,100.0,100.0,0.0,0.0,-0.3,-0.15,3.0,3.0,0.09,0.0,0.37,0.38,6691.0,6679.0
8905.0,8.25,182.0,182.0,100.0,100.0,0.0,0.0,-0.3,0.0,3.0,3.0,0.09,0.01,0.35,0.4,6723.0,6777.0
8910.0,8.250000000000085,183.0,183.0,100.0,100.0,0.0,0.0,-0.3,0.35,3.0,3.0,0.09,-0.02,0.37,0.39,6778.0,6759.0
8915.0,8.233333333333519,184.0,184.66666666666666,100.0,100.0,0.0,0.0,-0.3,0.32,3.0,3.0,0.07,-0.03333333333333333,0.35,0.36,6791.0,6846.333333333333
8920.0,8.233333333333604,185.0,185.66666666666666,100.0,100.0,0.0,0.0,-0.29,0.23333333333333334,3.0,3.0,0.08,-0.05,0.38,0.35000000000000003,6838.0,6855.0
8925.0,8.249999999999972,186.0,187.0,100.0,100.0,0.0,0.0,-0.3,0.010000000000000009,3.0,3.0,0.08333333333333333,-0.04,0.29666666666666663,0.36333333333333334,6904.0,6930.666666666667
8930.0,8.250000000000057,187.66666666666666,188.0,100.0,100.0,0.0,0.0,-0.3,-0.23666666666666664,3.0,3.0,0.10333333333333333,-0.013333333333333334,0.33,0.37333333333333335,6952.333333333333,6971.0
8935.0,8.241666666666816,188.66666666666666,189.5,100.0,100.0,0.0,0.0,-0.30666666666666664,-0.6599999999999999,3.0,3.0,0.12333333333333334,0.06,0.33666666666666667,0.35,6977.0,6994.0
8940.0,8.241666666666703,190.0,190.33333333333334,100.0,100.0,0.0,0.0,-0.585,-0.7866666666666667,3.0,3.0,0.175,0.14,0.315,0.35,7019.0,7030.666666666667
8945.0,8.250000000000085,191.0,192.0,100.0,100.0,0.0,0.0,-0.59,-0.8,3.0,3.0,0.20333333333333334,0.19666666666666666,0.33333333333333337,0.33,7038.0,7073.333333333333
8950.0,8.233333333333348,192.0,193.0,100.0,100.0,0.0,0.0,-0.59,-0.96,3.0,3.0,0.20666666666666667,0.26,0.28,0.3,7092.333333333333,7110.0
8955.0,8.25000000000017,193.0,194.0,100.0,100.0,0.0,0.0,-0.59,-1.45,3.0,3.0,0.23,0.34,0.28,0.29,7104.0,7121.0
8960.0,8.250000000000256,193.0,194.0,0.0,100.0,0.0,0.0,-0.63,-1.74,0.0,4.0,0.2,0.35,-0.2,0.28,6619.0,6412.0
8965.0,8.233333333333235,194.0,194.66666666666666,100.0,100.0,0.0,0.0,-0.76,-1.6600000000000001,4.0,4.0,0.22,0.48,0.32,0.30333333333333334,5874.0,5896.0
8970.0,8.250000000000057,194.66666666666666,195.66666666666666,100.0,100.0,0.0,0.0,-0.76,-0.9433333333333334,4.0,4.0,0.24666666666666667,0.45,0.3,0.27666666666666667,5887.666666666667,5928.666666666667
8975.0,8.23333333333349,195.66666666666666,196.33333333333334,100.0,100.0,0.0,0.0,-0.76,-0.6933333333333334,4.0,4.0,0.25333333333333335,0.3933333333333333,0.27666666666666667,0.29333333333333333,5926.333333333333,5953.666666666667
8980.0,8.241666666666703,196.5,198.0,100.0,100.0,0.0,0.0,-0.8400000000000001,-1.49,4.0,4.0,0.22999999999999998,0.3466666666666667,0.26,0.30666666666666664,5949.5,6041.666666666667
8985.0,8.233333333333434,197.33333333333334,199.0,100.0,100.0,0.0,0.0,-1.44,-2.23,4.0,4.0,0.3,0.42,0.32666666666666666,0.33,6042.333333333333,6014.0
8990.0,8.250000000000085,198.0,200.0,100.0,100.0,0.0,0.0,-1.54,-2.61,4.0,4.0,0.34,0.58,0.24,0.31,6020.0,6094.0
8995.0,8.233333333333519,199.0,200.66666666666666,100.0,100.0,0.0,0.0,-1.35,-2.64,4.0,4.0,0.48,0.7466666666666667,0.28,0.32,6051.0,6073.333333333333
9000.0,8.241666666666816,200.0,201.5,100.0,100.0,0.0,0.0,-1.1300000000000001,-1.9949999999999999,4.0,4.0,0.5,0.765,0.26666666666666666,0.3,6060.333333333333,6106.5
9005.0,8.23333333333332,201.0,202.33333333333334,100.0,100.0,0.0,0.0,-0.9233333333333333,-0.8633333333333334,4.0,4.0,0.49333333333333335,0.7433333333333333,0.29,0.32,6088.0,6122.0
9010.0,8.233333333333434,202.0,204.0,100.0,100.0,0.0,0.0,-0.79,-0.22,4.0,4.0,0.45666666666666667,0.59,0.2733333333333334,0.31,6097.0,6135.0
9015.0,8.233333333333604,203.0,204.66666666666666,100.0,100.0,0.0,0.0,-0.78,0.11333333333333334,4.0,4.0,0.42,0.36333333333333334,0.3,0.31333333333333335,6116.0,6170.666666666667
9020.0,8.233333333333235,204.0,205.66666666666666,100.0,100.0,0.0,0.0,-0.7,0.12000000000000001,4.0,4.0,0.35,0.22333333333333333,0.31,0.31333333333333335,6180.0,6200.666666666667
9025.0,8.233333333333405,204.66666666666666,207.0,100.0,100.0,0.0,0.0,-0.7,-0.33999999999999997,4.0,4.0,0.33666666666666667,0.15333333333333332,0.28,0.30333333333333334,6171.666666666667,6225.333333333333
9030.0,8.233333333333519,205.33333333333334,207.0,100.0,100.0,0.0,0.0,-0.7166666666666667,-0.96,4.0,4.0,0.32,0.2,0.2866666666666667,0.29,6196.0,6240.0
9035.0,8.216666666666669,206.33333333333334,208.66666666666666,100.0,100.0,0.0,0.0,-1.0,-1.2933333333333334,4.0,4.0,0.33,0.29000000000000004,0.2733333333333334,0.29,6224.0,6272.333333333333
9040.0,8.23333333333332,207.0,209.66666666666666,100.0,100.0,0.0,0.0,-1.38,-1.2,4.0,4.0,0.42,0.36,0.28,0.28,6243.0,6295.666666666667
9045.0,8.23333333333349,208.0,210.33333333333334,100.0,100.0,0.0,0.0,-1.3133333333333332,-1.1333333333333333,4.0,4.0,0.41333333333333333,0.3933333333333333,0.23666666666666666,0.27666666666666667,6273.0,6336.666666666667
9050.0,8.233333333333348,209.0,211.0,100.0,100.0,0.0,0.0,-0.9233333333333333,-1.23,4.0,4.0,0.42666666666666664,0.48,0.26333333333333336,0.27,6299.0,6347.0
9055.0,8.23333333333332,210.0,212.0,100.0,100.0,0.0,0.0,-0.65,-1.4933333333333334,4.0,4.0,0.43,0.4666666666666667,0.25,0.2733333333333334,6304.0,6363.333333333333
9060.0,8.216666666666754,210.0,212.33333333333334,100.0,100.0,0.0,0.0,-1.04,-1.6933333333333334,4.0,4.0,0.35,0.52,0.21,0.27666666666666667,6346.0,6442.666666666667
9065.0,8.216666666666754,211.0,213.0,100.0,100.0,0.0,0.0,-1.7233333333333334,-1.35,4.0,4.0,0.49,0.54,0.25333333333333335,0.24,6365.666666666667,6403.0
9070.0,8.216666666666754,212.0,214.0,100.0,100.0,0.0,0.0,-2.1666666666666665,-1.32,4.0,4.0,0.4633333333333333,0.4066666666666667,0.18333333333333335,0.2,6399.666666666667,6532.666666666667
9075.0,8.216666666666754,212.0,215.0,100.0,100.0,0.0,0.0,-2.39,-1.9666666666666668,4.0,4.0,0.54,0.6866666666666666,0.28,0.26666666666666666,6538.0,6509.666666666667
9080.0,8.216666666666754,213.0,215.0,100.0,90.0,0.0,0.0,-2.336666666666667,-2.38,4.0,4.0,0.8866666666666666,0.83,0.23,0.21,6445.333333333333,6469.0
9085.0,8.216666666666754,214.0,216.0,100.0,82.33333333333333,0.0,0.0,-1.9966666666666668,-2.67,4.0,4.0,0.88,0.7966666666666667,0.22,0.17333333333333334,6445.666666666667,6502.666666666667
9090.0,8.216666666666754,214.0,216.33333333333334,100.0,82.0,0.0,0.0,-1.86,-2.88,4.0,4.0,0.81,0.88,0.21,0.18333333333333335,6479.0,6507.666666666667
9095.0,8.216666666666754,215.0,217.0,100.0,83.0,0.0,0.0,-1.86,-2.86,4.0,4.0,0.7833333333333333,0.93,0.20333333333333334,0.15,6485.666666666667,6530.0
9100.0,8.216666666666754,215.33333333333334,217.66666666666666,100.0,77.66666666666667,0.0,0.0,-1.8633333333333335,-2.43,4.0,4.0,0.8033333333333333,1.03,0.20333333333333334,0.15666666666666668,6506.0,6522.0
9105.0,8.216666666666754,216.0,218.0,100.0,64.66666666666667,0.0,0.0,-1.99,-2.67,4.0,4.0,0.81,0.9766666666666667,0.19,0.10666666666666667,6510.0,6524.333333333333
9110.0,8.216666666666754,217.0,218.0,100.0,55.0,0.0,0.0,-2.28,-3.24,4.0,4.0,0.8066666666666666,1.04,0.20333333333333334,0.08,6537.333333333333,6534.0
9115.0,8.216666666666754,217.0,218.0,100.0,54.0,0.0,0.0,-2.34,-3.1333333333333333,4.0,4.0,0.8566666666666667,1.02,0.21333333333333335,0.06666666666666667,6546.333333333333,6534.0
9120.0,8.216666666666754,218.0,218.0,100.0,57.0,0.0,0.0,-2.34,-2.466666666666667,4.0,4.0,0.86,0.98,0.21,0.08,6574.0,6551.0
9125.0,8.216666666666754,218.66666666666666,219.0,100.0,63.0,0.0,0.0,-2.333333333333333,-2.21,4.0,4.0,0.8333333333333333,0.8,0.2,0.1,6603.0,6569.0
9130.0,8.216666666666754,219.0,219.0,100.0,65.66666666666667,0.0,0.0,-2.5500000000000003,-2.8833333333333333,4.0,4.0,0.84,0.87,0.18333333333333332,0.11666666666666667,6621.333333333333,6582.333333333333
9135.0,8.216666666666754,220.0,219.0,100.0,65.33333333333333,0.0,0.0,-2.73,-3.65,4.0,4.0,0.89,0.9066666666666667,0.18,0.11666666666666667,6632.0,6583.0
9140.0,8.216666666666754,220.0,220.0,100.0,63.0,0.0,0.0,-2.5733333333333333,-3.82,4.0,4.0,0.9233333333333333,1.06,0.19,0.1,6642.0,6598.0
9145.0,8.216666666666754,221.0,220.0,100.0,53.333333333333336,0.0,0.0,-2.486666666666667,-3.283333333333333,4.0,4.0,1.03,1.1833333333333333,0.2,0.09,6660.0,6576.666666666667
9150.0,8.216666666666754,221.0,220.0,100.0,43.333333333333336,0.0,0.0,-2.5,-3.17,4.0,4.0,1.01,1.1666666666666665,0.2,0.04666666666666667,6663.0,6572.666666666667
9155.0,8.216666666666754,221.66666666666666,220.0,100.0,37.0,0.0,0.0,-2.5,-3.33,4.0,4.0,0.99,0.96,0.19333333333333333,0.01,6682.666666666667,6571.0
9160.0,8.220833333333388,222.0,220.0,100.0,40.333333333333336,0.0,0.0,-2.7575000000000003,-3.1,4.0,4.0,0.7999999999999999,1.0466666666666666,0.155,0.04666666666666667,6711.25,6596.333333333333
9165.0,8.23333333333349,222.66666666666666,220.0,100.0,49.333333333333336,0.0,0.0,-3.1566666666666667,-1.7833333333333334,4.0,4.0,0.76,0.86,0.18333333333333335,0.05333333333333334,6781.333333333333,6603.666666666667
9170.0,8.233333333333348,223.0,220.0,100.0,56.0,0.0,0.0,-3.4033333333333333,-0.67,4.0,4.0,0.88,0.64,0.20666666666666667,0.06,6783.666666666667,6661.0
9175.0,8.216666666666669,224.0,220.33333333333334,100.0,63.0,0.0,0.0,-3.27,-0.5733333333333334,4.0,4.0,1.04,0.62,0.21,0.08333333333333333,6807.0,6629.0
9180.0,8.21666666666681,224.0,221.0,100.0,70.0,0.0,0.0,-2.8466666666666667,-0.8,4.0,4.0,1.1400000000000001,0.4,0.21666666666666667,0.0,6767.0,6675.0
9185.0,8.216666666666669,225.0,221.0,100.0,72.0,0.0,0.0,-2.82,-0.6933333333333334,4.0,4.0,1.0366666666666666,0.53,0.2,0.15000000000000002,6798.333333333333,6654.0
9190.0,8.216666666666669,225.0,221.0,100.0,72.33333333333333,0.0,0.0,-2.91,-1.6866666666666668,4.0,4.0,1.1,0.5466666666666666,0.21,0.049999999999999996,6802.0,6649.666666666667
9195.0,8.225000000000165,226.0,221.0,100.0,71.0,0.0,0.0,-2.975,-2.99,4.0,4.0,1.025,0.67,0.22499999999999998,0.05,6810.5,6669.0
9200.0,8.233333333333235,226.0,222.0,100.0,68.66666666666667,0.0,0.0,-2.97,-2.91,4.0,4.0,1.04,0.8666666666666667,0.22,0.06333333333333334,6839.0,6664.666666666667
9205.0,8.233333333333405,227.0,222.0,100.0,66.33333333333333,0.0,0.0,-2.97,-2.586666666666667,4.0,4.0,1.0666666666666667,0.7333333333333333,0.21000000000000002,0.09,6834.666666666667,6728.333333333333
9210.0,8.233333333333519,227.33333333333334,222.0,100.0,64.0,0.0,0.0,-3.2466666666666666,-3.08,4.0,4.0,1.0366666666666666,0.95,0.22666666666666668,0.33,6864.0,6807.0
9215.0,8.233333333333235,228.0,222.0,100.0,66.33333333333333,0.0,0.0,-3.83,-2.8366666666666664,4.0,4.0,1.08,1.3933333333333333,0.23,0.11333333333333333,6893.0,6755.0
9220.0,8.233333333333434,228.33333333333334,222.0,100.0,67.0,0.0,0.0,-4.1,-2.83,4.0,4.0,1.1766666666666665,1.11,0.22,-0.02,6905.0,6770.0
9225.0,8.233333333333604,229.0,222.0,100.0,66.0,0.0,0.0,-4.12,-3.8033333333333332,4.0,4.0,1.21,1.2033333333333334,0.2,0.013333333333333334,6929.0,6780.0
9230.0,8.23333333333332,229.66666666666666,222.33333333333334,100.0,66.0,0.0,0.0,-4.343333333333334,-4.26,4.0,4.0,1.1866666666666665,1.5233333333333334,0.2,0.07666666666666666,6939.666666666667,6834.0
9235.0,8.25000000000017,230.0,222.0,100.0,66.0,0.0,0.0,-5.05,-4.01,4.0,4.0,1.34,0.94,0.22,-0.14,6980.0,6966.0
9240.0,8.25000000000017,230.0,222.0,100.0,67.0,0.0,0.0,-5.29,-4.18,4.0,4.0,1.6533333333333333,2.1266666666666665,0.22333333333333333,0.09000000000000002,6943.333333333333,6829.333333333333
9245.0,8.250000000000028,231.0,222.0,100.0,70.0,0.0,0.0,-5.236666666666666,-3.513333333333333,4.0,4.0,1.7166666666666668,1.6533333333333333,0.22333333333333333,0.09333333333333334,6953.0,6730.0
9250.0,8.25000000000017,231.0,222.0,100.0,72.0,0.0,0.0,-4.8,-2.87,4.0,4.0,1.6,2.48,0.17,0.21,6979.0,6794.0
9255.0,8.266666666666765,231.33333333333334,222.0,100.0,73.0,0.0,0.0,-4.69,-3.42,4.0,4.0,1.8566666666666667,2.6666666666666665,0.20666666666666667,0.04000000000000001,6979.333333333333,6655.666666666667
9260.0,8.262500000000102,232.0,222.0,100.0,75.25,0.0,0.0,-4.69,-3.8775,4.0,4.0,1.76,2.1675,0.16,0.1125,6990.0,6670.75
9265.0,8.258333333333383,232.0,222.0,100.0,77.33333333333333,0.0,0.0,-4.69,-3.4833333333333334,4.0,4.0,1.7149999999999999,1.52,0.185,0.12666666666666668,7014.0,6698.666666666667
9270.0,8.266666666666652,233.0,222.33333333333334,100.0,82.33333333333333,0.0,0.0,-4.69,-2.23,4.0,4.0,1.81,1.5766666666666667,0.18,0.18,7000.0,6727.0
9275.0,8.266666666666822,233.0,223.0,100.0,85.0,0.0,0.0,-4.69,-0.95,4.0,4.0,1.6966666666666665,1.27,0.18666666666666668,0.13,7021.333333333333,6686.0
9280.0,8.270833333333314,233.0,223.0,100.0,84.33333333333333,0.0,0.0,-4.680000000000001,-0.8733333333333333,4.0,4.0,1.7525,1.1033333333333333,0.17,0.15,7019.75,6706.333333333333
9285.0,8.283333333333388,233.66666666666666,224.0,100.0,85.0,0.0,0.0,-4.476666666666667,-1.5899999999999999,4.0,4.0,1.7166666666666666,0.8833333333333333,0.17,0.16999999999999998,7029.0,6714.0
9290.0,8.28333333333353,234.0,224.0,100.0,86.0,0.0,0.0,-4.073333333333333,-2.39,4.0,4.0,1.56,0.9,0.17,0.15,7049.666666666667,6741.0
9295.0,8.287499999999966,234.0,224.5,100.0,86.0,0.0,0.0,-3.905,-2.49,4.0,4.0,1.5150000000000001,0.9199999999999999,0.1625,0.16,7067.75,6739.0
9300.0,8.283333333333445,235.0,225.0,66.66666666666667,87.0,0.0,0.0,-3.9,-2.95,4.0,4.0,1.5666666666666667,0.93,0.07333333333333333,0.13,7046.666666666667,6765.0
9305.0,8.283333333333587,234.0,225.0,0.0,95.0,0.0,0.0,-3.9,-2.5833333333333335,0.0,4.0,1.46,1.0666666666666667,-0.26,0.19333333333333333,6697.0,6772.0
9310.0,8.300000000000011,234.33333333333334,226.0,100.0,100.0,0.0,0.0,-3.84,-1.68,5.0,4.0,1.5266666666666666,0.9666666666666667,0.21000000000000002,0.20666666666666667,6079.333333333333,6810.0
9315.0,8.300000000000182,235.0,226.0,100.0,100.0,0.0,0.0,-3.44,-1.19,5.0,4.0,1.43,0.83,0.16,0.16,5993.0,6806.0
9320.0,8.300000000000125,235.0,227.0,100.0,100.0,0.0,0.0,-2.7199999999999998,-1.545,5.0,4.0,1.275,0.7450000000000001,0.15000000000000002,0.11,6018.5,6884.5
9325.0,8.300000000000097,235.0,227.0,100.0,100.0,0.0,0.0,-2.51,-2.35,5.0,4.0,1.27,1.13,0.18,0.12,6036.0,6841.0
9330.0,8.300000000000068,236.0,227.0,100.0,100.0,0.0,0.0,-2.5166666666666666,-2.87,5.0,4.0,1.2166666666666666,1.18,0.16333333333333333,0.11,6023.666666666667,6843.333333333333
9335.0,8.316666666666663,236.0,227.0,100.0,100.0,0.0,0.0,-2.52,-2.36,5.0,4.0,1.17,1.06,0.15,0.10666666666666669,6028.0,6883.333333333333
9340.0,8.316666666666833,236.0,228.0,100.0,100.0,0.0,0.0,-2.52,-1.64,5.0,4.0,1.1266666666666667,1.38,0.14666666666666667,0.18,6043.333333333333,6853.0
9345.0,8.304166666666646,237.0,228.0,100.0,100.0,0.0,0.0,-2.52,-1.3666666666666667,5.0,4.0,1.27,1.1166666666666667,0.1475,0.09666666666666666,6040.75,6893.0
9350.0,8.31666666666672,237.0,228.0,100.0,100.0,0.0,0.0,-2.513333333333333,-1.45,5.0,4.0,1.1866666666666665,1.23,0.13333333333333333,0.15,6048.0,6875.0
9355.0,8.320833333333553,237.25,228.0,100.0,100.0,0.0,0.0,-2.2825,-2.07,5.0,4.0,1.03,0.8833333333333334,0.13,0.009999999999999997,6074.0,7012.666666666667
9360.0,8.329166666666623,238.0,228.0,100.0,100.0,0.0,0.0,-1.8933333333333333,-2.3075,5.0,4.0,0.96,1.17,0.14333333333333334,0.1575,6088.333333333333,6878.0
9365.0,8.316666666666777,238.0,228.66666666666666,100.0,100.0,0.0,0.0,-1.74,-1.5333333333333334,5.0,4.0,0.8733333333333333,1.2033333333333334,0.1366666666666667,0.20666666666666667,6105.0,6942.333333333333
9370.0,8.329166666666879,238.0,229.0,100.0,100.0,0.0,0.0,-1.74,-0.6233333333333333,5.0,4.0,0.86,1.14,0.1375,0.15666666666666668,6106.5,6945.0
9375.0,8.333333333333343,239.0,229.0,100.0,100.0,0.0,0.0,-1.72,-0.41,5.0,4.0,0.8066666666666668,1.2,0.14666666666666667,0.23,6110.666666666667,6935.0
9380.0,8.337500000000091,239.0,230.0,100.0,100.0,0.0,0.0,-1.5375,-0.29000000000000004,5.0,4.0,0.7925,0.95,0.1475,0.215,6121.75,6927.5
9385.0,8.333333333333428,239.33333333333334,230.0,100.0,100.0,0.0,0.0,-1.2133333333333334,-0.09,5.0,4.0,0.76,0.76,0.14,0.19,6119.0,6947.0
9390.0,8.345833333333474,240.0,231.0,100.0,100.0,0.0,0.0,-1.25,-0.12,5.0,4.0,0.7275,0.5766666666666667,0.14,0.19666666666666666,6128.75,6952.333333333333
9395.0,8.345833333333331,240.0,232.0,100.0,100.0,0.0,0.0,-1.4266666666666667,-0.6725,5.0,4.0,0.7033333333333333,0.4575,0.14,0.2075,6132.0,6963.5
9400.0,8.34583333333336,240.75,232.0,100.0,100.0,0.0,0.0,-1.8599999999999999,-0.9666666666666667,5.0,4.0,0.7475,0.44333333333333336,0.14,0.22,6142.75,6979.333333333333
9405.0,8.350000000000193,241.0,233.0,100.0,100.0,0.0,0.0,-2.0533333333333332,-0.9466666666666667,5.0,4.0,0.8,0.43333333333333335,0.13333333333333333,0.19333333333333333,6147.0,7006.0
9410.0,8.362499999999955,241.0,233.0,100.0,100.0,0.0,0.0,-2.06,-1.43,5.0,4.0,0.8225,0.56,0.16499999999999998,0.2,6164.5,7023.0
9415.0,8.350000000000108,242.0,234.0,100.0,93.0,0.0,0.0,-2.4266666666666667,-2.1966666666666663,5.0,4.0,0.9333333333333333,0.6966666666666667,0.13333333333333333,0.17,6171.333333333333,7007.333333333333
9420.0,8.36250000000021,242.0,234.0,100.0,82.0,0.0,0.0,-2.7575000000000003,-2.76,5.0,4.0,0.9924999999999999,0.85,0.1325,0.11,6172.0,7023.0
9425.0,8.358333333333348,242.0,234.0,100.0,72.0,0.0,0.0,-2.7733333333333334,-2.4050000000000002,5.0,4.0,1.0833333333333333,1.07,0.10666666666666666,0.08499999999999999,6194.0,7010.0
9430.0,8.362500000000097,242.75,234.0,100.0,69.0,0.0,0.0,-2.4375,-1.57,5.0,4.0,1.2375,1.01,0.11750000000000001,0.08,6180.0,7014.0
9435.0,8.36666666666676,243.0,235.0,100.0,68.33333333333333,0.0,0.0,-1.9766666666666666,-1.0233333333333334,5.0,4.0,1.1333333333333333,0.7866666666666666,0.1,0.056666666666666664,6189.0,7036.0
9440.0,8.362500000000125,243.0,235.0,100.0,70.0,0.0,0.0,-1.8075,-1.18,5.0,4.0,0.9775,0.67,0.1,0.08,6215.25,7042.0
9445.0,8.366666666666674,243.0,235.0,100.0,71.66666666666667,0.0,0.0,-1.8366666666666667,-1.9766666666666668,5.0,4.0,0.8466666666666667,0.36333333333333334,0.1366666666666667,0.030000000000000006,6232.333333333333,7119.333333333333
9450.0,8.375000000000057,243.0,235.0,100.0,73.0,0.0,0.0,-2.1824999999999997,-3.1525,5.0,4.0,0.4875,0.44,0.05499999999999999,0.055,6304.5,7226.5
9455.0,8.370833333333564,243.25,235.0,100.0,72.33333333333333,0.0,0.0,-2.7600000000000002,-3.34,5.0,4.0,0.4625,0.84,0.115,0.11666666666666667,6456.75,7070.666666666667
9460.0,8.383333333333297,244.0,235.33333333333334,100.0,72.33333333333333,0.0,0.0,-2.586666666666667,-2.14,5.0,4.0,1.0266666666666666,0.9033333333333333,0.21000000000000002,0.07333333333333333,6299.666666666667,7053.333333333333
9465.0,8.375000000000114,244.0,236.0,100.0,73.0,0.0,0.0,-1.7125,-1.2825,5.0,4.0,1.0999999999999999,0.8175,0.1325,0.095,6244.25,7071.75
9470.0,8.383333333333496,244.66666666666666,236.0,100.0,73.33333333333333,0.0,0.0,-1.3133333333333332,-0.9666666666666667,5.0,4.0,0.9366666666666666,0.77,0.13,0.1,6263.0,7073.666666666667
9475.0,8.375000000000057,245.0,236.0,100.0,74.75,0.0,0.0,-1.26,-0.92,5.0,4.0,0.8674999999999999,0.6875,0.1475,0.1,6271.75,7070.25
9480.0,8.383333333333411,245.0,236.33333333333334,100.0,72.0,0.0,0.0,-1.1866666666666665,-1.2066666666666668,5.0,4.0,0.8266666666666667,0.5366666666666666,0.14,0.08333333333333333,6260.666666666667,7086.333333333333
9485.0,8.400000000000006,246.0,237.0,100.0,64.0,0.0,0.0,-0.74,-2.12,5.0,4.0,0.56,0.41,0.12,0.05,6275.0,7128.0
9490.0,8.383333333333496,246.0,237.0,100.0,59.666666666666664,0.0,0.0,-0.5466666666666667,-2.46,5.0,4.0,0.36666666666666664,0.65,0.10999999999999999,0.08666666666666667,6355.0,7103.666666666667
9495.0,8.399999999999892,246.0,237.0,100.0,54.0,0.0,0.0,-0.54,-2.46,5.0,4.0,0.49,0.69,0.21,0.06,6325.0,7085.0
9500.0,8.391666666666765,247.0,237.0,100.0,53.666666666666664,0.0,0.0,-0.43,-2.216666666666667,5.0,4.0,0.405,0.5666666666666667,0.135,0.03333333333333333,6305.5,7127.666666666667
9505.0,8.400000000000261,247.0,237.0,100.0,54.0,0.0,0.0,0.05,-1.62,5.0,4.0,0.26,0.57,0.14,0.1,6348.0,7104.0
9510.0,8.408333333333331,247.33333333333334,237.0,100.0,56.0,0.0,0.0,0.47333333333333333,-1.15,5.0,4.0,0.15666666666666668,0.5549999999999999,0.15,0.07999999999999999,6353.666666666667,7141.5
9515.0,8.400000000000176,248.0,238.0,100.0,60.0,0.0,0.0,0.62,-0.51,5.0,4.0,0.04,0.69,0.18,0.1,6475.0,7117.0
9520.0,8.408333333333445,248.0,238.0,100.0,66.5,0.0,0.0,0.61,0.33499999999999996,5.0,4.0,-0.03,0.45000000000000007,0.22,0.11,6359.666666666667,7106.0
9525.0,8.412500000000136,248.75,238.0,100.0,72.0,0.0,0.0,0.4275,0.82,5.0,4.0,-0.1075,0.2,0.17250000000000001,0.1,6337.75,7121.0
9530.0,8.420833333333292,249.0,238.66666666666666,100.0,74.66666666666667,0.0,0.0,-0.045,0.5133333333333334,5.0,4.0,-0.0525,0.03333333333333334,0.1325,0.11666666666666667,6360.25,7170.333333333333
9535.0,8.416666666666742,249.66666666666666,239.0,100.0,76.0,0.0,0.0,-0.19333333333333333,0.19,5.0,4.0,-0.01666666666666667,-0.02,0.15333333333333335,0.14,6404.0,7155.0
9540.0,8.433333333333593,250.0,239.0,100.0,76.0,0.0,0.0,-0.18,-0.3,5.0,4.0,-0.01,-0.023333333333333334,0.19,0.13,6388.0,7165.333333333333
9545.0,8.416666666666629,250.66666666666666,240.0,100.0,75.0,0.0,0.0,-0.27666666666666667,-0.86,5.0,4.0,0.03333333333333333,0.04,0.16,0.15,6404.666666666667,7169.0
9550.0,8.433333333333508,251.0,240.0,100.0,77.0,0.0,0.0,-0.69,-1.5033333333333334,5.0,4.0,0.1,0.24,0.18,0.12333333333333334,6424.0,7174.0
9555.0,8.425000000000125,251.5,240.0,100.0,0.0,0.0,0.0,-1.0350000000000001,-1.63,5.0,0.0,0.22500000000000003,0.35,0.16999999999999998,-0.16,6411.5,6900.0
9560.0,8.433333333333422,252.0,240.0,100.0,82.33333333333333,0.0,0.0,-1.06,-1.6933333333333334,5.0,5.0,0.31,0.5533333333333333,0.17,0.22666666666666668,6421.0,6115.333333333333
9565.0,8.433333333333337,252.0,241.0,100.0,85.0,0.0,0.0,-1.06,-1.68,5.0,5.0,0.4033333333333333,0.65,0.16333333333333333,0.16,6433.333333333333,6121.0
9570.0,8.445833333333383,252.75,241.0,100.0,86.33333333333333,0.0,0.0,-1.0825,-1.6733333333333333,5.0,5.0,0.4775,0.6633333333333333,0.155,0.17333333333333334,6436.0,6144.666666666667
9575.0,8.437500000000227,253.0,241.0,100.0,88.0,0.0,0.0,-1.2525,-1.59,5.0,5.0,0.52,0.72,0.14250000000000002,0.18,6453.25,6160.0
9580.0,8.44999999999996,253.0,242.0,100.0,89.0,0.0,0.0,-1.5999999999999999,-1.5766666666666667,5.0,5.0,0.6266666666666667,0.7866666666666667,0.14333333333333334,0.18000000000000002,6463.333333333333,6159.333333333333
9585.0,8.450000000000188,254.0,242.0,100.0,90.0,0.0,0.0,-1.87,-1.88,5.0,5.0,0.71,0.78,0.14,0.17,6466.0,6174.0
9590.0,8.458333333333456,254.0,243.0,100.0,90.0,0.0,0.0,-2.1,-2.3333333333333335,5.0,5.0,0.8049999999999999,0.9,0.135,0.18666666666666668,6473.5,6182.666666666667
9595.0,8.450000000000074,254.0,243.0,100.0,90.0,0.0,0.0,-2.32,-2.42,5.0,5.0,0.92,0.85,0.09,0.15,6487.0,6189.0
9600.0,8.458333333333343,255.0,243.5,100.0,90.0,0.0,0.0,-2.4,-2.865,5.0,5.0,0.9833333333333334,0.97,0.08666666666666667,0.16,6487.666666666667,6216.0
9605.0,8.462500000000034,255.0,244.0,100.0,92.0,0.0,0.0,-2.4,-3.77,5.0,5.0,1.0675000000000001,0.93,0.095,0.16,6511.25,6214.0
9610.0,8.47500000000025,255.0,244.0,100.0,95.0,0.0,0.0,-2.4,-4.245,5.0,5.0,1.07,0.9299999999999999,0.1,0.14500000000000002,6496.0,6263.5
9615.0,8.474999999999994,255.0,245.0,100.0,100.0,0.0,0.0,-2.51,-4.29,5.0,5.0,0.8500000000000001,1.31,0.09,0.29,6549.0,6296.0
9620.0,8.475000000000193,256.0,245.0,100.0,100.0,0.0,0.0,-3.08,-4.32,5.0,5.0,1.1,1.23,0.17,0.19,6553.0,6269.0
9625.0,8.483333333333434,256.0,246.0,100.0,100.0,0.0,0.0,-3.5666666666666664,-4.72,5.0,5.0,1.1866666666666665,1.19,0.13999999999999999,0.19,6537.0,6315.0
9630.0,8.4791666666668,256.0,246.0,100.0,100.0,0.0,0.0,-4.1875,-5.113333333333333,5.0,5.0,1.25,1.4566666666666666,0.10500000000000001,0.20666666666666667,6554.75,6289.666666666667
9635.0,8.487499999999983,256.0,246.0,100.0,100.0,0.0,0.0,-4.8725,-4.82,5.0,5.0,1.4575,1.73,0.11,0.17,6552.5,6298.0
9640.0,8.483333333333405,256.0,247.0,100.0,100.0,0.0,0.0,-5.08,-3.9033333333333333,5.0,5.0,1.7533333333333334,1.7833333333333334,0.08,0.17,6544.0,6282.666666666667
9645.0,8.487500000000267,257.0,247.0,100.0,100.0,0.0,0.0,-5.09,-3.5625,5.0,5.0,1.98,1.8,0.1,0.05000000000000002,6536.0,6289.5
9650.0,8.487500000000011,257.0,247.0,100.0,100.0,0.0,0.0,-5.035,-3.8025,5.0,5.0,1.825,1.17,0.085,0.15,6549.0,6369.5
9655.0,8.49583333333345,257.0,247.0,100.0,100.0,0.0,0.0,-4.949999999999999,-4.456666666666667,5.0,5.0,1.62,1.3399999999999999,0.04,0.14666666666666667,6572.25,6450.666666666667
9660.0,8.500000000000057,257.0,247.0,100.0,100.0,0.0,0.0,-4.92,-3.9200000000000004,5.0,5.0,2.0549999999999997,1.6275,0.1075,0.22749999999999998,6566.25,6374.75
9665.0,8.500000000000142,257.0,247.66666666666666,100.0,100.0,0.0,0.0,-4.92,-2.99,5.0,5.0,2.1833333333333336,1.3866666666666667,0.07666666666666667,0.15000000000000002,6545.0,6382.333333333333
9670.0,8.499999999999915,257.0,248.0,100.0,100.0,0.0,0.0,-4.92,-2.45,5.0,5.0,1.61,1.65,0.07,0.15,6553.0,6383.0
9675.0,8.500000000000085,257.0,248.0,98.0,100.0,0.0,0.0,-4.85,-2.45,5.0,5.0,1.26,2.015,0.07,-0.0050000000000000044,6707.5,6317.0
9680.0,8.500000000000256,257.0,248.0,100.0,100.0,0.0,0.0,-4.42,-2.45,5.0,5.0,2.64,1.45,-0.09,0.16,6552.0,6301.0
9685.0,8.512500000000045,256.0,248.0,100.0,100.0,0.0,0.0,-3.805,-2.46,5.0,5.0,1.9725,1.0150000000000001,0.065,0.155,6517.5,6393.0
9690.0,8.516666666666737,256.0,248.0,100.0,100.0,0.0,0.0,-3.3699999999999997,-2.5,5.0,5.0,1.1933333333333334,1.2,0.030000000000000002,0.23,6606.333333333333,6347.0
9695.0,8.516666666666652,256.0,249.0,100.0,100.0,0.0,0.0,-3.0,-2.4833333333333334,5.0,5.0,1.45,1.2133333333333334,0.09,0.16,6591.0,6353.333333333333
9700.0,8.51250000000016,256.0,249.0,100.0,100.0,0.0,0.0,-2.67,-2.2625,5.0,5.0,1.595,1.1225,0.11499999999999999,0.1625,6550.0,6360.0
9705.0,8.512499999999903,257.0,249.25,100.0,100.0,0.0,0.0,-2.26,-1.78,5.0,5.0,1.39,1.105,0.13,0.1875,6552.0,6366.5
9710.0,8.516666666666765,257.0,250.0,100.0,100.0,0.0,0.0,-1.8766666666666667,-1.23,5.0,5.0,1.23,1.01,0.10333333333333333,0.15333333333333335,6553.0,6374.0
9715.0,8.525000000000205,257.0,250.0,100.0,100.0,0.0,0.0,-1.7475,-0.8099999999999999,5.0,5.0,1.1575,0.89,0.105,0.1575,6556.75,6377.25
9720.0,8.533333333333417,257.0,250.66666666666666,100.0,100.0,0.0,0.0,-1.74,-0.75,5.0,5.0,1.11,0.7366666666666666,0.11,0.15666666666666668,6551.0,6384.333333333333
9725.0,8.525000000000034,257.0,251.0,100.0,100.0,0.0,0.0,-1.685,-0.75,5.0,5.0,1.0350000000000001,0.58,0.08,0.15,6556.5,6398.0
9730.0,8.524999999999977,257.0,251.5,100.0,100.0,0.0,0.0,-1.49,-0.735,5.0,5.0,0.75,0.44999999999999996,0.09,0.175,6569.0,6451.0
9735.0,8.53333333333353,258.0,252.0,100.0,100.0,0.0,0.0,-1.3266666666666667,-0.57,5.0,5.0,0.64,0.5,0.06333333333333332,0.18,6654.666666666667,6414.0
9740.0,8.529166666666612,258.0,252.0,100.0,100.0,0.0,0.0,-0.98,-0.04666666666666669,5.0,5.0,0.8725,0.35,0.11499999999999999,0.16,6593.25,6428.0
9745.0,8.525000000000148,258.0,252.75,100.0,100.0,0.0,0.0,-0.185,0.8075,5.0,5.0,0.59,0.14,0.07250000000000001,0.155,6585.25,6458.25
9750.0,8.537500000000136,258.0,253.0,100.0,100.0,0.0,0.0,0.39,1.4775,5.0,5.0,0.445,-0.0825,0.09,0.155,6606.5,6454.0
9755.0,8.533333333333417,259.0,253.66666666666666,100.0,100.0,0.0,0.0,1.19,1.2933333333333332,5.0,5.0,0.22,-0.20666666666666667,0.11,0.17,6611.0,6465.0
9760.0,8.533333333333331,259.0,254.0,100.0,100.0,0.0,0.0,1.3033333333333335,1.06,5.0,5.0,-0.03666666666666667,-0.3,0.09666666666666666,0.13,6597.666666666667,6494.0
9765.0,8.537500000000023,259.0,254.0,100.0,100.0,0.0,0.0,0.905,0.625,5.0,5.0,-0.2,-0.47,0.0975,0.175,6621.5,6479.0
9770.0,8.550000000000267,259.0,255.0,100.0,100.0,0.0,0.0,0.69,0.27,5.0,5.0,-0.36,-0.4,0.1,0.16,6608.0,6477.0
9775.0,8.541666666666657,259.5,255.0,100.0,100.0,0.0,0.0,0.8300000000000001,-0.11666666666666667,5.0,5.0,-0.42000000000000004,-0.29,0.08,0.12,6616.0,6519.0
9780.0,8.537500000000193,260.0,255.0,100.0,100.0,0.0,0.0,1.0,-0.4625,5.0,5.0,-0.53,-0.215,0.13,0.15000000000000002,6639.0,6506.75
9785.0,8.537500000000051,260.0,256.0,100.0,100.0,0.0,0.0,1.07,-0.41,5.0,5.0,-0.505,-0.1,0.0675,0.14,6624.5,6549.0
9790.0,8.541666666666828,260.0,256.0,100.0,100.0,0.0,0.0,1.3566666666666667,-0.24,5.0,5.0,-0.4966666666666667,-0.060000000000000005,0.06333333333333332,0.2,6688.666666666667,6526.5
9795.0,8.549999999999898,260.0,256.0,100.0,100.0,0.0,0.0,1.41,0.24,5.0,5.0,-0.7,-0.05,0.09,0.11,6635.0,6536.0
9800.0,8.541666666666742,260.5,257.0,100.0,100.0,0.0,0.0,1.35,0.29,5.0,5.0,-0.71,-0.06,0.09,0.13333333333333333,6641.5,6546.0
9805.0,8.53750000000025,261.0,257.0,100.0,100.0,0.0,0.0,1.1,0.305,5.0,5.0,-0.74,-0.09,0.09,0.1525,6651.0,6545.0
9810.0,8.55000000000004,261.0,257.25,100.0,100.0,0.0,0.0,1.0525,0.335,5.0,5.0,-0.735,-0.1225,0.095,0.145,6644.25,6557.5
9815.0,8.541666666666742,261.0,258.0,100.0,100.0,0.0,0.0,1.1133333333333333,0.20500000000000002,5.0,5.0,-0.6433333333333333,-0.135,0.06666666666666667,0.13,6657.666666666667,6578.0
9820.0,8.549999999999983,261.0,258.0,100.0,96.0,0.0,0.0,1.15,0.41,5.0,5.0,-0.64,-0.18,0.07,0.12,6680.0,6560.0
9825.0,8.55000000000021,261.3333333333333,258.0,100.0,89.0,0.0,0.0,1.15,1.3133333333333332,5.0,5.0,-0.7566666666666667,-0.26666666666666666,0.10333333333333333,0.07,6653.0,6567.333333333333
9830.0,8.549999999999955,262.0,258.75,100.0,81.0,0.0,0.0,1.15,2.5999999999999996,5.0,5.0,-0.6475,-0.4675,0.0675,0.05,6661.75,6597.5
9835.0,8.550000000000125,262.0,259.0,100.0,76.25,0.0,0.0,1.1675,3.015,5.0,5.0,-0.5475,-0.7150000000000001,0.0575,0.045,6701.0,6585.5
9840.0,8.550000000000125,262.0,259.0,100.0,73.5,0.0,0.0,1.23,2.4749999999999996,5.0,5.0,-0.635,-0.99,0.075,0.04,6697.5,6579.5
9845.0,8.550000000000097,262.0,259.0,100.0,72.0,0.0,0.0,1.21,1.92,5.0,5.0,-0.8,-0.99,0.07,0.04,6672.0,6568.0
9850.0,8.554166666666646,262.0,259.0,100.0,71.0,0.0,0.0,1.1675,2.67,5.0,5.0,-0.725,-0.9133333333333333,0.07250000000000001,0.01,6669.25,6596.0
9855.0,8.554166666666731,262.0,259.0,100.0,70.25,0.0,0.0,1.1666666666666665,2.9025,5.0,5.0,-0.5433333333333333,-1.045,0.043333333333333335,0.04,6711.666666666667,6590.25
9860.0,8.550000000000267,262.0,259.0,100.0,72.0,0.0,0.0,1.17,2.19,5.0,5.0,-0.63,-1.1,0.1,0.03,6726.0,6580.0
9865.0,8.550000000000011,263.0,259.0,100.0,76.0,0.0,0.0,1.16,1.2999999999999998,5.0,5.0,-0.6799999999999999,-0.95,0.07500000000000001,0.02,6691.5,6593.0
9870.0,8.562500000000114,263.0,259.0,100.0,76.0,0.0,0.0,1.16,0.83,5.0,5.0,-0.6325000000000001,-1.0,0.05500000000000001,0.05,6703.75,6587.0
9875.0,8.554166666666731,263.0,259.0,100.0,77.0,0.0,0.0,1.1549999999999998,-0.3766666666666667,5.0,5.0,-0.6675,-0.6266666666666666,0.0625,0.043333333333333335,6700.75,6583.666666666667
9880.0,8.56250000000017,263.0,259.0,100.0,76.25,0.0,0.0,1.1,-1.0250000000000001,5.0,5.0,-0.645,-0.33,0.060000000000000005,0.0375,6700.0,6597.25
9885.0,8.549999999999898,263.0,259.0,100.0,73.0,0.0,0.0,0.94,-1.22,5.0,5.0,-0.49,-0.16,0.05,0.03,6723.0,6605.0
9890.0,8.562500000000114,263.0,259.0,100.0,69.5,0.0,0.0,0.8099999999999999,-0.32499999999999996,5.0,5.0,-0.4875,0.005,0.0575,0.02,6743.25,6592.0
9895.0,8.566666666666833,263.0,259.0,100.0,64.0,0.0,0.0,0.61,1.0,5.0,5.0,-0.5466666666666667,-0.01,0.08333333333333334,0.01,6723.666666666667,6583.0
9900.0,8.562500000000085,264.0,259.0,100.0,56.25,0.0,0.0,0.42,1.34,5.0,5.0,-0.5,-0.155,0.07,-0.0075,6711.0,6580.25
9905.0,8.558333333333366,264.0,259.0,100.0,49.0,0.0,0.0,0.22000000000000003,1.1933333333333334,5.0,5.0,-0.395,-0.26333333333333336,0.06,-0.043333333333333335,6721.0,6574.333333333333
9910.0,8.562500000000028,264.0,259.0,100.0,38.0,0.0,0.0,0.1525,1.02,5.0,5.0,-0.3025,-0.31,0.0675,-0.08,6720.25,6566.0
9915.0,8.562500000000227,264.0,259.0,100.0,25.5,0.0,0.0,0.15,0.915,5.0,5.0,-0.2025,-0.295,0.04,-0.115,6723.25,6552.0
9920.0,8.574999999999989,264.0,258.0,100.0,7.0,0.0,0.0,0.185,0.9,5.0,5.0,-0.125,-0.35,0.04,-0.27,6751.0,6505.0
9925.0,8.56250000000017,264.0,257.75,100.0,0.0,0.0,0.0,0.15,0.9524999999999999,5.0,5.0,-0.11,-0.3625,0.08,-0.3725,6776.0,6451.0
9930.0,8.570833333333383,264.25,257.0,100.0,0.0,0.0,0.0,0.01,1.0166666666666666,5.0,5.0,-0.09,-0.3233333333333333,0.07250000000000001,-0.43666666666666665,6731.5,6440.0
9935.0,8.566666666666833,265.0,256.0,100.0,0.0,0.0,0.0,0.01,1.07,5.0,5.0,-0.06333333333333334,-0.22,0.05,-0.37,6738.666666666667,6409.0
9940.0,8.574999999999903,265.0,254.5,100.0,0.0,0.0,0.0,0.01,0.76,5.0,5.0,-0.05,-0.325,0.04,-0.42000000000000004,6758.0,6385.5
9945.0,8.583333333333428,265.0,253.0,100.0,0.0,0.0,0.0,0.16,0.28,5.0,5.0,-0.05333333333333334,-0.24,0.056666666666666664,-0.42,6755.333333333333,6360.0
9950.0,8.579166666666879,265.0,252.66666666666666,100.0,0.0,0.0,0.0,0.2525,0.27,5.0,5.0,-0.0675,-0.18333333333333332,0.0425,-0.39999999999999997,6753.25,6334.333333333333
9955.0,8.587500000000091,265.0,251.25,100.0,0.0,0.0,0.0,0.25,0.5875,5.0,5.0,-0.07,-0.145,0.04,-0.41,6760.0,6301.5
9960.0,8.587500000000034,265.0,250.0,100.0,0.0,0.0,0.0,0.2,0.8325,5.0,5.0,-0.085,-0.155,0.05,-0.40750000000000003,6773.0,6279.25
9965.0,8.59583333333336,265.0,249.33333333333334,100.0,0.0,0.0,0.0,-0.16500000000000006,0.9066666666666667,5.0,5.0,-0.07,-0.16666666666666666,0.05500000000000001,-0.43666666666666665,6760.25,6252.666666666667
9970.0,8.600000000000222,265.25,247.75,100.0,1.0,0.0,0.0,-0.5925,1.0175,5.0,5.0,0.0225,-0.17500000000000002,0.03,-0.3825,6769.5,6225.75
9975.0,8.60833333333332,266.0,247.0,100.0,9.333333333333332,0.0,0.0,-0.54,1.3966666666666667,5.0,5.0,0.075,-0.22999999999999998,0.02,-0.35333333333333333,6791.0,6225.0
9980.0,8.600000000000165,266.0,246.0,100.0,38.0,0.0,0.0,-0.18,1.6,5.0,5.0,0.08,-0.19,0.05,-0.22,6805.0,6227.0
9985.0,8.612500000000068,266.0,246.0,100.0,55.5,0.0,0.0,0.4625,1.445,5.0,5.0,0.037500000000000006,-0.27,0.057499999999999996,-0.185,6778.5,6238.5
9990.0,8.62500000000017,266.0,245.0,100.0,73.0,0.0,0.0,0.53,0.94,5.0,5.0,-0.01,-0.23,0.05,-0.12,6777.0,6242.0
9995.0,8.624999999999886,266.0,245.0,100.0,90.0,0.0,0.0,0.51,0.345,5.0,5.0,-0.06,-0.22,0.03,-0.035,6809.0,6225.5
10000.0,8.63750000000013,266.0,245.0,100.0,96.0,0.0,0.0,0.45499999999999996,-0.07,5.0,5.0,-0.14250000000000002,-0.05,0.07250000000000001,-0.03,6795.5,6230.0
10005.0,8.633333333333496,266.0,245.0,100.0,100.0,0.0,0.0,0.3433333333333333,-0.31000000000000005,5.0,5.0,-0.17333333333333334,0.03,0.05,0.009999999999999998,6783.666666666667,6257.333333333333
10010.0,8.650000000000091,267.0,245.0,100.0,100.0,0.0,0.0,0.23,0.34,5.0,5.0,-0.15,0.11,0.04,0.08,6799.0,6261.0
10015.0,8.650000000000006,267.0,245.0,100.0,100.0,0.0,0.0,0.30333333333333334,1.1166666666666667,5.0,5.0,-0.19666666666666666,0.05333333333333334,0.07,0.11333333333333333,6804.0,6266.666666666667
10020.0,8.662500000000051,267.0,246.0,100.0,100.0,0.0,0.0,0.35,1.84,5.0,5.0,-0.21,-0.09,0.0475,0.05,6789.75,6288.0
10025.0,8.666666666666941,267.0,246.0,100.0,100.0,0.0,0.0,0.35,1.7633333333333334,5.0,5.0,-0.21,-0.22,0.04,0.13,6799.0,6290.666666666667
10030.0,8.662499999999994,267.0,246.0,100.0,100.0,0.0,0.0,0.415,1.9899999999999998,5.0,5.0,-0.2,-0.36250000000000004,0.04,0.1,6807.5,6287.5
10035.0,8.675000000000125,267.0,246.25,100.0,100.0,0.0,0.0,0.69,2.4924999999999997,5.0,5.0,-0.245,-0.62,0.0475,0.1275,6819.25,6286.25
10040.0,8.670833333333405,267.0,247.0,100.0,100.0,0.0,0.0,1.08,2.37,5.0,5.0,-0.355,-0.63,0.055,0.1,6808.25,6291.333333333333
10045.0,8.68750000000017,267.0,247.0,100.0,100.0,0.0,0.0,1.2349999999999999,1.625,5.0,5.0,-0.44,-0.645,0.035,0.115,6807.5,6338.0
10050.0,8.695833333333269,267.0,247.0,100.0,100.0,0.0,0.0,1.24,1.2,5.0,5.0,-0.4575,-0.7533333333333333,0.0225,0.1366666666666667,6830.0,6326.0
10055.0,8.687500000000142,268.0,248.0,100.0,100.0,0.0,0.0,1.2275,0.89,5.0,5.0,-0.5974999999999999,-0.72,0.055,0.1,6823.75,6322.0
10060.0,8.70000000000013,268.0,248.0,100.0,100.0,0.0,0.0,1.22,0.77,5.0,5.0,-0.62,-0.635,0.035,0.13,6817.0,6325.5
10065.0,8.700000000000074,268.0,248.0,100.0,100.0,0.0,0.0,1.21,0.77,5.0,5.0,-0.63,-0.54,0.04,0.13,6823.0,6334.0
10070.0,8.712499999999977,268.0,248.5,100.0,100.0,0.0,0.0,1.19,0.77,5.0,5.0,-0.6325000000000001,-0.49,0.0375,0.135,6826.75,6344.0
10075.0,8.72500000000008,268.0,249.0,100.0,100.0,0.0,0.0,1.1749999999999998,0.93,5.0,5.0,-0.6799999999999999,-0.48,0.035,0.13,6825.0,6341.0
10080.0,8.716666666666924,268.0,249.0,100.0,100.0,0.0,0.0,1.07,1.5666666666666667,5.0,5.0,-0.74,-0.5033333333333333,0.03,0.11666666666666667,6813.0,6344.666666666667
10085.0,8.725000000000023,268.0,249.0,100.0,100.0,0.0,0.0,0.9275,1.9,5.0,5.0,-0.625,-0.52,0.0175,0.0875,6818.25,6378.5
10090.0,8.729166666666742,268.0,250.0,100.0,100.0,0.0,0.0,0.86,1.5525,5.0,5.0,-0.5533333333333333,-0.65,0.03,0.13,6850.0,6377.5
10095.0,8.73333333333332,268.0,250.0,100.0,100.0,0.0,0.0,0.86,0.8433333333333334,5.0,5.0,-0.64,-0.6566666666666666,0.01,0.11000000000000001,6828.0,6366.0
10100.0,8.745833333333536,268.0,250.0,100.0,100.0,0.0,0.0,0.86,0.61,5.0,5.0,-0.6,-0.52,0.0,0.10250000000000001,6820.0,6383.5
10105.0,8.74583333333328,268.0,250.66666666666666,100.0,100.0,0.0,0.0,0.86,0.6233333333333333,5.0,5.0,-0.4875,-0.44333333333333336,0.0,0.12000000000000001,6834.75,6408.666666666667
10110.0,8.75000000000017,268.0,251.0,100.0,100.0,0.0,0.0,0.86,0.6,5.0,5.0,-0.45,-0.49,0.01,0.11,6851.0,6392.0
10115.0,8.758333333333411,268.0,251.0,100.0,100.0,0.0,0.0,0.8433333333333333,0.59,5.0,5.0,-0.5633333333333334,-0.435,0.02,0.10500000000000001,6828.333333333333,6385.5
10120.0,8.76250000000013,268.0,251.0,100.0,100.0,0.0,0.0,0.8,0.82,5.0,5.0,-0.54,-0.32,0.015,0.08,6818.25,6409.0
10125.0,8.766666666666566,268.0,251.33333333333334,100.0,100.0,0.0,0.0,0.74,1.1866666666666668,5.0,5.0,-0.39,-0.3466666666666667,-0.01,0.06333333333333334,6835.0,6446.666666666667
10130.0,8.762500000000102,268.0,252.0,100.0,100.0,0.0,0.0,0.735,1.3450000000000002,5.0,5.0,-0.395,-0.45999999999999996,0.02,0.10250000000000001,6871.5,6426.25
10135.0,8.775000000000205,268.0,252.0,100.0,100.0,0.0,0.0,0.6775,1.15,5.0,5.0,-0.45999999999999996,-0.43,0.0175,0.0525,6838.25,6437.25
10140.0,8.783333333333417,268.0,252.0,100.0,100.0,0.0,0.0,0.63,1.17,5.0,5.0,-0.37,-0.4666666666666667,-0.02,0.08333333333333333,6839.0,6474.666666666667
10145.0,8.775000000000034,268.0,252.0,100.0,100.0,0.0,0.0,0.63,1.09,5.0,5.0,-0.32,-0.55,-0.03,0.1,6867.0,6446.0
10150.0,8.787500000000023,268.0,253.0,100.0,100.0,0.0,0.0,0.63,0.42,5.0,5.0,-0.33999999999999997,-0.42000000000000004,0.0,0.10500000000000001,6848.5,6470.5
10155.0,8.787500000000222,268.0,253.0,100.0,100.0,0.0,0.0,0.6525,-0.01,5.0,5.0,-0.315,-0.35,-0.005,0.09,6866.5,6482.0
10160.0,8.791666666666657,268.0,253.0,100.0,100.0,0.0,0.0,0.7849999999999999,-0.27,5.0,5.0,-0.315,-0.27999999999999997,-0.005000000000000001,0.12,6863.0,6476.666666666667
10165.0,8.787500000000193,268.0,253.75,100.0,100.0,0.0,0.0,1.16,-0.29000000000000004,5.0,5.0,-0.37,-0.165,0.01,0.1275,6856.0,6473.0
10170.0,8.800000000000068,268.0,254.0,100.0,100.0,0.0,0.0,1.47,0.01999999999999999,5.0,5.0,-0.46499999999999997,-0.0875,0.0125,0.1125,6852.5,6467.25
10175.0,8.808333333333508,268.0,254.0,100.0,100.0,0.0,0.0,1.71,0.49,5.0,5.0,-0.59,-0.09333333333333334,0.025,0.11333333333333333,6841.0,6486.333333333333
10180.0,8.799999999999898,268.0,254.0,100.0,92.0,0.0,0.0,1.92,0.98,5.0,5.0,-0.61,-0.16,-0.02,0.1,6857.0,6487.0
10185.0,8.812500000000114,268.25,255.0,100.0,64.0,0.0,0.0,2.16,1.5550000000000002,5.0,5.0,-0.6900000000000001,-0.29,0.0175,0.025,6864.25,6472.0
10190.0,8.816666666666833,269.0,254.0,100.0,35.0,0.0,0.0,2.5933333333333333,2.22,5.0,5.0,-0.8366666666666667,-0.49,0.05666666666666667,-0.04,6862.333333333333,6453.0
10195.0,8.816666666666748,269.0,254.0,100.0,7.333333333333334,0.0,0.0,2.84,2.4766666666666666,5.0,5.0,-0.98,-0.7066666666666667,0.03,-0.2033333333333333,6872.0,6390.333333333333
10200.0,8.824999999999989,269.0,253.25,100.0,0.0,0.0,0.0,2.87,2.305,5.0,5.0,-1.07,-0.8475,0.0075,-0.33499999999999996,6851.25,6358.0
10205.0,8.829166666666737,269.0,252.75,100.0,0.0,0.0,0.0,2.87,2.225,5.0,5.0,-1.1266666666666667,-0.895,0.023333333333333334,-0.3375,6854.333333333333,6337.5
10210.0,8.833333333333599,268.0,251.33333333333334,100.0,0.0,0.0,0.0,2.88,2.3766666666666665,5.0,5.0,-1.14,-1.0,0.01,-0.33,6865.0,6311.666666666667
10215.0,8.833333333333343,268.0,251.0,100.0,0.0,0.0,0.0,2.9,2.4,5.0,5.0,-1.2,-1.01,0.013333333333333332,-0.33,6854.333333333333,6294.0
10220.0,8.837500000000091,268.0,249.5,100.0,0.0,0.0,0.0,2.9475000000000002,2.42,5.0,5.0,-1.1824999999999999,-0.98,-0.0024999999999999988,-0.32,6868.25,6265.5
10225.0,8.849999999999994,268.0,249.0,100.0,0.0,0.0,0.0,2.95,2.55,5.0,5.0,-1.33,-0.99,0.04,-0.32,6850.0,6244.0
10230.0,8.850000000000193,268.0,248.0,100.0,0.0,0.0,0.0,2.9833333333333334,2.7266666666666666,5.0,5.0,-1.2166666666666666,-1.0733333333333333,0.03333333333333333,-0.33,6850.666666666667,6225.333333333333
10235.0,8.862499999999955,268.0,247.0,100.0,0.0,0.0,0.0,3.2224999999999997,2.78,5.0,5.0,-1.4224999999999999,-1.22,0.0425,-0.34,6850.5,6198.0
10240.0,8.866666666666845,268.0,246.0,100.0,12.333333333333332,0.0,0.0,3.46,2.78,5.0,5.0,-1.51,-1.18,0.01,-0.25,6833.0,6208.0
10245.0,8.862500000000125,268.0,246.0,100.0,25.25,0.0,0.0,3.7199999999999998,2.8475,5.0,5.0,-1.49,-1.1025,0.015,-0.1825,6840.5,6203.25
10250.0,8.879166666666805,268.0,245.0,100.0,33.666666666666664,0.0,0.0,3.7475,3.5766666666666667,5.0,5.0,-1.375,-1.21,0.03,-0.14333333333333334,6846.5,6198.666666666667
10255.0,8.887499999999903,268.0,245.0,100.0,41.25,0.0,0.0,3.74,3.7874999999999996,5.0,5.0,-1.36,-1.37,0.0,-0.1175,6862.0,6188.0
10260.0,8.887500000000102,268.0,244.0,100.0,48.75,0.0,0.0,3.74,3.24,5.0,5.0,-1.4849999999999999,-1.2075,0.02,-0.10250000000000001,6856.0,6189.0
10265.0,8.895833333333542,268.0,244.0,100.0,53.0,0.0,0.0,3.7475,2.3233333333333333,5.0,5.0,-1.42,-1.14,0.005000000000000001,-0.06333333333333332,6846.5,6200.333333333333
10270.0,8.900000000000034,268.0,244.0,100.0,54.25,0.0,0.0,3.7475,1.525,5.0,5.0,-1.4775,-1.2825,0.03,-0.04,6858.25,6173.0
10275.0,8.90833333333336,268.0,243.33333333333334,100.0,55.666666666666664,0.0,0.0,3.74,1.5666666666666667,5.0,5.0,-1.7349999999999999,-0.7333333333333334,0.045,-0.12333333333333332,6831.5,6167.666666666667
10280.0,8.912500000000051,268.0,243.0,100.0,59.0,0.0,0.0,3.74,2.28,5.0,5.0,-1.565,-0.58,0.0225,-0.12,6828.0,6239.0
10285.0,8.920833333333547,268.0,243.0,100.0,62.333333333333336,0.0,0.0,3.74,3.2733333333333334,5.0,5.0,-1.48,-1.0033333333333332,-0.0025000000000000005,0.06,6856.25,6207.0
10290.0,8.924999999999983,268.0,243.0,100.0,64.0,0.0,0.0,3.74,2.75,5.0,5.0,-1.7799999999999998,-1.05,0.03,0.04,6834.5,6178.0
10295.0,8.933333333333508,268.0,243.0,100.0,68.0,0.0,0.0,3.74,2.3633333333333333,5.0,5.0,-1.82,-0.65,0.0,-0.05333333333333333,6813.0,6257.0
10300.0,8.937500000000057,268.0,243.0,100.0,70.0,0.0,0.0,3.74,2.65,5.0,5.0,-1.435,-0.52,0.0075,-0.01,6830.5,6301.0
10305.0,8.95000000000016,267.3333333333333,243.0,100.0,76.0,0.0,0.0,3.7533333333333334,4.55,5.0,5.0,-1.1166666666666667,-0.75,0.013333333333333332,-0.03999999999999999,6871.666666666667,6538.333333333333
10310.0,8.949999999999903,267.0,243.0,100.0,78.0,0.0,0.0,3.76,4.98,5.0,5.0,-0.98,-2.13,0.03,0.59,6870.0,6453.0
10315.0,8.962500000000148,267.0,243.0,100.0,86.5,0.0,0.0,3.6574999999999998,4.050000000000001,5.0,5.0,-1.3575,-2.185,0.0275,-0.065,6888.0,6209.5
10320.0,8.966666666666839,267.6666666666667,243.0,100.0,100.0,0.0,0.0,3.3000000000000003,2.87,5.0,5.0,-1.4233333333333333,-1.36,0.030000000000000002,0.1,6822.666666666667,6243.0
10325.0,8.97500000000008,267.0,243.0,100.0,100.0,0.0,0.0,2.9,2.62,5.0,5.0,-1.25,-1.825,0.01,0.17,6820.0,6223.5
10330.0,8.983333333333348,267.0,243.0,100.0,100.0,0.0,0.0,2.36,2.37,5.0,5.0,-1.5266666666666666,-1.88,-0.019999999999999997,-0.03,6813.333333333333,6190.0
10335.0,8.98750000000004,267.0,243.0,100.0,100.0,0.0,0.0,2.0575,1.5350000000000001,5.0,5.0,-1.49,-1.245,-0.21500000000000002,0.11499999999999999,6790.25,6219.0
10340.0,9.000000000000256,267.0,244.0,100.0,100.0,0.0,0.0,1.77,1.0,5.0,5.0,-1.03,-1.13,0.0,0.15,6812.0,6217.0
10345.0,9.0,267.0,244.0,100.0,100.0,0.0,0.0,1.22,0.8400000000000001,5.0,5.0,-0.95,-0.755,0.03,0.11499999999999999,6808.5,6239.0
10350.0,9.012500000000102,267.0,244.0,100.0,100.0,0.0,0.0,0.8125,0.82,5.0,5.0,-0.6575,-0.4,0.005000000000000001,0.12,6819.75,6317.0
10355.0,9.016666666666652,267.0,244.33333333333334,100.0,100.0,0.0,0.0,0.65,0.75,5.0,5.0,-0.37,-0.4433333333333333,-0.05,0.15333333333333332,6875.0,6331.333333333333
10360.0,9.025000000000176,267.0,245.0,100.0,100.0,0.0,0.0,0.32499999999999996,0.12,5.0,5.0,-0.44000000000000006,-0.51,0.06500000000000002,0.15,6896.5,6244.0
10365.0,9.029166666666612,267.0,245.0,100.0,100.0,0.0,0.0,-0.42249999999999993,-0.3933333333333333,5.0,5.0,-0.43000000000000005,-0.2866666666666667,0.065,0.12666666666666668,6807.5,6263.0
10370.0,9.025000000000148,267.0,245.75,100.0,100.0,0.0,0.0,-1.5299999999999998,-0.735,5.0,5.0,-0.115,-0.125,0.02,0.15,6813.5,6275.0
10375.0,9.0416666666668,267.0,246.0,100.0,100.0,0.0,0.0,-1.9,-0.8033333333333333,5.0,5.0,0.19,0.07666666666666666,0.03,0.13666666666666666,6822.5,6279.333333333333
10380.0,9.03750000000008,268.0,246.0,100.0,100.0,0.0,0.0,-1.81,-1.1675,5.0,5.0,0.46,0.20500000000000002,0.03,0.125,6824.0,6297.75
10385.0,9.049999999999955,268.0,247.0,100.0,100.0,0.0,0.0,-1.8225,-1.855,5.0,5.0,0.5975,0.42,0.0375,0.1475,6831.75,6298.0
10390.0,9.058333333333422,268.0,247.0,100.0,100.0,0.0,0.0,-1.83,-2.4666666666666663,5.0,5.0,0.8200000000000001,0.6766666666666666,0.045,0.13333333333333333,6826.0,6301.0
10395.0,9.062500000000284,268.0,247.25,100.0,100.0,0.0,0.0,-1.83,-2.7925,5.0,5.0,0.92,0.7775000000000001,0.03,0.1325,6818.0,6320.5
10400.0,9.070833333333383,268.0,248.0,100.0,100.0,0.0,0.0,-1.7850000000000001,-2.9966666666666666,5.0,5.0,0.8775000000000001,0.79,0.035,0.10333333333333333,6830.75,6355.0
10405.0,9.066666666666748,268.0,248.0,100.0,100.0,0.0,0.0,-1.69,-3.07,5.0,5.0,0.7766666666666667,1.04,0.026666666666666665,0.12,6856.666666666667,6348.0
10410.0,9.074999999999989,268.0,248.0,100.0,100.0,0.0,0.0,-1.68,-3.07,5.0,5.0,0.89,1.19,0.04,0.14,6845.0,6351.0
10415.0,9.083333333333542,268.0,249.0,100.0,100.0,0.0,0.0,-1.6199999999999999,-3.06,5.0,5.0,0.93,1.36,0.04666666666666667,0.13,6835.0,6352.0
10420.0,9.079166666666623,268.0,249.0,100.0,100.0,0.0,0.0,-1.5875000000000001,-2.3533333333333335,5.0,5.0,0.9675,1.3,0.045,0.12,6826.25,6343.666666666667
10425.0,9.100000000000165,268.0,249.0,100.0,100.0,0.0,0.0,-1.59,-1.21,5.0,5.0,0.98,0.95,0.03,0.13,6822.0,6367.0
10430.0,9.100000000000108,268.0,249.33333333333334,100.0,100.0,0.0,0.0,-1.5933333333333335,-1.06,5.0,5.0,0.8466666666666667,0.9066666666666666,0.016666666666666666,0.14333333333333334,6832.0,6392.0
10435.0,9.100000000000136,268.0,250.0,100.0,100.0,0.0,0.0,-1.585,-1.3699999999999999,5.0,5.0,0.8075000000000001,0.9375,0.0325,0.135,6849.5,6373.75
10440.0,9.112499999999898,268.0,250.0,100.0,100.0,0.0,0.0,-1.57,-2.1149999999999998,5.0,5.0,0.87,0.9075,0.03,0.1175,6843.0,6376.75
10445.0,9.108333333333405,268.0,250.0,100.0,100.0,0.0,0.0,-1.35,-1.8366666666666667,5.0,5.0,0.86,0.9,0.035,0.13,6835.5,6386.333333333333
10450.0,9.11250000000021,268.0,251.0,100.0,100.0,0.0,0.0,-1.1175000000000002,-1.01,5.0,5.0,0.81,0.85,0.015000000000000001,0.15,6837.0,6385.0
10455.0,9.125000000000085,268.0,251.0,100.0,98.0,0.0,0.0,-1.06,-0.52,5.0,5.0,0.77,0.675,0.04,0.10500000000000001,6830.0,6403.5
10460.0,9.125000000000028,268.0,251.0,100.0,76.0,0.0,0.0,-1.01,-0.46,5.0,5.0,0.66,0.61,0.03,0.07,6851.0,6384.0
10465.0,9.12916666666672,268.75,251.0,100.0,28.333333333333336,0.0,0.0,-0.6825,-0.7266666666666667,5.0,5.0,0.63,0.4633333333333333,0.0375,-0.06666666666666667,6843.25,6353.333333333333
10470.0,9.137500000000216,269.0,250.0,100.0,0.0,0.0,21.0,-0.2825,-1.36,5.0,5.0,0.4875,0.52,0.035,-0.52,6853.5,6254.0
10475.0,9.141666666666652,269.0,248.33333333333334,100.0,0.0,0.0,46.666666666666664,-0.2,-1.3366666666666667,5.0,5.0,0.44,0.5266666666666667,0.035,-0.89,6856.5,6198.666666666667
10480.0,9.150000000000091,269.0,246.25,100.0,0.0,0.0,51.5,-0.2225,-1.1875,5.0,5.0,0.3925,0.52,0.0425,-1.03,6842.25,6124.5
10485.0,9.154166666666725,269.0,242.33333333333334,100.0,0.0,0.0,52.0,-0.54,-1.4033333333333333,5.0,5.0,0.3125,0.6433333333333333,0.0375,-1.17,6851.75,6042.333333333333
10490.0,9.162500000000193,269.0,239.5,99.0,0.0,0.0,52.75,-1.025,-1.8725,5.0,5.0,0.38,0.6475,0.04,-1.205,6845.0,5978.0
10495.0,9.166666666666572,269.0,236.33333333333334,74.0,23.0,0.0,53.333333333333336,-1.8,-2.6266666666666665,5.0,5.0,0.51,0.5233333333333333,-0.03,-1.2066666666666668,6817.0,6029.666666666667
10500.0,9.175000000000125,268.75,233.5,17.5,23.25,2.75,54.0,-2.7575000000000003,-2.925,5.0,0.0,0.5675,0.6799999999999999,-0.22999999999999998,-1.1875,6787.75,6641.25
10505.0,9.191666666666805,267.5,230.0,0.5,0.0,16.5,52.0,-2.995,-2.4699999999999998,5.0,4.0,0.79,0.9533333333333333,-0.505,-1.2433333333333334,6714.0,6695.0
10510.0,9.200000000000074,266.0,226.0,0.0,0.0,32.0,48.0,-2.97,-1.79,5.0,4.0,1.03,1.01,-0.79,-1.21,6637.0,6587.0
10515.0,9.220833333333303,263.75,223.66666666666666,0.0,0.0,41.25,44.0,-2.99,-1.7766666666666666,5.0,4.0,1.1749999999999998,1.0333333333333334,-0.9475,-1.0933333333333333,6555.5,6523.666666666667
10520.0,9.233333333333405,261.6666666666667,219.66666666666666,0.0,0.0,42.0,33.666666666666664,-2.9966666666666666,-2.1,5.0,4.0,1.38,1.0033333333333334,-1.0033333333333334,-0.9266666666666666,6514.333333333333,6437.333333333333
10525.0,9.250000000000256,259.0,217.0,0.0,0.0,41.0,20.0,-3.0,-2.54,5.0,4.0,1.51,1.0,-1.05,-0.71,6451.0,6393.0
10530.0,9.258333333333326,256.0,216.33333333333334,0.0,0.0,38.0,4.333333333333334,-3.0,-1.8866666666666667,5.0,4.0,1.5150000000000001,0.7466666666666667,-1.0550000000000002,-0.3866666666666667,6382.5,6374.333333333333
10535.0,9.26666666666685,253.0,215.0,0.0,5.0,38.0,0.0,-3.0,-0.7766666666666667,5.0,4.0,1.27,0.6333333333333333,-0.91,-0.2866666666666667,6305.0,6358.0
10540.0,9.283333333333417,250.66666666666666,214.0,57.333333333333336,21.0,36.666666666666664,0.0,-3.5766666666666667,-1.11,0.0,4.0,0.71,0.67,-0.9033333333333333,-0.16,7226.333333333333,6374.0
10545.0,9.295833333333462,248.5,214.0,8.5,30.333333333333332,34.5,0.0,-4.4875,-2.6766666666666667,0.0,4.0,0.985,0.64,-0.8875,-0.12000000000000001,7241.0,6360.0
10550.0,9.300000000000011,244.66666666666666,213.66666666666666,0.0,38.333333333333336,34.0,0.0,-5.426666666666667,-4.123333333333333,4.0,4.0,1.3099999999999998,0.92,-0.9666666666666667,-0.10333333333333333,7150.333333333333,6356.666666666667
10555.0,9.312500000000028,242.5,213.0,0.0,39.0,34.0,0.0,-5.692500000000001,-4.68,4.0,4.0,1.205,1.22,-1.0,-0.11,7064.5,6339.0
10560.0,9.316666666666862,238.66666666666666,213.0,0.0,44.333333333333336,32.666666666666664,0.0,-5.93,-5.253333333333333,4.0,4.0,1.77,1.2066666666666666,-0.9666666666666667,-0.09666666666666666,6979.666666666667,6341.333333333333
10565.0,9.329166666666623,237.25,212.66666666666666,0.0,49.666666666666664,30.5,0.0,-5.95,-5.876666666666666,4.0,4.0,1.6325,1.4433333333333334,-0.9075,-0.06,6875.0,6350.333333333333
10570.0,9.333333333333428,234.33333333333334,212.0,0.0,55.0,24.0,0.0,-5.943333333333333,-6.03,4.0,4.0,1.9433333333333331,1.42,-0.7966666666666666,-0.02,6812.0,6337.0
10575.0,9.333333333333599,231.0,212.0,0.0,60.666666666666664,25.0,0.0,-6.41,-5.93,4.0,4.0,2.12,1.5133333333333334,-0.82,-0.023333333333333334,6731.0,6344.0
10580.0,9.366666666666674,229.33333333333334,212.0,0.0,67.66666666666667,26.666666666666668,0.0,-7.279999999999999,-6.2,4.0,4.0,2.0766666666666667,1.4833333333333334,-0.8866666666666667,0.019999999999999997,6639.666666666667,6353.0
10585.0,9.366666666666845,226.0,212.0,0.0,71.0,28.0,0.0,-8.09,-6.29,4.0,4.0,1.76,1.5866666666666667,-0.83,0.04666666666666667,6496.0,6365.666666666667
10590.0,9.366666666666845,222.66666666666666,212.0,0.0,74.0,14.666666666666668,0.0,-7.286666666666666,-6.55,4.0,4.0,2.1933333333333334,1.84,-0.74,0.07,6464.333333333333,6359.0
10595.0,9.366666666666674,220.66666666666666,212.0,0.0,72.0,1.3333333333333335,0.0,-6.383333333333333,-7.736666666666666,4.0,4.0,2.43,1.6,-0.43666666666666665,0.07333333333333333,6464.666666666667,6379.0
10600.0,9.366666666666845,219.0,212.0,0.0,66.0,0.0,0.0,-7.0,-8.593333333333334,4.0,4.0,1.98,1.4066666666666665,-0.36,0.06333333333333334,6417.0,6415.0
10605.0,9.366666666666845,217.33333333333334,212.0,0.0,66.0,0.0,0.0,-9.99,-9.31,4.0,4.0,2.08,2.03,-0.38333333333333336,0.08,6383.0,6412.0
10610.0,9.366666666666674,216.0,212.0,30.333333333333332,68.66666666666667,0.0,0.0,-12.873333333333333,-9.77,4.0,4.0,2.7600000000000002,2.4466666666666668,-0.29000000000000004,0.06333333333333334,6414.666666666667,6349.333333333333
10615.0,9.366666666666845,215.0,211.0,78.0,63.666666666666664,0.0,0.0,-14.76,-9.92,4.0,4.0,2.61,1.78,-0.18,0.043333333333333335,6395.0,6390.666666666667
10620.0,9.366666666666845,214.0,211.0,82.33333333333333,59.0,0.0,0.0,-14.836666666666666,-9.92,4.0,4.0,2.256666666666667,2.03,-0.14666666666666667,0.08,6431.333333333333,6399.0
10625.0,9.383333333333354,213.0,211.0,82.0,59.0,0.0,0.0,-14.016666666666666,-9.92,4.0,4.0,2.1933333333333334,2.26,-0.08,0.05,6409.0,6365.0
10630.0,9.383333333333496,213.0,211.0,81.0,57.0,0.0,0.0,-12.6,-9.92,4.0,4.0,2.27,1.8333333333333333,-0.07,0.03333333333333333,6396.0,6364.0
10635.0,9.383333333333496,212.0,210.0,78.66666666666667,57.333333333333336,0.0,0.0,-11.236666666666666,-9.92,4.0,4.0,1.9333333333333333,1.8033333333333335,-0.030000000000000002,0.04666666666666667,6400.0,6383.333333333333
10640.0,9.383333333333354,212.0,210.0,78.0,63.0,0.0,0.0,-10.03,-9.89,4.0,4.0,1.83,1.71,-0.006666666666666668,0.05,6420.0,6388.0
10645.0,9.383333333333496,211.0,210.0,78.0,70.33333333333333,0.0,0.0,-9.19,-9.88,4.0,4.0,1.79,1.8233333333333335,0.03,0.1,6435.0,6350.0
10650.0,9.36666666666693,211.0,210.0,82.0,73.0,0.0,0.0,-8.69,-9.88,4.0,4.0,1.93,1.7233333333333334,0.13,0.09333333333333334,6397.0,6364.333333333333
10655.0,9.383333333333297,211.0,210.0,85.66666666666667,76.33333333333333,0.0,0.0,-8.17,-9.713333333333333,4.0,4.0,1.8599999999999999,1.7533333333333334,0.12333333333333334,0.12666666666666668,6417.333333333333,6365.333333333333
10660.0,9.38333333333344,211.0,210.0,87.0,77.0,0.0,0.0,-8.01,-9.41,4.0,4.0,1.7833333333333334,1.69,0.10666666666666666,0.12,6418.666666666667,6371.0
10665.0,9.38333333333361,212.0,210.0,90.0,77.33333333333333,0.0,0.0,-7.89,-8.976666666666667,4.0,4.0,1.68,2.006666666666667,0.13,0.12333333333333334,6406.0,6361.333333333333
10670.0,9.383333333333297,212.0,210.33333333333334,92.66666666666667,85.66666666666667,0.0,0.0,-7.253333333333333,-8.450000000000001,4.0,4.0,1.8599999999999999,1.8866666666666667,0.15333333333333335,0.13666666666666666,6426.333333333333,6363.666666666667
10675.0,9.38333333333344,212.0,211.0,98.0,86.0,0.0,0.0,-6.41,-7.76,4.0,4.0,1.7733333333333334,1.72,0.15666666666666668,0.12,6420.0,6398.0
10680.0,9.38333333333361,212.0,211.0,99.0,92.0,0.0,0.0,-5.52,-7.056666666666667,4.0,4.0,1.68,1.53,0.18,0.17,6457.0,6398.0
10685.0,9.383333333333297,213.0,211.0,100.0,93.0,0.0,0.0,-4.6433333333333335,-6.386666666666667,4.0,4.0,1.54,1.5733333333333333,0.16666666666666669,0.18,6457.333333333333,6460.666666666667
10690.0,9.383333333333411,213.0,212.0,100.0,98.66666666666667,0.0,0.0,-3.8,-5.576666666666667,4.0,4.0,1.55,1.8599999999999999,0.22333333333333333,0.21,6476.0,6413.666666666667
10695.0,9.383333333333525,213.33333333333334,212.0,100.0,100.0,0.0,0.0,-3.19,-5.0,4.0,4.0,1.4966666666666668,1.58,0.19333333333333333,0.18,6449.333333333333,6418.0
10700.0,9.38333333333324,214.0,212.66666666666666,100.0,100.0,0.0,0.0,-2.62,-4.723333333333333,4.0,4.0,1.25,1.4733333333333334,0.19,0.23333333333333334,6470.0,6457.0
10705.0,9.383333333333411,214.66666666666666,213.0,100.0,100.0,0.0,0.0,-2.1833333333333336,-4.523333333333333,4.0,4.0,1.1566666666666665,1.57,0.21333333333333335,0.23,6483.666666666667,6442.333333333333
10710.0,9.383333333333525,215.0,213.0,100.0,100.0,0.0,0.0,-1.8633333333333333,-4.12,4.0,4.0,1.02,1.4,0.18000000000000002,0.24,6487.666666666667,6444.0
10715.0,9.38333333333324,215.0,214.0,100.0,100.0,0.0,0.0,-1.79,-3.643333333333333,4.0,4.0,0.91,1.0,0.2,0.21666666666666667,6491.0,6513.666666666667
10720.0,9.383333333333411,216.0,214.33333333333334,100.0,100.0,0.0,0.0,-1.79,-3.473333333333333,4.0,4.0,0.6533333333333333,0.9533333333333334,0.15666666666666668,0.17666666666666667,6553.666666666667,6565.333333333333
10725.0,9.383333333333525,216.33333333333334,215.0,100.0,100.0,0.0,0.0,-1.79,-2.89,4.0,4.0,0.6166666666666666,1.29,0.18,0.31,6606.0,6545.0
10730.0,9.38333333333324,217.0,216.0,100.0,100.0,0.0,0.0,-1.79,-1.62,4.0,4.0,0.83,1.0,0.19,0.22333333333333333,6566.0,6515.666666666667
10735.0,9.383333333333411,218.0,216.0,100.0,100.0,0.0,0.0,-1.79,-1.2766666666666666,4.0,4.0,0.6866666666666666,0.71,0.18000000000000002,0.19999999999999998,6580.666666666667,6628.333333333333
10740.0,9.383333333333525,218.0,217.0,100.0,100.0,0.0,0.0,-1.79,-1.25,4.0,4.0,0.6233333333333333,0.9,0.20666666666666667,0.26,6636.0,6568.0
10745.0,9.38333333333324,219.0,217.66666666666666,100.0,100.0,0.0,0.0,-1.79,-1.0766666666666667,4.0,4.0,0.75,0.7566666666666666,0.22,0.22,6628.0,6566.333333333333
10750.0,9.383333333333411,219.0,218.33333333333334,100.0,100.0,0.0,0.0,-1.7366666666666666,-0.89,4.0,4.0,0.7666666666666667,0.6066666666666667,0.20666666666666667,0.24,6623.666666666667,6588.666666666667
10755.0,9.383333333333525,220.0,219.0,100.0,100.0,0.0,0.0,-1.56,-0.8,4.0,4.0,0.72,0.52,0.19,0.24,6636.0,6613.0
10760.0,9.38333333333324,221.0,220.0,100.0,100.0,0.0,0.0,-1.34,-0.3766666666666667,4.0,4.0,0.74,0.4166666666666667,0.23,0.23666666666666666,6648.0,6611.666666666667
10765.0,9.391666666666765,221.0,220.33333333333334,100.0,100.0,0.0,0.0,-1.3450000000000002,-0.23,4.0,4.0,0.6699999999999999,0.26666666666666666,0.2,0.20666666666666667,6655.0,6649.0
10770.0,9.400000000000261,222.0,221.0,100.0,100.0,0.0,0.0,-1.35,-0.42,4.0,4.0,0.53,0.25,0.17,0.26,6689.0,6660.0
10775.0,9.399999999999977,222.0,222.0,100.0,100.0,0.0,0.0,-1.3566666666666667,-0.92,4.0,4.0,0.6133333333333334,0.25333333333333335,0.19999999999999998,0.22666666666666666,6699.666666666667,6678.666666666667
10780.0,9.395833333333456,223.0,222.25,100.0,100.0,0.0,0.0,-1.36,-1.4275,4.0,4.0,0.5766666666666667,0.31,0.17,0.225,6704.333333333333,6714.0
10785.0,9.38333333333361,223.0,223.0,100.0,100.0,0.0,0.0,-1.38,-1.71,4.0,4.0,0.52,0.43,0.19,0.24,6744.0,6722.666666666667
10790.0,9.383333333333297,224.0,224.0,100.0,100.0,0.0,0.0,-1.6233333333333333,-1.7233333333333334,4.0,4.0,0.64,0.5233333333333333,0.19333333333333333,0.21666666666666667,6741.333333333333,6732.666666666667
10795.0,9.38333333333344,224.33333333333334,224.0,100.0,100.0,0.0,0.0,-1.65,-1.68,4.0,4.0,0.62,0.48,0.18333333333333335,0.2,6757.666666666667,6769.0
10800.0,9.395833333333542,225.0,225.0,100.0,100.0,0.0,0.0,-1.65,-1.6400000000000001,4.0,4.0,0.5650000000000001,0.66,0.1925,0.24333333333333335,6795.25,6794.0
10805.0,9.400000000000006,225.33333333333334,226.0,100.0,100.0,0.0,0.0,-1.6366666666666665,-1.2766666666666666,4.0,4.0,0.7033333333333334,0.6799999999999999,0.20666666666666667,0.21333333333333332,6804.0,6780.333333333333
10810.0,9.38750000000016,226.0,226.0,100.0,100.0,0.0,0.0,-1.58,-1.1475,4.0,4.0,0.73,0.61,0.17,0.2125,6784.0,6806.0
10815.0,9.383333333333496,226.0,227.0,100.0,100.0,0.0,0.0,-1.49,-1.14,4.0,4.0,0.67,0.5666666666666667,0.18333333333333335,0.2,6820.666666666667,6823.666666666667
10820.0,9.383333333333354,227.0,227.0,100.0,100.0,0.0,0.0,-1.3833333333333333,-1.14,4.0,4.0,0.6166666666666667,0.51,0.16333333333333333,0.2,6835.0,6842.0
10825.0,9.395833333333428,227.0,228.0,100.0,100.0,0.0,0.0,-1.2775,-1.14,4.0,4.0,0.595,0.52,0.1625,0.20666666666666667,6845.75,6859.333333333333
10830.0,9.395833333333428,228.0,229.0,100.0,100.0,0.0,0.0,-1.07,-1.14,4.0,4.0,0.5933333333333334,0.4275,0.18333333333333335,0.1925,6860.0,6887.75
10835.0,9.383333333333411,228.0,229.0,100.0,100.0,0.0,0.0,-0.89,-1.14,4.0,4.0,0.46,0.36333333333333334,0.17,0.17,6877.0,6959.666666666667
10840.0,9.383333333333411,229.0,229.33333333333334,100.0,100.0,0.0,0.0,-0.8533333333333333,-1.1366666666666665,4.0,4.0,0.38,0.5133333333333333,0.16666666666666666,0.24333333333333332,6957.666666666667,6950.333333333333
10845.0,9.400000000000006,229.0,230.0,100.0,100.0,0.0,0.0,-0.85,-0.94,4.0,4.0,0.47,0.56,0.2,0.22,6939.0,6920.0
10850.0,9.383333333333496,230.0,231.0,100.0,100.0,0.0,0.0,-0.5066666666666667,-0.65,4.0,4.0,0.46,0.51,0.18,0.20666666666666667,6909.666666666667,6931.666666666667
10855.0,9.383333333333326,230.33333333333334,231.0,100.0,100.0,0.0,0.0,-0.09666666666666666,-0.3,4.0,4.0,0.3466666666666667,0.42,0.18666666666666668,0.2,6922.333333333333,6933.0
10860.0,9.383333333333326,231.0,232.0,100.0,100.0,0.0,0.0,-0.1,-0.25,4.0,4.0,0.26,0.30000000000000004,0.18,0.18333333333333332,6924.0,6961.666666666667
10865.0,9.383333333333525,231.0,232.0,100.0,100.0,0.0,0.0,-0.20666666666666667,-0.25,4.0,4.0,0.16666666666666669,0.22,0.16,0.2,6945.0,6995.0
10870.0,9.38333333333324,232.0,233.0,100.0,100.0,0.0,0.0,-0.89,-0.25,4.0,4.0,0.18,0.19333333333333333,0.16,0.19333333333333333,6983.0,7004.0
10875.0,9.387500000000102,232.0,233.25,100.0,100.0,0.0,0.0,-1.4100000000000001,-0.5025,4.0,4.0,0.315,0.19,0.175,0.1875,6979.5,7003.25
10880.0,9.38333333333361,233.0,234.0,100.0,100.0,0.0,0.0,-1.54,-1.1266666666666667,4.0,4.0,0.42,0.26666666666666666,0.15,0.18,6982.0,7018.333333333333
10885.0,9.383333333333297,233.0,234.33333333333334,100.0,100.0,0.0,0.0,-1.54,-1.46,4.0,4.0,0.51,0.35000000000000003,0.15333333333333332,0.16,6996.0,7039.333333333333
10890.0,9.38750000000013,233.25,235.0,100.0,100.0,0.0,0.0,-1.54,-1.4,4.0,4.0,0.55,0.39,0.14,0.13,7020.5,7065.0
10895.0,9.383333333333496,234.0,235.0,100.0,100.0,0.0,0.0,-1.54,-1.1666666666666667,4.0,4.0,0.5433333333333333,0.4666666666666667,0.12000000000000001,0.16,7047.666666666667,7088.333333333333
10900.0,9.383333333333354,234.0,236.0,100.0,100.0,0.0,0.0,-1.5333333333333334,-1.07,4.0,4.0,0.6433333333333333,0.55,0.1366666666666667,0.17,7059.333333333333,7082.0
10905.0,9.379166666666777,234.75,236.0,100.0,96.66666666666667,0.0,0.0,-1.475,-1.08,4.0,4.0,0.725,0.52,0.16749999999999998,0.1366666666666667,7045.5,7077.666666666667
10910.0,9.38333333333344,235.0,236.0,100.0,68.0,0.0,0.0,-1.19,-1.07,4.0,4.0,0.6,0.44,0.11333333333333333,0.05,7065.666666666667,7085.0
10915.0,9.375000000000085,235.0,236.0,100.0,8.0,0.0,0.0,-0.87,-1.02,4.0,4.0,0.49,0.48,0.1,-0.19,7099.0,6972.5
10920.0,9.383333333333326,235.33333333333334,235.0,100.0,0.0,0.0,0.0,-0.5866666666666667,-0.9,4.0,4.0,0.5166666666666667,0.45,0.13,-0.34,7095.333333333333,6942.0
10925.0,9.383333333333326,236.0,234.33333333333334,0.0,0.0,0.0,0.0,-0.25,-0.8466666666666667,0.0,4.0,0.4,0.41000000000000003,-0.15,-0.32,6895.0,6917.0
10930.0,9.37500000000017,235.0,234.0,50.0,0.0,0.0,0.0,-0.25,-0.84,0.0,4.0,0.315,0.36,0.0,-0.3,6303.5,6893.0
10935.0,9.38333333333324,236.0,233.0,100.0,0.0,0.0,0.0,-0.23,-0.84,5.0,4.0,0.23,0.29333333333333333,0.13,-0.30333333333333334,6043.0,6868.333333333333
10940.0,9.383333333333411,236.0,231.66666666666666,100.0,0.0,0.0,0.0,-0.2,-0.8566666666666667,5.0,4.0,0.12666666666666668,0.24666666666666667,0.08000000000000002,-0.29666666666666663,6081.0,6822.0
10945.0,9.387500000000273,236.0,231.0,100.0,0.0,0.0,0.0,0.02,-0.7825,5.0,4.0,0.11,0.185,0.21,-0.295,6191.0,6816.5
10950.0,9.383333333333297,237.0,230.0,100.0,0.0,0.0,0.0,0.11333333333333333,-0.4766666666666667,5.0,4.0,0.07333333333333333,0.12333333333333332,0.053333333333333344,-0.24666666666666665,6119.666666666667,6732.666666666667
10955.0,9.400000000000176,237.0,229.0,99.0,0.0,0.0,0.0,0.38,0.51,5.0,4.0,0.02,0.19,-0.05,-0.27,6610.0,6770.0
10960.0,9.39166666666685,237.66666666666666,228.5,98.0,0.0,0.0,0.0,0.9899999999999999,1.52,5.0,4.0,-0.039999999999999994,-0.07,0.31666666666666665,-0.28500000000000003,6212.333333333333,6752.0
10965.0,9.387500000000045,238.0,228.0,100.0,0.0,0.0,0.0,2.15,1.88,5.0,4.0,-0.3325,-0.23,0.185,-0.28,6064.0,6736.0
10970.0,9.400000000000063,238.66666666666666,227.0,100.0,0.0,0.0,0.0,2.8566666666666665,1.69,5.0,4.0,-0.41333333333333333,-0.45,0.033333333333333354,-0.26333333333333336,6152.333333333333,6702.333333333333
10975.0,9.404166666666725,239.0,226.0,100.0,1.3333333333333333,0.0,0.0,3.325,1.75,5.0,4.0,-0.8275,-0.63,0.2675,-0.2833333333333333,6153.75,6694.0
10980.0,9.416666666666828,239.0,226.0,100.0,11.0,0.0,0.0,3.49,1.94,5.0,4.0,-1.0233333333333334,-0.65,0.15666666666666668,-0.18,6119.333333333333,6693.0
10985.0,9.412499999999966,240.0,225.0,100.0,19.5,0.0,0.0,3.49,2.295,5.0,4.0,-1.1175000000000002,-0.78,0.135,-0.13,6151.5,6680.5
10990.0,9.416666666666742,240.0,225.0,100.0,22.0,0.0,0.0,3.49,3.3,5.0,4.0,-1.3499999999999999,-0.84,0.15,-0.14,6135.666666666667,6672.0
10995.0,9.420833333333547,240.0,224.0,100.0,23.0,0.0,0.0,3.495,5.38,5.0,4.0,-1.1875,-0.9733333333333334,0.1275,-0.13,6151.5,6664.666666666667
11000.0,9.433333333333309,240.66666666666666,224.0,99.33333333333333,24.666666666666668,0.0,0.0,3.65,6.87,5.0,4.0,-1.0733333333333335,-1.3733333333333333,0.13999999999999999,-0.14666666666666667,6183.333333333333,6652.0
11005.0,9.437500000000142,241.0,223.0,83.75,28.0,0.0,0.0,4.4,7.83,5.0,4.0,-1.4100000000000001,-1.65,0.14,-0.15,6165.5,6634.0
11010.0,9.45000000000016,241.0,223.0,47.333333333333336,28.333333333333332,0.0,0.0,5.6866666666666665,8.336666666666668,5.0,4.0,-1.4833333333333334,-1.1833333333333333,0.010000000000000002,-0.12333333333333334,6118.333333333333,6629.333333333333
11015.0,9.454166666666708,240.75,222.0,12.0,27.333333333333332,0.0,0.0,7.2625,9.413333333333332,5.0,4.0,-1.0525,-0.7566666666666667,-0.1575,-0.1,6067.5,6638.0
11020.0,9.454166666666737,240.0,222.0,0.0,30.25,0.0,0.0,9.003333333333334,10.3925,5.0,4.0,-0.48,-1.075,-0.27,-0.08,6001.666666666667,6649.25
11025.0,9.450000000000102,238.66666666666666,222.0,0.0,36.0,0.0,0.0,11.3,10.29,5.0,4.0,-1.1,-1.5433333333333334,-0.30666666666666664,-0.06333333333333334,5961.333333333333,6615.666666666667
11030.0,9.46250000000012,238.0,221.0,0.0,50.0,0.0,0.0,11.790000000000001,10.09,5.0,4.0,-1.5325,-1.84,-0.3275,-0.04,5967.75,6602.0
11035.0,9.466666666666669,236.66666666666666,221.0,0.0,57.666666666666664,0.0,0.0,11.790000000000001,10.17,5.0,4.0,-2.006666666666667,-1.7266666666666666,-0.3433333333333333,-0.01666666666666667,5939.666666666667,6600.333333333333
11040.0,9.479166666666714,236.0,221.0,0.0,60.0,0.0,0.0,11.74,10.533333333333333,5.0,4.0,-1.995,-1.61,-0.335,-1.734723475976807e-18,5908.25,6615.0
11045.0,9.483333333333519,234.66666666666666,220.0,0.0,64.0,0.0,0.0,11.68,11.04,5.0,4.0,-1.5766666666666667,-2.06,-0.30666666666666664,0.04,5870.666666666667,6596.0
11050.0,9.483333333333235,234.0,220.0,0.0,64.0,0.0,0.0,11.62,11.16,5.0,4.0,-2.31,-2.2466666666666666,-0.32,0.02,5845.0,6595.333333333333
11055.0,9.49166666666676,231.5,220.0,0.0,64.0,0.0,0.0,11.215,11.083333333333334,5.0,4.0,-2.8150000000000004,-2.62,-0.365,-0.003333333333333334,5802.0,6581.333333333333
11060.0,9.500000000000256,230.0,220.0,15.0,64.0,0.0,0.0,10.82,10.66,5.0,4.0,-2.97,-2.63,-0.37,0.0,5806.0,6563.0
11065.0,9.499999999999972,229.33333333333334,219.0,57.33333333333333,61.0,0.0,0.0,10.336666666666668,9.806666666666667,5.0,4.0,-2.5866666666666664,-2.1566666666666667,-0.14333333333333337,0.03,5809.666666666667,6587.0
11070.0,9.504166666666805,228.75,219.0,79.5,59.333333333333336,0.0,0.0,9.9175,9.120000000000001,5.0,4.0,-2.325,-2.276666666666667,-0.052500000000000005,0.08666666666666667,5825.75,6587.0
11075.0,9.516666666666822,228.0,219.0,84.0,61.0,0.0,0.0,9.496666666666666,8.59,5.0,4.0,-2.55,-2.52,0.0,0.06,5820.0,6561.0
11080.0,9.508333333333354,228.0,219.0,86.33333333333333,56.0,0.0,0.0,8.860000000000001,7.855,5.0,4.0,-2.3533333333333335,-2.025,-1.734723475976807e-18,0.065,5802.333333333333,6570.0
11085.0,9.50000000000017,228.0,219.0,86.0,46.0,0.0,0.0,8.12,7.04,5.0,4.0,-1.85,-1.81,0.05,0.04,5827.0,6559.0
11090.0,9.50000000000017,228.0,218.33333333333334,91.66666666666667,32.0,0.0,0.0,7.36,6.15,5.0,4.0,-2.0566666666666666,-1.8666666666666667,0.1,-0.006666666666666666,5837.666666666667,6532.333333333333
11095.0,9.516666666666765,228.0,218.0,98.0,21.666666666666668,0.0,0.0,6.34,5.046666666666667,5.0,4.0,-1.92,-1.62,0.15,-0.056666666666666664,5833.0,6503.0
11100.0,9.516666666666737,228.0,218.0,100.0,17.0,0.0,0.0,4.903333333333333,3.95,5.0,4.0,-1.67,-1.22,0.13999999999999999,-0.1,5856.333333333333,6475.0
11105.0,9.516666666666765,228.0,217.0,100.0,14.0,0.0,0.0,3.31,2.8033333333333337,5.0,4.0,-1.3533333333333335,-1.06,0.16,-0.12333333333333334,5864.666666666667,6452.666666666667
11110.0,9.516666666666765,228.0,217.0,100.0,11.0,0.0,0.0,1.74,1.6400000000000001,5.0,4.0,-1.16,-0.9533333333333333,0.15,-0.14666666666666667,5851.0,6438.333333333333
11115.0,9.533333333333331,228.33333333333334,216.0,100.0,12.0,0.0,0.0,1.0,0.38,5.0,4.0,-1.1666666666666665,-0.82,0.15666666666666668,-0.15,5876.0,6414.0
11120.0,9.533333333333331,229.0,216.0,100.0,13.333333333333334,0.0,0.0,0.25,-0.42333333333333334,5.0,4.0,-0.98,-0.41333333333333333,0.18,-0.13333333333333333,5826.0,6401.333333333333
11125.0,9.533333333333502,229.66666666666666,215.0,100.0,14.0,0.0,0.0,0.13333333333333333,-0.8,5.0,4.0,-0.4866666666666667,-0.11000000000000001,0.13,-0.13,5855.333333333333,6406.0
11130.0,9.537499999999966,230.0,215.0,100.0,15.0,0.0,0.0,0.1825,-0.48,5.0,4.0,-0.305,0.06,0.0875,-0.13,5939.75,6374.0
11135.0,9.550000000000068,230.0,215.0,100.0,15.666666666666666,0.0,0.0,0.18333333333333332,0.3566666666666667,5.0,4.0,-0.33666666666666667,0.03,0.22666666666666668,-0.13333333333333333,5869.0,6368.666666666667
11140.0,9.566666666666862,231.0,214.0,100.0,19.0,0.0,0.0,0.09333333333333334,0.1766666666666667,5.0,4.0,-0.19666666666666666,0.0,0.14666666666666667,-0.11333333333333333,5890.0,6363.0
11145.0,9.566666666666578,231.0,214.0,100.0,17.0,0.0,0.0,-0.1,-0.4,5.0,4.0,-0.1,0.02333333333333333,0.15,-0.12000000000000001,5916.0,6347.666666666667
11150.0,9.583333333333428,232.0,213.0,100.0,3.0,0.0,0.0,-0.19,-0.97,5.0,4.0,-0.053333333333333344,0.13,0.13333333333333333,-0.18,5930.666666666667,6304.0
11155.0,9.583333333333599,232.0,212.33333333333334,100.0,0.0,0.0,0.0,-0.38,-1.0666666666666667,5.0,4.0,0.02,0.25333333333333335,0.17,-0.2866666666666667,5941.0,6278.666666666667
11160.0,9.583333333333314,232.66666666666666,211.66666666666666,100.0,0.0,0.0,0.0,-0.41,-1.0833333333333335,5.0,4.0,0.12,0.30333333333333334,0.15333333333333332,-0.28,5932.0,6251.333333333333
11165.0,9.600000000000165,233.0,211.0,100.0,0.0,0.0,0.0,-0.45,-1.17,5.0,4.0,0.13,0.36,0.13,-0.28,5947.0,6226.0
11170.0,9.600000000000165,233.0,210.0,100.0,0.0,0.0,11.333333333333332,-0.6666666666666666,-1.29,5.0,4.0,0.20333333333333334,0.4033333333333333,0.15,-0.3933333333333333,5967.333333333333,6189.666666666667
11175.0,9.604166666666714,234.0,208.66666666666666,100.0,0.0,0.0,28.333333333333332,-0.74,-1.3066666666666666,5.0,4.0,0.265,0.42,0.14,-0.6,5967.5,6134.0
11180.0,9.633333333333411,234.0,205.66666666666666,100.0,0.0,0.0,42.666666666666664,-0.8533333333333334,-1.3,5.0,4.0,0.3066666666666667,0.44333333333333336,0.13333333333333333,-0.8033333333333333,5977.333333333333,6039.333333333333
11185.0,9.63333333333344,234.33333333333334,203.0,100.0,69.0,0.0,45.0,-1.4866666666666666,-1.3,5.0,0.0,0.4,0.42,0.14,-0.81,5988.0,6108.0
11190.0,9.645833333333456,235.0,201.33333333333334,100.0,29.0,0.0,45.0,-2.4124999999999996,-1.3,5.0,0.0,0.5125000000000001,0.48,0.11750000000000001,-0.8666666666666667,6013.0,7042.0
11195.0,9.666666666666657,235.0,197.33333333333334,72.33333333333333,0.0,3.333333333333333,29.0,-2.77,-1.0233333333333332,5.0,3.0,0.75,0.44,0.05666666666666667,-0.7433333333333333,5993.666666666667,7088.666666666667
11200.0,9.666666666666657,235.0,195.66666666666666,11.0,0.0,31.0,26.0,-2.52,-0.8133333333333334,5.0,3.0,0.89,0.37333333333333335,-0.47,-0.6866666666666666,5883.0,7015.666666666667
11205.0,9.700000000000188,232.33333333333334,193.33333333333334,0.0,0.0,54.333333333333336,25.666666666666668,-2.033333333333333,-0.5033333333333333,5.0,3.0,0.7566666666666667,0.33333333333333337,-0.9766666666666667,-0.68,5759.333333333333,6927.333333333333
11210.0,9.699999999999903,229.0,191.0,0.0,0.0,57.0,26.0,-1.38,0.14,5.0,3.0,0.93,0.22,-1.22,-0.7,5658.0,6865.0
11215.0,9.716666666666725,225.0,189.0,0.0,0.0,57.0,27.0,-0.6533333333333333,0.54,5.0,3.0,0.9366666666666666,0.08,-1.2766666666666666,-0.7,5594.666666666667,6786.0
11220.0,9.733333333333519,221.33333333333334,186.0,46.0,0.0,59.333333333333336,29.0,-0.6233333333333334,-0.05,0.0,3.0,0.6699999999999999,0.02,-1.2333333333333334,-0.74,6417.666666666667,6680.0
11225.0,9.749999999999915,218.0,184.0,0.0,0.0,60.0,41.0,-1.02,-0.68,4.0,3.0,0.49,0.05,-1.37,-0.87,6333.0,6560.0
11230.0,9.766666666666737,213.33333333333334,180.0,0.0,0.0,60.0,44.0,-1.0966666666666667,-0.72,4.0,3.0,0.3466666666666667,0.17,-1.3733333333333333,-0.99,6174.333333333333,6426.0
11235.0,9.78333333333353,209.33333333333334,177.0,0.0,0.0,60.0,45.0,-1.3666666666666667,-0.44,4.0,3.0,0.3233333333333333,0.17,-1.3366666666666667,-1.0,6051.666666666667,6320.0
11240.0,9.799999999999898,206.0,173.0,0.0,0.0,60.0,45.0,-1.93,-0.53,4.0,3.0,0.41,0.09,-1.32,-0.94,5968.0,6075.0
11245.0,9.799999999999983,201.0,170.0,0.0,0.0,60.0,38.0,-2.36,-0.58,4.0,3.0,0.32,0.13,-1.22,-0.91,5709.0,6062.0
11250.0,9.841666666666839,197.66666666666666,165.5,69.0,0.0,60.0,38.5,-2.2800000000000002,-1.4849999999999999,0.0,3.0,0.54,0.27,-1.4033333333333333,-0.895,6486.666666666667,5927.5
11255.0,9.850000000000023,192.0,163.0,0.0,69.0,60.0,38.0,-1.195,-2.86,3.0,0.0,0.625,0.41500000000000004,-1.4,-0.8,6836.5,6337.0
11260.0,9.875000000000142,188.0,159.0,0.0,0.0,60.0,39.0,-0.38,-3.93,3.0,2.0,0.435,0.64,-1.3450000000000002,-0.91,6667.5,6971.0
11265.0,9.875,183.0,155.0,0.0,0.0,60.0,47.0,0.08000000000000002,-3.01,3.0,2.0,0.26,0.75,-1.335,-1.04,6483.0,6803.0
11270.0,9.900000000000091,178.0,150.0,0.0,0.0,60.0,52.5,0.8500000000000001,-1.265,3.0,2.0,0.07,0.5449999999999999,-1.3450000000000002,-1.15,6342.0,6549.0
11275.0,9.925000000000182,173.5,145.0,0.0,0.0,62.5,53.0,1.085,0.17,3.0,2.0,-0.07500000000000001,0.25,-1.335,-1.13,6143.0,6325.0
11280.0,9.950000000000045,168.5,140.0,34.5,0.0,61.5,52.5,1.08,-0.015000000000000013,3.0,2.0,-0.2,0.085,-1.315,-1.145,6359.0,6132.0
11285.0,9.950000000000273,163.0,135.0,0.0,0.0,59.0,53.0,1.18,-1.3,2.0,2.0,-0.31,0.1,-1.34,-1.12,7099.0,5884.0
11290.0,9.999999999999915,158.0,129.0,0.0,0.0,55.0,56.0,1.22,-0.2,2.0,1.0,-0.18,0.05,-1.14,-1.28,6809.0,6986.0
11295.0,10.02500000000012,153.0,123.0,0.0,0.0,50.0,55.0,2.12,1.63,2.0,1.0,-0.365,-0.11,-1.145,-1.22,6483.0,6877.0
11300.0,10.049999999999898,148.0,117.0,0.0,0.0,49.0,46.0,2.91,3.96,2.0,1.0,-0.64,-0.4,-1.09,-1.05,6456.0,6552.0
11305.0,10.07500000000013,143.5,112.0,0.0,0.0,45.5,45.0,4.109999999999999,7.63,2.0,1.0,-0.6950000000000001,-0.75,-1.01,-1.01,6249.5,6247.0
11310.0,10.124999999999886,139.0,105.5,0.0,0.0,44.0,32.5,5.26,11.135,2.0,1.0,-0.81,-0.995,-1.04,-0.79,6066.0,5878.5
11315.0,10.175000000000125,134.5,102.0,69.0,0.0,38.5,0.0,6.36,13.02,0.0,1.0,-0.9,-1.19,-0.7949999999999999,-0.25,6438.0,5803.0
11320.0,10.200000000000045,129.5,101.0,0.0,11.5,40.0,0.0,8.375,15.17,1.0,1.0,-1.095,-1.31,-0.9450000000000001,-0.14,7055.0,5801.0
11325.0,10.250000000000256,125.0,100.0,0.0,18.0,42.0,0.0,10.15,17.37,1.0,1.0,-1.5,-1.53,-1.15,-0.04,6889.0,5773.0
11330.0,10.300000000000182,120.0,100.0,0.0,21.0,41.0,0.0,12.3,19.07,1.0,1.0,-1.44,-1.63,-0.91,-0.03,6589.0,5761.0
11335.0,10.300000000000097,115.0,100.0,0.0,25.0,25.0,0.0,13.85,19.27,1.0,1.0,-1.8,-1.48,-0.76,-0.04,6293.0,5771.0
11340.0,10.32500000000013,110.5,100.0,0.0,44.0,5.0,0.0,16.095,19.27,1.0,1.0,-1.83,-1.63,-0.38,0.06,6151.5,5821.0
11345.0,10.32500000000016,107.0,100.0,0.0,39.0,0.0,0.0,17.59,19.41,1.0,1.0,-2.29,-1.81,-0.35,0.07500000000000001,5980.0,5825.5
11350.0,10.35000000000008,104.0,100.0,0.0,39.0,0.0,0.0,18.35,19.41,1.0,1.0,-2.01,-1.48,-0.3,0.1,5847.0,5878.0
11355.0,10.350000000000279,102.0,101.0,12.0,38.0,0.0,0.0,19.03,19.4,1.0,1.0,-1.65,-1.56,-0.12,0.14,5848.0,5904.0
11360.0,10.325000000000074,100.5,101.0,16.5,37.0,0.0,0.0,21.095,18.74,1.0,1.0,-1.7149999999999999,-1.74,-0.06,0.1,5819.0,5936.0
11365.0,10.349999999999909,100.0,102.0,10.0,36.0,0.0,0.0,22.37,18.3,1.0,1.0,-1.68,-1.62,-0.11,0.13,5722.0,5952.0
11370.0,10.325000000000102,98.0,102.0,0.0,36.5,0.0,0.0,22.57,17.98,1.0,1.0,-1.66,-1.76,-0.3,0.14500000000000002,5531.0,5998.5
11375.0,10.32500000000013,95.5,103.0,0.0,38.0,0.0,0.0,22.55,17.79,1.0,1.0,-1.885,-1.73,-0.315,0.15,5400.0,6057.0
11380.0,10.32500000000016,93.0,104.0,0.0,37.0,0.0,0.0,21.95,17.61,1.0,1.0,-1.7,-1.645,-0.29,0.2,5240.0,6154.5
11385.0,10.299999999999898,92.0,105.0,36.0,35.0,0.0,0.0,19.96,17.22,1.0,1.0,-1.69,-1.46,0.09,0.19,5431.0,6277.0
11390.0,10.250000000000085,93.0,106.0,50.0,33.0,0.0,0.0,17.65,15.87,1.0,1.0,-1.49,-1.54,0.17,0.21,5537.0,6306.0
11395.0,10.250000000000256,94.0,106.0,56.0,34.0,0.0,0.0,14.68,13.74,1.0,1.0,-1.51,-1.64,0.21,0.19,5543.0,6352.0
11400.0,10.199999999999989,95.0,107.0,66.0,34.0,0.0,0.0,10.95,13.17,1.0,1.0,-1.31,-1.47,0.36,0.24,5689.0,6440.0
11405.0,10.200000000000045,97.5,108.5,72.0,38.5,0.0,0.0,10.05,12.07,1.0,1.0,-1.2,-1.615,0.43999999999999995,0.305,5842.0,6477.0
11410.0,10.200000000000074,100.0,110.0,78.0,48.0,0.0,0.0,10.0,11.78,1.0,1.0,-1.22,-1.65,0.52,0.33,6064.0,6597.0
11415.0,10.150000000000261,104.0,112.0,81.0,57.0,0.0,0.0,8.28,11.73,1.0,1.0,-1.3,-1.65,0.61,0.43,6426.0,6660.0
11420.0,10.150000000000176,107.0,114.0,82.0,58.0,0.0,0.0,6.66,11.73,1.0,1.0,-1.35,-1.61,0.62,0.5,6535.0,6850.0
11425.0,10.125,110.5,115.0,83.0,61.0,0.0,0.0,5.3149999999999995,11.2,1.0,1.0,-1.3450000000000002,-1.39,0.635,0.4,6738.0,7016.0
11430.0,10.150000000000148,113.5,117.5,82.5,65.0,0.0,0.0,4.305,9.195,1.0,1.0,-1.1749999999999998,-1.6949999999999998,0.6,0.4,6973.0,7140.0
11435.0,10.12500000000017,117.0,119.5,87.0,71.0,0.0,0.0,4.0,6.505,1.0,1.0,-1.45,-1.67,0.64,0.415,7055.0,7204.5
11440.0,10.125000000000085,120.0,121.0,90.0,82.5,0.0,0.0,4.1,4.19,1.0,1.0,-1.18,-1.625,0.54,0.45499999999999996,7179.0,7206.5
11445.0,10.125,122.0,122.5,0.0,93.5,0.0,0.0,4.46,2.545,0.0,1.0,-1.14,-1.46,-0.06,0.395,7045.0,7249.0
11450.0,10.124999999999886,124.0,124.0,98.0,93.5,0.0,0.0,5.18,1.79,2.0,2.0,-0.99,-0.78,0.57,0.755,5746.0,5882.0
11455.0,10.125000000000142,127.5,127.0,99.5,97.0,0.0,0.0,5.16,3.21,2.0,2.0,-1.03,-0.55,0.62,0.5,5842.5,5935.0
11460.0,10.125000000000028,130.5,130.0,94.0,100.0,0.0,0.0,4.984999999999999,4.12,2.0,2.0,-0.9450000000000001,-0.72,0.575,0.61,6104.0,5946.0
11465.0,10.125000000000284,133.0,132.5,100.0,100.0,0.0,0.0,4.66,4.02,2.0,2.0,-1.04,-0.66,0.58,0.55,6076.0,6115.5
11470.0,10.12500000000017,135.0,135.5,99.0,100.0,0.0,0.0,4.06,3.875,2.0,2.0,-0.78,-0.815,0.56,0.615,6282.0,6281.0
11475.0,10.12500000000017,138.0,138.0,100.0,100.0,0.0,0.0,3.3,3.36,2.0,2.0,-0.915,-0.84,0.58,0.57,6391.5,6316.0
11480.0,10.12500000000017,140.0,140.5,100.0,100.0,0.0,0.0,2.94,2.84,2.0,2.0,-0.79,-0.765,0.52,0.565,6450.0,6457.0
11485.0,10.12500000000017,143.0,143.0,100.0,100.0,0.0,0.0,2.615,2.76,2.0,2.0,-0.7649999999999999,-0.63,0.565,0.52,6549.0,6548.0
11490.0,10.12500000000017,145.0,145.5,100.0,100.0,0.0,0.0,2.27,2.2800000000000002,2.0,2.0,-0.58,-0.69,0.51,0.55,6730.0,6660.5
11495.0,10.12500000000017,147.5,147.0,100.0,100.0,0.0,0.0,1.7650000000000001,1.6,2.0,2.0,-0.6699999999999999,-0.6,0.51,0.55,6747.0,6709.0
11500.0,10.12500000000017,149.0,149.5,100.0,100.0,0.0,0.0,0.99,0.97,2.0,2.0,-0.47,-0.395,0.49,0.515,6813.0,6854.5
11505.0,10.12500000000017,151.5,152.0,100.0,100.0,0.0,0.0,0.655,-0.17,2.0,2.0,-0.275,-0.22,0.45499999999999996,0.51,6959.0,6931.0
11510.0,10.133333333333411,153.66666666666666,154.33333333333334,100.0,100.0,0.0,0.0,0.17333333333333334,-0.7766666666666667,2.0,2.0,-0.20333333333333334,-0.020000000000000004,0.5066666666666667,0.47333333333333333,6977.0,7012.666666666667
11515.0,10.125000000000284,156.0,156.0,100.0,100.0,0.0,0.0,0.06,-0.365,2.0,2.0,-0.09,0.055,0.43,0.44,7100.0,7090.0
11520.0,10.125000000000028,156.5,157.0,50.0,0.0,0.0,0.0,-0.08499999999999999,-0.42,0.0,0.0,-0.025,0.1,0.28,-0.12,6297.5,6996.0
11525.0,10.125000000000142,157.5,158.0,100.0,100.0,0.0,0.0,-0.26,-0.51,3.0,3.0,0.01,0.1,0.44,0.32,5867.0,5848.0
11530.0,10.124999999999886,159.0,159.5,100.0,100.0,0.0,0.0,-0.67,-0.595,3.0,3.0,0.06,0.125,0.35,0.47000000000000003,6008.0,5974.5
11535.0,10.133333333333326,161.0,161.66666666666666,100.0,100.0,0.0,0.0,-1.09,-0.8566666666666666,3.0,3.0,0.15,0.12666666666666668,0.36,0.37,5975.0,6061.666666666667
11540.0,10.125,162.5,163.0,100.0,97.0,0.0,0.0,-1.1,-1.37,3.0,3.0,0.115,0.16,0.30000000000000004,0.36,6133.0,6332.0
11545.0,10.125000000000085,163.5,165.0,92.0,100.0,0.0,0.0,-1.435,-1.16,3.0,3.0,0.16999999999999998,0.37,0.265,0.47,6494.0,6180.0
11550.0,10.11666666666676,166.0,166.33333333333334,100.0,100.0,0.0,0.0,-0.6,-0.38,3.0,3.0,0.45,0.35,0.45,0.42333333333333334,6149.0,6145.0
11555.0,10.12500000000017,167.0,168.0,100.0,100.0,0.0,0.0,0.5,-0.375,3.0,3.0,0.27,0.17,0.4,0.35,6165.0,6247.0
11560.0,10.125000000000284,168.0,169.5,100.0,100.0,0.0,0.0,1.06,-1.045,3.0,3.0,0.04,0.245,0.34,0.355,6263.0,6357.5
11565.0,10.116666666666674,170.33333333333334,170.66666666666666,100.0,100.0,0.0,0.0,-0.03666666666666665,-1.3333333333333335,3.0,3.0,-0.07,0.31666666666666665,0.5533333333333333,0.4,6325.666666666667,6340.666666666667
11570.0,10.11666666666676,171.33333333333334,172.0,100.0,100.0,0.0,0.0,-0.8433333333333333,-1.3333333333333335,3.0,3.0,0.016666666666666666,0.38,0.36666666666666664,0.39666666666666667,6386.333333333333,6428.333333333333
11575.0,10.125,173.0,174.0,100.0,100.0,0.0,0.0,-0.43000000000000005,-0.95,3.0,3.0,0.1,0.39,0.43,0.39,6401.5,6424.0
11580.0,10.125000000000085,174.5,176.0,100.0,100.0,0.0,0.0,-0.07500000000000001,-0.52,3.0,3.0,0.09,0.3,0.37,0.4,6449.5,6499.0
11585.0,10.12500000000017,175.5,177.0,100.0,100.0,0.0,0.0,-0.10500000000000001,-0.43,3.0,3.0,0.065,0.22,0.37,0.38,6524.0,6546.0
11590.0,10.116666666666731,177.0,178.0,100.0,100.0,0.0,0.0,-0.31,-0.41,3.0,3.0,0.07,0.2,0.3433333333333333,0.38,6572.666666666667,6618.0
11595.0,10.116666666666845,178.66666666666666,180.0,100.0,100.0,0.0,0.0,-0.16333333333333333,0.0,3.0,3.0,0.06666666666666667,0.13,0.38,0.38,6602.0,6646.0
11600.0,10.116666666666646,179.66666666666666,181.0,100.0,100.0,0.0,0.0,0.016666666666666663,0.42,3.0,3.0,0.043333333333333335,0.05,0.35,0.38,6675.666666666667,6692.0
11605.0,10.116666666666731,181.0,182.0,100.0,100.0,0.0,0.0,0.04,0.94,3.0,3.0,0.026666666666666665,-0.07,0.36,0.32,6707.666666666667,6759.0
11610.0,10.116666666666816,182.66666666666666,183.0,100.0,100.0,0.0,0.0,0.08666666666666667,0.95,3.0,3.0,0.0,-0.15,0.35666666666666663,0.39,6766.0,6778.0
11615.0,10.116666666666731,183.66666666666666,185.0,100.0,100.0,0.0,0.0,0.13333333333333333,0.75,3.0,3.0,0.0,-0.18,0.32666666666666666,0.28,6788.333333333333,6877.0
11620.0,10.116666666666845,184.66666666666666,186.0,100.0,100.0,0.0,0.0,0.29333333333333333,0.79,3.0,3.0,-0.03666666666666667,-0.29,0.36333333333333334,0.35,6890.666666666667,6855.0
11625.0,10.125,186.0,187.0,100.0,100.0,0.0,0.0,0.425,1.06,3.0,3.0,-0.08,-0.28,0.325,0.35,6848.0,6906.0
11630.0,10.108333333333405,187.0,188.66666666666666,100.0,100.0,0.0,0.0,0.7250000000000001,1.2966666666666666,3.0,3.0,-0.12000000000000001,-0.31333333333333335,0.335,0.35333333333333333,6905.5,6957.666666666667
11635.0,10.116666666666873,188.33333333333334,189.66666666666666,100.0,100.0,0.0,0.0,1.1733333333333333,1.2866666666666666,3.0,3.0,-0.21333333333333335,-0.33666666666666667,0.3333333333333333,0.35333333333333333,6960.666666666667,7021.333333333333
11640.0,10.10833333333332,189.33333333333334,190.5,100.0,100.0,0.0,0.0,1.3266666666666667,1.23,3.0,3.0,-0.26666666666666666,-0.395,0.31666666666666665,0.33,7019.0,7050.0
11645.0,10.100000000000108,190.0,191.33333333333334,0.0,100.0,0.0,0.0,1.4166666666666665,1.22,0.0,3.0,-0.43,-0.47000000000000003,-0.26,0.31333333333333335,6833.0,7068.333333333333
11650.0,10.11666666666676,190.0,193.0,100.0,100.0,0.0,0.0,1.27,1.2766666666666666,4.0,3.0,-0.44,-0.3666666666666667,0.54,0.26666666666666666,5799.0,7106.333333333333
11655.0,10.100000000000165,191.0,194.0,100.0,97.0,0.0,0.0,0.91,1.38,4.0,3.0,-0.26,-0.39,0.19,0.27,5824.0,7171.0
11660.0,10.100000000000279,192.0,194.0,100.0,26.0,0.0,0.0,0.73,1.18,4.0,3.0,-0.47,-0.43,0.31,0.04,5797.0,7058.0
11665.0,10.116666666666617,193.0,194.0,75.33333333333334,0.0,8.666666666666666,0.0,0.68,1.15,4.0,3.0,-0.3566666666666667,-0.38,0.10666666666666669,-0.26,5797.0,7002.0
11670.0,10.100000000000051,192.33333333333334,191.66666666666666,7.333333333333334,0.0,45.333333333333336,41.33333333333333,0.77,1.15,4.0,3.0,-0.25,-0.35333333333333333,-0.8433333333333333,-0.8033333333333333,5628.666666666667,6859.0
11675.0,10.108333333333519,189.0,188.33333333333334,0.0,0.0,54.0,66.0,1.1,1.0466666666666666,4.0,3.0,-0.275,-0.37666666666666665,-1.1600000000000001,-1.2733333333333334,5488.0,6682.666666666667
11680.0,10.108333333333348,184.0,183.0,34.5,0.0,64.0,73.66666666666667,0.8049999999999999,0.65,4.0,3.0,-0.305,-0.34,-1.38,-1.4566666666666666,5826.5,6498.666666666667
11685.0,10.108333333333462,180.0,177.0,0.0,0.0,68.5,77.66666666666667,0.53,1.3166666666666667,0.0,3.0,-0.255,-0.29666666666666663,-1.44,-1.5733333333333333,6371.0,6204.666666666667
11690.0,10.10833333333332,173.5,172.33333333333334,0.0,0.0,69.5,76.66666666666667,0.455,1.2866666666666666,3.0,3.0,-0.22,-0.4033333333333333,-1.5350000000000001,-1.6,6085.5,6034.666666666667
11695.0,10.116666666666731,168.66666666666666,166.0,0.0,69.0,71.33333333333333,73.0,0.36333333333333334,0.11,3.0,0.0,-0.21000000000000002,-0.3,-1.5466666666666666,-1.49,5970.0,6309.0
11700.0,10.100000000000108,161.0,160.0,41.0,0.0,74.0,73.0,0.41,0.27,0.0,2.0,-0.09,-0.14,-1.44,-1.49,7004.0,6835.0
11705.0,10.12500000000017,157.0,153.5,0.0,0.0,75.0,74.0,0.75,0.19,2.0,2.0,-0.09,-0.015,-1.68,-1.56,6636.0,6439.0
11710.0,10.125000000000199,149.0,146.0,0.0,0.0,71.5,72.0,1.165,1.23,2.0,2.0,-0.025,0.05,-1.46,-1.51,6126.5,6266.0
11715.0,10.12500000000017,143.0,140.5,0.0,0.0,66.0,70.0,1.11,1.595,2.0,2.0,-0.01,0.0,-1.41,-1.405,6113.0,6016.5
11720.0,10.125000000000199,137.0,135.0,0.0,69.0,61.0,68.0,0.76,1.18,2.0,0.0,-0.005,-0.05,-1.355,-1.24,5945.0,6210.0
11725.0,10.125000000000085,130.0,127.0,0.0,0.0,57.0,68.0,0.37,0.25,2.0,1.0,-0.005000000000000001,-0.02,-1.2349999999999999,-1.09,5550.0,6732.0
11730.0,10.150000000000063,125.0,122.0,0.0,0.0,54.0,68.0,-0.27,0.15,0.0,1.0,0.03,-0.02,-0.92,-1.19,6704.0,6086.0
11735.0,10.150000000000006,119.0,115.0,0.0,0.0,54.0,62.0,-1.59,-3.11,1.0,1.0,0.22,0.28,-1.34,-1.0,6176.0,5664.0
11740.0,10.125000000000028,112.5,110.0,0.0,0.0,54.5,38.0,-6.205,-7.65,1.0,1.0,0.41500000000000004,0.75,-0.75,-0.86,5494.0,5775.0
11745.0,10.125000000000085,107.0,107.0,0.0,0.0,50.0,14.5,-14.12,-9.25,1.0,1.0,1.05,1.44,-0.59,-0.885,5117.0,5915.0
11750.0,10.150000000000006,103.0,103.0,0.0,0.0,35.0,13.0,-20.03,-12.26,1.0,1.0,2.01,1.55,-0.79,-0.67,5747.0,5859.0
11755.0,10.12500000000017,96.0,99.5,0.0,1.5,13.0,9.5,-17.98,-21.475,1.0,1.0,1.64,1.865,-0.63,-0.44,5382.0,5623.0
11760.0,10.09999999999988,94.0,96.0,2.0,0.0,0.0,15.0,-16.7,-28.66,1.0,1.0,1.67,2.8,-0.19,-1.02,5418.0,5451.0
11765.0,10.125000000000199,93.0,91.0,4.0,0.0,0.0,0.0,-23.08,-30.24,1.0,1.0,1.77,2.17,-0.16999999999999998,-0.32,5287.5,5168.0
11770.0,10.125000000000142,90.5,90.0,4.0,40.0,0.0,0.0,-27.645,-29.68,1.0,1.0,2.075,1.42,-0.27,0.21,5180.5,5188.0
11775.0,10.125000000000085,90.0,90.0,55.5,47.0,0.0,0.0,-22.83,-30.37,1.0,1.0,2.2,2.24,0.04,0.03,5369.0,5208.0
11780.0,10.125000000000028,89.0,89.0,16.0,1.0,0.0,0.0,-21.564999999999998,-32.2,1.0,1.0,2.05,2.47,0.015,-0.38,6392.0,5036.0
11785.0,10.09999999999988,90.0,86.0,17.0,0.0,0.0,0.0,-20.74,-32.29,1.0,1.0,2.03,2.15,-0.06,-0.28,5350.0,4873.0
11790.0,10.125000000000085,90.0,85.0,2.0,63.5,0.0,0.0,-20.05,-26.385,1.0,1.0,1.89,1.97,-0.18,0.255,5115.0,5023.0
11795.0,10.15000000000029,89.0,87.0,37.0,66.0,0.0,0.0,-23.34,-20.49,1.0,1.0,2.45,1.54,0.0,0.31,5304.0,5325.0
11800.0,10.150000000000006,89.0,91.0,0.0,44.0,0.0,0.0,-26.36,-22.67,1.0,1.0,2.12,1.82,-0.35,0.39,5002.0,5222.0
11805.0,10.150000000000176,89.0,92.0,34.0,41.0,0.0,0.0,-26.96,-22.6,1.0,1.0,2.0,2.15,0.44,0.24,5356.0,5575.0
11810.0,10.124999999999886,89.0,93.0,61.0,25.0,0.0,0.0,-26.96,-23.525,1.0,1.0,2.18,2.035,0.26,0.09,5298.0,5752.5
11815.0,10.125000000000085,90.0,93.0,57.0,3.0,0.0,0.0,-26.57,-24.02,1.0,1.0,2.46,2.325,0.18,-0.10500000000000001,5532.0,5347.0
11820.0,10.100000000000279,91.0,92.0,23.0,15.0,0.0,0.0,-23.68,-22.7,1.0,1.0,2.24,2.2,0.2,0.0,5622.0,5360.0
11825.0,10.099999999999994,92.0,93.0,21.0,40.0,0.0,0.0,-23.24,-24.57,1.0,1.0,2.48,1.83,0.19,0.65,6196.0,5425.0
11830.0,10.100000000000165,94.0,93.0,49.0,31.0,0.0,0.0,-23.06,-23.02,1.0,1.0,1.6,2.48,0.16,-0.17,6483.0,6068.0
11835.0,10.124999999999972,93.5,94.0,36.0,24.0,0.0,0.0,-23.2,-24.49,1.0,1.0,2.1849999999999996,1.94,0.35,0.09,6916.0,5540.0
11840.0,10.15000000000029,94.0,94.0,24.0,25.0,0.0,0.0,-23.58,-24.7,1.0,1.0,2.42,2.36,-0.04,0.16,6589.0,5691.0
11845.0,10.150000000000006,93.0,94.0,7.0,36.0,0.0,0.0,-20.36,-20.8,1.0,1.0,2.22,2.34,-0.07,-0.09,6199.0,5743.0
11850.0,10.12500000000017,92.0,94.5,0.0,41.0,0.0,0.0,-7.06,-6.705,1.0,1.0,2.03,1.9049999999999998,-0.16,0.44500000000000006,5244.0,5633.5
11855.0,10.09999999999988,93.0,97.0,81.0,76.0,0.0,0.0,-4.26,-4.07,1.0,1.0,0.54,1.19,0.36,1.31,5720.0,6187.0
11860.0,10.100000000000108,98.0,101.0,86.0,100.0,0.0,0.0,-4.69,2.21,1.0,1.0,0.46,0.22,0.45,0.24,5855.0,6978.0
11865.0,10.100000000000136,99.5,105.5,85.5,82.5,0.0,0.0,-0.5249999999999999,3.375,1.0,1.0,0.29500000000000004,0.03,0.30500000000000005,0.37,7283.0,6743.0
11870.0,10.100000000000165,100.0,107.0,73.0,76.0,0.0,0.0,1.08,1.72,1.0,1.0,0.02,-0.2,0.2,0.66,7252.0,7123.0
11875.0,10.075000000000017,104.5,111.0,82.0,98.0,0.0,0.0,-0.25,0.17,1.0,1.0,-0.04,-0.23,0.6399999999999999,0.75,6433.5,6612.0
11880.0,10.050000000000267,109.0,115.0,92.0,94.0,0.0,0.0,-0.4,1.06,1.0,1.0,0.01,-0.21,0.71,0.87,6535.0,7028.0
11885.0,10.07500000000016,113.0,118.5,94.0,88.5,0.0,0.0,0.24,3.5650000000000004,1.0,1.0,0.06,-0.24000000000000002,0.83,0.49,6778.0,7271.0
11890.0,10.075000000000102,116.0,122.0,87.0,99.5,0.0,0.0,1.55,4.615,1.0,1.0,0.03,-0.515,0.65,0.645,7191.0,7206.0
11895.0,10.02500000000012,119.0,124.0,37.5,100.0,0.0,0.0,5.245,4.7,0.0,1.0,-0.37,-0.59,0.085,0.5,6654.5,7245.0
11900.0,10.025000000000063,122.0,125.0,97.5,100.0,0.0,0.0,5.65,5.3,2.0,2.0,-0.71,-0.7,0.745,0.41,5655.0,6625.0
11905.0,10.050000000000267,125.0,130.0,95.0,100.0,0.0,0.0,5.76,5.38,2.0,2.0,-1.03,-1.03,0.75,0.72,5847.0,5934.0
11910.0,10.025000000000176,129.0,132.0,100.0,100.0,0.0,0.0,5.17,5.21,2.0,2.0,-1.0,-1.085,0.65,0.69,5939.0,6044.5
11915.0,10.025000000000091,132.0,135.5,100.0,100.0,0.0,0.0,4.65,4.24,2.0,2.0,-0.96,-0.785,0.65,0.61,6026.0,6193.0
11920.0,10.025000000000063,135.5,138.0,99.0,100.0,0.0,0.0,4.609999999999999,4.07,2.0,2.0,-0.79,-0.85,0.615,0.69,6280.5,6342.0
11925.0,10.025000000000091,138.0,141.0,100.0,100.0,0.0,0.0,4.0,3.965,2.0,2.0,-0.94,-0.875,0.61,0.645,6326.0,6466.0
11930.0,9.999999999999972,141.0,144.0,100.0,100.0,0.0,0.0,3.32,3.37,2.0,2.0,-0.76,-0.75,0.6,0.63,6555.0,6637.0
11935.0,10.0,143.5,146.5,100.0,100.0,0.0,0.0,2.6500000000000004,2.35,2.0,2.0,-0.785,-0.775,0.5900000000000001,0.605,6608.0,6739.0
11940.0,9.999999999999972,146.0,149.0,100.0,100.0,0.0,0.0,2.04,1.97,2.0,2.0,-0.69,-0.63,0.58,0.6,6734.0,6844.0
11945.0,10.025000000000091,148.0,151.5,100.0,100.0,0.0,0.0,1.96,1.97,2.0,2.0,-0.62,-0.605,0.54,0.585,6803.0,6962.0
11950.0,10.025000000000063,150.5,154.0,100.0,100.0,0.0,0.0,1.96,1.97,2.0,2.0,-0.595,-0.57,0.595,0.59,6914.5,7048.0
11955.0,10.000000000000085,153.0,156.0,100.0,100.0,0.0,0.0,2.0,2.14,2.0,2.0,-0.57,-0.54,0.54,0.54,7006.0,7118.0
11960.0,10.000000000000085,155.5,158.5,100.0,100.0,0.0,0.0,3.0700000000000003,3.0999999999999996,2.0,2.0,-0.6,-0.605,0.53,0.45499999999999996,7129.5,7206.0
11965.0,10.00000000000017,157.5,160.0,100.0,100.0,0.0,0.0,3.845,3.7800000000000002,2.0,2.0,-0.75,-0.755,0.475,0.37,7191.5,7265.5
11970.0,10.000000000000199,158.0,161.0,100.0,100.0,0.0,0.0,3.91,3.68,3.0,2.0,-0.95,-0.9,-0.05,0.25,6663.0,7390.0
11975.0,10.000000000000256,160.0,162.0,100.0,0.0,0.0,0.0,3.63,3.63,3.0,0.0,-0.97,-0.85,0.57,-0.05,5948.0,6861.0
11980.0,10.000000000000057,162.5,163.5,100.0,100.0,0.0,0.0,3.6,3.4699999999999998,3.0,3.0,-1.045,-1.0350000000000001,0.54,0.53,6046.5,6051.5
11985.0,10.000000000000114,164.5,165.5,100.0,100.0,0.0,0.0,3.6,3.38,3.0,3.0,-0.99,-0.965,0.47,0.48,6065.0,6125.0
11990.0,9.983333333333235,166.0,167.66666666666666,100.0,100.0,0.0,0.0,3.63,3.293333333333333,3.0,3.0,-1.04,-1.0066666666666666,0.53,0.49333333333333335,6162.0,6179.333333333333
11995.0,9.999999999999972,168.0,169.0,100.0,100.0,0.0,0.0,3.6,3.2,3.0,3.0,-1.0,-0.93,0.45,0.46,6192.0,6265.0
12000.0,10.000000000000085,170.0,171.0,100.0,100.0,0.0,0.0,3.5,3.02,3.0,3.0,-0.88,-0.91,0.45,0.45,6273.0,6340.0
12005.0,9.983333333333462,171.33333333333334,172.0,100.0,100.0,0.0,0.0,3.1933333333333334,2.61,3.0,3.0,-1.0066666666666666,-0.89,0.4633333333333333,0.46,6317.333333333333,6355.0
12010.0,9.983333333333519,173.0,174.0,100.0,100.0,0.0,0.0,2.513333333333333,2.31,3.0,3.0,-0.8533333333333333,-0.81,0.45333333333333337,0.46,6401.333333333333,6431.0
12015.0,9.975000000000051,174.5,175.0,100.0,100.0,0.0,0.0,2.32,2.18,3.0,3.0,-0.8,-0.76,0.425,0.43,6446.5,6472.0
12020.0,9.991666666666788,176.0,177.33333333333334,100.0,100.0,0.0,0.0,2.32,1.98,3.0,3.0,-0.735,-0.6733333333333333,0.4,0.42333333333333334,6512.0,6560.666666666667
12025.0,9.991666666666674,177.5,178.33333333333334,100.0,100.0,0.0,0.0,2.16,1.92,3.0,3.0,-0.7,-0.6366666666666667,0.395,0.4166666666666667,6551.0,6603.666666666667
12030.0,9.99166666666676,178.5,180.0,100.0,100.0,0.0,0.0,1.76,1.9333333333333333,3.0,3.0,-0.615,-0.59,0.395,0.42333333333333334,6642.0,6672.0
12035.0,9.991666666666845,180.0,181.33333333333334,100.0,100.0,0.0,0.0,1.26,2.013333333333333,3.0,3.0,-0.535,-0.5766666666666667,0.365,0.3933333333333333,6677.0,6758.333333333333
12040.0,9.991666666666731,181.5,183.0,100.0,100.0,0.0,0.0,0.72,1.9833333333333334,3.0,3.0,-0.44999999999999996,-0.6266666666666667,0.395,0.38,6733.5,6778.0
12045.0,9.991666666666788,182.5,184.33333333333334,100.0,100.0,0.0,0.0,0.21500000000000002,1.48,3.0,3.0,-0.37,-0.6566666666666667,0.38,0.41333333333333333,6781.0,6822.0
12050.0,9.974999999999994,184.0,186.0,100.0,100.0,0.0,0.0,-0.275,0.74,3.0,3.0,-0.2,-0.53,0.365,0.39,6805.0,6859.0
12055.0,9.975000000000108,185.5,187.0,100.0,100.0,0.0,0.0,-0.125,0.62,3.0,3.0,-0.08,-0.41,0.375,0.37,6870.0,6925.0
12060.0,9.983333333333519,186.33333333333334,188.0,100.0,100.0,0.0,0.0,0.29333333333333333,0.61,3.0,3.0,-0.06666666666666667,-0.38,0.37333333333333335,0.38,6903.0,6943.0
12065.0,9.983333333333348,188.0,190.0,100.0,100.0,0.0,0.0,0.5933333333333333,0.61,3.0,3.0,-0.08666666666666667,-0.27,0.35333333333333333,0.35,6944.666666666667,7012.0
12070.0,9.983333333333405,189.33333333333334,190.0,100.0,0.0,0.0,0.0,0.73,0.63,3.0,0.0,-0.14,-0.26,0.35000000000000003,-0.09,7012.666666666667,6872.0
12075.0,9.983333333333405,190.0,190.66666666666666,100.0,78.0,0.0,0.0,0.74,0.3533333333333334,3.0,2.0,-0.19,-0.20666666666666667,0.35,0.2033333333333333,7031.0,5990.666666666667
12080.0,9.983333333333519,191.0,192.0,100.0,60.0,0.0,0.0,0.73,0.25333333333333335,3.0,4.0,-0.21,-0.15000000000000002,0.33,0.25,7069.0,5759.333333333333
12085.0,9.97500000000025,193.0,192.5,100.0,39.5,0.0,0.0,0.73,0.29000000000000004,3.0,4.0,-0.24,-0.13,0.32,0.16,7111.0,5769.0
12090.0,9.98333333333332,193.0,193.0,0.0,25.333333333333332,0.0,0.0,0.6900000000000001,0.31666666666666665,0.0,4.0,-0.23666666666666666,-0.10666666666666667,-0.25,0.10333333333333333,6777.0,5763.0
12095.0,9.983333333333405,193.66666666666666,193.0,100.0,20.0,0.0,0.0,0.63,0.49,4.0,4.0,-0.22,-0.12,0.44,0.03666666666666667,5869.666666666667,5762.0
12100.0,9.975000000000165,195.0,193.0,100.0,22.0,0.0,0.0,0.62,0.47,4.0,4.0,-0.22999999999999998,-0.14,0.345,0.05,5918.5,5774.0
12105.0,9.983333333333348,196.33333333333334,194.0,100.0,24.0,0.0,0.0,0.62,0.41,4.0,4.0,-0.23666666666666666,-0.14,0.31333333333333335,0.04,5899.333333333333,5772.0
12110.0,9.999999999999972,197.0,194.0,100.0,27.0,0.0,0.0,0.62,0.41,4.0,4.0,-0.2,-0.12,0.3,0.06,5955.0,5794.0
12115.0,9.983333333333405,198.0,194.0,100.0,35.333333333333336,0.0,0.0,0.6,0.49333333333333335,4.0,4.0,-0.21,-0.13333333333333333,0.34,0.11666666666666667,6028.0,5819.0
12120.0,9.99166666666676,199.0,194.5,100.0,41.5,0.0,0.0,0.5566666666666666,0.525,4.0,4.0,-0.25,-0.15,0.34,0.135,6005.333333333333,5814.0
12125.0,9.98333333333349,200.0,195.0,100.0,47.333333333333336,0.0,0.0,0.53,0.57,4.0,4.0,-0.22,-0.15333333333333332,0.2966666666666667,0.15666666666666668,6044.0,5841.666666666667
12130.0,10.000000000000028,201.0,196.0,100.0,57.0,0.0,0.0,0.5366666666666667,0.5733333333333333,4.0,4.0,-0.22,-0.17666666666666667,0.31,0.19333333333333333,6064.0,5865.666666666667
12135.0,9.983333333333462,202.0,196.0,100.0,62.0,0.0,0.0,0.6433333333333333,0.63,4.0,4.0,-0.20666666666666667,-0.2,0.29666666666666663,0.21,6107.0,5891.0
12140.0,10.000000000000256,203.0,197.0,100.0,68.0,0.0,0.0,0.81,1.16,4.0,4.0,-0.22,-0.28,0.28,0.22,6133.0,5929.0
12145.0,9.999999999999972,204.0,198.0,100.0,68.0,0.0,0.0,0.8366666666666667,1.5133333333333334,4.0,4.0,-0.2733333333333334,-0.36333333333333334,0.30333333333333334,0.23,6150.666666666667,5938.0
12150.0,10.008333333333411,205.0,198.66666666666666,100.0,68.0,0.0,0.0,1.335,1.48,4.0,4.0,-0.30000000000000004,-0.37333333333333335,0.28,0.23333333333333334,6196.0,5979.0
12155.0,10.000000000000199,206.0,199.33333333333334,100.0,68.33333333333333,0.0,0.0,2.2333333333333334,1.44,4.0,4.0,-0.5033333333333333,-0.5066666666666667,0.32,0.23666666666666666,6235.666666666667,5994.333333333333
12160.0,10.016666666666595,207.0,200.0,100.0,69.0,0.0,0.0,2.4,1.4566666666666666,4.0,4.0,-0.71,-0.5766666666666667,0.3,0.22,6230.0,6004.0
12165.0,10.016666666666708,207.66666666666666,201.0,100.0,69.0,0.0,0.0,2.3833333333333333,1.51,4.0,4.0,-0.77,-0.56,0.2866666666666667,0.21,6265.0,6034.0
12170.0,10.008333333333496,208.5,201.66666666666666,100.0,69.0,0.0,0.0,2.3099999999999996,1.74,4.0,4.0,-0.86,-0.6333333333333333,0.28,0.21666666666666667,6274.0,6041.333333333333
12175.0,10.01666666666668,209.33333333333334,202.0,100.0,69.0,0.0,0.0,2.0733333333333333,1.9966666666666666,4.0,4.0,-0.9033333333333333,-0.6933333333333334,0.2733333333333334,0.20333333333333334,6300.333333333333,6055.666666666667
12180.0,10.016666666666652,210.0,203.0,100.0,69.0,0.0,0.0,1.61,2.04,4.0,4.0,-0.87,-0.7266666666666667,0.26,0.19666666666666668,6315.0,6070.666666666667
12185.0,10.016666666666822,211.0,203.0,100.0,69.0,0.0,0.0,1.55,2.04,4.0,4.0,-0.7733333333333333,-0.72,0.25,0.18,6332.333333333333,6089.0
12190.0,10.03333333333336,211.33333333333334,204.0,100.0,69.0,0.0,0.0,1.55,2.04,4.0,4.0,-0.6833333333333333,-0.73,0.24666666666666667,0.19,6364.0,6112.0
12195.0,10.033333333333303,212.0,204.66666666666666,100.0,69.0,0.0,0.0,1.51,1.98,4.0,4.0,-0.67,-0.76,0.23,0.17,6383.0,6125.333333333333
12200.0,10.033333333333502,213.0,205.0,100.0,68.66666666666667,0.0,0.0,1.1566666666666667,1.5833333333333333,4.0,4.0,-0.5800000000000001,-0.64,0.22333333333333333,0.15666666666666668,6388.333333333333,6146.666666666667
12205.0,10.050000000000011,213.33333333333334,205.33333333333334,100.0,66.33333333333333,0.0,0.0,0.7333333333333334,1.1333333333333333,4.0,4.0,-0.49666666666666665,-0.6466666666666667,0.21666666666666667,0.16666666666666666,6453.333333333333,6156.0
12210.0,10.049999999999983,214.0,206.0,100.0,56.0,0.0,0.0,0.46,0.53,4.0,4.0,-0.44,-0.48,0.22,0.12,6432.0,6152.0
12215.0,10.033333333333417,215.0,206.0,100.0,47.333333333333336,0.0,0.0,-0.7,-0.43666666666666665,4.0,4.0,-0.13,-0.25,0.19,0.08333333333333333,6463.0,6156.333333333333
12220.0,10.033333333333417,215.66666666666666,206.0,100.0,37.333333333333336,0.0,0.0,-1.22,-1.31,4.0,4.0,0.03666666666666667,0.020000000000000004,0.19333333333333333,0.03666666666666667,6475.666666666667,6158.0
12225.0,10.050000000000097,216.0,206.0,100.0,32.0,0.0,0.0,-2.98,-2.3,4.0,4.0,0.3766666666666667,0.37,0.18333333333333332,0.003333333333333334,6523.666666666667,6167.333333333333
12230.0,10.050000000000097,217.0,206.0,100.0,33.0,0.0,0.0,-4.95,-2.7,4.0,4.0,0.83,0.57,0.19,0.01,6559.0,6180.0
12235.0,10.050000000000068,217.0,206.0,100.0,31.333333333333332,0.0,0.0,-5.41,-2.9566666666666666,4.0,4.0,1.2666666666666668,0.8366666666666667,0.16333333333333333,0.0,6552.0,6163.333333333333
12240.0,10.050000000000097,217.33333333333334,206.0,100.0,28.666666666666668,0.0,0.0,-5.109999999999999,-3.1533333333333333,4.0,4.0,1.54,0.9533333333333334,0.15666666666666668,-0.013333333333333332,6552.0,6155.333333333333
12245.0,10.066666666666777,218.0,206.0,100.0,21.333333333333332,0.0,0.0,-4.57,-4.343333333333333,4.0,4.0,1.48,1.1300000000000001,0.15,-0.07666666666666667,6569.0,6141.0
12250.0,10.06666666666672,218.0,206.0,100.0,17.0,0.0,0.0,-4.613333333333333,-5.66,4.0,4.0,1.3533333333333333,1.35,0.14333333333333334,-0.13,6583.666666666667,6120.0
12255.0,10.083333333333314,218.0,205.0,100.0,14.0,0.0,0.0,-4.95,-7.593333333333334,4.0,4.0,1.01,1.0433333333333334,0.11,-0.15,6597.0,6124.0
12260.0,10.091666666666839,219.0,204.5,98.66666666666667,10.5,0.0,0.0,-5.96,-9.055,4.0,4.0,1.1566666666666667,1.4500000000000002,0.27666666666666667,-0.175,6709.666666666667,6082.0
12265.0,10.099999999999994,219.0,203.66666666666666,85.66666666666667,9.333333333333334,0.0,0.0,-7.203333333333333,-10.08,4.0,4.0,1.2233333333333334,1.3733333333333333,0.11000000000000001,-0.19,6619.333333333333,6056.0
12270.0,10.099999999999994,219.0,203.0,73.0,8.0,0.0,0.0,-8.64,-10.86,4.0,4.0,1.61,1.74,0.09,-0.21,6650.0,6021.0
12275.0,10.116666666666845,219.0,202.0,72.33333333333333,7.0,0.0,0.0,-9.559999999999999,-11.16,4.0,4.0,1.96,2.08,0.04,-0.23,6588.333333333333,5987.0
12280.0,10.116666666666646,219.0,201.0,67.66666666666667,6.333333333333333,0.0,0.0,-9.84,-11.17,4.0,4.0,2.1166666666666667,2.0766666666666667,0.02,-0.24333333333333335,6591.666666666667,5953.333333333333
12285.0,10.116666666666674,219.0,199.66666666666666,66.0,6.0,0.0,0.0,-9.84,-11.17,4.0,4.0,2.24,2.2566666666666664,0.02,-0.25,6576.0,5913.0
12290.0,10.133333333333496,218.33333333333334,198.66666666666666,66.0,6.0,0.0,0.0,-9.826666666666666,-11.17,4.0,4.0,2.5833333333333335,2.3266666666666667,0.026666666666666665,-0.26,6577.0,5881.0
12295.0,10.133333333333326,218.0,197.0,68.66666666666667,6.0,0.0,0.0,-9.549999999999999,-11.04,4.0,4.0,2.2933333333333334,2.32,0.016666666666666666,-0.26,6570.333333333333,5836.0
12300.0,10.150000000000006,218.0,196.0,76.0,6.0,0.0,0.0,-8.37,-10.51,4.0,4.0,2.18,1.95,0.05,-0.25,6585.0,5800.0
12305.0,10.150000000000148,217.33333333333334,195.0,83.66666666666667,8.0,0.0,0.0,-6.930000000000001,-9.14,4.0,4.0,1.7466666666666666,1.6033333333333333,0.07,-0.20666666666666667,6630.0,5775.0
12310.0,10.166666666666657,217.33333333333334,194.0,90.66666666666667,19.666666666666664,0.0,0.0,-5.206666666666667,-7.076666666666666,4.0,4.0,1.6033333333333333,1.6333333333333333,0.11,-0.14,6663.333333333333,5768.333333333333
12315.0,10.175000000000011,218.0,193.0,96.0,39.0,0.0,0.0,-3.92,-4.779999999999999,4.0,4.0,1.33,1.335,0.15,-0.055,6699.0,5787.0
12320.0,10.18333333333348,218.0,193.0,99.0,47.666666666666664,0.0,0.0,-2.9566666666666666,-3.456666666666667,4.0,4.0,1.1300000000000001,1.1933333333333334,0.15,-0.02,6759.333333333333,5777.666666666667
12325.0,10.200000000000017,218.0,193.0,100.0,59.333333333333336,0.0,0.0,-2.67,-1.9866666666666668,4.0,4.0,1.1766666666666665,1.05,0.20333333333333334,0.05666666666666667,6761.666666666667,5779.0
12330.0,10.200000000000017,219.0,193.0,100.0,63.0,0.0,0.0,-2.45,-1.41,4.0,4.0,1.46,0.92,0.21,0.06,6680.0,5776.0
12335.0,10.21666666666681,219.0,193.0,100.0,68.0,0.0,0.0,-1.7600000000000002,-1.65,4.0,4.0,1.2633333333333332,0.61,0.19,0.09,6639.666666666667,5790.0
12340.0,10.233333333333348,219.33333333333334,193.0,100.0,75.0,0.0,0.0,-1.7899999999999998,-2.64,4.0,4.0,0.65,0.5,0.14666666666666667,0.13,6696.666666666667,5857.0
12345.0,10.23333333333332,220.0,194.0,100.0,77.66666666666667,0.0,0.0,-2.48,-2.4966666666666666,4.0,4.0,0.79,0.6699999999999999,0.2,0.18666666666666668,6840.0,5848.0
12350.0,10.250000000000142,220.66666666666666,194.66666666666666,100.0,80.66666666666667,0.0,0.0,-2.9066666666666667,-1.3933333333333333,4.0,4.0,1.11,0.6366666666666667,0.18333333333333335,0.21666666666666667,6645.333333333333,5858.333333333333
12355.0,10.250000000000028,221.0,195.0,100.0,83.33333333333333,0.0,0.0,-2.6133333333333333,-1.0033333333333334,4.0,4.0,1.0233333333333334,0.53,0.19333333333333333,0.24,6663.666666666667,5875.666666666667
12360.0,10.279166666666697,221.75,196.0,100.0,86.33333333333333,0.0,0.0,-2.5075,-0.8033333333333333,4.0,4.0,0.9775,0.44666666666666666,0.2075,0.25333333333333335,6687.75,5915.333333333333
12365.0,10.28333333333353,222.0,197.0,100.0,87.0,0.0,0.0,-2.703333333333333,-0.38,4.0,4.0,1.0066666666666666,0.34,0.18666666666666668,0.25,6694.666666666667,5925.0
12370.0,10.299999999999926,223.0,198.0,100.0,87.0,0.0,0.0,-3.35,-0.47,4.0,4.0,1.17,0.31,0.19,0.24,6700.0,5945.0
12375.0,10.30000000000004,223.0,198.66666666666666,100.0,87.0,0.0,0.0,-2.853333333333333,-0.96,4.0,4.0,1.1,0.28,0.17666666666666667,0.22,6719.333333333333,5964.0
12380.0,10.316666666666862,223.33333333333334,199.0,100.0,87.0,0.0,0.0,-1.9933333333333332,-2.216666666666667,4.0,4.0,1.0466666666666666,0.44666666666666666,0.16666666666666666,0.25333333333333335,6733.666666666667,5994.0
12385.0,10.316666666666578,224.0,200.0,100.0,87.0,0.0,0.0,-1.62,-2.9333333333333336,4.0,4.0,1.01,0.6966666666666667,0.18,0.21666666666666667,6742.0,6016.333333333333
12390.0,10.3333333333334,224.66666666666666,201.0,100.0,87.0,0.0,0.0,-1.63,-2.9166666666666665,4.0,4.0,0.9233333333333333,0.8133333333333334,0.17333333333333334,0.21,6750.333333333333,6033.0
12395.0,10.350000000000279,225.0,201.0,100.0,86.0,0.0,0.0,-1.67,-2.85,4.0,4.0,0.81,0.83,0.16,0.21,6769.0,6060.0
12400.0,10.349999999999966,225.66666666666666,202.0,100.0,79.66666666666667,0.0,0.0,-2.5633333333333335,-3.006666666666667,4.0,4.0,0.8366666666666667,0.8833333333333333,0.17333333333333334,0.18333333333333332,6788.0,6077.666666666667
12405.0,10.36666666666676,226.0,202.0,100.0,65.66666666666667,0.0,0.0,-3.4899999999999998,-3.29,4.0,4.0,1.0066666666666666,1.0833333333333335,0.16,0.15333333333333335,6800.0,6076.0
12410.0,10.366666666666958,226.0,203.0,100.0,61.0,0.0,0.0,-3.6,-2.7566666666666664,4.0,4.0,1.32,1.1833333333333333,0.14,0.12333333333333334,6802.0,6072.333333333333
12415.0,10.366666666666617,227.0,203.0,100.0,60.0,0.0,0.0,-3.256666666666667,-2.15,4.0,4.0,1.32,0.99,0.14,0.12,6793.666666666667,6071.0
12420.0,10.400000000000176,227.0,203.0,100.0,60.0,0.0,0.0,-2.72,-2.61,4.0,4.0,1.09,0.92,0.11,0.12,6847.0,6100.0
12425.0,10.400000000000176,227.0,204.0,100.0,56.0,0.0,0.0,-2.5,-2.95,4.0,4.0,1.2133333333333334,0.92,0.14666666666666667,0.08333333333333333,6835.666666666667,6096.666666666667
12430.0,10.400000000000006,228.0,204.0,76.0,36.333333333333336,0.0,0.0,-2.69,-2.63,4.0,4.0,0.9933333333333333,0.81,0.04000000000000001,0.02666666666666667,6832.666666666667,6095.0
12435.0,10.416666666666856,227.0,203.0,33.0,0.0,5.0,0.0,-3.31,-2.5633333333333335,4.0,4.0,1.13,0.9533333333333333,-0.07,-0.24666666666666667,6821.0,5993.333333333333
12440.0,10.425000000000153,226.0,202.0,0.0,0.0,26.0,23.0,-3.55,-3.25,4.0,4.0,1.3599999999999999,1.0,-0.74,-0.6,6623.0,5960.0
12445.0,10.433333333333394,223.0,199.66666666666666,0.0,46.0,35.0,46.0,-3.58,-3.8866666666666667,4.0,4.0,1.25,1.02,-0.92,-0.9466666666666667,6543.0,6642.0
12450.0,10.450000000000074,220.66666666666666,196.33333333333334,0.0,0.0,37.0,49.0,-3.89,-3.5566666666666666,4.0,3.0,1.46,1.2633333333333334,-1.0333333333333334,-1.19,6444.666666666667,6991.333333333333
12455.0,10.458333333333428,217.33333333333334,191.5,0.0,0.0,37.0,53.0,-4.303333333333333,-2.37,4.0,3.0,1.6066666666666667,1.01,-1.06,-1.2,6369.666666666667,6826.0
12460.0,10.47500000000008,214.0,187.0,0.0,0.0,37.0,56.0,-4.3,-2.555,4.0,3.0,1.27,0.905,-0.99,-1.295,6199.0,6603.5
12465.0,10.49166666666676,211.33333333333334,182.5,0.0,0.0,37.0,52.5,-4.306666666666667,-3.5549999999999997,4.0,3.0,1.2866666666666666,0.96,-1.1099999999999999,-1.31,6147.0,6472.0
12470.0,10.491666666666816,207.33333333333334,178.5,0.0,0.0,30.0,43.0,-4.37,-5.215,4.0,3.0,1.3466666666666667,1.025,-0.91,-1.12,6041.0,6319.0
12475.0,10.508333333333354,204.66666666666666,174.0,0.0,0.0,24.333333333333332,34.0,-4.37,-6.765000000000001,4.0,3.0,1.4766666666666666,1.2149999999999999,-0.8266666666666667,-0.905,5978.0,6228.5
12480.0,10.525000000000176,202.0,171.5,69.0,0.0,19.0,24.5,-4.37,-7.67,0.0,3.0,1.37,1.3250000000000002,-0.61,-0.7649999999999999,6373.0,6127.5
12485.0,10.533333333333587,200.0,169.33333333333334,0.0,0.0,18.0,5.333333333333334,-5.64,-9.333333333333334,3.0,3.0,1.45,1.66,-0.68,-0.44666666666666666,7143.0,6074.0
12490.0,10.566666666666663,198.33333333333334,167.0,0.0,0.0,22.666666666666668,0.0,-6.93,-11.02,3.0,3.0,1.5133333333333334,1.5,-0.7633333333333333,-0.31,7096.666666666667,6032.0
12495.0,10.575000000000074,195.0,166.0,0.0,0.0,30.0,0.0,-8.145,-11.9,3.0,3.0,1.505,1.8,-0.875,-0.33,6936.5,5971.0
12500.0,10.575000000000188,191.0,165.0,0.0,19.0,36.5,0.0,-9.04,-10.12,3.0,3.0,1.65,1.72,-0.985,-0.17,6779.5,5999.0
12505.0,10.60833333333332,187.33333333333334,164.0,0.0,30.5,28.666666666666668,0.0,-9.523333333333333,-9.120000000000001,3.0,3.0,1.7833333333333334,1.78,-0.9066666666666667,-0.08,6554.333333333333,6002.5
12510.0,10.608333333333434,184.66666666666666,163.5,0.0,35.5,7.333333333333334,0.0,-10.233333333333334,-11.065,3.0,3.0,2.0566666666666666,1.745,-0.56,-0.065,6586.666666666667,5974.0
12515.0,10.633333333333326,182.66666666666666,163.0,0.0,46.0,0.0,0.0,-11.016666666666666,-12.95,3.0,3.0,2.103333333333333,1.98,-0.36666666666666664,-0.01,6541.0,5974.0
12520.0,10.63333333333344,180.66666666666666,162.0,0.0,54.0,0.0,0.0,-11.73,-12.15,3.0,3.0,2.3033333333333337,2.03,-0.37666666666666665,-0.02,6469.0,5975.0
12525.0,10.650000000000205,178.66666666666666,162.0,0.0,54.333333333333336,0.0,0.0,-12.726666666666667,-9.876666666666667,3.0,3.0,2.543333333333333,2.11,-0.38666666666666666,0.016666666666666666,6399.333333333333,5967.333333333333
12530.0,10.658333333333331,176.66666666666666,162.0,3.0,55.0,0.0,0.0,-12.986666666666666,-9.855,3.0,3.0,2.2966666666666664,1.8599999999999999,-0.3433333333333333,0.055,6339.333333333333,5967.0
12535.0,10.658333333333474,174.5,162.0,14.5,57.666666666666664,0.0,0.0,-12.985,-10.23,3.0,3.0,2.2,2.1233333333333335,-0.25,0.07666666666666667,6348.5,5981.0
12540.0,10.674999999999983,173.5,162.0,14.0,65.0,0.0,0.0,-13.405000000000001,-8.44,3.0,3.0,2.5999999999999996,1.89,-0.265,0.11,6291.5,5982.0
12545.0,10.675000000000097,172.0,162.0,3.0,69.0,0.0,0.0,-13.18,-6.84,3.0,3.0,1.62,1.85,-0.29500000000000004,0.17,6194.0,6015.0
12550.0,10.691666666666805,170.0,163.0,0.0,75.0,0.0,0.0,-11.376666666666667,-4.215,3.0,3.0,2.3533333333333335,1.6600000000000001,-0.39333333333333337,0.25,6100.666666666667,6043.5
12555.0,10.675000000000182,168.0,163.5,0.0,75.0,0.0,0.0,-7.53,-2.6900000000000004,3.0,3.0,1.53,1.305,-0.34,0.22999999999999998,6033.0,6071.0
12560.0,10.700000000000244,166.0,165.0,0.0,56.0,0.0,0.0,-4.61,0.22,3.0,3.0,1.69,0.91,-0.33,0.21,5974.0,6071.0
12565.0,10.699999999999903,165.0,164.0,0.0,0.0,0.0,0.0,-2.59,4.69,3.0,3.0,1.39,0.03,-0.32,-0.35,5931.0,5901.0
12570.0,10.691666666666805,162.5,163.0,0.0,0.0,18.5,0.0,-1.3599999999999999,6.636666666666667,3.0,3.0,1.15,-0.7733333333333333,-0.62,-0.33333333333333337,5766.5,5900.0
12575.0,10.700000000000045,160.5,161.5,0.0,0.0,18.0,0.0,0.05499999999999999,6.79,3.0,3.0,0.8049999999999999,-0.98,-0.615,-0.32,5747.5,5832.0
12580.0,10.683333333333394,157.0,160.33333333333334,0.0,0.0,18.0,0.0,2.56,5.693333333333333,3.0,3.0,-0.01,-1.13,-0.61,-0.32333333333333336,5655.0,5787.333333333333
12585.0,10.683333333333366,154.66666666666666,159.0,0.0,0.0,18.0,0.0,5.29,4.73,3.0,3.0,-0.5966666666666667,-1.11,-0.62,-0.31,5575.666666666667,5727.0
12590.0,10.691666666666777,152.5,158.0,0.0,6.0,13.0,0.0,8.03,4.88,3.0,3.0,-1.1400000000000001,-1.1033333333333333,-0.56,-0.23666666666666666,5486.5,5708.333333333333
12595.0,10.675000000000068,150.0,157.0,0.0,17.0,1.0,0.0,10.66,5.21,3.0,3.0,-1.45,-1.045,-0.36,-0.10500000000000001,5424.0,5724.0
12600.0,10.675000000000125,148.5,157.0,0.0,8.0,0.0,0.0,14.515,6.53,3.0,3.0,-0.785,-1.17,-0.32999999999999996,-0.15,5304.0,5681.0
12605.0,10.650000000000091,147.0,155.0,0.0,0.0,0.0,39.0,18.87,7.16,3.0,3.0,-1.11,-1.35,-0.33,-0.71,5182.0,5571.0
12610.0,10.650000000000091,145.5,149.5,10.0,0.0,0.0,99.5,17.785,5.955,3.0,3.0,-2.2350000000000003,-0.99,-0.29500000000000004,-1.775,5270.0,4999.0
12615.0,10.650000000000091,144.0,140.0,25.0,0.0,0.0,100.0,15.6,3.09,3.0,3.0,-1.66,-1.11,-0.18,-1.9,5282.0,4655.0
12620.0,10.675000000000125,143.0,131.0,32.0,0.0,0.0,100.0,15.21,2.99,3.0,3.0,-1.995,-0.7,-0.125,-1.84,5260.5,4295.0
12625.0,10.675000000000068,142.0,122.5,33.0,23.0,0.0,89.5,14.46,6.46,3.0,0.0,-1.65,-0.6399999999999999,-0.1,-1.705,5209.0,5022.0
12630.0,10.725000000000136,141.0,114.0,44.0,0.0,0.0,44.0,12.265,10.58,3.0,2.0,-1.7349999999999999,-0.96,-0.05,-0.98,5218.0,4896.0
12635.0,10.750000000000114,140.0,109.0,65.0,0.0,0.0,33.0,8.67,12.23,3.0,2.0,-1.46,-1.09,0.02,-0.75,5225.0,4523.0
12640.0,10.800000000000068,140.0,104.5,78.5,0.0,0.0,4.5,5.475,13.015,3.0,2.0,-1.085,-1.245,0.10500000000000001,-0.355,5317.0,4538.5
12645.0,10.850000000000136,140.0,102.0,85.0,0.0,0.0,0.0,3.57,11.26,3.0,2.0,-1.08,-1.37,0.2,-0.25,5369.0,4502.0
12650.0,10.875,141.0,102.0,80.0,47.0,0.0,0.0,4.41,5.13,3.0,2.0,-1.12,-1.385,0.18,0.12000000000000001,5395.0,4662.5
12655.0,10.925000000000011,142.0,102.0,55.0,88.0,0.0,0.0,6.135,2.62,3.0,2.0,-1.555,-0.82,0.23,0.25,5316.0,4653.0
12660.0,10.975000000000023,143.0,104.5,56.0,99.0,0.0,0.0,6.21,0.455,3.0,2.0,-1.6,-0.25,0.24,0.46499999999999997,5296.0,4765.5
12665.0,11.025000000000034,144.0,107.0,70.0,95.0,0.0,0.0,5.0,0.98,3.0,2.0,-0.705,-0.06,0.18,0.56,5525.5,5033.0
12670.0,11.050000000000011,145.0,110.0,94.0,93.0,0.0,0.0,1.89,0.76,3.0,2.0,-0.99,-0.06,0.62,0.38,5612.0,5177.0
12675.0,11.100000000000023,147.0,113.5,100.0,95.5,0.0,0.0,0.30000000000000004,0.38,3.0,2.0,-0.71,0.0,0.41000000000000003,0.48,5520.5,5375.0
12680.0,11.125,149.0,116.5,100.0,97.0,0.0,0.0,0.19,1.6549999999999998,3.0,2.0,-0.43,-0.07,0.45,0.515,5536.0,5426.0
12685.0,11.175000000000068,150.0,119.5,100.0,94.0,0.0,0.0,0.15,2.135,3.0,2.0,-0.12,-0.16999999999999998,0.25,0.6000000000000001,5761.0,5613.5
12690.0,11.20000000000016,152.5,122.5,100.0,97.5,0.0,0.0,0.985,1.55,3.0,2.0,-0.095,-0.22,0.405,0.53,5726.5,5757.0
12695.0,11.225000000000136,154.0,125.5,100.0,96.0,0.0,0.0,1.96,0.245,3.0,2.0,-0.21,-0.105,0.45,0.505,5709.0,5895.0
12700.0,11.258333333333468,156.33333333333334,128.5,100.0,89.0,0.0,0.0,2.1733333333333333,0.7050000000000001,3.0,2.0,-0.21333333333333335,0.015,0.5333333333333333,0.6200000000000001,5861.666666666667,5940.0
12705.0,11.275000000000205,157.0,130.0,64.0,80.0,0.0,0.0,2.24,1.25,3.0,2.0,-0.195,0.05,-0.034999999999999996,0.74,6304.0,6337.0
12710.0,11.300000000000182,157.0,133.0,0.0,36.0,6.0,0.0,3.53,4.72,3.0,2.0,-0.34,-0.23,-0.29,0.31,5755.0,6079.0
12715.0,11.325000000000273,156.0,132.5,0.0,0.0,41.0,0.0,4.76,6.66,3.0,2.0,-0.7,-0.72,-0.74,-0.22499999999999998,5531.0,5875.5
12720.0,11.350000000000023,152.0,131.5,0.0,0.0,37.5,0.0,6.245,7.970000000000001,2.0,2.0,-0.88,-1.21,-0.79,-0.25,6592.0,5783.5
12725.0,11.350000000000307,149.0,130.0,0.0,0.0,23.0,0.0,7.83,10.24,2.0,2.0,-1.11,-1.0,-0.53,-0.19,6535.0,5754.0
12730.0,11.375000000000057,146.5,129.0,0.0,0.0,13.5,0.0,9.495000000000001,11.43,2.0,2.0,-1.35,-1.42,-0.53,-0.21,6315.0,5702.0
12735.0,11.375000000000341,144.0,128.0,0.0,0.0,0.0,0.0,10.2,9.305,2.0,2.0,-1.28,-1.1099999999999999,-0.21,-0.175,6356.0,5646.0
12740.0,11.400000000000091,143.0,127.0,0.0,8.0,0.0,0.0,11.58,9.52,2.0,2.0,-1.415,-1.3,-0.225,-0.08499999999999999,6292.5,5658.0
12745.0,11.425000000000296,142.0,127.0,0.0,30.5,0.0,0.0,12.76,9.985,2.0,2.0,-1.54,-1.165,-0.22,0.125,6252.0,5722.0
12750.0,11.425000000000068,141.0,128.0,0.0,36.0,0.0,0.0,14.29,11.23,2.0,2.0,-1.315,-1.23,-0.19,0.07,6208.5,5776.0
12755.0,11.450000000000273,140.0,128.0,0.0,40.0,0.0,0.0,16.85,13.55,2.0,2.0,-1.64,-1.47,-0.21,0.21,6153.0,5819.0
12760.0,11.47500000000008,138.5,129.0,0.0,45.0,0.0,0.0,19.310000000000002,14.79,2.0,2.0,-1.9449999999999998,-1.8,-0.235,0.22,6103.5,5863.0
12765.0,11.45000000000016,136.5,130.0,10.0,49.5,0.0,0.0,22.035,14.344999999999999,2.0,2.0,-2.0,-1.74,-0.15000000000000002,0.22999999999999998,6096.5,5946.0
12770.0,11.47500000000025,136.0,131.5,60.0,55.0,0.0,0.0,22.04,12.925,2.0,2.0,-2.05,-1.81,0.08,0.345,6181.0,6035.5
12775.0,11.475000000000193,136.0,132.0,77.0,60.0,0.0,0.0,20.535,13.48,2.0,2.0,-2.2,-1.79,0.22,0.31,6211.0,6073.0
12780.0,11.475000000000136,136.0,134.0,75.5,59.0,0.0,0.0,18.82,15.0,2.0,2.0,-1.9899999999999998,-1.8,0.2,0.37,6294.0,6258.0
12785.0,11.475000000000136,137.0,135.0,78.0,61.5,0.0,0.0,17.83,15.08,2.0,2.0,-2.07,-2.0300000000000002,0.29,0.33499999999999996,6298.0,6267.0
12790.0,11.475000000000136,138.0,137.0,76.5,66.0,0.0,0.0,16.75,15.08,2.0,2.0,-1.92,-1.77,0.355,0.38,6399.5,6310.0
12795.0,11.500000000000114,139.0,138.0,77.0,68.0,0.0,0.0,15.53,14.47,2.0,2.0,-2.03,-2.07,0.39,0.39,6461.0,6365.0
12800.0,11.475000000000023,140.0,139.5,77.0,69.5,0.0,0.0,14.13,13.325,2.0,2.0,-2.12,-2.08,0.41,0.39,6525.0,6435.0
12805.0,11.475000000000023,141.5,140.0,77.0,75.0,0.0,0.0,12.61,11.93,2.0,2.0,-2.135,-2.08,0.425,0.42,6570.0,6494.0
12810.0,11.475000000000023,143.0,142.0,77.0,77.0,0.0,0.0,11.18,10.265,2.0,2.0,-1.85,-1.895,0.37,0.435,6664.0,6599.5
12815.0,11.475000000000023,144.0,143.0,76.0,81.0,0.0,0.0,9.265,8.35,2.0,2.0,-2.1550000000000002,-2.15,0.4,0.47,6679.0,6613.0
12820.0,11.475000000000023,145.0,145.0,81.0,84.0,0.0,0.0,6.67,5.925000000000001,2.0,2.0,-1.49,-1.48,0.36,0.405,6809.0,6773.5
12825.0,11.475000000000023,147.0,147.0,88.5,90.0,0.0,0.0,3.825,3.8,2.0,2.0,-1.5699999999999998,-1.4,0.45999999999999996,0.4,6883.5,6854.0
12830.0,11.475000000000023,149.0,147.0,89.0,50.0,0.0,0.0,1.07,2.065,2.0,0.0,-1.28,-1.325,0.56,-0.03,7010.0,6655.5
12835.0,11.500000000000114,150.0,149.0,90.0,86.0,0.0,0.0,0.73,1.03,2.0,3.0,-0.9,-0.82,0.38,0.35,7147.0,5911.0
12840.0,11.491666666666788,150.5,150.33333333333334,90.5,93.0,0.0,0.0,0.62,0.11333333333333331,2.0,3.0,-1.38,-1.2933333333333334,0.44,0.5766666666666667,7292.0,5779.0
12845.0,11.475000000000136,153.0,152.5,100.0,98.0,0.0,0.0,0.39,-0.625,2.0,3.0,-1.12,-0.9,0.51,0.455,7052.0,5815.0
12850.0,11.475000000000136,154.5,155.0,100.0,100.0,0.0,0.0,0.03,-1.49,2.0,3.0,-0.87,-0.68,0.5449999999999999,0.5,7134.0,5772.0
12855.0,11.491666666666845,156.0,157.33333333333334,50.0,99.0,0.0,0.0,-0.92,-2.9033333333333333,2.0,3.0,-0.49,-0.08666666666666668,0.195,0.5366666666666667,6978.5,5842.666666666667
12860.0,11.47500000000025,158.0,159.0,100.0,98.5,0.0,0.0,-2.51,-3.505,3.0,3.0,0.03,0.32,0.45,0.5,5907.0,5931.0
12865.0,11.500000000000284,160.0,161.0,100.0,98.0,0.0,0.0,-3.41,-3.94,3.0,3.0,0.42,0.67,0.52,0.49,5934.0,5983.0
12870.0,11.47500000000008,161.5,163.0,100.0,98.0,0.0,0.0,-3.93,-4.29,3.0,3.0,0.7,0.81,0.505,0.5,6016.5,6047.0
12875.0,11.48333333333349,163.66666666666666,165.0,100.0,97.0,0.0,0.0,-4.15,-4.596666666666667,3.0,3.0,0.68,0.7866666666666666,0.47000000000000003,0.47,6127.333333333333,6176.0
12880.0,11.474999999999909,165.0,166.5,100.0,97.0,0.0,0.0,-4.69,-4.515000000000001,3.0,3.0,0.91,1.08,0.5,0.49,6216.0,6208.5
12885.0,11.475000000000023,167.0,168.5,100.0,97.0,0.0,0.0,-4.37,-4.305,3.0,3.0,1.1,1.045,0.47,0.46499999999999997,6248.0,6254.0
12890.0,11.483333333333462,169.0,169.66666666666666,100.0,97.0,0.0,0.0,-3.49,-3.87,3.0,3.0,0.84,0.8433333333333333,0.43,0.4433333333333333,6305.0,6404.333333333333
12895.0,11.48333333333349,171.0,172.0,100.0,98.0,0.0,0.0,-3.05,-2.67,3.0,3.0,0.9466666666666667,0.91,0.53,0.43,6382.0,6414.0
12900.0,11.475000000000193,172.5,174.0,100.0,97.0,0.0,0.0,-3.07,-2.91,3.0,3.0,0.935,1.09,0.45,0.55,6504.5,6462.0
12905.0,11.47500000000008,174.0,175.0,100.0,95.0,0.0,0.0,-3.24,-4.03,3.0,3.0,0.73,0.39,0.43999999999999995,0.39,6465.0,6537.0
12910.0,11.475000000000136,175.0,176.0,100.0,67.0,0.0,0.0,-4.359999999999999,-4.58,3.0,3.0,0.23500000000000001,0.76,-0.035,0.48,7239.5,7120.0
12915.0,11.466666666666669,176.33333333333334,177.0,96.66666666666667,79.0,0.0,0.0,-3.586666666666667,-2.87,3.0,3.0,1.1466666666666667,1.11,0.5566666666666666,0.38,6669.333333333333,6591.0
12920.0,11.466666666666782,177.66666666666666,179.0,100.0,81.0,0.0,0.0,-2.5300000000000002,-1.59,3.0,3.0,0.78,0.69,0.4333333333333333,0.33,6673.333333333333,6691.0
12925.0,11.466666666666839,179.0,180.0,100.0,84.0,0.0,0.0,-2.43,-1.25,3.0,3.0,0.8466666666666667,0.96,0.48333333333333334,0.41,6886.0,6720.0
12930.0,11.466666666666782,181.0,182.0,100.0,85.0,0.0,0.0,-2.06,-0.42,3.0,3.0,1.21,0.68,0.5,0.41,6763.0,6710.0
12935.0,11.466666666666839,182.66666666666666,183.0,100.0,84.0,0.0,0.0,-1.2966666666666666,0.22,3.0,3.0,0.9966666666666667,0.48,0.47333333333333333,0.45,6820.333333333333,6771.0
12940.0,11.466666666666669,184.0,185.0,100.0,68.0,0.0,0.0,-0.61,1.63,3.0,3.0,0.9966666666666667,0.1,0.47,0.38,6817.666666666667,6754.0
12945.0,11.466666666666782,185.66666666666666,186.0,100.0,44.0,0.0,0.0,0.64,1.69,3.0,3.0,0.5166666666666666,-0.19,0.45,0.25,6848.0,6794.0
12950.0,11.475000000000193,187.5,186.0,100.0,22.0,0.0,0.0,1.225,1.24,3.0,3.0,0.135,-0.31,0.46499999999999997,0.15,6917.5,6778.0
12955.0,11.47500000000008,188.5,187.0,100.0,12.0,0.0,0.0,1.26,1.24,3.0,3.0,-0.13,-0.36,0.44,0.05,6958.5,6774.0
12960.0,11.466666666666782,190.33333333333334,187.0,100.0,8.0,0.0,0.0,1.26,1.3133333333333335,3.0,3.0,-0.27,-0.35,0.43333333333333335,3.469446951953614e-18,7010.333333333333,6770.666666666667
12965.0,11.466666666666725,191.33333333333334,187.0,100.0,6.0,0.0,0.0,1.3,2.086666666666667,3.0,3.0,-0.32,-0.39333333333333337,0.39999999999999997,-0.02,7085.666666666667,6765.0
12970.0,11.483333333333576,193.0,187.0,100.0,7.666666666666667,0.0,0.0,1.86,2.67,3.0,3.0,-0.39,-0.5466666666666666,0.38,-0.02,7135.0,6763.666666666667
12975.0,11.47500000000025,194.0,187.0,100.0,8.0,0.0,0.0,2.63,2.3899999999999997,3.0,3.0,-0.52,-0.595,0.36,-0.019999999999999997,7169.0,6760.5
12980.0,11.474999999999909,195.0,186.0,100.0,7.5,0.0,0.0,2.71,1.575,3.0,3.0,-0.67,-0.615,0.36,-0.01,7214.0,6754.5
12985.0,11.49166666666676,195.66666666666666,186.0,66.66666666666666,9.0,0.0,0.0,2.31,1.295,0.0,3.0,-0.6766666666666666,-0.54,0.37333333333333324,-0.01,6429.0,6752.5
12990.0,11.491666666666845,196.5,186.0,100.0,9.0,0.0,0.0,1.735,1.3533333333333335,4.0,3.0,-0.77,-0.49,0.37,-0.013333333333333332,5976.0,6749.0
12995.0,11.500000000000028,198.33333333333334,186.0,100.0,11.0,0.0,0.0,1.6066666666666667,1.2366666666666666,4.0,3.0,-0.68,-0.4033333333333333,0.38666666666666666,-0.013333333333333334,5985.333333333333,6750.333333333333
13000.0,11.516666666666652,199.0,186.0,100.0,20.333333333333332,0.0,0.0,1.76,1.2733333333333334,4.0,3.0,-0.61,-0.4033333333333333,0.36,0.019999999999999997,6035.0,6761.0
13005.0,11.516666666666765,200.0,186.0,100.0,29.333333333333332,0.0,0.0,2.17,1.8966666666666667,4.0,3.0,-0.68,-0.42333333333333334,0.38,0.043333333333333335,6045.0,6773.666666666667
13010.0,11.516666666666794,201.66666666666666,187.0,100.0,29.0,0.0,0.0,2.8600000000000003,2.45,4.0,3.0,-0.6933333333333334,-0.47,0.3466666666666667,0.04,6091.0,6781.0
13015.0,11.51666666666685,202.66666666666666,187.0,100.0,29.0,0.0,0.0,4.016666666666667,2.92,4.0,3.0,-0.87,-0.64,0.35000000000000003,0.05,6137.333333333333,6787.0
13020.0,11.533333333333388,204.0,187.0,98.0,29.0,0.0,0.0,4.98,3.24,4.0,3.0,-1.0266666666666666,-0.72,0.35000000000000003,0.05,6170.0,6797.0
13025.0,11.550000000000182,205.0,187.0,78.0,29.0,0.0,0.0,5.73,3.84,4.0,3.0,-1.13,-0.81,0.27,0.05,6182.0,6806.0
13030.0,11.550000000000296,205.0,187.0,56.0,32.0,0.0,0.0,6.08,3.96,4.0,3.0,-1.3,-0.91,0.19,0.05,6171.0,6818.0
13035.0,11.566666666666691,206.0,187.0,56.333333333333336,36.0,0.0,0.0,6.1066666666666665,3.45,4.0,3.0,-1.4733333333333334,-1.03,0.20333333333333334,0.08,6203.333333333333,6824.0
13040.0,11.566666666666805,206.0,188.0,53.666666666666664,38.666666666666664,0.0,0.0,6.62,3.5833333333333335,4.0,3.0,-1.66,-0.9766666666666667,0.20666666666666667,0.09,6192.333333333333,6834.0
13045.0,11.583333333333655,207.0,188.0,41.0,41.333333333333336,0.0,0.0,8.17,4.443333333333333,4.0,3.0,-1.48,-0.9533333333333333,0.14,0.11,6205.0,6852.0
13050.0,11.583333333333258,207.0,188.0,30.0,42.0,0.0,0.0,9.69,6.51,4.0,3.0,-1.13,-0.9366666666666666,0.08,0.12,6206.0,6881.666666666667
13055.0,11.591666666666754,207.0,188.5,30.333333333333332,41.0,0.0,0.0,11.206666666666667,8.17,4.0,3.0,-1.13,-1.025,0.08666666666666667,0.12,6225.333333333333,6901.0
13060.0,11.60000000000025,207.0,189.0,35.666666666666664,39.333333333333336,0.0,0.0,12.086666666666666,9.643333333333333,4.0,3.0,-1.27,-1.24,0.10666666666666667,0.12000000000000001,6237.0,6926.0
13065.0,11.61666666666656,207.0,189.0,43.0,40.333333333333336,0.0,0.0,12.75,10.283333333333333,4.0,3.0,-1.73,-1.8266666666666667,0.11,0.13,6266.0,6900.666666666667
13070.0,11.633333333333383,208.0,189.0,49.333333333333336,41.666666666666664,0.0,0.0,13.186666666666666,10.33,4.0,3.0,-1.87,-1.6733333333333333,0.16,0.10666666666666667,6239.666666666667,6953.333333333333
13075.0,11.616666666666845,208.0,190.0,46.333333333333336,43.0,0.0,0.0,13.36,10.35,4.0,3.0,-2.283333333333333,-2.2,0.13333333333333333,0.14,6263.666666666667,6936.0
13080.0,11.633333333333326,208.0,190.0,48.333333333333336,45.0,0.0,0.0,13.36,10.69,4.0,3.0,-2.2966666666666664,-1.91,0.14333333333333334,0.07,6258.333333333333,6972.0
13085.0,11.650000000000034,208.0,190.0,50.0,53.0,0.0,0.0,13.35,10.86,4.0,3.0,-3.05,-2.37,0.19,0.12,6231.0,6942.0
13090.0,11.6666666666668,208.0,190.0,51.333333333333336,53.0,0.0,0.0,13.293333333333333,10.76,4.0,3.0,-2.6466666666666665,-1.8,0.006666666666666654,0.17,6230.666666666667,7042.0
13095.0,11.658333333333417,208.0,190.0,48.5,54.666666666666664,0.0,0.0,12.775,10.333333333333334,4.0,3.0,-2.0149999999999997,-1.99,0.135,0.22,6287.0,7023.333333333333
13100.0,11.6666666666668,208.0,191.0,48.666666666666664,55.666666666666664,0.0,0.0,11.893333333333334,9.646666666666667,4.0,3.0,-2.283333333333333,-2.063333333333333,0.13333333333333333,0.18666666666666668,6250.666666666667,7037.666666666667
13105.0,11.675000000000068,208.0,191.0,48.0,56.5,0.0,0.0,10.93,8.684999999999999,4.0,3.0,-2.33,-1.99,0.14,0.22,6249.0,7042.0
13110.0,11.68333333333345,208.0,191.33333333333334,47.0,59.0,0.0,0.0,9.66,7.556666666666667,4.0,3.0,-1.9533333333333334,-1.69,0.13666666666666666,0.23666666666666666,6246.333333333333,7067.333333333333
13115.0,11.700000000000102,208.0,192.0,32.0,36.0,0.0,0.0,7.9399999999999995,5.92,4.0,3.0,-1.7233333333333334,-1.65,0.10333333333333333,0.17666666666666667,6241.333333333333,7039.333333333333
13120.0,11.683333333333394,207.0,192.0,5.333333333333334,1.0,0.0,0.0,5.72,4.46,4.0,3.0,-1.6333333333333333,-1.32,-0.07333333333333333,-0.05,6129.0,6923.0
13125.0,11.700000000000216,206.0,191.0,0.0,0.0,0.0,0.0,3.54,2.99,4.0,3.0,-1.26,-1.1,-0.18,-0.16,6075.0,6875.0
13130.0,11.716666666666868,205.33333333333334,191.0,0.0,0.0,18.0,12.0,2.1,1.27,4.0,3.0,-1.0966666666666667,-0.91,-0.39666666666666667,-0.28,6034.333333333333,6851.0
13135.0,11.725000000000023,203.5,189.0,0.0,0.0,42.5,34.0,0.925,-0.03,4.0,3.0,-0.845,-0.44,-0.755,-0.62,5952.5,6772.0
13140.0,11.716666666666868,200.66666666666666,186.33333333333334,0.0,0.0,50.666666666666664,34.666666666666664,0.4966666666666667,-1.1566666666666665,4.0,3.0,-0.42,-0.13,-0.9433333333333334,-0.7066666666666667,5804.333333333333,6643.333333333333
13145.0,11.733333333333633,197.0,184.33333333333334,0.0,0.0,54.0,34.666666666666664,-0.15,-1.8633333333333333,4.0,3.0,-0.37,0.14666666666666667,-1.07,-0.6766666666666667,5744.0,6608.0
13150.0,11.733333333333292,194.0,181.33333333333334,0.0,0.0,57.0,32.0,-1.57,-2.76,0.0,3.0,0.03,0.48,-1.01,-0.6733333333333333,6786.0,6491.666666666667
13155.0,11.733333333333348,189.0,179.33333333333334,0.0,0.0,60.0,29.0,-2.78,-3.7233333333333336,3.0,3.0,0.29,0.7166666666666667,-1.23,-0.65,6703.0,6428.333333333333
13160.0,11.75000000000017,185.66666666666666,177.33333333333334,0.0,0.0,60.0,29.666666666666668,-4.153333333333333,-4.84,3.0,3.0,0.64,0.9633333333333334,-1.2566666666666666,-0.64,6577.333333333333,6344.0
13165.0,11.766666666666822,181.66666666666666,174.0,0.0,0.0,59.333333333333336,32.0,-5.766666666666667,-6.23,3.0,3.0,0.8,0.99,-1.0966666666666667,-0.68,6449.0,6187.0
13170.0,11.766666666666879,177.66666666666666,172.0,0.0,0.0,45.0,27.0,-7.973333333333333,-7.27,3.0,3.0,1.5366666666666666,1.33,-1.1333333333333333,-0.55,6195.666666666667,6141.0
13175.0,11.749999999999943,174.0,170.0,0.0,0.0,9.0,4.0,-9.22,-7.76,3.0,3.0,1.35,1.2,-0.57,-0.21,6133.0,6095.0
13180.0,11.75,173.0,169.0,0.0,0.0,0.0,0.0,-11.96,-8.6,3.0,3.0,1.0,1.3,-0.15,-0.11,6068.0,5979.0
13185.0,11.766666666666765,172.0,168.66666666666666,0.0,46.0,0.0,0.0,-12.19,-9.65,3.0,0.0,1.57,1.2766666666666666,-0.15,-0.15333333333333332,5948.0,7146.333333333333
13190.0,11.775000000000205,171.0,167.5,0.0,0.0,0.0,0.0,-12.16,-10.504999999999999,3.0,2.0,1.68,1.725,-0.18,-0.22,6096.0,7354.0
13195.0,11.75833333333361,169.66666666666666,166.5,10.666666666666666,0.0,0.0,0.0,-13.486666666666666,-11.155000000000001,3.0,2.0,2.4166666666666665,2.5,-0.12000000000000001,-0.245,6116.333333333333,7334.0
13200.0,11.775000000000091,168.0,165.0,16.5,0.0,0.0,0.0,-15.05,-11.56,3.0,2.0,2.185,1.44,-0.095,-0.17,6107.0,7264.0
13205.0,11.775000000000148,167.5,164.0,16.0,0.0,0.0,0.0,-15.945,-11.55,3.0,2.0,1.405,1.85,-0.03,-0.21,6098.5,7204.0
13210.0,11.783333333333303,167.0,163.0,16.666666666666668,0.0,0.0,0.0,-16.2,-11.85,3.0,2.0,1.8266666666666667,1.5133333333333334,-0.05,-0.17666666666666667,6070.333333333333,7160.0
13215.0,11.774999999999977,166.0,162.0,15.0,0.0,0.0,0.0,-16.39,-12.675,3.0,2.0,1.18,1.4100000000000001,-0.03,-0.18,6054.0,7100.5
13220.0,11.783333333333474,166.0,161.0,16.0,0.0,0.0,0.0,-17.16,-13.073333333333332,3.0,2.0,1.42,1.5633333333333335,-0.02,-0.18,6037.0,7079.0
13225.0,11.783333333333474,166.0,160.0,18.0,0.0,0.0,0.0,-17.349999999999998,-13.14,3.0,2.0,1.59,1.56,-0.016666666666666666,-0.18,6035.666666666667,7038.0
13230.0,11.775000000000205,165.0,159.0,17.5,0.0,0.0,0.0,-16.585,-12.94,3.0,2.0,1.6949999999999998,1.73,-0.035,-0.19,6016.0,6994.0
13235.0,11.7916666666668,165.0,157.5,14.333333333333334,0.0,0.0,0.0,-15.573333333333334,-12.52,3.0,2.0,1.84,1.7,-0.04666666666666667,-0.175,5988.666666666667,6947.5
13240.0,11.800000000000296,164.0,157.0,13.0,0.0,0.0,0.0,-14.12,-12.12,3.0,2.0,1.59,1.55,-0.04,-0.15,5970.0,6889.0
13245.0,11.799999999999955,164.0,156.0,19.0,0.0,0.0,0.0,-12.4,-11.14,3.0,2.0,1.8,1.78,0.0,-0.17,5961.0,6862.0
13250.0,11.80833333333345,164.0,154.5,50.333333333333336,2.0,0.0,0.0,-8.99,-9.100000000000001,3.0,2.0,1.7533333333333334,1.6749999999999998,0.09999999999999999,-0.155,6001.333333333333,6835.0
13255.0,11.825000000000045,164.0,154.0,64.0,16.0,0.0,0.0,-7.275,-7.34,3.0,2.0,1.56,1.49,0.15000000000000002,0.01,6022.5,6872.0
13260.0,11.825000000000102,164.0,154.0,72.5,34.0,0.0,0.0,-5.83,-5.95,3.0,2.0,1.395,1.41,0.20500000000000002,0.07,6055.0,6902.0
13265.0,11.82500000000016,165.0,154.5,74.0,38.5,0.0,0.0,-2.5,-3.3850000000000002,3.0,2.0,1.28,1.215,0.25,0.11499999999999999,6084.0,6905.0
13270.0,11.850000000000193,166.0,155.0,73.0,0.0,0.0,0.0,1.21,2.38,3.0,2.0,0.73,0.41,0.27,0.0,6087.0,6815.0
13275.0,11.850000000000307,167.0,154.0,73.0,0.0,0.0,0.0,4.24,6.4,3.0,2.0,0.08,-0.33,0.33,-0.12,6137.0,6817.0
13280.0,11.858333333333292,168.33333333333334,154.0,72.33333333333333,0.0,0.0,0.0,5.783333333333333,10.055,3.0,2.0,-0.6333333333333333,-1.0550000000000002,0.32333333333333336,-0.14500000000000002,6202.0,6793.5
13285.0,11.87500000000017,169.5,153.0,53.5,0.0,0.0,0.0,7.885,11.91,3.0,2.0,-0.89,-1.3,0.32499999999999996,-0.14,6260.0,6751.0
13290.0,11.875,170.0,152.0,9.5,0.0,0.0,0.0,11.02,12.67,3.0,2.0,-1.045,-1.55,0.0050000000000000044,-0.16,6174.0,6709.0
13295.0,11.891666666666708,170.0,151.0,0.0,3.0,0.0,0.0,13.653333333333334,12.95,3.0,2.0,-1.6433333333333333,-1.8399999999999999,-0.16666666666666666,-0.165,6113.0,6685.5
13300.0,11.900000000000091,168.0,151.0,0.0,36.0,0.0,0.0,14.33,13.59,3.0,2.0,-2.49,-1.84,-0.41,0.06,6071.0,6740.0
13305.0,11.925000000000182,167.0,151.0,0.0,53.5,0.0,0.0,15.4,13.625,3.0,2.0,-0.8,-1.0,-0.08,0.13,5960.0,6836.0
13310.0,11.950000000000273,167.0,151.0,0.0,73.0,0.0,0.0,15.17,12.99,3.0,2.0,-0.58,-1.52,-0.1,0.24,5769.0,6842.0
13315.0,11.925000000000068,165.0,152.0,3.0,81.0,0.0,0.0,14.705,11.62,3.0,2.0,-2.965,-2.24,-0.365,0.31,5891.5,6870.0
13320.0,11.95000000000016,163.5,153.0,28.5,91.0,0.0,0.0,14.315000000000001,10.54,3.0,2.0,-2.175,-1.6099999999999999,-0.015,0.31999999999999995,5992.0,6945.0
13325.0,11.949999999999932,163.0,154.0,59.0,87.0,0.0,0.0,13.95,10.44,3.0,2.0,-0.8,-1.81,0.08,0.38,6380.0,7063.0
13330.0,11.950000000000045,164.0,156.0,79.0,88.0,0.0,0.0,13.54,9.66,3.0,2.0,-3.89,-1.65,0.11,0.44,6039.0,7101.0
13335.0,11.975000000000136,163.0,157.5,85.0,86.0,0.0,0.0,11.61,7.945,3.0,2.0,-1.42,-1.77,0.3,0.46499999999999997,6034.0,7220.0
13340.0,11.975000000000136,164.5,159.0,87.5,94.0,0.0,0.0,11.06,5.97,3.0,2.0,-1.63,-1.48,0.47,0.26,6134.5,7253.0
13345.0,11.975000000000193,165.5,160.0,88.0,99.0,0.0,0.0,10.39,5.09,3.0,2.0,-1.595,-1.6,0.475,0.43,6200.5,7239.0
13350.0,11.983333333333462,167.0,160.33333333333334,88.0,32.0,0.0,0.0,10.25,3.8466666666666667,3.0,0.0,-1.7433333333333334,-1.2000000000000002,0.45333333333333337,0.2833333333333333,6247.666666666667,6604.666666666667
13355.0,11.97500000000025,169.0,162.5,81.0,100.0,0.0,0.0,10.45,3.2800000000000002,3.0,3.0,-1.33,-1.0150000000000001,0.31,0.5800000000000001,6338.0,6114.5
13360.0,11.983333333333292,170.0,164.66666666666666,81.0,100.0,0.0,0.0,9.6,2.256666666666667,3.0,3.0,-1.9,-1.04,0.42,0.5633333333333334,6360.0,6105.0
13365.0,12.0,171.0,167.0,86.0,100.0,0.0,0.0,7.32,2.2,3.0,3.0,-1.94,-0.74,0.43,0.56,6386.0,6198.0
13370.0,11.983333333333405,172.33333333333334,169.0,97.33333333333333,100.0,0.0,0.0,4.076666666666666,2.62,3.0,3.0,-1.4333333333333333,-0.62,0.51,0.55,6519.666666666667,6262.0
13375.0,11.983333333333519,174.0,170.0,98.33333333333333,100.0,0.0,0.0,2.0533333333333332,2.26,3.0,3.0,-1.1066666666666667,-0.58,0.36333333333333334,0.49,6681.333333333333,6483.0
13380.0,11.991666666666845,175.5,173.33333333333334,100.0,100.0,0.0,0.0,-0.8049999999999999,1.68,3.0,3.0,-1.5750000000000002,-0.7733333333333333,0.665,0.5666666666666667,6584.5,6392.333333333333
13385.0,11.991666666666731,177.5,174.66666666666666,100.0,100.0,0.0,0.0,-2.84,1.2833333333333332,3.0,3.0,-0.895,-0.5766666666666667,0.495,0.5366666666666666,6567.5,6471.333333333333
13390.0,12.000000000000114,179.5,176.5,100.0,100.0,0.0,0.0,-3.605,0.22999999999999998,3.0,3.0,-0.14,-0.445,0.56,0.5449999999999999,6660.0,6525.0
13395.0,12.0,181.0,179.0,100.0,100.0,0.0,0.0,-2.8899999999999997,-0.78,3.0,3.0,0.31,-0.155,0.49,0.525,6683.5,6600.0
13400.0,12.000000000000114,182.5,180.5,100.0,100.0,0.0,0.0,-1.71,-0.22500000000000003,3.0,3.0,0.525,-0.05,0.485,0.515,6748.0,6653.5
13405.0,12.000000000000227,184.5,182.5,100.0,100.0,0.0,0.0,-1.15,-0.145,3.0,3.0,0.36,-0.009999999999999998,0.4,0.47,6835.0,6803.5
13410.0,12.0,185.33333333333334,184.0,100.0,100.0,0.0,0.0,-1.23,-0.1766666666666667,3.0,3.0,0.4066666666666667,0.04,0.4766666666666667,0.54,6968.333333333333,6783.333333333333
13415.0,12.000000000000057,187.33333333333334,185.33333333333334,100.0,100.0,0.0,0.0,-1.0166666666666666,0.06,3.0,3.0,0.49,0.03333333333333333,0.45333333333333337,0.49666666666666665,6938.666666666667,6857.666666666667
13420.0,12.000000000000057,189.33333333333334,187.33333333333334,100.0,100.0,0.0,0.0,0.43666666666666665,0.22333333333333336,3.0,3.0,0.31333333333333335,0.006666666666666668,0.4633333333333333,0.47333333333333333,6968.666666666667,6892.0
13425.0,12.000000000000227,191.0,189.0,61.0,93.0,0.0,0.0,2.13,0.28,3.0,3.0,-0.08,-0.04,0.28,0.44,6974.0,6930.0
13430.0,12.000000000000284,191.0,190.0,4.0,6.0,0.0,7.0,2.0,0.23,3.0,3.0,-0.33,-0.05,-0.02,-0.04,6885.0,6813.0
13435.0,11.999999999999943,189.0,187.0,0.0,0.0,46.0,52.0,1.23,0.44,3.0,3.0,-0.41,-0.08,-0.85,-0.96,6788.0,6720.0
13440.0,12.0,185.0,184.0,0.0,0.0,57.0,57.0,1.31,0.68,3.0,3.0,-0.44,-0.11,-1.24,-1.17,6629.0,6581.0
13445.0,12.000000000000114,180.0,180.0,0.0,0.0,66.0,56.0,2.02,1.2,3.0,3.0,-0.47,-0.21,-1.42,-1.21,6444.0,6432.0
13450.0,12.000000000000227,175.0,175.0,0.0,0.0,68.0,57.0,3.69,2.24,3.0,3.0,-0.66,-0.36,-1.46,-1.22,6236.0,6255.0
13455.0,12.000000000000284,170.0,171.0,0.0,0.0,67.0,62.0,5.42,3.77,3.0,3.0,-0.95,-0.62,-1.48,-1.34,5979.0,6082.0
13460.0,12.016666666666595,164.0,164.33333333333334,69.0,0.0,66.0,58.0,5.96,5.293333333333333,0.0,3.0,-1.44,-1.1233333333333333,-1.5,-1.3666666666666667,6894.0,5894.666666666667
13465.0,12.000000000000114,158.0,160.0,0.0,0.0,58.0,47.5,6.915,6.4350000000000005,2.0,3.0,-1.53,-1.315,-1.44,-1.145,6920.0,5732.5
13470.0,11.999999999999943,153.0,155.0,0.0,0.0,39.0,38.0,7.54,8.28,2.0,3.0,-1.55,-1.54,-1.05,-0.96,6696.0,5546.0
13475.0,12.0,149.0,152.0,0.0,0.0,25.0,34.0,7.37,9.65,2.0,3.0,-1.43,-1.33,-0.76,-0.83,6546.0,5430.0
13480.0,12.0,146.5,148.5,0.0,34.5,17.0,32.0,7.95,10.915,2.0,0.0,-0.925,-1.05,-0.545,-0.685,6356.0,6024.5
13485.0,12.0,144.0,145.0,0.0,0.0,9.0,23.0,9.44,11.43,2.0,2.0,-1.8,-2.09,-0.5,-0.71,6290.0,6323.0
13490.0,12.0,141.5,142.0,0.0,0.0,6.5,11.0,10.135,11.795,2.0,2.0,-1.63,-1.4049999999999998,-0.41500000000000004,-0.445,6245.5,6151.0
13495.0,11.975000000000136,139.5,139.0,0.0,0.0,0.5,10.0,11.23,13.15,2.0,2.0,-1.625,-2.02,-0.3,-0.47,6145.0,6061.0
13500.0,11.999999999999943,138.0,136.0,0.0,0.0,0.0,12.0,11.35,13.6,2.0,2.0,-1.55,-1.65,-0.27,-0.46,6091.0,5827.0
13505.0,12.000000000000114,137.0,133.5,19.0,0.0,0.0,0.0,11.125,12.89,2.0,2.0,-1.67,-2.34,-0.065,-0.34,6125.0,5848.0
13510.0,11.999999999999943,136.0,132.0,45.0,16.0,0.0,0.0,10.64,13.42,2.0,2.0,-1.52,-1.66,0.02,-0.1,6144.0,5883.0
13515.0,12.000000000000284,137.0,131.0,54.0,45.0,0.0,0.0,10.52,16.73,2.0,2.0,-1.31,-1.55,0.1,0.03,6181.0,5971.0
13520.0,12.025000000000091,137.0,131.0,56.0,67.0,0.0,0.0,9.2,14.63,2.0,2.0,-1.505,-1.68,0.16,0.14,6222.0,5976.0
13525.0,12.025000000000318,137.0,131.0,59.0,74.5,0.0,0.0,9.03,10.715,2.0,2.0,-0.85,-1.44,0.06,0.22,6363.0,6041.5
13530.0,12.025000000000091,137.0,132.0,48.5,82.0,0.0,0.0,9.379999999999999,7.53,2.0,2.0,-0.89,-1.49,0.075,0.32,7168.5,6052.0
13535.0,12.025000000000205,137.0,134.0,44.0,90.0,0.0,0.0,8.01,7.84,2.0,2.0,-1.06,-1.21,0.12,0.39,7132.5,6145.0
13540.0,12.025000000000205,138.0,135.5,48.0,90.5,0.0,0.0,7.48,6.625,2.0,2.0,-1.09,-1.225,0.23,0.51,7124.0,6318.5
13545.0,12.050000000000182,139.0,138.5,63.5,94.0,0.0,0.0,7.83,4.125,2.0,2.0,-1.405,-1.225,0.29000000000000004,0.5700000000000001,6719.5,6476.0
13550.0,12.050000000000182,141.0,141.0,78.0,99.0,0.0,0.0,6.86,2.17,2.0,2.0,-1.65,-1.16,0.42,0.56,6463.0,6526.0
13555.0,12.050000000000182,142.0,143.5,85.0,100.0,0.0,0.0,5.7,1.8250000000000002,2.0,2.0,-1.52,-0.8600000000000001,0.5,0.6,6652.5,6594.0
13560.0,12.025000000000091,144.0,146.0,84.5,94.0,0.0,0.0,3.73,1.75,2.0,2.0,-1.05,-0.54,0.33,0.39,7003.0,6994.0
13565.0,12.025000000000091,146.0,148.5,94.0,100.0,0.0,0.0,0.93,1.2850000000000001,2.0,2.0,-1.6,-0.73,0.61,0.5700000000000001,6750.0,6762.0
13570.0,12.025000000000205,148.0,150.5,94.0,100.0,0.0,0.0,-1.26,1.4849999999999999,2.0,2.0,-0.86,-0.405,0.46,0.5,6955.0,6975.0
13575.0,12.025000000000205,149.5,152.0,90.5,100.0,0.0,0.0,-2.16,1.33,2.0,2.0,-0.73,-0.47,0.46,0.62,7217.5,7200.0
13580.0,12.025000000000205,151.0,154.5,98.0,100.0,0.0,0.0,-1.89,0.8400000000000001,2.0,2.0,-0.69,-0.565,0.56,0.525,7194.0,7178.5
13585.0,12.008333333333553,153.5,156.66666666666666,98.5,100.0,0.0,0.0,-0.445,0.7333333333333333,2.0,2.0,-0.515,-0.5766666666666667,0.45499999999999996,0.43666666666666665,7212.0,7294.333333333333
13590.0,12.016666666666822,155.66666666666666,157.0,100.0,0.0,0.0,0.0,-0.25666666666666665,0.43,2.0,0.0,-0.4033333333333333,-0.51,0.5266666666666667,-0.01,7151.666666666667,6791.0
13595.0,12.025000000000318,156.0,159.5,88.0,100.0,0.0,0.0,-0.37,-0.1,3.0,3.0,-0.07,-0.30000000000000004,0.57,0.63,6231.0,6078.5
13600.0,12.008333333333383,159.33333333333334,161.5,100.0,100.0,0.0,0.0,-0.2966666666666667,-0.09,3.0,3.0,-0.05333333333333333,-0.315,0.5666666666666667,0.545,5968.666666666667,6085.0
13605.0,12.025000000000148,161.5,164.0,100.0,100.0,0.0,0.0,0.015,-0.04,3.0,3.0,-0.03,-0.29,0.575,0.56,6041.0,6144.0
13610.0,12.016666666666652,163.66666666666666,166.0,100.0,100.0,0.0,0.0,0.49,0.15,3.0,3.0,-0.06666666666666667,-0.22,0.5633333333333334,0.57,6087.0,6170.0
13615.0,12.0,166.0,168.0,100.0,100.0,0.0,0.0,0.17,0.21,3.0,3.0,-0.06,-0.14,0.55,0.56,6161.0,6246.0
13620.0,12.016666666666765,168.0,170.33333333333334,100.0,100.0,0.0,0.0,-0.12,0.20333333333333334,3.0,3.0,-0.05,-0.09,0.6,0.5966666666666667,6250.0,6341.0
13625.0,12.00000000000017,170.0,172.33333333333334,100.0,100.0,0.0,0.0,-0.06333333333333332,0.24666666666666667,3.0,3.0,-0.003333333333333333,-0.05333333333333333,0.49,0.4833333333333333,6515.0,6587.333333333333
13630.0,12.00833333333361,172.33333333333334,174.5,100.0,100.0,0.0,0.0,-0.4933333333333333,0.0049999999999999906,3.0,3.0,-0.02666666666666667,-0.135,0.6133333333333334,0.625,6364.333333333333,6452.5
13635.0,12.000000000000114,174.0,176.5,100.0,100.0,0.0,0.0,-0.95,-0.19,3.0,3.0,0.095,-0.04,0.5449999999999999,0.5449999999999999,6469.5,6562.5
13640.0,12.000000000000114,176.5,178.5,100.0,100.0,0.0,0.0,-0.91,-0.105,3.0,3.0,0.18,-0.025,0.55,0.55,6516.0,6588.0
13645.0,12.0,178.0,180.5,100.0,97.5,0.0,0.0,-0.98,-0.385,3.0,3.0,0.245,0.05500000000000001,0.535,0.525,6597.0,6679.5
13650.0,12.000000000000114,179.5,182.0,100.0,49.0,0.0,4.5,-1.31,-0.675,3.0,3.0,0.32,0.105,0.545,0.31,6658.0,6650.5
13655.0,12.000000000000227,181.5,181.0,69.5,0.0,0.0,53.5,-1.7850000000000001,-1.615,3.0,3.0,0.345,0.21,0.4,-0.8200000000000001,6714.5,6367.0
13660.0,12.000000000000114,182.5,177.0,10.5,0.0,25.5,68.0,-1.905,-2.745,3.0,3.0,0.49,0.375,-0.26,-1.21,6557.0,6293.5
13665.0,12.000000000000114,180.0,173.0,0.0,0.0,63.5,81.0,-2.73,-3.885,3.0,3.0,0.495,0.475,-1.045,-1.375,6365.5,6021.0
13670.0,12.008333333333383,174.5,167.0,0.0,0.0,75.0,83.0,-4.085,-4.993333333333333,3.0,3.0,0.655,0.6866666666666666,-1.375,-1.4766666666666666,6141.5,5765.666666666667
13675.0,12.016666666666708,169.66666666666666,161.0,0.0,69.0,75.0,68.0,-4.766666666666667,-5.13,3.0,0.0,0.6866666666666666,0.79,-1.3433333333333333,-1.23,5880.0,6786.0
13680.0,12.016666666666765,164.0,156.33333333333334,0.0,0.0,73.0,51.666666666666664,-5.14,-5.173333333333333,3.0,2.0,0.95,1.1133333333333333,-1.39,-1.0733333333333335,5584.0,6686.0
13685.0,12.025000000000205,160.0,152.5,0.0,0.0,70.0,36.0,-5.54,-5.6850000000000005,3.0,2.0,1.1,1.23,-1.24,-0.74,5510.0,6673.0
13690.0,12.025000000000205,154.0,149.0,55.0,0.0,65.0,34.0,-6.395,-7.31,0.0,2.0,1.28,1.35,-1.1600000000000001,-0.74,6182.5,6537.0
13695.0,12.025000000000205,148.0,146.5,0.0,0.0,52.0,35.5,-7.11,-8.489999999999998,2.0,2.0,1.27,1.33,-1.09,-0.735,6347.0,6380.5
13700.0,12.025000000000205,144.5,143.0,0.0,0.0,34.0,34.0,-7.625,-9.5,2.0,2.0,1.255,1.36,-0.74,-0.67,6214.0,6190.0
13705.0,12.025000000000205,142.0,140.5,0.0,0.0,17.0,18.0,-7.82,-10.125,2.0,2.0,1.38,1.5,-0.41,-0.455,6185.0,6122.0
13710.0,12.025000000000205,139.5,138.0,0.0,0.0,15.0,14.0,-9.035,-11.09,2.0,2.0,1.605,1.72,-0.4,-0.36,6143.5,6064.0
13715.0,12.050000000000182,138.0,136.0,0.0,0.0,15.0,2.0,-11.07,-11.81,2.0,2.0,1.5,1.51,-0.38,-0.14,6061.0,5995.0
13720.0,12.050000000000182,136.0,135.0,0.0,4.0,8.5,0.0,-12.545,-12.045,2.0,2.0,1.42,1.505,-0.31,-0.07,5978.0,5998.5
13725.0,12.025000000000091,135.0,135.0,5.5,23.0,0.0,0.0,-13.865,-13.75,2.0,2.0,1.77,1.82,-0.125,0.08,5987.5,6044.0
13730.0,12.050000000000125,135.0,136.0,26.0,36.0,0.0,0.0,-15.41,-16.26,2.0,2.0,1.81,1.7,0.08,0.13,6035.0,6102.0
13735.0,12.024999999999977,135.0,136.0,39.0,40.5,0.0,0.0,-16.87,-17.195,2.0,2.0,1.86,1.895,0.13,0.15500000000000003,6078.0,6123.0
13740.0,12.025000000000034,135.0,136.0,60.0,43.0,0.0,0.0,-16.84,-18.43,2.0,2.0,2.04,2.11,0.19,0.13,6133.5,6174.0
13745.0,12.050000000000011,136.0,137.0,69.0,48.0,0.0,0.0,-16.39,-18.66,2.0,2.0,2.14,2.19,0.26,0.18,6167.0,6184.0
13750.0,12.050000000000068,137.0,137.0,67.5,52.5,0.0,0.0,-15.43,-16.08,2.0,2.0,1.79,1.89,0.295,0.23,6251.5,6267.0
13755.0,12.025000000000148,138.0,138.0,67.0,61.0,0.0,0.0,-13.865,-13.37,2.0,2.0,1.7349999999999999,1.63,0.37,0.37,6313.5,6318.0
13760.0,12.024999999999977,140.0,139.5,64.0,64.0,0.0,0.0,-11.82,-11.385000000000002,2.0,2.0,1.79,1.7799999999999998,0.43,0.375,6498.0,6475.5
13765.0,12.025000000000148,141.0,141.0,66.5,70.0,0.0,0.0,-9.775,-7.38,2.0,2.0,1.62,1.59,0.405,0.42,6502.0,6477.0
13770.0,12.024999999999977,143.0,142.5,69.0,71.0,0.0,0.0,-7.06,-6.359999999999999,2.0,2.0,1.63,1.49,0.46,0.495,6627.0,6594.0
13775.0,12.025000000000148,144.5,145.0,74.0,72.0,0.0,0.0,-5.765000000000001,-6.87,2.0,2.0,1.5350000000000001,1.49,0.505,0.51,6692.0,6647.0
13780.0,12.024999999999977,146.0,146.5,69.0,64.0,0.0,0.0,-8.0,-8.46,2.0,2.0,1.17,1.105,0.39,0.44,6915.0,6825.0
13785.0,12.025000000000148,148.0,148.0,67.0,62.0,0.0,0.0,-9.379999999999999,-9.89,2.0,2.0,1.73,1.66,0.51,0.48,6862.5,6766.0
13790.0,12.024999999999977,149.0,149.5,0.0,64.0,0.0,0.0,-8.69,-9.9,0.0,2.0,1.56,1.395,0.0,0.435,6527.0,6913.0
13795.0,12.025000000000148,150.5,151.0,69.5,66.0,0.0,0.0,-7.390000000000001,-10.09,3.0,2.0,1.4,1.41,0.49,0.4,5688.5,7030.0
13800.0,12.041666666666686,151.66666666666666,153.0,73.33333333333333,67.5,0.0,0.0,-6.373333333333333,-9.54,3.0,2.0,1.29,1.25,0.5166666666666667,0.43,5740.333333333333,7048.5
13805.0,12.024999999999977,154.0,154.5,74.0,70.0,0.0,0.0,-6.64,-9.5,3.0,2.0,1.5,1.6,0.5,0.48,5769.0,7144.0
13810.0,12.025000000000034,155.5,155.0,76.0,0.0,0.0,0.0,-7.55,-8.73,3.0,0.0,1.31,1.57,0.495,0.01,5806.5,6767.0
13815.0,12.03333333333336,157.0,157.33333333333334,73.33333333333333,78.33333333333333,0.0,0.0,-7.99,-8.52,3.0,3.0,1.4566666666666666,1.5833333333333333,0.5066666666666667,0.64,5888.0,5884.333333333333
13820.0,12.025000000000091,159.0,158.5,70.0,80.0,0.0,0.0,-8.8,-9.355,3.0,3.0,1.54,1.705,0.45,0.49,5908.0,5935.0
13825.0,12.033333333333474,160.33333333333334,160.0,66.0,80.0,0.0,0.0,-11.11,-10.06,3.0,3.0,1.54,1.49,0.43333333333333335,0.49,5986.666666666667,6016.0
13830.0,12.025000000000205,162.0,162.0,60.0,80.0,0.0,0.0,-11.69,-9.52,3.0,3.0,1.7999999999999998,1.75,0.385,0.51,6019.5,6062.0
13835.0,12.033333333333474,163.0,163.33333333333334,57.0,84.33333333333333,0.0,0.0,-11.663333333333334,-8.14,3.0,3.0,1.99,1.9799999999999998,0.38333333333333336,0.52,6050.0,6091.0
13840.0,12.025000000000318,164.0,165.5,59.0,87.0,0.0,0.0,-10.57,-7.635,3.0,3.0,1.75,1.56,0.36,0.495,6114.0,6162.5
13845.0,12.033333333333303,165.0,166.66666666666666,64.0,88.33333333333333,0.0,0.0,-8.2,-7.0633333333333335,3.0,3.0,1.37,1.0366666666666666,0.42,0.45,6126.0,6239.666666666667
13850.0,12.033333333333417,166.33333333333334,169.0,64.66666666666667,71.0,0.0,0.0,-6.489999999999999,-5.65,3.0,3.0,1.6533333333333333,2.14,0.41000000000000003,0.63,6303.666666666667,6203.0
13855.0,12.025000000000034,168.0,169.0,61.0,17.0,0.0,0.0,-4.725,-3.8,3.0,3.0,2.1100000000000003,1.75,0.41500000000000004,0.16,6182.0,6140.0
13860.0,12.025000000000091,169.0,169.0,13.5,0.0,0.0,19.0,-2.65,-2.73,3.0,3.0,1.345,0.98,0.11499999999999999,-0.37,6093.0,6071.0
13865.0,12.033333333333474,168.33333333333334,165.33333333333334,0.0,0.0,14.666666666666666,58.0,-0.65,-2.533333333333333,3.0,3.0,0.8433333333333334,0.99,-0.3133333333333333,-1.1600000000000001,6053.333333333333,5900.333333333333
13870.0,12.025000000000205,165.0,161.0,69.0,34.5,56.0,65.5,1.98,-1.2550000000000001,0.0,3.0,0.13,0.6950000000000001,-0.91,-1.175,6125.0,6119.0
13875.0,12.033333333333644,161.0,156.66666666666666,34.0,4.666666666666668,64.0,72.66666666666667,2.32,0.8233333333333333,0.0,0.0,-0.15,0.33,-1.13,-1.3633333333333333,7064.0,6677.0
13880.0,12.025000000000091,156.0,150.0,0.0,0.0,53.5,68.0,2.2800000000000002,4.26,2.0,2.0,-0.41500000000000004,-0.16,-1.05,-1.15,6761.5,6082.0
13885.0,12.025000000000318,152.0,145.0,0.0,0.0,42.0,56.5,3.55,7.58,2.0,2.0,-0.72,-0.815,-0.91,-1.0750000000000002,6623.0,6295.0
13890.0,12.049999999999955,149.0,141.0,0.0,0.0,33.0,36.0,5.25,9.78,2.0,2.0,-0.74,-0.86,-0.71,-0.78,6518.0,6111.0
13895.0,12.07500000000016,146.5,137.0,0.0,0.0,21.0,22.0,7.355,11.97,2.0,2.0,-0.75,-0.97,-0.44,-0.4,6387.0,6005.0
13900.0,12.074999999999932,144.0,136.0,0.0,0.0,12.0,1.5,9.97,13.84,2.0,2.0,-0.96,-1.33,-0.38,-0.25,6261.0,5907.5
13905.0,12.07500000000016,142.5,135.0,0.0,0.0,9.0,0.0,11.675,15.84,2.0,2.0,-1.2999999999999998,-1.44,-0.255,-0.11,6278.5,5951.0
13910.0,12.099999999999909,142.0,134.0,0.0,0.0,5.0,0.0,13.22,17.97,2.0,2.0,-1.28,-1.49,-0.21,-0.1,6210.0,5901.0
13915.0,12.075000000000273,140.0,133.0,0.0,10.5,0.0,0.0,15.68,19.35,2.0,2.0,-1.12,-1.52,-0.09,-0.05,6170.0,5917.0
13920.0,12.075000000000045,140.0,133.0,15.5,55.0,0.0,0.0,17.025,19.38,2.0,2.0,-2.215,-2.01,-0.0050000000000000044,0.23,6245.0,6029.0
13925.0,12.100000000000307,140.0,134.0,37.0,84.0,0.0,0.0,18.3,19.56,2.0,2.0,-2.03,-1.93,0.12,0.31,6289.0,6132.0
13930.0,12.100000000000023,140.0,135.5,51.5,85.0,0.0,0.0,19.424999999999997,19.39,2.0,2.0,-2.33,-2.17,0.185,0.375,6322.0,6191.5
13935.0,12.100000000000307,140.0,137.0,73.0,83.0,0.0,0.0,19.55,18.41,2.0,2.0,-2.33,-2.35,0.23,0.46,6389.0,6273.0
13940.0,12.125000000000057,141.0,138.0,81.5,81.0,0.0,0.0,19.155,17.22,2.0,2.0,-2.245,-2.14,0.315,0.52,6445.0,6401.0
13945.0,12.125000000000341,142.0,140.0,82.0,77.5,0.0,0.0,18.58,15.835,2.0,2.0,-1.82,-1.82,0.38,0.475,6492.0,6518.5
13950.0,12.100000000000193,143.0,142.0,78.0,75.0,0.0,0.0,18.5,14.51,2.0,2.0,-2.32,-2.2,0.43,0.52,6594.0,6587.0
13955.0,12.10000000000025,144.5,143.0,77.0,75.5,0.0,0.0,17.97,13.725,2.0,2.0,-2.115,-2.02,0.45999999999999996,0.495,6706.5,6637.5
13960.0,12.100000000000193,146.0,145.0,74.0,76.0,0.0,0.0,16.96,12.27,2.0,2.0,-2.17,-2.05,0.45,0.54,6802.0,6760.0
13965.0,12.125000000000341,147.0,146.0,74.0,77.0,0.0,0.0,15.31,10.735,2.0,2.0,-2.09,-1.9649999999999999,0.39,0.47,6878.0,6802.0
13970.0,12.125000000000057,148.0,148.0,73.0,79.0,0.0,0.0,12.645,9.01,2.0,2.0,-2.2750000000000004,-2.17,0.415,0.48,6885.5,6859.0
13975.0,12.125000000000341,149.0,149.5,77.0,87.0,0.0,0.0,8.89,7.45,2.0,2.0,-2.22,-1.98,0.44,0.5,6865.0,6877.5
13980.0,12.125000000000057,150.5,151.0,85.5,92.0,0.0,0.0,5.215,6.03,2.0,2.0,-1.755,-1.6,0.515,0.53,7018.5,6957.0
13985.0,12.100000000000307,153.0,153.0,93.0,96.0,0.0,0.0,2.96,4.52,2.0,2.0,-1.73,-1.54,0.59,0.61,7099.0,7086.0
13990.0,12.108333333333292,153.33333333333334,155.5,30.0,98.5,0.0,0.0,1.6133333333333333,3.7649999999999997,0.0,2.0,-1.2633333333333334,-1.17,0.2233333333333333,0.42000000000000004,6401.0,7216.0
13995.0,12.12500000000017,155.5,158.0,100.0,100.0,0.0,0.0,1.15,1.99,3.0,2.0,-1.275,-1.18,0.615,0.53,5785.0,7177.0
14000.0,12.099999999999909,158.0,158.0,100.0,0.0,0.0,0.0,0.86,0.76,3.0,0.0,-0.73,-0.81,0.53,-0.01,5873.0,6692.0
14005.0,12.125,160.0,160.5,100.0,100.0,0.0,0.0,0.63,0.115,3.0,3.0,-0.49,-0.415,0.52,0.5549999999999999,5933.0,5949.0
14010.0,12.100000000000023,162.5,162.5,100.0,100.0,0.0,0.0,0.08000000000000002,-0.64,3.0,3.0,-0.22499999999999998,-0.155,0.52,0.545,6000.5,6005.0
14015.0,12.108333333333462,164.0,164.66666666666666,100.0,100.0,0.0,0.0,-0.26,-1.5233333333333334,3.0,3.0,-0.07500000000000001,0.13333333333333333,0.5349999999999999,0.5233333333333333,6085.5,6094.666666666667
14020.0,12.116666666666845,166.0,167.0,100.0,100.0,0.0,0.0,0.19333333333333333,-0.19,3.0,3.0,-0.02666666666666667,0.18,0.5066666666666667,0.5,6148.0,6161.0
14025.0,12.100000000000193,168.0,169.0,100.0,100.0,0.0,0.0,0.43,0.84,3.0,3.0,-0.03,0.07,0.54,0.52,6221.0,6234.0
14030.0,12.116666666666958,170.0,170.33333333333334,100.0,100.0,0.0,0.0,-0.18,1.0533333333333335,3.0,3.0,0.02,-0.05,0.39,0.5366666666666667,6352.0,6340.666666666667
14035.0,12.11666666666656,171.0,172.33333333333334,100.0,100.0,0.0,0.0,-0.02,0.6533333333333333,3.0,3.0,0.06,-0.08333333333333334,0.5,0.5933333333333334,6321.0,6349.666666666667
14040.0,12.108333333333405,173.33333333333334,173.5,100.0,100.0,0.0,0.0,0.10666666666666666,0.605,3.0,3.0,0.08,-0.10500000000000001,0.5333333333333333,0.42,6445.666666666667,6439.5
14045.0,12.108333333333405,175.0,175.5,100.0,100.0,0.0,0.0,0.51,1.04,3.0,3.0,0.016666666666666666,-0.115,0.43666666666666665,0.44999999999999996,6466.0,6488.0
14050.0,12.100000000000136,176.5,177.0,100.0,100.0,0.0,0.0,1.195,1.43,3.0,3.0,-0.08499999999999999,-0.21500000000000002,0.44,0.38,6535.0,6547.5
14055.0,12.10000000000025,178.0,178.5,100.0,100.0,0.0,0.0,1.425,1.51,3.0,3.0,-0.21,-0.385,0.455,0.43999999999999995,6603.5,6609.5
14060.0,12.100000000000023,180.0,180.5,100.0,100.0,0.0,0.0,1.585,1.685,3.0,3.0,-0.265,-0.44,0.325,0.38,6657.5,6672.0
14065.0,12.100000000000136,181.5,181.5,100.0,100.0,0.0,0.0,1.395,1.8599999999999999,3.0,3.0,-0.37,-0.54,0.42,0.425,6672.5,6690.0
14070.0,12.100000000000023,182.5,183.0,85.5,66.5,0.0,0.0,1.16,1.555,3.0,3.0,-0.425,-0.52,0.315,0.28,6722.5,6695.0
14075.0,12.108333333333519,183.0,183.0,35.333333333333336,7.0,0.0,4.0,1.5333333333333332,1.625,3.0,3.0,-0.41666666666666663,-0.515,0.12000000000000001,-0.17500000000000002,6682.0,6609.0
14080.0,12.108333333333633,182.66666666666666,180.5,0.0,0.0,7.666666666666666,53.0,3.083333333333333,2.535,3.0,3.0,-0.51,-0.605,-0.3466666666666667,-1.05,6560.333333333333,6408.5
14085.0,12.108333333333292,180.33333333333334,176.0,0.0,0.0,41.0,67.5,4.696666666666667,3.1399999999999997,3.0,3.0,-0.8466666666666667,-0.71,-0.9233333333333333,-1.2149999999999999,6459.666666666667,6261.5
14090.0,12.100000000000136,176.5,171.0,0.0,34.5,49.0,78.0,6.07,3.675,3.0,0.0,-1.205,-0.9400000000000001,-1.0750000000000002,-1.505,6291.5,7115.5
14095.0,12.108333333333348,173.0,165.66666666666666,34.5,0.0,51.0,80.0,6.6850000000000005,5.1000000000000005,3.0,2.0,-1.27,-0.8466666666666667,-1.03,-1.5266666666666666,6386.5,7107.666666666667
14100.0,12.125000000000114,168.5,158.0,0.0,0.0,48.0,75.0,6.8149999999999995,7.04,0.0,2.0,-1.5350000000000001,-1.38,-1.1749999999999998,-1.73,7385.0,6827.0
14105.0,12.125000000000114,163.0,152.0,0.0,0.0,37.0,53.5,7.13,7.9,2.0,2.0,-1.8,-1.5750000000000002,-0.97,-1.2599999999999998,7159.0,6580.5
14110.0,12.150000000000205,160.0,147.0,0.0,0.0,31.0,37.0,8.53,9.33,2.0,2.0,-1.23,-1.21,-0.84,-0.89,7002.0,6416.0
14115.0,12.150000000000205,157.0,143.0,0.0,0.0,24.0,34.5,10.145,10.875,2.0,2.0,-1.655,-1.5899999999999999,-0.72,-0.9099999999999999,6814.5,6168.5
14120.0,12.175000000000068,154.0,139.0,0.0,0.0,24.0,20.0,11.175,11.05,2.0,2.0,-2.13,-2.18,-0.755,-0.8,6714.5,6045.0
14125.0,12.175000000000296,150.0,136.5,0.0,0.0,24.0,11.0,12.39,12.245000000000001,2.0,2.0,-2.45,-2.245,-0.76,-0.48,6581.0,5994.5
14130.0,12.175000000000068,146.5,134.0,0.0,0.0,15.5,0.0,13.195,13.03,2.0,2.0,-2.24,-2.13,-0.605,-0.31,6409.5,5928.0
14135.0,12.200000000000273,144.0,133.0,0.0,36.0,1.0,0.0,12.64,10.0,2.0,2.0,-1.97,-1.61,-0.36,0.03,6322.0,6012.0
14140.0,12.200000000000045,141.5,133.0,0.0,47.5,0.0,0.0,11.33,7.6850000000000005,2.0,2.0,-2.26,-1.69,-0.315,0.085,6248.0,6002.5
14145.0,12.22500000000025,140.0,133.0,0.0,45.5,0.0,0.0,11.99,9.620000000000001,2.0,2.0,-2.3,-1.5,-0.32,0.08,6176.0,5986.0
14150.0,12.22500000000008,138.5,133.0,0.0,27.0,0.0,0.0,14.21,12.88,2.0,2.0,-1.89,-1.32,-0.32,0.0,6097.0,6037.0
14155.0,12.225000000000193,135.5,133.0,0.0,18.0,0.0,0.0,16.585,16.45,2.0,2.0,-2.0149999999999997,-1.22,-0.34,-0.08,6004.5,6106.0
14160.0,12.22500000000025,134.0,132.0,0.0,18.0,0.0,0.0,17.64,18.555,2.0,2.0,-2.09,-2.075,-0.34,-0.065,5922.0,6027.5
14165.0,12.200000000000102,132.0,131.0,1.0,21.0,0.0,0.0,17.96,18.3,2.0,2.0,-1.99,-2.13,-0.31,-0.11,5819.0,5908.0
14170.0,12.225000000000136,130.0,130.0,16.5,32.0,0.0,0.0,17.96,18.0,2.0,2.0,-1.635,-1.69,-0.175,-0.07,5852.0,6021.0
14175.0,12.225000000000023,129.0,129.0,48.5,45.0,0.0,0.0,17.924999999999997,17.2,2.0,2.0,-1.95,-1.89,-0.005,0.04,5875.0,5920.0
14180.0,12.225000000000023,129.0,129.0,69.0,47.0,0.0,0.0,17.43,17.13,2.0,2.0,-1.75,-1.7,0.04,0.08499999999999999,5945.0,6005.5
14185.0,12.224999999999909,129.0,129.0,68.0,42.5,0.0,0.0,16.84,17.095,2.0,2.0,-1.74,-1.6949999999999998,0.11,0.125,5935.0,5977.0
14190.0,12.200000000000273,129.0,129.0,41.0,16.0,0.0,0.0,16.49,16.93,2.0,2.0,-1.71,-1.66,0.09,0.03,5901.0,5843.0
14195.0,12.22500000000008,128.5,128.0,1.5,0.0,0.0,0.0,16.09,16.82,2.0,2.0,-1.645,-1.65,-0.21000000000000002,-0.29,5694.5,5616.0
14200.0,12.225000000000193,126.5,125.0,0.0,0.0,0.0,6.0,15.76,16.17,2.0,2.0,-1.75,-1.65,-0.3,-0.4,5567.0,5501.0
14205.0,12.250000000000227,125.0,123.0,0.0,0.0,0.0,0.0,15.53,15.66,2.0,2.0,-1.4,-1.17,-0.26,-0.25,5502.0,5426.0
14210.0,12.250000000000114,123.0,121.0,0.0,0.0,0.0,0.0,15.01,15.12,2.0,2.0,-1.55,-1.72,-0.32,-0.31,5362.0,5362.0
14215.0,12.25,122.0,120.0,51.0,0.0,0.0,0.0,12.93,14.38,2.0,2.0,-1.34,-1.46,-0.05,-0.23,5697.0,5249.0
14220.0,12.249999999999943,123.0,118.0,75.0,0.0,0.0,0.0,9.37,13.61,2.0,2.0,-1.35,-1.7,0.23,-0.23,5715.0,5202.0
14225.0,12.250000000000284,124.0,117.0,86.0,23.0,0.0,0.0,4.82,11.84,2.0,2.0,-1.2,-0.79,0.36,-0.1,5891.0,5270.0
14230.0,12.250000000000227,126.0,117.0,90.0,59.0,0.0,0.0,0.64,8.47,2.0,2.0,-1.11,-1.63,0.46,0.1,5986.0,5363.0
14235.0,12.250000000000114,129.0,118.0,97.0,92.0,0.0,0.0,-1.24,3.03,2.0,2.0,-0.91,-0.91,0.61,0.38,6039.0,5389.0
14240.0,12.275000000000091,131.5,120.0,100.0,100.0,0.0,0.0,-1.705,-1.85,2.0,2.0,-0.525,-0.27,0.665,0.44,6147.5,5561.0
14245.0,12.300000000000125,135.0,123.0,100.0,100.0,0.0,0.0,-1.43,-1.3,2.0,2.0,-0.08,0.0,0.59,0.6,6202.0,5683.0
14250.0,12.300000000000011,137.0,126.0,100.0,100.0,0.0,0.0,-0.18,2.06,2.0,2.0,0.03,-0.13,0.61,0.5,6394.0,5917.0
14255.0,12.300000000000068,140.5,129.5,100.0,100.0,0.0,0.0,0.19,1.49,2.0,2.0,0.025,-0.2,0.55,0.645,6511.5,6030.5
14260.0,12.325000000000045,143.0,132.5,100.0,100.0,0.0,0.0,0.18,0.37,2.0,2.0,0.0,-0.22499999999999998,0.6,0.625,6548.0,6123.0
14265.0,12.325000000000045,145.0,136.0,100.0,100.0,0.0,0.0,0.19,-0.28,2.0,2.0,-0.005,-0.09,0.495,0.56,6727.5,6264.0
14270.0,12.350000000000023,148.0,139.0,100.0,100.0,0.0,0.0,0.38,-0.3,2.0,2.0,-0.04,-0.01,0.55,0.59,6775.0,6397.0
14275.0,12.350000000000023,150.0,141.5,100.0,100.0,0.0,0.0,0.91,-0.095,2.0,2.0,-0.105,0.025,0.565,0.605,6940.5,6542.0
14280.0,12.366666666666731,152.33333333333334,144.0,100.0,100.0,0.0,0.0,0.9633333333333333,0.09,2.0,2.0,-0.16,0.03,0.5366666666666667,0.57,6989.0,6615.0
14285.0,12.375000000000114,154.0,146.5,100.0,100.0,0.0,0.0,0.86,0.24,2.0,2.0,-0.21,0.015,0.53,0.565,7093.0,6722.5
14290.0,12.375000000000114,156.5,149.0,100.0,100.0,0.0,0.0,0.595,0.42,2.0,2.0,-0.20500000000000002,-0.01,0.48,0.53,7157.5,6838.0
14295.0,12.366666666666845,157.0,151.0,0.0,100.0,0.0,0.0,0.5333333333333333,0.45,0.0,2.0,-0.19,-0.06,-0.06999999999999999,0.53,6769.333333333333,6894.0
14300.0,12.375000000000227,159.0,153.5,100.0,100.0,0.0,0.0,0.28,-0.05500000000000002,3.0,2.0,-0.11,-0.015,0.53,0.515,5918.0,7010.0
14305.0,12.38333333333361,161.33333333333334,156.0,100.0,100.0,0.0,0.0,0.30333333333333334,-0.31,3.0,2.0,-0.10333333333333333,0.03,0.4866666666666667,0.49,5981.333333333333,7091.0
14310.0,12.375000000000057,162.5,157.0,100.0,100.0,0.0,0.0,0.38,-0.26,3.0,2.0,-0.09,0.04,0.475,0.46,6071.5,7175.0
14315.0,12.391666666666936,164.66666666666666,158.5,100.0,100.0,0.0,0.0,0.37,-0.42,3.0,3.0,-0.1,0.07500000000000001,0.48666666666666664,0.665,6118.333333333333,5918.0
14320.0,12.383333333333269,167.0,160.0,100.0,100.0,0.0,0.0,-0.02,-0.4033333333333333,3.0,3.0,-0.08,0.09,0.46,0.48,6211.0,5966.333333333333
14325.0,12.400000000000034,169.0,162.0,100.0,100.0,0.0,0.0,-0.57,-0.52,3.0,3.0,0.0,0.12,0.47,0.49,6260.0,6031.0
14330.0,12.400000000000091,170.0,164.0,100.0,100.0,0.0,0.0,-0.97,-1.17,3.0,3.0,0.09,0.21,0.52,0.5,6405.0,6170.0
14335.0,12.408333333333474,172.33333333333334,166.5,100.0,100.0,0.0,0.0,-0.9166666666666666,-0.275,3.0,3.0,0.16,0.21500000000000002,0.44666666666666666,0.46499999999999997,6372.666666666667,6155.0
14340.0,12.408333333333587,173.33333333333334,167.5,90.33333333333333,100.0,0.0,0.0,-0.76,0.765,3.0,3.0,0.22333333333333333,0.08,0.4333333333333333,0.47,6421.666666666667,6239.5
14345.0,12.408333333333417,174.0,169.66666666666666,17.0,71.66666666666667,35.5,0.0,-0.76,0.6066666666666667,3.0,3.0,0.235,-0.013333333333333332,-0.475,0.3666666666666667,6277.0,6241.666666666667
14350.0,12.425000000000182,170.0,169.0,0.0,0.0,67.5,69.0,-0.78,0.41,3.0,3.0,0.2,-0.08,-1.35,-1.32,6083.5,5962.0
14355.0,12.416666666666629,164.66666666666666,163.0,60.333333333333336,69.0,79.66666666666667,91.0,-1.3266666666666667,0.04,0.0,0.0,0.2866666666666667,-0.05,-1.59,-1.75,7065.0,7104.0
14360.0,12.416666666666686,158.0,154.66666666666666,0.0,0.0,78.0,97.66666666666667,-2.54,-1.1533333333333333,2.0,2.0,0.46,0.11,-1.79,-2.0733333333333333,6859.0,6708.0
14365.0,12.399999999999977,151.0,146.5,0.0,0.0,62.0,92.5,-3.975,-2.86,2.0,2.0,0.69,0.29,-1.4,-1.94,6577.0,6359.0
14370.0,12.441666666666777,146.0,138.0,0.0,0.0,38.66666666666667,53.0,-5.273333333333333,-5.12,2.0,2.0,0.8099999999999999,0.66,-0.98,-1.185,6392.0,6032.0
14375.0,12.425000000000011,142.5,134.0,0.0,0.0,11.5,32.0,-6.65,-7.14,2.0,2.0,0.9650000000000001,0.81,-0.505,-0.83,6267.0,5848.0
14380.0,12.425000000000068,140.0,130.5,0.0,0.0,0.0,16.0,-8.54,-9.05,2.0,2.0,1.13,1.04,-0.28,-0.615,6216.0,5748.5
14385.0,12.450000000000045,139.0,128.5,0.0,0.0,0.0,0.0,-10.39,-10.695,2.0,2.0,1.175,1.2349999999999999,-0.28500000000000003,-0.28,6151.5,5673.0
14390.0,12.475000000000023,138.0,126.5,0.0,0.0,0.0,0.0,-12.24,-12.254999999999999,2.0,2.0,1.42,1.37,-0.29,-0.27,6089.0,5595.5
14395.0,12.475000000000023,136.5,125.0,0.0,6.0,0.0,0.0,-13.61,-13.24,2.0,2.0,1.605,1.59,-0.29,-0.19,6021.5,5618.0
14400.0,12.475000000000136,134.5,125.0,0.0,23.0,0.0,0.0,-14.895,-14.49,2.0,2.0,1.685,1.64,-0.295,-0.04,5926.5,5604.0
14405.0,12.499999999999943,133.0,124.0,0.0,31.0,0.0,0.0,-15.82,-16.21,2.0,2.0,1.77,1.58,-0.3,0.0,5850.0,5607.0
14410.0,12.500000000000284,131.0,124.0,0.0,39.0,0.0,0.0,-17.09,-16.09,2.0,2.0,1.59,1.52,-0.3,0.02,5754.0,5638.0
14415.0,12.525000000000091,128.5,124.0,0.0,31.0,0.0,0.0,-18.564999999999998,-16.81,2.0,2.0,1.755,1.67,-0.3,0.01,5667.5,5615.0
14420.0,12.525000000000205,126.5,123.0,0.0,4.0,0.0,0.0,-19.34,-20.27,2.0,2.0,1.8199999999999998,1.74,-0.305,-0.17,5561.5,5508.0
14425.0,12.525000000000091,124.5,121.0,0.0,3.0,0.0,0.0,-19.33,-21.94,2.0,2.0,1.71,1.74,-0.295,-0.21,5466.0,5386.0
14430.0,12.525000000000034,122.0,120.0,0.0,6.0,0.0,0.0,-19.325,-21.94,2.0,2.0,1.69,1.7,-0.295,-0.18,5362.5,5366.0
14435.0,12.550000000000011,121.0,119.0,30.0,23.0,0.0,0.0,-19.0,-21.7,2.0,2.0,1.72,1.49,-0.1,-0.08,5502.0,5404.0
14440.0,12.549999999999955,120.0,118.0,67.0,51.0,0.0,0.0,-17.8,-19.15,2.0,2.0,1.98,1.79,0.09,0.11,5481.0,5392.0
14445.0,12.550000000000296,121.0,118.0,69.0,67.0,0.0,0.0,-15.67,-15.89,2.0,2.0,1.55,1.58,0.15,0.27,5557.0,5456.0
14450.0,12.550000000000182,121.0,119.0,68.0,77.0,0.0,0.0,-13.73,-11.16,2.0,2.0,1.9,1.75,0.23,0.35,5600.0,5574.0
14455.0,12.550000000000125,122.0,121.0,67.0,79.0,0.0,0.0,-11.09,-6.64,2.0,2.0,1.36,1.52,0.27,0.47,5678.0,5721.0
14460.0,12.550000000000011,123.0,122.0,66.0,78.0,0.0,0.0,-7.59,-5.0,2.0,2.0,1.75,1.65,0.43,0.54,5755.0,5880.0
14465.0,12.549999999999955,124.0,124.0,78.0,81.0,0.0,0.0,-2.6,-4.03,2.0,2.0,1.62,1.6,0.51,0.43,5872.0,5954.0
14470.0,12.525000000000318,126.0,126.0,87.0,86.5,0.0,0.0,-0.63,-2.09,2.0,2.0,1.42,1.635,0.52,0.51,5919.0,5936.5
14475.0,12.525000000000205,129.0,128.5,89.0,90.5,0.0,0.0,-0.25,0.92,2.0,2.0,0.95,1.1,0.49,0.49,6179.0,6055.5
14480.0,12.550000000000182,130.5,130.5,89.0,91.5,0.0,0.0,1.9100000000000001,4.1899999999999995,2.0,2.0,0.7150000000000001,0.5499999999999999,0.44000000000000006,0.565,6271.5,6121.0
14485.0,12.525000000000091,133.5,133.0,89.5,98.0,0.0,0.0,5.574999999999999,5.7,2.0,2.0,0.355,-0.06,0.505,0.58,6316.5,6166.0
14490.0,12.525000000000091,136.0,135.5,100.0,100.0,0.0,0.0,6.64,4.220000000000001,2.0,2.0,-0.35,-0.52,0.53,0.55,6210.0,6253.0
14495.0,12.550000000000068,138.5,138.5,100.0,100.0,0.0,0.0,4.5649999999999995,3.665,2.0,2.0,-0.66,-0.6000000000000001,0.405,0.515,6366.5,6347.0
14500.0,12.550000000000125,139.0,141.0,87.0,98.0,0.0,0.0,3.32,4.61,2.0,2.0,-0.62,-0.75,0.33,0.58,7115.0,6559.0
14505.0,12.524999999999977,141.0,142.5,88.0,98.0,0.0,0.0,3.15,4.9350000000000005,2.0,2.0,-0.76,-0.8,0.65,0.45,7133.0,6633.5
14510.0,12.525000000000034,143.0,145.0,95.0,100.0,0.0,0.0,2.325,4.02,2.0,2.0,-0.855,-0.97,0.605,0.57,6711.0,6715.0
14515.0,12.524999999999977,144.0,146.0,91.0,94.0,0.0,0.0,2.88,3.325,2.0,2.0,-0.64,-0.5549999999999999,0.23,0.245,7351.0,7115.0
14520.0,12.525000000000034,145.5,148.0,90.5,100.0,0.0,0.0,2.005,2.84,2.0,2.0,-1.315,-0.95,0.46,0.63,6878.5,6820.0
14525.0,12.524999999999977,147.0,150.0,84.0,92.0,0.0,0.0,1.94,3.215,2.0,2.0,-0.61,-0.775,0.41,0.51,7177.0,7203.0
14530.0,12.508333333333383,148.33333333333334,151.5,86.66666666666667,94.0,0.0,0.0,1.6233333333333333,3.205,2.0,2.0,-1.3366666666666667,-1.0,0.4366666666666667,0.41500000000000004,7114.666666666667,7137.5
14535.0,12.525000000000091,149.5,153.0,91.5,97.0,0.0,0.0,0.91,2.27,2.0,2.0,-1.415,-1.24,0.42500000000000004,0.42,7039.0,7117.0
14540.0,12.525000000000091,151.0,155.0,94.0,100.0,0.0,0.0,0.29,1.05,2.0,2.0,-1.19,-1.055,0.45,0.45,7062.0,7175.0
14545.0,12.50833333333344,152.5,155.0,94.5,59.33333333333333,0.0,0.0,-0.18999999999999997,0.49333333333333335,2.0,0.0,-1.045,-0.7266666666666667,0.49,0.33,7187.5,6446.0
14550.0,12.500000000000114,153.0,157.0,0.0,100.0,0.0,0.0,-1.36,-0.25,0.0,3.0,-0.81,-0.64,-0.07,0.51,6618.0,5885.0
14555.0,12.516666666666879,155.0,159.33333333333334,100.0,100.0,0.0,0.0,-1.68,-0.023333333333333345,3.0,3.0,-0.4,-0.3733333333333333,0.57,0.49333333333333335,5809.0,5956.333333333333
14560.0,12.500000000000227,157.5,161.5,93.5,98.0,0.0,0.0,-0.79,1.185,3.0,3.0,-0.035,-0.195,0.38,0.37,6148.5,6113.0
14565.0,12.50000000000017,159.33333333333334,162.66666666666666,97.66666666666667,94.33333333333333,0.0,0.0,0.37,2.0966666666666667,3.0,3.0,0.08333333333333333,-0.3,0.8233333333333334,0.5933333333333333,6054.0,6276.333333333333
14570.0,12.500000000000284,162.0,165.0,100.0,100.0,0.0,0.0,0.93,1.43,3.0,3.0,0.0,-0.56,0.51,0.48,6013.0,6135.0
14575.0,12.499999999999943,163.0,167.0,100.0,100.0,0.0,0.0,0.81,1.0,3.0,3.0,-0.06,-0.51,0.52,0.49,6081.0,6199.0
14580.0,12.491666666666788,165.5,169.0,100.0,100.0,0.0,0.0,0.375,0.7866666666666667,3.0,3.0,-0.12,-0.4366666666666667,0.51,0.49,6154.5,6256.0
14585.0,12.5,167.5,170.5,100.0,100.0,0.0,0.0,-0.5,0.49,3.0,3.0,-0.05,-0.315,0.49,0.48,6226.0,6334.5
14590.0,12.491666666666731,169.66666666666666,172.0,100.0,100.0,0.0,0.0,-1.7033333333333334,-0.175,3.0,3.0,0.11666666666666665,-0.2,0.49666666666666665,0.46499999999999997,6301.333333333333,6406.5
14595.0,12.475000000000136,171.0,174.5,100.0,100.0,0.0,0.0,-2.54,-1.22,3.0,3.0,0.18,-0.04,0.43,0.45,6389.0,6477.0
14600.0,12.483333333333576,173.0,175.66666666666666,100.0,100.0,0.0,0.0,-3.22,-2.013333333333333,3.0,3.0,0.5,0.14666666666666667,0.55,0.5466666666666666,6573.0,6717.333333333333
14605.0,12.483333333333633,175.0,177.66666666666666,100.0,100.0,0.0,0.0,-2.51,-2.71,3.0,3.0,0.72,0.42999999999999994,0.47,0.5,6480.0,6578.666666666667
14610.0,12.483333333333292,176.0,179.0,100.0,100.0,0.0,0.0,-2.0,-3.546666666666667,3.0,3.0,0.54,0.6266666666666667,0.44,0.48666666666666664,6581.0,6653.0
14615.0,12.483333333333348,178.0,180.66666666666666,100.0,100.0,0.0,0.0,-2.02,-3.9133333333333336,3.0,3.0,0.5,0.63,0.45,0.43,6709.0,6776.0
14620.0,12.483333333333462,180.0,182.66666666666666,100.0,100.0,0.0,0.0,-2.03,-4.116666666666666,3.0,3.0,0.67,1.01,0.49,0.5066666666666667,6678.0,6798.666666666667
14625.0,12.483333333333576,181.0,183.66666666666666,100.0,100.0,0.0,0.0,-2.48,-4.2,3.0,3.0,0.73,1.12,0.47,0.47000000000000003,6714.0,6821.0
14630.0,12.483333333333633,183.0,185.66666666666666,100.0,100.0,0.0,0.0,-3.66,-4.716666666666667,3.0,3.0,0.59,0.8633333333333334,0.42,0.45333333333333337,6812.0,6881.666666666667
14635.0,12.474999999999909,184.0,186.5,100.0,100.0,0.0,0.0,-4.09,-5.605,3.0,3.0,0.76,0.965,0.51,0.53,6921.0,7022.5
14640.0,12.475000000000023,186.0,188.5,100.0,100.0,0.0,0.0,-4.09,-5.73,3.0,3.0,0.85,1.155,0.45,0.48,6911.0,6991.0
14645.0,12.466666666666754,188.0,190.0,100.0,100.0,0.0,0.0,-4.14,-5.0633333333333335,3.0,3.0,0.78,0.9266666666666666,0.47,0.42,7088.0,7108.333333333333
14650.0,12.483333333333462,188.66666666666666,191.33333333333334,100.0,100.0,0.0,0.0,-4.14,-4.78,3.0,3.0,1.0366666666666666,1.0766666666666667,0.4433333333333333,0.4433333333333333,7090.0,7163.0
14655.0,12.466666666666868,190.0,192.0,0.0,0.0,0.0,0.0,-4.14,-4.78,0.0,0.0,1.57,1.51,-0.12333333333333335,-0.01,6801.666666666667,7120.0
14660.0,12.46666666666664,190.66666666666666,193.0,100.0,100.0,0.0,0.0,-4.14,-4.78,4.0,4.0,1.35,1.47,0.4766666666666667,0.72,5900.666666666667,5887.0
14665.0,12.475000000000136,192.0,194.0,100.0,100.0,0.0,0.0,-4.135,-4.64,4.0,4.0,0.9750000000000001,1.19,0.43000000000000005,0.44,5860.5,5908.0
14670.0,12.466666666666924,193.33333333333334,195.0,100.0,100.0,0.0,0.0,-3.9499999999999997,-4.07,4.0,4.0,1.0066666666666666,1.1366666666666667,0.33666666666666667,0.42,5939.666666666667,5979.666666666667
14675.0,12.466666666666697,195.0,196.66666666666666,100.0,100.0,0.0,0.0,-3.81,-3.4033333333333333,4.0,4.0,1.1866666666666665,1.14,0.42666666666666664,0.44,5933.0,5980.666666666667
14680.0,12.466666666666697,196.0,198.0,100.0,100.0,0.0,0.0,-3.8,-3.39,4.0,4.0,1.24,1.2,0.44,0.47333333333333333,5931.0,6007.333333333333
14685.0,12.466666666666754,197.0,199.33333333333334,100.0,100.0,0.0,0.0,-2.88,-3.5566666666666666,4.0,4.0,1.06,1.1766666666666665,0.45,0.44,5971.0,6019.333333333333
14690.0,12.46666666666681,198.66666666666666,200.0,100.0,100.0,0.0,0.0,-2.2633333333333336,-3.64,4.0,4.0,0.8766666666666667,1.03,0.43666666666666665,0.4,6023.333333333333,6063.0
14695.0,12.475000000000136,200.0,202.0,100.0,100.0,0.0,0.0,-2.63,-3.06,4.0,4.0,0.7849999999999999,0.91,0.435,0.42,6071.0,6121.0
14700.0,12.466666666666754,201.33333333333334,203.0,100.0,100.0,0.0,0.0,-3.9099999999999997,-3.31,4.0,4.0,0.77,0.9366666666666666,0.44333333333333336,0.44333333333333336,6127.666666666667,6166.0
14705.0,12.466666666666868,203.0,204.33333333333334,100.0,100.0,0.0,0.0,-5.3,-4.666666666666667,4.0,4.0,0.88,0.9,0.41,0.39999999999999997,6170.0,6221.333333333333
14710.0,12.450000000000273,204.0,206.0,100.0,100.0,0.0,0.0,-6.01,-5.9,4.0,4.0,0.97,1.14,0.39,0.45,6206.0,6252.0
14715.0,12.46666666666664,205.0,207.0,99.66666666666667,97.0,0.0,0.0,-6.11,-6.47,4.0,4.0,1.4233333333333333,1.28,0.44999999999999996,0.39,6242.666666666667,6324.0
14720.0,12.466666666666868,206.33333333333334,208.0,98.66666666666667,97.33333333333333,0.0,0.0,-6.28,-6.416666666666666,4.0,4.0,1.6333333333333333,1.59,0.4,0.41333333333333333,6263.333333333333,6323.0
14725.0,12.466666666666924,207.0,209.0,98.0,99.33333333333333,0.0,0.0,-6.69,-6.003333333333334,4.0,4.0,1.64,1.6333333333333333,0.4,0.43666666666666665,6266.0,6328.666666666667
14730.0,12.449999999999932,208.0,210.0,91.0,98.0,0.0,0.0,-7.4,-5.41,4.0,4.0,1.3,1.07,0.34,0.36,6382.0,6425.0
14735.0,12.450000000000102,209.66666666666666,211.0,91.0,99.0,0.0,0.0,-7.75,-5.426666666666667,4.0,4.0,1.7,1.2466666666666668,0.38,0.4666666666666667,6338.333333333333,6442.333333333333
14740.0,12.450000000000216,210.0,212.33333333333334,95.0,100.0,0.0,0.0,-7.696666666666667,-5.95,4.0,4.0,2.003333333333333,1.7633333333333334,0.37666666666666665,0.43333333333333335,6342.666666666667,6420.333333333333
14745.0,12.466666666666583,211.0,213.33333333333334,95.0,100.0,0.0,0.0,-7.4,-6.553333333333333,4.0,4.0,1.64,1.8166666666666667,0.35,0.38333333333333336,6373.0,6421.666666666667
14750.0,12.466666666666754,212.0,214.0,93.0,100.0,0.0,0.0,-7.39,-6.63,4.0,4.0,1.5033333333333334,1.36,0.33666666666666667,0.5,6432.666666666667,6480.0
14755.0,12.466666666666924,213.0,215.0,95.33333333333333,88.0,0.0,0.0,-7.3533333333333335,-7.026666666666666,4.0,4.0,1.9866666666666668,1.2766666666666666,0.37,0.16333333333333333,6437.666666666667,6809.666666666667
14760.0,12.466666666666583,214.0,216.0,100.0,94.0,0.0,0.0,-6.79,-6.636666666666667,4.0,4.0,2.4,2.436666666666667,0.32,0.6133333333333334,6429.0,6590.333333333333
14765.0,12.450000000000045,214.0,216.0,100.0,100.0,0.0,0.0,-5.81,-5.9,4.0,4.0,1.97,2.48,0.32,0.23,6475.0,6487.0
14770.0,12.45000000000016,215.66666666666666,216.66666666666666,100.0,100.0,0.0,0.0,-4.75,-5.323333333333333,4.0,4.0,1.9133333333333333,1.75,0.3566666666666667,0.37,6511.666666666667,6540.0
14775.0,12.449999999999989,216.33333333333334,217.33333333333334,100.0,100.0,0.0,0.0,-4.02,-4.69,4.0,4.0,1.8233333333333333,1.8499999999999999,0.3566666666666667,0.36,6515.666666666667,6566.333333333333
14780.0,12.450000000000045,217.0,218.0,100.0,100.0,0.0,0.0,-3.41,-3.47,4.0,4.0,1.46,1.59,0.31,0.35,6571.0,6585.0
14785.0,12.45000000000016,218.0,219.0,100.0,100.0,0.0,0.0,-2.3066666666666666,-2.5900000000000003,4.0,4.0,1.5066666666666666,1.4333333333333333,0.35666666666666663,0.35333333333333333,6571.0,6620.0
14790.0,12.46249999999992,219.0,220.25,100.0,100.0,0.0,0.0,-1.33,-1.9149999999999998,4.0,4.0,1.41,1.3675,0.34,0.35000000000000003,6576.0,6630.25
14795.0,12.450000000000102,219.66666666666666,221.0,100.0,100.0,0.0,0.0,0.4133333333333334,-1.2033333333333334,4.0,4.0,0.7966666666666667,1.0566666666666666,0.32666666666666666,0.3466666666666667,6611.0,6646.0
14800.0,12.450000000000216,220.33333333333334,222.0,100.0,100.0,0.0,0.0,1.7166666666666666,-0.3766666666666667,4.0,4.0,0.38666666666666666,0.7266666666666667,0.3233333333333333,0.34,6653.0,6691.666666666667
14805.0,12.449999999999932,222.0,223.0,100.0,100.0,0.0,0.0,2.54,0.82,4.0,4.0,-0.05,0.45,0.33,0.34,6657.0,6701.0
14810.0,12.450000000000102,222.66666666666666,224.0,100.0,100.0,0.0,0.0,2.3133333333333335,1.8666666666666665,4.0,4.0,-0.3933333333333333,0.09333333333333332,0.32,0.33999999999999997,6690.666666666667,6731.333333333333
14815.0,12.450000000000216,223.33333333333334,225.0,100.0,100.0,0.0,0.0,1.8299999999999998,2.43,4.0,4.0,-0.63,-0.31666666666666665,0.32,0.32666666666666666,6705.0,6744.666666666667
14820.0,12.449999999999932,224.0,226.0,100.0,100.0,0.0,0.0,1.48,2.52,4.0,4.0,-0.68,-0.62,0.33,0.32,6728.0,6770.0
14825.0,12.441666666666777,225.0,226.5,100.0,100.0,0.0,0.0,1.5033333333333334,2.785,4.0,4.0,-0.6,-0.725,0.29666666666666663,0.295,6770.0,6807.0
14830.0,12.450000000000273,226.0,227.0,100.0,100.0,0.0,0.0,1.83,3.13,4.0,4.0,-0.54,-0.76,0.27,0.32,6809.0,6842.0
14835.0,12.449999999999989,226.66666666666666,228.0,100.0,100.0,0.0,0.0,2.5833333333333335,3.0933333333333333,4.0,4.0,-0.7166666666666667,-0.8833333333333333,0.30333333333333334,0.29333333333333333,6860.0,6904.0
14840.0,12.45000000000016,227.33333333333334,229.0,100.0,100.0,0.0,0.0,1.8766666666666665,2.09,4.0,4.0,-1.01,-1.2333333333333334,0.27,0.31666666666666665,6826.666666666667,6878.0
14845.0,12.437500000000284,228.0,229.75,100.0,100.0,0.0,0.0,0.76,1.1375,4.0,4.0,-0.86,-1.1400000000000001,0.27,0.295,6829.0,6880.75
14850.0,12.441666666666663,229.0,230.33333333333334,100.0,100.0,0.0,0.0,0.13,0.23666666666666666,4.0,4.0,-0.44,-0.6933333333333334,0.22999999999999998,0.26666666666666666,6898.0,6911.666666666667
14855.0,12.450000000000216,230.0,231.0,100.0,100.0,0.0,0.0,0.11,0.09,4.0,4.0,-0.37,-0.48,0.26,0.25,6945.0,6972.0
14860.0,12.44166666666689,230.66666666666666,232.0,100.0,100.0,0.0,0.0,-0.003333333333333341,0.16,4.0,4.0,-0.26,-0.36,0.25,0.275,6924.333333333333,6969.0
14865.0,12.437500000000057,231.25,233.0,100.0,100.0,0.0,0.0,-0.1075,0.26,4.0,4.0,-0.1275,-0.24,0.2325,0.26,6970.5,7008.0
14870.0,12.45000000000016,232.0,233.66666666666666,100.0,100.0,0.0,0.0,-0.1,0.37666666666666665,4.0,4.0,-0.07,-0.19666666666666666,0.26333333333333336,0.26666666666666666,6982.666666666667,7026.0
14875.0,12.43333333333345,232.33333333333334,234.0,100.0,100.0,0.0,0.0,-0.19333333333333336,0.37,4.0,4.0,-0.02666666666666667,-0.17,0.23666666666666666,0.26,7008.666666666667,7040.0
14880.0,12.43333333333345,233.0,234.66666666666666,100.0,100.0,0.0,0.0,-0.68,-0.04999999999999993,4.0,4.0,0.04,-0.08333333333333334,0.23,0.24666666666666667,7055.0,7077.333333333333
14885.0,12.445833333333326,234.0,235.25,100.0,97.0,0.0,0.0,-0.9333333333333333,-1.42,4.0,4.0,0.10333333333333333,0.005000000000000001,0.26333333333333336,0.19,7082.666666666667,7162.25
14890.0,12.433333333333394,235.0,236.0,100.0,81.0,0.0,0.0,-0.84,-2.126666666666667,4.0,4.0,0.25,0.20333333333333337,0.28,0.21333333333333332,7082.0,7116.666666666667
14895.0,12.441666666666833,235.5,236.33333333333334,100.0,68.33333333333333,0.0,0.0,-0.72,-1.6933333333333334,4.0,4.0,0.30500000000000005,0.4433333333333333,0.255,0.14666666666666667,7049.0,7051.0
14900.0,12.437499999999943,236.0,237.0,100.0,60.0,0.0,0.0,-0.96,-1.2625,4.0,4.0,0.28,0.4175,0.24,0.10500000000000001,7092.0,7077.5
14905.0,12.433333333333394,236.66666666666666,237.0,100.0,53.666666666666664,0.0,0.0,-1.2133333333333334,-1.34,4.0,4.0,0.42333333333333334,0.48666666666666664,0.25333333333333335,0.11,7118.666666666667,7118.0
14910.0,12.450000000000273,237.0,237.0,100.0,50.0,0.0,0.0,-1.21,-1.25,4.0,4.0,0.48,0.69,0.21,0.09,7112.0,7076.0
14915.0,12.43333333333328,238.0,237.33333333333334,69.0,38.333333333333336,0.0,0.0,-0.5533333333333333,-0.42,4.0,4.0,0.4033333333333333,0.5166666666666666,0.14666666666666667,0.05,7106.666666666667,7072.666666666667
14920.0,12.450000000000216,238.0,237.0,18.0,11.0,0.0,0.0,-0.1,0.5,4.0,4.0,0.11,0.15,-0.01,-0.06,7093.0,7043.0
14925.0,12.433333333333564,238.0,237.0,0.0,0.0,0.0,0.0,-0.1,0.49333333333333335,4.0,4.0,0.02,0.02,-0.10666666666666667,-0.1,6966.333333333333,6914.0
14930.0,12.450000000000102,238.0,237.0,0.0,0.0,17.0,0.0,0.01,0.74,4.0,4.0,0.02,0.02,0.0,0.0,6674.0,6650.0
14935.0,12.441666666666777,238.0,237.0,0.0,0.0,53.0,28.5,0.6699999999999999,1.1749999999999998,4.0,4.0,0.02,0.02,0.06333333333333334,0.05,5927.0,6258.5
14940.0,12.437500000000114,237.75,237.0,0.0,0.0,66.0,59.0,1.9325,1.55,4.0,4.0,0.0024999999999999988,0.02,-0.2725000000000001,0.09,4867.5,5497.0
14945.0,12.441666666666777,233.66666666666666,234.5,0.0,0.0,74.0,72.5,3.013333333333333,1.87,4.0,4.0,-0.13,-0.24000000000000002,-2.493333333333333,-1.43,3977.6666666666665,4527.0
14950.0,12.433333333333337,225.33333333333334,228.0,0.0,0.0,75.0,97.0,4.57,1.99,4.0,4.0,-0.3633333333333333,-0.52,-3.2366666666666664,-3.08,5389.333333333333,4331.0
14955.0,12.433333333333394,216.0,218.0,0.0,0.0,75.0,99.33333333333333,4.81,2.5933333333333333,4.0,4.0,-0.74,-0.76,-1.94,-3.86,6352.0,6440.0
14960.0,12.43333333333345,212.0,211.0,46.0,0.0,72.66666666666667,100.0,4.453333333333333,3.4633333333333334,4.0,4.0,-1.0899999999999999,-0.6633333333333333,-1.6366666666666667,-2.0,6828.0,6087.666666666667
14965.0,12.449999999999989,206.0,202.66666666666666,0.0,0.0,65.66666666666667,98.0,4.556666666666667,4.976666666666667,3.0,4.0,-1.2033333333333334,-0.99,-1.7066666666666666,-2.456666666666667,7287.333333333333,5894.0
14970.0,12.43333333333345,201.0,197.0,0.0,0.0,56.333333333333336,93.0,5.5,5.6,3.0,4.0,-1.25,-0.94,-1.28,-1.71,7167.0,5691.0
14975.0,12.450000000000102,197.0,189.0,0.0,0.0,42.0,83.0,6.67,6.85,3.0,4.0,-1.8,-1.59,-1.13,-1.76,7055.0,5492.0
14980.0,12.450000000000216,194.0,185.0,0.0,69.0,29.0,72.0,8.03,7.34,3.0,0.0,-1.88,-1.55,-0.85,-1.46,6933.0,6304.0
14985.0,12.466666666666868,191.33333333333334,180.0,0.0,0.0,20.666666666666668,41.0,9.19,7.91,3.0,3.0,-1.4433333333333334,-1.28,-0.6466666666666666,-0.93,6818.333333333333,6352.0
14990.0,12.46666666666664,189.33333333333334,177.0,0.0,0.0,4.666666666666667,10.0,9.64,8.92,3.0,3.0,-1.5733333333333333,-1.44,-0.44000000000000006,-0.61,6773.0,6327.0
14995.0,12.466666666666754,188.0,176.0,11.333333333333332,0.0,0.0,0.0,9.423333333333334,9.47,3.0,3.0,-1.89,-1.69,-0.20666666666666667,-0.26,6793.666666666667,6327.0
15000.0,12.475000000000193,187.0,175.0,39.0,16.0,0.0,0.0,9.495000000000001,9.54,3.0,3.0,-1.645,-1.51,-0.06,-0.09,6834.0,6340.0
15005.0,12.47500000000008,186.5,174.0,51.0,26.0,0.0,0.0,10.295000000000002,10.76,3.0,3.0,-1.8900000000000001,-1.63,-0.02,-0.05,6834.0,6361.0
15010.0,12.483333333333405,186.0,174.0,61.333333333333336,32.0,0.0,0.0,11.013333333333334,12.74,3.0,3.0,-2.046666666666667,-1.87,0.0,-0.07,6823.666666666667,6340.0
15015.0,12.500000000000057,186.0,173.0,70.33333333333333,39.0,0.0,0.0,11.586666666666666,14.723333333333334,3.0,3.0,-2.273333333333333,-2.2266666666666666,0.03333333333333333,-0.05,6818.0,6324.666666666667
15020.0,12.50000000000017,186.0,172.66666666666666,72.66666666666667,44.0,0.0,0.0,11.826666666666666,15.42,3.0,3.0,-2.216666666666667,-2.28,0.03666666666666667,-0.026666666666666665,6818.0,6311.666666666667
15025.0,12.50833333333361,186.0,172.0,68.0,57.5,0.0,0.0,12.366666666666667,14.969999999999999,3.0,3.0,-1.97,-2.1399999999999997,0.07333333333333333,0.035,6838.333333333333,6329.5
15030.0,12.524999999999977,186.0,172.0,60.0,63.5,0.0,0.0,12.81,13.629999999999999,3.0,3.0,-1.73,-1.8599999999999999,0.08,0.04,6896.0,6377.0
15035.0,12.524999999999977,186.0,172.0,55.0,70.0,0.0,0.0,12.82,11.555,3.0,3.0,-2.17,-1.9249999999999998,0.08,0.10500000000000001,6880.0,6398.5
15040.0,12.533333333333474,185.0,172.0,55.0,75.0,0.0,0.0,12.85,9.469999999999999,3.0,3.0,-2.41,-2.2133333333333334,0.07,0.17,6844.0,6382.333333333333
15045.0,12.550000000000182,185.0,172.0,53.0,85.0,0.0,0.0,13.39,7.19,3.0,3.0,-2.26,-2.04,0.07,0.22,6835.0,6390.0
15050.0,12.550000000000296,185.0,173.0,40.0,88.0,0.0,0.0,14.69,6.86,3.0,3.0,-1.85,-1.77,0.05,0.33,6835.0,6451.0
15055.0,12.549999999999955,184.0,173.0,0.0,90.0,0.0,0.0,15.67,6.6,3.0,3.0,-1.98,-1.65,-0.18,0.3,6646.0,6508.0
15060.0,12.550000000000011,183.0,174.0,0.0,94.0,0.0,0.0,15.69,6.43,3.0,3.0,-2.05,-1.71,-0.34,0.37,6558.0,6499.0
15065.0,12.550000000000125,181.0,175.0,0.0,92.0,0.0,0.0,15.69,7.02,3.0,3.0,-1.71,-1.5,-0.32,0.32,6491.0,6574.0
15070.0,12.550000000000182,179.0,176.0,0.0,90.0,0.0,0.0,15.81,7.8,3.0,3.0,-2.09,-1.53,-0.35,0.32,6444.0,6572.0
15075.0,12.566666666666947,178.0,177.0,0.0,85.66666666666667,0.0,0.0,16.1,8.383333333333333,3.0,3.0,-1.82,-1.54,-0.32,0.26,6374.0,6610.666666666667
15080.0,12.566666666666606,176.0,178.0,0.0,88.0,0.0,0.0,16.1,7.363333333333333,3.0,3.0,-1.67,-1.5666666666666667,-0.31,0.30000000000000004,6327.0,6671.0
15085.0,12.566666666666663,175.0,179.0,0.0,91.33333333333333,0.0,0.0,15.94,6.836666666666667,3.0,3.0,-2.15,-1.85,-0.34,0.33666666666666667,6270.0,6671.666666666667
15090.0,12.566666666666777,173.0,179.33333333333334,22.0,90.33333333333333,0.0,0.0,15.58,7.776666666666666,3.0,3.0,-2.09,-1.93,-0.21,0.31333333333333335,6330.0,6674.0
15095.0,12.550000000000125,172.0,180.0,61.333333333333336,85.66666666666667,0.0,0.0,15.133333333333335,9.486666666666666,3.0,3.0,-1.67,-1.51,0.04,0.27666666666666667,6389.0,6701.666666666667
15100.0,12.550000000000239,172.0,181.0,76.66666666666667,81.0,0.0,0.0,14.69,10.386666666666667,3.0,3.0,-1.85,-1.3966666666666667,0.11333333333333334,0.26,6378.0,6801.333333333333
15105.0,12.541666666666742,172.0,181.33333333333334,80.0,81.66666666666667,0.0,0.0,13.825,10.766666666666666,3.0,3.0,-1.6749999999999998,-1.8066666666666666,0.155,0.25333333333333335,6431.0,6802.0
15110.0,12.5416666666668,172.0,182.0,77.5,80.33333333333333,0.0,0.0,13.120000000000001,10.78,3.0,3.0,-1.905,-1.91,0.14,0.23666666666666666,6466.0,6802.333333333333
15115.0,12.541666666666686,173.0,182.33333333333334,80.0,79.66666666666667,0.0,0.0,12.260000000000002,10.756666666666666,3.0,3.0,-2.1950000000000003,-2.24,0.22999999999999998,0.2566666666666667,6422.0,6781.666666666667
15120.0,12.53333333333336,173.0,183.0,76.33333333333333,78.66666666666667,0.0,0.0,11.26,10.316666666666666,3.0,3.0,-1.6133333333333333,-1.6566666666666667,0.23,0.20333333333333334,6596.0,6839.666666666667
15125.0,12.533333333333474,173.66666666666666,183.0,77.66666666666667,77.33333333333333,0.0,0.0,9.51,9.783333333333333,3.0,3.0,-1.7433333333333334,-1.7366666666666666,0.26,0.25333333333333335,6497.0,6866.333333333333
15130.0,12.500000000000227,174.0,184.0,84.0,78.0,0.0,0.0,6.83,9.52,3.0,3.0,-1.43,-1.71,0.31,0.2,6609.0,6866.0
15135.0,12.500000000000284,175.0,184.0,94.0,79.0,0.0,0.0,4.55,8.47,3.0,3.0,-1.67,-1.84,0.39,0.26,6631.0,6885.0
15140.0,12.499999999999943,176.0,184.0,100.0,87.0,0.0,0.0,2.58,6.58,3.0,3.0,-1.5,-1.72,0.38,0.28,6628.0,6895.0
15145.0,12.5,177.0,185.0,100.0,95.0,0.0,0.0,2.29,4.49,3.0,3.0,-1.73,-1.74,0.48,0.34,6664.0,6967.0
15150.0,12.500000000000114,178.0,186.0,100.0,98.0,0.0,0.0,2.09,2.71,3.0,3.0,-1.38,-1.64,0.37,0.33,6658.0,6955.0
15155.0,12.500000000000227,179.0,187.0,100.0,69.0,0.0,0.0,0.76,-0.06,3.0,3.0,-1.12,-1.52,0.36,0.26,6674.0,6897.0
15160.0,12.500000000000284,181.0,187.0,100.0,54.0,0.0,0.0,-2.41,-2.45,3.0,3.0,-0.51,-0.89,0.37,0.17,6678.0,6874.0
15165.0,12.483333333333292,182.0,187.66666666666666,100.0,57.333333333333336,0.0,0.0,-4.74,-3.36,3.0,3.0,0.12,-0.19666666666666666,0.33,0.18333333333333335,6773.0,6900.333333333333
15170.0,12.483333333333348,183.0,188.0,100.0,56.0,0.0,0.0,-5.08,-3.66,3.0,3.0,0.74,0.45,0.35,0.18,6832.0,6930.0
15175.0,12.483333333333462,184.0,189.0,100.0,44.0,0.0,0.0,-4.73,-4.246666666666667,3.0,3.0,0.87,0.6233333333333333,0.34,0.13666666666666666,6819.0,6915.333333333333
15180.0,12.47500000000025,185.0,189.0,88.0,19.5,0.0,0.0,-4.89,-6.405,3.0,3.0,0.65,0.635,0.11,0.010000000000000002,7349.0,6978.5
15185.0,12.47500000000025,186.0,189.0,99.0,5.0,0.0,0.0,-4.98,-7.18,3.0,3.0,0.89,1.0350000000000001,0.29,-0.09,6986.0,6840.5
15190.0,12.466666666666583,187.0,188.0,92.0,0.0,0.0,0.0,-5.4,-8.06,3.0,3.0,0.66,0.7666666666666666,0.33,-0.23333333333333334,7134.0,6766.666666666667
15195.0,12.483333333333405,187.0,187.0,88.33333333333333,0.0,0.0,0.0,-5.903333333333333,-9.363333333333333,3.0,3.0,0.5433333333333333,0.82,0.03666666666666667,-0.21333333333333335,7378.666666666667,6679.0
15200.0,12.483333333333462,188.0,186.66666666666666,28.66666666666667,11.333333333333332,0.0,0.0,-6.46,-9.813333333333333,3.0,3.0,1.1166666666666667,1.0066666666666668,0.023333333333333317,-0.14,6855.666666666667,6754.0
15205.0,12.46666666666681,187.66666666666666,186.0,81.33333333333333,37.0,0.0,0.0,-6.843333333333334,-10.9,4.0,3.0,0.5366666666666666,0.82,0.12666666666666665,0.08,6163.0,6845.0
15210.0,12.475000000000136,188.5,187.0,74.0,49.0,0.0,0.0,-7.484999999999999,-11.99,4.0,3.0,1.2650000000000001,1.16,0.375,0.18,6063.0,7038.0
15215.0,12.475000000000023,189.5,187.0,90.0,79.0,0.0,0.0,-6.845,-12.16,4.0,3.0,1.225,1.18,0.28,0.18,5808.0,6898.0
15220.0,12.483333333333519,190.33333333333334,188.0,88.66666666666667,86.0,0.0,0.0,-6.303333333333333,-12.53,4.0,3.0,1.0666666666666667,1.43,0.3433333333333333,0.31,5930.666666666667,6994.0
15225.0,12.483333333333576,191.33333333333334,189.0,96.0,86.0,0.0,0.0,-7.226666666666667,-12.58,4.0,3.0,1.3166666666666667,2.03,0.30333333333333334,0.31,5852.0,6983.0
15230.0,12.483333333333292,192.0,189.0,98.0,83.0,0.0,0.0,-8.0,-12.29,4.0,3.0,1.48,2.1833333333333336,0.23,0.2833333333333333,5865.0,7018.666666666667
15235.0,12.483333333333348,193.0,190.0,98.0,82.0,0.0,0.0,-8.08,-11.373333333333333,4.0,3.0,1.71,1.7966666666666669,0.34,0.3,5812.0,7031.333333333333
15240.0,12.483333333333462,194.0,190.0,91.0,76.66666666666667,0.0,0.0,-8.15,-10.436666666666666,4.0,3.0,1.49,1.69,0.32,0.22999999999999998,5934.0,7135.333333333333
15245.0,12.491666666666845,195.0,191.0,90.33333333333333,79.0,0.0,0.0,-8.426666666666666,-9.125,4.0,3.0,1.7433333333333334,1.9500000000000002,0.30333333333333334,0.28,5909.666666666667,7076.5
15250.0,12.491666666666788,195.5,191.33333333333334,84.0,82.66666666666667,0.0,0.0,-9.254999999999999,-7.5,4.0,3.0,1.855,1.9166666666666667,0.26,0.29,5956.0,7152.333333333333
15255.0,12.500000000000057,196.0,192.0,84.0,93.66666666666667,0.0,0.0,-9.396666666666667,-5.956666666666666,4.0,3.0,2.3,2.2066666666666666,0.24000000000000002,0.3433333333333333,5938.0,7113.0
15260.0,12.483333333333519,197.0,193.0,83.66666666666667,100.0,0.0,0.0,-8.296666666666667,-4.7,4.0,3.0,1.63,1.72,0.24,0.34,5992.666666666667,7136.0
15265.0,12.500000000000284,197.0,194.0,85.0,100.0,0.0,0.0,-7.15,-3.32,4.0,3.0,1.51,1.41,0.3,0.31,6066.0,7191.0
15270.0,12.499999999999943,198.0,194.0,90.0,0.0,0.0,0.0,-6.09,-2.24,4.0,0.0,2.01,1.53,0.32,-0.11,6047.0,6913.0
15275.0,12.500000000000057,198.0,194.66666666666666,94.0,100.0,0.0,0.0,-5.503333333333333,-1.72,4.0,4.0,2.1,1.17,0.29666666666666663,0.35000000000000003,6039.0,6003.0
15280.0,12.508333333333553,199.0,195.66666666666666,99.5,100.0,0.0,0.0,-4.640000000000001,-1.4866666666666666,4.0,4.0,1.885,0.8300000000000001,0.32999999999999996,0.37,6048.0,5917.666666666667
15285.0,12.5,200.0,197.0,100.0,100.0,0.0,0.0,-2.8866666666666667,-1.4366666666666668,4.0,4.0,1.7133333333333334,0.73,0.36333333333333334,0.37,6102.0,5943.333333333333
15290.0,12.516666666666652,201.0,198.33333333333334,100.0,100.0,0.0,0.0,-1.47,-0.99,4.0,4.0,1.43,0.5266666666666667,0.34,0.3466666666666667,6071.0,5983.666666666667
15295.0,12.500000000000114,202.0,199.0,100.0,100.0,0.0,0.0,-0.31,-0.35,4.0,4.0,1.17,0.45,0.4,0.38,6115.0,6005.0
15300.0,12.516666666666822,202.66666666666666,200.0,100.0,100.0,0.0,0.0,0.23666666666666666,-0.12,4.0,4.0,0.7466666666666667,0.26,0.31333333333333335,0.36,6102.0,6039.0
15305.0,12.508333333333496,203.5,201.66666666666666,100.0,100.0,0.0,0.0,0.565,-0.14666666666666667,4.0,4.0,0.33999999999999997,0.18000000000000002,0.32,0.3466666666666667,6157.5,6085.0
15310.0,12.500000000000057,204.33333333333334,202.33333333333334,100.0,100.0,0.0,0.0,0.51,-0.5833333333333333,4.0,4.0,0.09666666666666666,0.15000000000000002,0.29666666666666663,0.33666666666666667,6184.333333333333,6120.666666666667
15315.0,12.516666666666879,206.0,204.0,100.0,100.0,0.0,0.0,0.45,-1.7533333333333332,4.0,4.0,-0.02,0.24666666666666667,0.34,0.33666666666666667,6216.0,6155.333333333333
15320.0,12.516666666666879,206.66666666666666,205.0,100.0,100.0,0.0,0.0,-0.1933333333333333,-2.1,4.0,4.0,-0.023333333333333334,0.45,0.32333333333333336,0.38,6248.333333333333,6213.0
15325.0,12.5,207.66666666666666,205.66666666666666,100.0,100.0,0.0,0.0,-0.9133333333333333,-2.013333333333333,4.0,4.0,0.039999999999999994,0.44,0.32666666666666666,0.35000000000000003,6286.0,6230.333333333333
15330.0,12.50000000000017,208.33333333333334,207.0,100.0,100.0,0.0,0.0,-1.1199999999999999,-1.9233333333333333,4.0,4.0,0.13666666666666666,0.5433333333333333,0.33,0.34,6337.666666666667,6282.666666666667
15335.0,12.516666666666936,210.0,208.0,100.0,100.0,0.0,0.0,-0.83,-1.91,4.0,4.0,0.25,0.7066666666666667,0.31,0.3466666666666667,6310.0,6266.333333333333
15340.0,12.516666666666652,210.66666666666666,209.0,100.0,100.0,0.0,0.0,-0.3566666666666667,-1.85,4.0,4.0,0.22333333333333333,0.66,0.31,0.32,6342.333333333333,6293.0
15345.0,12.516666666666822,211.33333333333334,209.66666666666666,100.0,100.0,0.0,0.0,0.10666666666666666,-1.79,4.0,4.0,0.12000000000000001,0.4633333333333333,0.3,0.29333333333333333,6403.0,6364.333333333333
15350.0,12.516666666666936,212.0,211.0,100.0,100.0,0.0,0.0,0.04,-2.0833333333333335,4.0,4.0,0.08,0.49,0.34,0.34,6466.0,6421.333333333333
15355.0,12.516666666666652,213.0,212.0,100.0,100.0,0.0,0.0,-0.4333333333333333,-2.38,4.0,4.0,0.11666666666666667,0.72,0.29666666666666663,0.34,6443.333333333333,6395.0
15360.0,12.50833333333344,214.0,212.66666666666666,100.0,100.0,0.0,0.0,-1.94,-1.9533333333333336,4.0,4.0,0.27,0.6733333333333333,0.275,0.35,6459.0,6418.333333333333
15365.0,12.500000000000227,215.33333333333334,213.33333333333334,100.0,100.0,0.0,0.0,-3.783333333333333,-1.6133333333333333,4.0,4.0,0.65,0.7,0.29666666666666663,0.32333333333333336,6481.666666666667,6435.333333333333
15370.0,12.516666666666595,216.0,214.33333333333334,100.0,100.0,0.0,0.0,-4.92,-1.5833333333333335,4.0,4.0,0.91,0.6866666666666666,0.25,0.3133333333333333,6525.0,6467.0
15375.0,12.516666666666708,217.0,216.0,85.33333333333333,100.0,0.0,0.0,-5.6866666666666665,-1.91,4.0,4.0,1.0833333333333335,0.59,0.23666666666666666,0.29,6520.666666666667,6496.0
15380.0,12.516666666666936,217.0,216.66666666666666,57.333333333333336,100.0,0.0,0.0,-6.46,-2.933333333333333,4.0,4.0,0.94,0.4766666666666666,0.13333333333333333,0.2733333333333334,6553.333333333333,6593.333333333333
15385.0,12.516666666666595,218.0,217.33333333333334,57.0,100.0,0.0,0.0,-6.87,-3.8233333333333333,4.0,4.0,0.87,0.6366666666666666,0.16,0.33999999999999997,6574.0,6624.333333333333
15390.0,12.516666666666708,218.0,218.0,61.333333333333336,100.0,0.0,0.0,-7.013333333333334,-4.09,4.0,4.0,0.9533333333333334,0.81,0.17,0.29,6624.666666666667,6649.0
15395.0,12.516666666666936,218.0,219.0,65.0,97.0,0.0,0.0,-7.0,-4.03,4.0,4.0,1.12,0.9166666666666666,0.17,0.33999999999999997,6594.0,6634.333333333333
15400.0,12.516666666666652,219.0,220.0,64.33333333333333,71.0,0.0,0.0,-7.0,-4.11,4.0,4.0,0.9133333333333333,0.76,0.16666666666666666,0.16,6613.333333333333,6649.0
15405.0,12.516666666666822,219.0,220.66666666666666,63.666666666666664,47.0,0.0,0.0,-6.976666666666667,-4.456666666666666,4.0,4.0,1.18,1.0033333333333334,0.22,0.22666666666666668,6679.666666666667,6656.0
15410.0,12.516666666666936,220.0,221.0,66.0,14.666666666666668,0.0,0.0,-6.72,-4.506666666666667,4.0,4.0,1.55,1.2733333333333334,0.2,0.030000000000000013,6621.0,6543.333333333333
15415.0,12.516666666666652,220.0,220.0,67.0,0.0,0.0,0.0,-5.866666666666666,-4.32,4.0,4.0,1.5666666666666667,1.33,0.2,-0.16,6613.666666666667,6484.0
15420.0,12.516666666666822,221.0,219.33333333333334,68.66666666666667,0.0,0.0,0.0,-5.023333333333333,-4.066666666666666,4.0,4.0,1.04,0.9933333333333333,0.20666666666666667,-0.16,6669.333333333333,6469.666666666667
15425.0,12.516666666666936,221.0,219.0,72.0,0.0,0.0,0.0,-4.57,-4.04,4.0,4.0,0.58,0.5133333333333334,0.18,-0.11333333333333334,6750.0,6440.666666666667
15430.0,12.516666666666652,221.0,219.0,72.0,0.0,0.0,0.0,-4.9366666666666665,-4.69,4.0,4.0,0.11666666666666667,0.07,-0.013333333333333336,-0.03,7269.0,6304.0
15435.0,12.516666666666822,221.33333333333334,219.0,77.66666666666667,0.0,0.0,0.0,-5.456666666666667,-5.59,4.0,4.0,0.14,0.18,0.18,-0.04333333333333333,7329.333333333333,6051.0
15440.0,12.516666666666936,223.0,218.0,91.0,0.0,0.0,0.0,-5.63,-5.226666666666667,4.0,4.0,0.92,0.7966666666666666,0.51,-0.17666666666666667,6839.0,6217.666666666667
15445.0,12.516666666666652,223.66666666666666,218.0,100.0,0.0,0.0,0.0,-4.566666666666666,-3.95,4.0,4.0,1.0366666666666666,1.1,0.41,-0.12,6774.0,6442.0
15450.0,12.53333333333353,225.0,218.0,100.0,0.0,0.0,0.0,-3.97,-3.5566666666666666,4.0,4.0,0.72,0.73,0.34,-0.07666666666666667,6798.0,6410.0
15455.0,12.53333333333353,225.66666666666666,217.0,98.66666666666667,0.0,0.0,0.0,-3.9766666666666666,-3.79,4.0,4.0,0.4766666666666667,0.6833333333333333,0.3433333333333334,-0.07666666666666667,7070.0,6389.333333333333
15460.0,12.533333333333417,226.33333333333334,217.0,100.0,0.0,0.0,0.0,-3.85,-3.62,4.0,4.0,0.99,0.83,0.43666666666666665,-0.08,6990.666666666667,6393.0
15465.0,12.53333333333353,228.0,217.0,100.0,0.0,0.0,0.0,-3.4,-2.67,4.0,4.0,1.58,1.1466666666666667,0.42,-0.09,6918.0,6391.666666666667
15470.0,12.5416666666668,228.5,216.0,100.0,0.0,0.0,0.0,-2.7750000000000004,-2.08,4.0,4.0,1.545,0.96,0.36,-0.09,6864.0,6390.666666666667
15475.0,12.550000000000125,229.0,216.0,100.0,0.0,0.0,0.0,-2.35,-1.57,4.0,4.0,1.19,0.71,0.37,-0.08,6908.0,6379.0
15480.0,12.550000000000125,230.66666666666666,216.0,100.0,0.0,0.0,0.0,-2.19,-1.5433333333333334,4.0,4.0,1.0133333333333334,0.71,0.3766666666666667,-0.08333333333333333,7002.666666666667,6368.333333333333
15485.0,12.550000000000068,231.33333333333334,215.66666666666666,100.0,0.0,0.0,0.0,-1.6166666666666667,-1.2366666666666668,4.0,4.0,1.27,0.72,0.35666666666666663,-0.1,6943.666666666667,6363.333333333333
15490.0,12.56250000000017,232.0,215.0,100.0,0.0,0.0,0.0,-0.87,-0.73,4.0,4.0,1.0274999999999999,0.56,0.35,-0.1,6961.0,6355.0
15495.0,12.566666666666663,233.33333333333334,215.0,95.66666666666667,0.0,0.0,0.0,0.5366666666666667,-0.5666666666666667,4.0,4.0,0.6166666666666666,0.45666666666666667,0.29000000000000004,-0.11666666666666667,6986.333333333333,6346.666666666667
15500.0,12.566666666666663,234.0,214.66666666666666,85.0,0.0,0.0,0.0,1.47,-0.5233333333333333,4.0,4.0,0.21,0.37,0.29,-0.11333333333333333,6991.0,6337.0
15505.0,12.583333333333599,234.33333333333334,214.0,62.333333333333336,0.0,0.0,0.0,2.0833333333333335,-0.3,4.0,4.0,-0.17333333333333334,0.27,0.19,-0.14,6997.666666666667,6325.0
15510.0,12.583333333333258,235.0,213.33333333333334,22.0,0.0,0.0,0.0,2.48,0.14999999999999997,4.0,4.0,-0.61,0.13333333333333333,-0.1,-0.26,6974.0,6309.333333333333
15515.0,12.591666666666754,234.0,212.66666666666666,3.5,0.0,0.0,0.0,3.3550000000000004,0.4766666666666667,4.0,4.0,-0.895,0.0066666666666666645,-0.41000000000000003,-0.31,6935.5,6283.666666666667
15520.0,12.600000000000307,233.0,212.0,0.0,0.0,0.0,0.0,4.31,0.75,4.0,4.0,-1.07,-0.09,-0.4,-0.18,6885.0,6263.0
15525.0,12.599999999999966,232.0,211.33333333333334,0.0,0.0,0.0,0.0,5.04,1.4766666666666666,4.0,4.0,-1.4333333333333333,-0.27,-0.2733333333333334,-0.19666666666666668,6850.666666666667,6245.0
15530.0,12.620833333333508,231.0,211.0,0.0,0.0,0.0,0.0,5.13,2.5999999999999996,4.0,4.0,-1.6,-0.49,-0.28500000000000003,-0.19666666666666668,6822.5,6224.666666666667
15535.0,12.633333333333553,230.33333333333334,210.0,0.0,0.0,0.0,0.0,5.13,3.6,4.0,4.0,-1.6233333333333333,-0.7333333333333333,-0.2866666666666667,-0.21,6794.333333333333,6204.666666666667
15540.0,12.633333333333383,229.0,209.0,0.0,0.0,0.0,0.0,5.123333333333333,4.36,4.0,4.0,-1.5133333333333332,-1.03,-0.27666666666666667,-0.21,6757.0,6180.0
15545.0,12.633333333333553,228.0,209.0,0.0,0.0,0.0,0.0,4.88,4.573333333333333,4.0,4.0,-1.98,-1.3233333333333333,-0.3,-0.22666666666666668,6734.0,6162.333333333333
15550.0,12.641666666666822,227.5,207.66666666666666,0.0,0.0,0.0,0.0,3.78,5.086666666666667,4.0,4.0,-1.71,-1.45,-0.295,-0.23,6702.5,6135.333333333333
15555.0,12.650000000000091,226.0,207.0,0.0,0.0,0.0,0.0,3.05,5.61,4.0,4.0,-1.66,-1.68,-0.31,-0.25,6677.0,6114.0
15560.0,12.6666666666668,225.33333333333334,206.0,0.0,8.0,0.0,0.0,3.3899999999999997,6.0,4.0,4.0,-1.6333333333333333,-1.98,-0.32333333333333336,-0.19,6646.0,6097.0
15565.0,12.6666666666668,224.0,205.33333333333334,0.0,13.0,0.0,0.0,4.44,5.443333333333333,4.0,4.0,-1.5366666666666666,-1.74,-0.32666666666666666,-0.17,6616.666666666667,6083.333333333333
15570.0,12.666666666666742,223.0,205.0,0.0,19.0,0.0,0.0,5.59,5.27,4.0,4.0,-1.27,-1.3933333333333333,-0.3,-0.12333333333333335,6584.0,6079.333333333333
15575.0,12.68333333333345,222.33333333333334,204.0,0.0,35.0,0.0,0.0,5.74,5.14,4.0,4.0,-1.3733333333333333,-1.43,-0.29666666666666663,-0.07666666666666667,6553.333333333333,6082.666666666667
15580.0,12.687500000000114,221.0,204.0,0.0,45.0,0.0,0.0,5.125,4.14,4.0,4.0,-1.4575,-1.31,-0.3,-0.06,6522.75,6082.0
15585.0,12.70000000000016,220.33333333333334,204.0,0.0,50.333333333333336,0.0,0.0,4.773333333333333,3.3800000000000003,4.0,4.0,-1.4000000000000001,-1.1933333333333334,-0.2866666666666667,-0.01666666666666667,6500.666666666667,6075.666666666667
15590.0,12.708333333333314,219.66666666666666,204.0,0.0,63.5,0.0,0.0,4.970000000000001,3.1550000000000002,4.0,4.0,-1.3933333333333333,-1.0750000000000002,-0.29,0.015,6468.666666666667,6082.5
15595.0,12.716666666666697,218.0,204.0,0.0,74.0,0.0,0.0,5.55,3.72,4.0,4.0,-1.58,-1.1333333333333333,-0.29,0.05,6445.0,6083.666666666667
15600.0,12.71666666666681,218.0,204.0,21.333333333333332,84.0,0.0,0.0,6.49,5.33,4.0,4.0,-1.07,-0.68,-0.13666666666666666,0.08,6468.0,6112.0
15605.0,12.733333333333348,217.0,204.0,50.666666666666664,94.0,0.0,0.0,8.02,7.72,4.0,4.0,-0.9366666666666668,-1.15,-0.06666666666666668,0.17,6541.333333333333,6228.0
15610.0,12.733333333333348,217.0,204.66666666666666,78.0,97.33333333333333,0.0,0.0,8.64,7.426666666666667,4.0,4.0,-1.94,-1.7633333333333334,0.0,0.16666666666666666,6491.0,6161.333333333333
15615.0,12.733333333333462,217.0,205.0,91.66666666666667,100.0,0.0,0.0,8.360000000000001,6.833333333333334,4.0,4.0,-2.063333333333333,-1.8066666666666666,0.006666666666666666,0.21333333333333335,6489.0,6178.666666666667
15620.0,12.733333333333348,217.0,206.0,92.0,100.0,0.0,0.0,8.09,6.18,4.0,4.0,-1.6033333333333333,-1.39,0.05,0.28,6509.333333333333,6226.0
15625.0,12.75,217.0,206.0,90.0,98.0,0.0,0.0,7.62,5.82,4.0,4.0,-1.21,-1.31,0.11,0.33,6569.0,6311.0
15630.0,12.75000000000017,217.0,207.0,95.66666666666667,99.66666666666667,0.0,0.0,6.34,5.516666666666667,4.0,4.0,-1.4433333333333334,-1.29,0.14666666666666667,0.31333333333333335,6582.333333333333,6317.333333333333
15635.0,12.75,217.0,208.0,99.33333333333333,99.33333333333333,0.0,0.0,5.38,5.43,4.0,4.0,-1.3333333333333335,-1.24,0.20666666666666667,0.30000000000000004,6619.666666666667,6352.666666666667
15640.0,12.75,218.0,208.0,100.0,100.0,0.0,0.0,4.63,5.43,4.0,4.0,-1.49,-1.43,0.3,0.34,6626.0,6337.0
15645.0,12.75000000000017,218.66666666666666,209.0,100.0,100.0,0.0,0.0,4.406666666666666,5.376666666666666,4.0,4.0,-1.74,-1.7766666666666666,0.26,0.2733333333333333,6596.666666666667,6324.333333333333
15650.0,12.766666666666708,219.0,210.0,100.0,100.0,0.0,0.0,4.32,5.003333333333334,4.0,4.0,-1.5433333333333332,-1.6066666666666667,0.24666666666666667,0.29333333333333333,6587.666666666667,6327.666666666667
15655.0,12.766666666666652,220.0,211.0,100.0,100.0,0.0,0.0,4.43,4.87,4.0,4.0,-0.84,-1.3866666666666665,0.13,0.2733333333333334,6668.0,6366.666666666667
15660.0,12.766666666666822,220.0,212.0,100.0,100.0,0.0,0.0,4.406666666666666,4.85,4.0,4.0,-0.8166666666666667,-1.54,-0.009999999999999995,0.3,6912.666666666667,6389.0
15665.0,12.766666666666708,220.0,212.0,98.66666666666667,100.0,0.0,0.0,4.126666666666667,4.59,4.0,4.0,-0.9,-1.3833333333333333,0.049999999999999996,0.3,7086.666666666667,6402.666666666667
15670.0,12.766666666666652,221.0,213.0,100.0,100.0,0.0,0.0,3.45,3.7966666666666664,4.0,4.0,-1.93,-1.4433333333333334,0.44,0.27,6699.0,6442.0
15675.0,12.766666666666822,221.66666666666666,214.0,100.0,100.0,0.0,0.0,2.276666666666667,2.63,4.0,4.0,-1.5766666666666667,-1.34,0.21666666666666667,0.29,6663.666666666667,6425.0
15680.0,12.766666666666708,222.0,214.0,100.0,100.0,0.0,0.0,1.35,1.5166666666666668,4.0,4.0,-1.0166666666666666,-1.0066666666666666,0.21666666666666667,0.27666666666666667,6749.333333333333,6501.0
15685.0,12.766666666666652,223.0,215.0,100.0,100.0,0.0,0.0,0.55,0.11000000000000001,4.0,4.0,-0.74,-0.6266666666666667,0.26,0.26,6773.0,6516.333333333333
15690.0,12.783333333333587,223.0,216.0,100.0,100.0,0.0,0.0,-0.11333333333333331,-0.75,4.0,4.0,-0.32666666666666666,-0.29,0.16666666666666666,0.25,6836.666666666667,6641.0
15695.0,12.783333333333303,223.0,216.0,100.0,100.0,0.0,0.0,-1.55,-1.6366666666666667,4.0,4.0,-0.18,-0.15333333333333332,0.02,0.18333333333333335,7223.0,7064.666666666667
15700.0,12.78333333333336,224.66666666666666,217.33333333333334,100.0,100.0,0.0,0.0,-2.6933333333333334,-2.7333333333333334,4.0,4.0,-0.09666666666666668,-0.08000000000000002,0.37666666666666665,0.5033333333333333,6878.0,6726.666666666667
15705.0,12.783333333333587,225.33333333333334,219.0,100.0,100.0,0.0,0.0,-2.76,-3.04,4.0,4.0,0.2633333333333333,0.32,0.2633333333333333,0.32,6800.333333333333,6605.0
15710.0,12.783333333333303,226.0,219.66666666666666,100.0,100.0,0.0,0.0,-2.11,-2.82,4.0,4.0,0.56,0.6399999999999999,0.27,0.33666666666666667,6837.0,6643.333333333333
15715.0,12.791666666666742,227.0,220.33333333333334,100.0,100.0,0.0,0.0,-1.91,-2.816666666666667,4.0,4.0,0.71,0.8333333333333333,0.28500000000000003,0.32,6836.0,6645.333333333333
15720.0,12.800000000000296,228.0,221.0,100.0,100.0,0.0,0.0,-2.15,-2.94,4.0,4.0,0.82,1.0,0.27,0.3,6871.0,6686.0
15725.0,12.800000000000011,228.66666666666666,222.66666666666666,100.0,100.0,0.0,0.0,-2.566666666666667,-2.94,4.0,4.0,0.9433333333333334,1.0866666666666667,0.28,0.31,6865.0,6692.666666666667
15730.0,12.800000000000125,229.0,223.0,100.0,100.0,0.0,0.0,-2.74,-2.9233333333333333,4.0,4.0,0.8966666666666667,1.0133333333333334,0.25666666666666665,0.29333333333333333,6902.333333333333,6721.0
15735.0,12.812500000000227,229.75,224.0,100.0,100.0,0.0,0.0,-2.7725,-2.65,4.0,4.0,0.955,1.0,0.2775,0.3,6933.75,6769.0
15740.0,12.800000000000068,230.33333333333334,224.33333333333334,100.0,100.0,0.0,0.0,-2.75,-2.19,4.0,4.0,1.0566666666666666,1.0333333333333334,0.2733333333333334,0.30333333333333334,6946.333333333333,6770.666666666667
15745.0,12.800000000000182,231.0,226.0,100.0,100.0,0.0,0.0,-2.31,-1.23,4.0,4.0,1.05,0.91,0.27,0.31,6957.0,6791.0
15750.0,12.808333333333508,232.0,226.0,100.0,100.0,0.0,0.0,-1.7349999999999999,-0.6633333333333333,4.0,4.0,0.915,0.7433333333333333,0.265,0.3,6994.0,6823.0
15755.0,12.816666666666777,233.0,227.33333333333334,100.0,100.0,0.0,0.0,-1.0,0.44999999999999996,4.0,4.0,0.75,0.42,0.28,0.30000000000000004,7021.0,6873.333333333333
15760.0,12.816666666666777,233.0,228.0,100.0,100.0,0.0,0.0,0.16666666666666657,1.47,4.0,4.0,0.5733333333333334,0.23,0.25,0.33,7053.0,6888.0
15765.0,12.816666666666663,234.0,229.0,100.0,100.0,0.0,0.0,1.52,2.1866666666666665,4.0,4.0,0.3,-0.08333333333333333,0.28,0.29666666666666663,7060.0,6883.333333333333
15770.0,12.816666666666833,234.66666666666666,230.0,100.0,100.0,0.0,0.0,2.73,2.08,4.0,4.0,-0.043333333333333335,-0.32,0.25,0.3,7076.666666666667,6945.0
15775.0,12.816666666666663,235.33333333333334,230.66666666666666,100.0,100.0,0.0,0.0,3.64,2.4866666666666664,4.0,4.0,-0.57,-0.6533333333333333,0.27,0.3433333333333333,7108.0,6967.666666666667
15780.0,12.812500000000057,236.0,231.0,100.0,100.0,0.0,0.0,4.505,3.24,4.0,4.0,-0.95,-0.85,0.25,0.29,7101.75,6948.0
15785.0,12.816666666666947,237.0,232.0,100.0,100.0,0.0,0.0,5.276666666666666,4.673333333333333,4.0,4.0,-1.3066666666666666,-1.0666666666666667,0.23333333333333334,0.2733333333333333,7118.666666666667,7000.333333333333
15790.0,12.829166666666652,237.0,233.0,100.0,100.0,0.0,0.0,6.1525,5.476666666666667,4.0,4.0,-1.7125,-1.6266666666666667,0.225,0.28,7130.25,6996.0
15795.0,12.820833333333496,238.0,233.75,99.66666666666667,100.0,0.0,0.0,6.883333333333334,5.4275,4.0,4.0,-1.9933333333333332,-1.7575,0.24000000000000002,0.2875,7140.666666666667,7001.0
15800.0,12.816666666666947,238.0,234.0,96.0,100.0,0.0,0.0,7.68,5.22,4.0,4.0,-1.89,-1.64,0.14,0.2866666666666667,7151.0,7045.666666666667
15805.0,12.833333333333428,238.0,235.0,91.66666666666667,100.0,0.0,0.0,8.25,5.29,4.0,4.0,-2.1566666666666667,-1.75,0.14333333333333334,0.25,7166.0,7067.0
15810.0,12.816666666666833,238.0,235.0,91.0,100.0,0.0,0.0,8.82,5.576666666666667,4.0,4.0,-2.53,-2.0433333333333334,0.17,0.25666666666666665,7144.0,7059.666666666667
15815.0,12.833333333333428,238.0,236.0,28.666666666666664,100.0,0.0,0.0,8.85,5.67,0.0,4.0,-2.39,-2.17,-0.03666666666666665,0.26,6528.333333333333,7065.0
15820.0,12.82500000000016,238.0,236.0,83.0,100.0,0.0,0.0,8.85,5.67,5.0,4.0,-1.99,-1.81,0.15,0.20500000000000002,6099.0,7089.0
15825.0,12.833333333333314,238.0,237.0,82.0,100.0,0.0,0.0,8.843333333333334,5.67,5.0,4.0,-2.0566666666666666,-1.99,0.12,0.22,6099.666666666667,7104.0
15830.0,12.825000000000045,238.0,237.0,82.0,99.5,0.0,0.0,8.65,5.67,5.0,4.0,-1.67,-1.44,0.11,0.195,6113.0,7145.0
15835.0,12.825000000000216,238.0,237.0,83.5,95.0,0.0,0.0,8.120000000000001,5.58,5.0,4.0,-1.77,-1.35,0.135,0.15,6137.0,7207.0
15840.0,12.833333333333258,238.0,237.66666666666666,90.0,100.0,0.0,0.0,7.51,5.033333333333333,5.0,4.0,-1.95,-1.6766666666666665,0.16,0.19666666666666666,6104.0,7159.666666666667
15845.0,12.825000000000102,238.5,238.0,94.0,0.0,0.0,0.0,6.855,4.41,5.0,0.0,-1.625,-1.69,0.165,-0.17,6121.5,7001.0
15850.0,12.833333333333655,239.0,237.66666666666666,94.0,100.0,0.0,0.0,6.19,3.3533333333333335,5.0,5.0,-1.27,-1.35,0.15,0.11333333333333329,6170.0,6285.666666666667
15855.0,12.825000000000045,239.0,238.0,99.0,100.0,0.0,0.0,5.609999999999999,2.69,5.0,5.0,-1.68,-1.58,0.225,0.3,6157.0,6088.0
15860.0,12.833333333333542,240.0,238.66666666666666,100.0,100.0,0.0,0.0,4.75,2.3466666666666667,5.0,5.0,-1.85,-1.4000000000000001,0.19,0.25333333333333335,6128.0,6083.333333333333
15865.0,12.81666666666689,240.0,239.0,100.0,100.0,0.0,0.0,4.226666666666667,2.28,5.0,5.0,-1.5833333333333333,-1.08,0.20666666666666667,0.22,6139.666666666667,6100.0
15870.0,12.833333333333485,240.0,240.0,100.0,100.0,0.0,0.0,3.99,2.7033333333333336,5.0,5.0,-1.2,-0.9299999999999999,0.19,0.24,6173.0,6159.666666666667
15875.0,12.816666666666777,241.0,240.0,100.0,100.0,0.0,0.0,3.3633333333333333,2.9,5.0,5.0,-1.1866666666666665,-0.93,0.22,0.25,6192.333333333333,6152.0
15880.0,12.833333333333371,241.0,241.0,100.0,100.0,0.0,0.0,2.91,2.7866666666666666,5.0,5.0,-1.11,-0.88,0.25,0.22333333333333333,6198.0,6179.0
15885.0,12.825000000000216,242.0,242.0,100.0,100.0,0.0,0.0,2.315,2.61,5.0,5.0,-1.015,-0.95,0.265,0.27,6238.0,6216.0
15890.0,12.833333333333258,242.0,242.0,100.0,100.0,0.0,0.0,1.35,2.0366666666666666,5.0,5.0,-1.16,-1.03,0.25,0.2866666666666667,6201.0,6202.666666666667
15895.0,12.825000000000102,243.0,243.0,100.0,100.0,0.0,0.0,0.20500000000000002,1.28,5.0,5.0,-0.8500000000000001,-0.93,0.22,0.24,6223.5,6212.0
15900.0,12.833333333333655,244.0,243.66666666666666,100.0,100.0,0.0,0.0,-0.54,-0.19333333333333325,5.0,5.0,-0.52,-0.76,0.17,0.27,6240.0,6216.666666666667
15905.0,12.825000000000045,244.0,244.0,100.0,100.0,0.0,0.0,-1.295,-0.99,5.0,5.0,-0.225,-0.55,0.19,0.25,6248.0,6226.0
15910.0,12.833333333333542,245.0,244.66666666666666,100.0,100.0,0.0,0.0,-1.87,-2.2800000000000002,5.0,5.0,0.04,0.0,0.23,0.24333333333333332,6245.0,6235.333333333333
15915.0,12.82500000000016,245.0,245.0,100.0,100.0,0.0,0.0,-2.27,-2.6,5.0,5.0,0.28500000000000003,0.34,0.21,0.26,6339.0,6278.0
15920.0,12.82500000000016,246.0,246.0,100.0,100.0,0.0,0.0,-2.58,-2.725,5.0,5.0,0.57,0.585,0.22,0.235,6412.0,6293.0
15925.0,12.833333333333314,246.33333333333334,247.0,100.0,100.0,0.0,0.0,-2.6,-3.29,5.0,5.0,0.82,0.87,0.2,0.29,6346.333333333333,6324.0
15930.0,12.829166666666708,247.0,247.0,100.0,100.0,0.0,0.0,-2.5324999999999998,-3.43,5.0,5.0,1.2675,1.1466666666666667,0.22999999999999998,0.22666666666666666,6314.25,6314.666666666667
15935.0,12.833333333333599,247.0,248.0,100.0,100.0,0.0,0.0,-2.26,-3.08,5.0,5.0,1.1833333333333333,1.22,0.16999999999999998,0.24,6326.0,6323.0
15940.0,12.829166666666652,247.75,248.33333333333334,100.0,100.0,0.0,0.0,-1.6775,-2.486666666666667,5.0,5.0,1.0475,1.1500000000000001,0.18,0.22333333333333333,6356.0,6348.0
15945.0,12.82500000000016,248.25,249.0,98.5,100.0,0.0,0.0,-1.5,-1.5925,5.0,5.0,1.135,1.2375,0.2025,0.18,6345.0,6351.25
15950.0,12.829166666666879,249.0,249.25,97.0,100.0,0.0,0.0,-1.48,-0.6675,5.0,5.0,1.04,1.0775000000000001,0.19666666666666666,0.22999999999999998,6356.666666666667,6361.25
15955.0,12.833333333333485,249.0,250.0,90.0,100.0,0.0,0.0,-1.26,-0.11333333333333334,5.0,5.0,1.02,0.8400000000000001,0.21,0.25,6337.0,6375.666666666667
15960.0,12.816666666666777,250.0,250.0,83.0,100.0,0.0,0.0,-1.5633333333333332,-0.09,5.0,5.0,0.7833333333333333,0.63,0.15000000000000002,0.22,6363.0,6373.0
15965.0,12.833333333333371,250.0,251.0,77.0,100.0,0.0,0.0,-2.27,-0.32999999999999996,5.0,5.0,0.88,0.42333333333333334,0.11,0.22,6366.0,6395.333333333333
15970.0,12.825000000000216,250.0,251.0,74.0,100.0,0.0,0.0,-3.125,-0.35,5.0,5.0,1.1099999999999999,0.35,0.1,0.21,6362.0,6404.0
15975.0,12.824999999999932,250.0,252.0,66.0,100.0,0.0,0.0,-2.8,-0.44,5.0,5.0,1.02,0.25,0.05,0.19,6358.0,6417.0
15980.0,12.833333333333485,250.33333333333334,253.0,53.666666666666664,100.0,0.0,0.0,-1.6766666666666667,-1.02,5.0,5.0,0.99,0.32,0.02666666666666667,0.23,6370.0,6456.0
15985.0,12.829166666666879,251.0,253.0,45.25,100.0,0.0,0.0,-0.16749999999999998,-1.1466666666666667,5.0,5.0,0.8724999999999999,0.37666666666666665,-0.0225,0.13333333333333333,6359.25,6449.333333333333
15990.0,12.825000000000102,250.75,253.75,40.0,100.0,0.0,0.0,0.6525,-0.6525000000000001,5.0,5.0,0.4375,0.2975,-0.035,-0.07999999999999999,6358.75,6481.75
15995.0,12.829166666666765,250.0,254.0,34.333333333333336,100.0,0.0,0.0,0.7366666666666667,-0.235,5.0,5.0,0.17333333333333334,0.285,-0.13333333333333333,0.1875,6377.0,6503.0
16000.0,12.825000000000045,250.0,254.5,32.0,100.0,0.0,0.0,0.75,0.08499999999999999,5.0,5.0,0.09,0.265,-0.02,0.2,6379.0,6521.5
16005.0,12.816666666666833,250.0,255.0,33.333333333333336,100.0,0.0,0.0,0.6033333333333333,0.69,5.0,5.0,-0.13,0.17,-0.009999999999999995,0.2,6338.666666666667,6492.0
16010.0,12.816666666666606,250.0,255.33333333333334,34.0,100.0,0.0,0.0,0.18,0.8366666666666667,5.0,5.0,-0.03,0.02,-0.08,0.17666666666666667,6335.0,6503.333333333333
16015.0,12.812500000000114,250.0,256.0,30.5,100.0,0.0,0.0,0.20500000000000002,0.23749999999999993,5.0,5.0,-0.12,-0.015,-0.04,0.1775,6338.0,6517.5
16020.0,12.812500000000284,250.0,256.25,19.0,100.0,0.0,0.0,0.29,-0.22,5.0,5.0,-0.25,-0.04,0.0,0.17,6308.0,6526.0
16025.0,12.816666666666777,249.66666666666666,257.0,11.666666666666666,100.0,0.0,0.0,-0.07333333333333333,-0.16,5.0,5.0,-0.08666666666666667,-0.003333333333333334,-0.18666666666666668,0.17,6297.666666666667,6547.0
16030.0,12.812500000000114,249.0,257.0,4.5,100.0,0.0,0.0,-0.24500000000000002,0.1,5.0,5.0,-0.135,-0.02,-0.2025,0.18,6275.0,6562.0
16035.0,12.812500000000114,248.0,258.0,0.0,100.0,0.0,0.0,-0.295,-0.12,5.0,5.0,-0.045,-0.015,-0.33,0.17,6244.25,6583.5
16040.0,12.804166666666845,247.33333333333334,258.0,0.0,94.0,0.0,0.0,0.44333333333333325,-0.16,5.0,5.0,-0.12666666666666665,-0.0175,-0.29333333333333333,0.1775,6207.666666666667,6580.0
16045.0,12.800000000000011,246.75,258.0,0.0,61.5,0.0,10.5,1.2125,0.1375,5.0,5.0,-0.1725,-0.05,-0.305,-0.05,6190.0,6539.0
16050.0,12.800000000000068,246.0,257.3333333333333,0.0,8.333333333333334,0.0,48.666666666666664,1.17,0.2,5.0,5.0,-0.19,-0.07333333333333333,-0.29333333333333333,-0.7166666666666667,6171.333333333333,6427.333333333333
16055.0,12.800000000000296,245.0,255.0,0.0,0.0,0.0,59.0,0.84,-0.2,5.0,5.0,-0.35,-0.07,-0.31,-1.17,6135.0,6321.0
16060.0,12.791666666666686,244.33333333333334,251.0,0.0,0.0,0.0,62.0,0.11000000000000001,-0.43,5.0,5.0,-0.49666666666666665,-0.015,-0.27666666666666667,-1.325,6134.666666666667,6251.5
16065.0,12.800000000000182,244.0,248.0,0.0,0.0,0.0,64.0,-0.03,-0.29,5.0,5.0,-0.34,0.03,-0.28,-1.41,6121.0,6181.0
16070.0,12.78333333333353,243.0,245.0,0.0,0.0,0.0,64.0,0.67,0.2033333333333333,5.0,5.0,-0.26333333333333336,0.030000000000000002,-0.26666666666666666,-1.3766666666666667,6095.0,6063.666666666667
16075.0,12.800000000000125,242.0,240.0,0.0,0.0,11.0,62.0,0.92,0.98,5.0,5.0,-0.27,-0.08,-0.39,-1.38,6072.0,5947.0
16080.0,12.783333333333474,241.0,237.33333333333334,0.0,0.0,8.666666666666668,55.333333333333336,0.9633333333333334,1.3633333333333333,5.0,5.0,-0.30333333333333334,-0.25333333333333335,-0.39,-1.2766666666666666,6038.666666666667,5884.0
16085.0,12.800000000000011,240.0,234.0,0.0,0.0,3.0,53.0,1.44,1.4,5.0,5.0,-0.45,-0.38,-0.35,-1.22,6017.0,5783.0
16090.0,12.7916666666668,239.0,230.5,0.0,0.0,0.0,47.0,2.256666666666667,1.5,5.0,5.0,-0.5766666666666667,-0.5,-0.29,-1.1,6003.0,5728.0
16095.0,12.799999999999955,238.0,228.0,0.0,69.0,0.0,37.0,2.48,1.77,5.0,0.0,-0.71,-0.61,-0.29,-0.86,5984.0,6193.0
16100.0,12.800000000000068,237.33333333333334,225.66666666666666,0.0,23.0,0.0,33.666666666666664,1.5733333333333333,2.0466666666666664,5.0,0.0,-0.6766666666666666,-0.6233333333333333,-0.27666666666666667,-0.7933333333333333,5963.333333333333,6604.666666666667
16105.0,12.816666666666947,237.0,223.33333333333334,0.0,0.0,0.0,33.666666666666664,1.09,2.1566666666666667,5.0,4.0,-0.71,-0.8,-0.26,-0.85,5946.0,6520.0
16110.0,12.816666666666663,236.0,221.0,0.0,0.0,0.0,32.0,1.63,2.28,5.0,4.0,-0.6900000000000001,-0.89,-0.27,-0.82,5924.666666666667,6479.0
16115.0,12.820833333333496,235.0,218.33333333333334,0.0,0.0,5.5,24.0,2.42,2.5633333333333335,5.0,4.0,-0.5925,-0.7466666666666667,-0.3025,-0.6633333333333333,5895.25,6384.333333333333
16120.0,12.833333333333542,234.33333333333334,216.66666666666666,0.0,0.0,31.333333333333332,18.333333333333332,2.6733333333333333,2.47,5.0,4.0,-0.7166666666666667,-0.9433333333333334,-0.5866666666666667,-0.5733333333333334,5844.0,6361.0
16125.0,12.833333333333428,231.66666666666666,215.0,0.0,0.0,40.0,16.0,2.0966666666666667,1.96,5.0,4.0,-0.87,-0.93,-0.7633333333333333,-0.52,5780.0,6330.0
16130.0,12.833333333333542,229.0,213.33333333333334,0.0,0.0,35.0,16.666666666666668,1.74,1.9566666666666668,5.0,4.0,-0.92,-0.8866666666666667,-0.74,-0.5133333333333333,5731.0,6280.333333333333
16135.0,12.85000000000008,227.66666666666666,211.33333333333334,46.0,0.0,29.0,28.333333333333332,1.9733333333333334,2.893333333333333,0.0,4.0,-0.8566666666666667,-0.8833333333333333,-0.62,-0.7166666666666667,6282.666666666667,6205.0
16140.0,12.850000000000136,226.0,209.0,0.0,0.0,27.0,36.0,2.49,3.99,4.0,4.0,-0.97,-1.08,-0.72,-0.86,6653.0,6117.0
16145.0,12.850000000000136,224.33333333333334,206.33333333333334,0.0,0.0,25.0,34.333333333333336,3.4899999999999998,4.76,4.0,4.0,-1.0166666666666666,-1.1266666666666667,-0.6666666666666667,-0.8166666666666667,6590.0,6054.333333333333
16150.0,12.866666666666788,221.66666666666666,203.66666666666666,0.0,0.0,22.666666666666668,20.666666666666668,4.08,5.723333333333334,4.0,4.0,-0.9633333333333333,-1.25,-0.59,-0.6366666666666666,6504.666666666667,5953.666666666667
16155.0,12.866666666666788,220.0,202.0,0.0,0.0,20.0,2.0,4.47,5.823333333333333,4.0,4.0,-1.19,-1.3833333333333333,-0.58,-0.26666666666666666,6462.0,5960.333333333333
16160.0,12.866666666666788,218.33333333333334,202.0,0.0,0.0,12.666666666666666,0.0,5.033333333333333,5.27,4.0,4.0,-1.3533333333333335,-1.52,-0.46,-0.21,6421.333333333333,5947.0
16165.0,12.88333333333344,217.0,201.0,0.0,0.0,6.0,0.0,5.173333333333333,4.86,4.0,4.0,-1.4066666666666665,-1.34,-0.35666666666666663,-0.2,6395.0,5917.0
16170.0,12.88333333333344,216.0,200.0,0.0,0.0,4.0,0.0,5.25,4.86,4.0,4.0,-1.53,-1.4566666666666666,-0.32,-0.2,6370.0,5900.0
16175.0,12.900000000000148,215.33333333333334,199.33333333333334,0.0,23.666666666666664,0.0,0.0,6.133333333333333,4.873333333333333,4.0,4.0,-1.6666666666666667,-1.4733333333333334,-0.27,-0.08,6346.333333333333,5929.666666666667
16180.0,12.900000000000091,214.0,199.0,0.0,29.666666666666668,0.0,0.0,7.17,5.17,4.0,4.0,-1.64,-1.3066666666666666,-0.26,-0.03,6317.333333333333,5923.666666666667
16185.0,12.916666666666742,213.0,199.0,0.0,21.666666666666668,0.0,0.0,8.05,6.1066666666666665,4.0,4.0,-1.58,-1.2833333333333332,-0.26,-0.039999999999999994,6290.0,5914.333333333333
16190.0,12.9166666666668,212.33333333333334,199.0,0.0,20.0,4.333333333333333,0.0,8.68,6.85,4.0,4.0,-1.81,-1.49,-0.32666666666666666,-0.06,6253.0,5901.0
16195.0,12.93333333333345,211.0,198.0,23.0,24.0,7.333333333333333,0.0,8.79,6.94,4.0,4.0,-2.06,-1.66,-0.35,-0.05,6327.333333333333,5895.0
16200.0,12.93333333333345,210.0,198.0,69.0,29.333333333333332,10.0,0.0,8.79,6.303333333333333,0.0,4.0,-2.05,-1.6566666666666665,-0.32,-0.03333333333333333,7057.0,5891.333333333333
16205.0,12.925000000000182,208.0,197.5,0.0,50.5,13.0,0.0,8.88,6.135,3.0,4.0,-2.28,-1.775,-0.51,-0.08,7458.0,6275.0
16210.0,12.933333333333564,206.33333333333334,197.0,0.0,33.0,10.0,0.0,9.16,6.443333333333333,3.0,3.0,-2.11,-1.6666666666666665,-0.44333333333333336,-0.06333333333333332,7386.666666666667,7183.0
16215.0,12.933333333333394,204.66666666666666,197.0,0.0,33.0,6.666666666666667,0.0,9.59,6.91,3.0,3.0,-2.1333333333333333,-1.78,-0.4033333333333333,-0.05,7317.666666666667,7148.0
16220.0,12.950000000000216,203.0,196.0,0.0,31.0,0.0,0.0,9.59,7.07,3.0,3.0,-2.42,-1.91,-0.32,-0.05,7296.0,7123.0
16225.0,12.950000000000273,202.0,196.0,0.0,28.0,0.0,0.0,9.59,7.84,3.0,3.0,-2.03,-1.91,-0.3,-0.07,7242.0,7128.0
16230.0,12.949999999999989,200.33333333333334,195.33333333333334,0.0,22.333333333333332,0.0,0.0,11.086666666666666,9.506666666666666,3.0,3.0,-2.58,-2.21,-0.32333333333333336,-0.10333333333333333,7195.0,7083.333333333333
16235.0,12.95000000000016,198.5,194.5,0.0,13.5,0.0,0.0,12.64,11.085,3.0,3.0,-2.54,-2.2800000000000002,-0.345,-0.155,7146.0,7043.0
16240.0,12.950000000000216,197.0,193.66666666666666,0.0,12.0,0.0,0.0,13.913333333333332,11.673333333333334,3.0,3.0,-2.0566666666666666,-2.33,-0.32,-0.16333333333333333,7082.666666666667,7020.0
16245.0,12.949999999999989,195.66666666666666,192.66666666666666,0.0,13.333333333333334,0.0,0.0,14.54,11.796666666666667,3.0,3.0,-2.623333333333333,-2.4433333333333334,-0.35666666666666663,-0.16666666666666666,7023.0,6976.333333333333
16250.0,12.950000000000045,194.0,192.0,0.0,15.0,0.0,0.0,14.62,11.77,3.0,3.0,-2.28,-2.04,-0.33,-0.15,6970.0,6952.0
16255.0,12.950000000000102,192.0,191.0,0.0,17.0,0.0,0.0,14.61,11.52,3.0,3.0,-2.02,-2.03,-0.32,-0.14,6899.0,6926.0
16260.0,12.950000000000216,191.0,190.0,0.0,17.0,0.0,0.0,13.72,10.83,3.0,3.0,-2.11,-2.02,-0.31,-0.17,6830.0,6889.0
16265.0,12.966666666666868,189.33333333333334,189.0,4.666666666666666,19.0,0.0,0.0,12.459999999999999,10.28,3.0,3.0,-2.1066666666666665,-2.09,-0.29333333333333333,-0.16,6818.0,6862.0
16270.0,12.949999999999989,188.0,188.33333333333334,25.333333333333332,22.333333333333332,0.0,0.0,11.326666666666666,9.77,3.0,3.0,-2.3033333333333332,-2.07,-0.14666666666666667,-0.11333333333333333,6832.666666666667,6833.0
16275.0,12.950000000000102,187.0,187.33333333333334,42.666666666666664,25.666666666666668,0.0,0.0,10.306666666666667,9.283333333333333,3.0,3.0,-1.8666666666666667,-1.8766666666666667,-0.08000000000000002,-0.09333333333333334,6822.0,6815.0
16280.0,12.958333333333542,186.5,187.0,48.0,29.666666666666668,0.0,0.0,9.685,8.496666666666666,3.0,3.0,-1.965,-2.083333333333333,-0.07,-0.07333333333333333,6812.0,6792.666666666667
16285.0,12.950000000000045,186.0,186.0,55.5,33.0,0.0,0.0,8.754999999999999,7.52,3.0,3.0,-1.99,-1.875,-0.035,-0.07500000000000001,6782.5,6771.5
16290.0,12.95000000000016,186.0,186.0,59.5,35.0,0.0,0.0,7.5649999999999995,6.425,3.0,3.0,-1.87,-1.85,-0.02,-0.05,6773.5,6751.0
16295.0,12.958333333333428,185.0,185.0,61.0,34.0,0.0,0.0,6.390000000000001,5.4,3.0,3.0,-1.62,-1.5,0.006666666666666666,-0.055,6773.0,6737.0
16300.0,12.95000000000016,185.0,185.0,61.0,17.666666666666668,0.0,0.0,4.8533333333333335,4.18,3.0,3.0,-1.3033333333333332,-1.3466666666666667,0.003333333333333334,-0.07666666666666666,6789.333333333333,6744.333333333333
16305.0,12.950000000000216,185.0,184.0,57.333333333333336,0.0,0.0,0.0,3.1866666666666665,2.4633333333333334,3.0,3.0,-1.2533333333333334,-1.2066666666666668,0.04666666666666667,-0.2733333333333333,6771.333333333333,6633.333333333333
16310.0,12.949999999999989,185.0,182.33333333333334,18.0,0.0,0.0,45.333333333333336,1.3800000000000001,-0.1366666666666667,3.0,3.0,-0.8166666666666667,-0.6533333333333333,-0.06,-0.8633333333333334,6724.666666666667,6499.666666666667
16315.0,12.966666666666697,185.0,179.0,0.0,0.0,0.0,65.33333333333333,0.36,-1.7433333333333332,3.0,3.0,-0.71,-0.34,-0.31,-1.2966666666666666,6673.0,6364.0
16320.0,12.975000000000136,183.0,172.0,0.0,0.0,25.0,88.0,-1.09,-2.96,3.0,3.0,-0.19,0.235,-0.57,-1.7650000000000001,6572.0,6073.5
16325.0,12.97500000000025,180.0,166.0,0.0,0.0,38.0,84.0,-1.62,-3.425,3.0,3.0,0.13,0.55,-0.78,-1.685,6481.0,5890.0
16330.0,13.000000000000284,177.0,159.0,0.0,0.0,49.0,63.0,-2.69,-3.92,3.0,3.0,0.38,0.57,-0.94,-1.3,6349.0,5499.0
16335.0,12.983333333333348,173.33333333333334,155.0,0.0,0.0,52.0,50.0,-4.836666666666667,-4.37,3.0,2.0,0.6766666666666666,0.79,-1.05,-1.18,6183.666666666667,6706.0
16340.0,13.000000000000114,169.0,151.0,0.0,0.0,52.0,43.0,-6.415,-5.050000000000001,3.0,2.0,1.13,0.9450000000000001,-1.1549999999999998,-1.025,6020.5,6580.5
16345.0,13.025000000000034,165.0,146.0,34.5,0.0,52.0,37.0,-7.09,-5.89,0.0,2.0,1.22,0.97,-1.02,-0.89,6888.5,6349.0
16350.0,13.024999999999977,160.0,142.0,0.0,0.0,50.0,34.0,-7.76,-7.359999999999999,2.0,2.0,1.39,1.17,-1.23,-0.885,6904.0,6203.0
16355.0,13.050000000000125,156.0,138.0,0.0,0.0,46.0,27.0,-8.0,-8.81,2.0,2.0,1.4,1.26,-1.09,-0.75,6765.0,6034.0
16360.0,13.075000000000102,151.0,135.0,0.0,0.0,26.0,3.0,-8.045,-8.17,2.0,2.0,1.37,1.33,-0.7849999999999999,-0.35,6584.0,5951.0
16365.0,13.07500000000016,148.0,133.5,0.0,0.0,22.0,0.0,-9.03,-8.36,2.0,2.0,1.53,1.36,-0.67,-0.27,6468.0,5904.0
16370.0,13.075000000000102,144.5,132.0,0.0,0.0,24.5,0.0,-9.89,-9.84,2.0,2.0,1.52,1.33,-0.7,-0.27,6321.5,5848.0
16375.0,13.100000000000136,141.0,130.0,0.0,8.0,27.0,0.0,-10.0,-11.16,2.0,2.0,1.59,1.34,-0.75,-0.16,6164.0,5852.0
16380.0,13.100000000000136,137.5,130.0,0.0,19.5,27.0,0.0,-10.11,-12.335,2.0,2.0,1.295,1.42,-0.715,-0.09,5965.5,5827.5
16385.0,13.125000000000114,134.0,129.0,0.0,37.5,27.0,0.0,-10.58,-14.129999999999999,2.0,2.0,1.79,1.5550000000000002,-0.76,-0.025,5831.0,5832.0
16390.0,13.125,131.0,129.0,0.0,54.5,9.0,0.0,-11.61,-12.559999999999999,2.0,2.0,1.37,1.44,-0.42,0.04,5710.0,5873.5
16395.0,13.099999999999909,128.0,129.0,0.0,61.0,4.0,0.0,-14.16,-10.51,2.0,2.0,1.64,1.62,-0.37,0.11,5614.0,5866.0
16400.0,13.12500000000017,125.5,130.0,0.0,67.0,0.0,0.0,-16.535,-11.02,2.0,2.0,1.71,1.49,-0.305,0.13,5544.0,5921.0
16405.0,13.100000000000023,123.5,130.5,0.0,69.5,0.0,0.0,-18.855,-11.7,2.0,2.0,1.665,1.51,-0.305,0.225,5453.5,5976.5
16410.0,13.10000000000025,121.5,132.0,0.0,84.0,0.0,0.0,-19.0,-10.27,2.0,2.0,1.6549999999999998,1.58,-0.295,0.31,5361.5,6055.5
16415.0,13.075000000000102,119.5,133.0,4.5,80.0,0.0,0.0,-18.955,-8.78,2.0,2.0,1.6,1.44,-0.215,0.32,5310.0,6221.0
16420.0,13.075000000000045,119.0,135.0,35.5,76.0,0.0,0.0,-17.54,-7.65,2.0,2.0,1.49,1.41,-0.015,0.36,5392.5,6453.0
16425.0,13.050000000000182,119.0,136.0,58.5,75.5,0.0,0.0,-14.684999999999999,-6.795,2.0,2.0,1.5750000000000002,1.44,0.11000000000000001,0.33999999999999997,5434.0,6477.0
16430.0,13.025000000000091,119.0,137.0,81.0,79.0,0.0,0.0,-11.184999999999999,-4.23,2.0,2.0,1.48,1.72,0.23,0.44,5524.5,6500.0
16435.0,13.000000000000227,120.0,138.5,86.5,76.5,0.0,0.0,-7.14,-2.23,2.0,2.0,1.4100000000000001,1.46,0.32499999999999996,0.405,5540.0,6612.0
16440.0,13.000000000000114,122.0,140.0,89.5,76.0,0.0,0.0,-3.835,-1.75,2.0,2.0,1.1749999999999998,1.505,0.44999999999999996,0.41000000000000003,5669.5,6692.5
16445.0,12.975000000000023,124.5,141.0,95.5,77.0,0.0,0.0,-2.635,-1.08,2.0,2.0,1.005,1.36,0.575,0.39,5799.0,6853.0
16450.0,12.95000000000016,127.0,142.5,93.5,79.5,0.0,0.0,-4.0249999999999995,0.6499999999999999,2.0,2.0,0.87,1.49,0.5900000000000001,0.445,5941.5,6764.5
16455.0,12.949999999999932,130.0,144.0,95.0,83.0,0.0,0.0,-4.33,0.9,2.0,2.0,0.88,1.44,0.58,0.44,6029.0,6839.0
16460.0,12.925000000000296,132.0,145.5,95.0,87.5,0.0,0.0,-3.86,0.16499999999999998,2.0,2.0,0.98,1.5150000000000001,0.6,0.51,6201.0,6850.0
16465.0,12.925000000000068,134.5,147.0,97.5,91.0,0.0,0.0,-3.0300000000000002,0.03,2.0,2.0,0.91,1.13,0.605,0.46,6307.0,6924.0
16470.0,12.900000000000205,137.5,149.5,100.0,98.5,0.0,0.0,-1.35,0.325,2.0,2.0,0.88,0.9750000000000001,0.675,0.52,6409.5,6955.5
16475.0,12.883333333333553,141.0,151.66666666666666,100.0,100.0,0.0,0.0,-0.39,0.9433333333333334,2.0,2.0,0.57,0.5933333333333334,0.61,0.5066666666666667,6501.0,7012.333333333333
16480.0,12.875000000000227,142.5,154.0,100.0,100.0,0.0,0.0,-0.36,1.67,2.0,2.0,0.35,0.24,0.6000000000000001,0.48,6676.0,7099.0
16485.0,12.875000000000227,145.0,155.5,100.0,50.0,0.0,0.0,-0.37,0.985,2.0,2.0,0.31,0.015,0.63,0.235,6721.0,7000.0
16490.0,12.858333333333576,148.0,156.66666666666666,100.0,100.0,0.0,0.0,-0.56,-0.7,2.0,3.0,0.245,0.0,0.53,0.38333333333333336,6788.0,6073.0
16495.0,12.850000000000193,150.0,159.0,100.0,100.0,0.0,0.0,-1.06,-0.68,2.0,3.0,0.22,0.05,0.55,0.5,6904.0,5972.0
16500.0,12.866666666666958,153.0,161.0,100.0,100.0,0.0,0.0,-0.96,0.15666666666666668,2.0,3.0,0.24,0.03666666666666667,0.58,0.5,6984.0,5998.333333333333
16505.0,12.850000000000023,154.0,162.5,50.0,100.0,0.0,0.0,0.24999999999999994,0.405,2.0,3.0,0.14,0.005,0.235,0.525,6930.0,6075.0
16510.0,12.833333333333655,156.0,164.66666666666666,100.0,100.0,0.0,0.0,0.63,-0.043333333333333335,3.0,3.0,0.0,-0.006666666666666666,0.58,0.5333333333333333,5839.0,6141.0
16515.0,12.849999999999909,158.0,167.0,100.0,100.0,0.0,0.0,0.7,-0.36,3.0,3.0,-0.05,0.01,0.53,0.51,5889.0,6252.0
16520.0,12.82500000000016,160.5,169.0,100.0,100.0,0.0,0.0,0.7,-1.16,3.0,3.0,-0.13,0.11,0.52,0.52,5977.0,6253.0
16525.0,12.825000000000045,162.0,170.0,100.0,100.0,0.0,0.0,0.69,-1.14,3.0,3.0,-0.16999999999999998,0.17,0.515,0.5,6014.0,6328.0
16530.0,12.816666666666663,164.0,172.33333333333334,100.0,100.0,0.0,0.0,0.66,-0.04666666666666669,3.0,3.0,-0.16,0.15333333333333335,0.51,0.48666666666666664,6121.0,6396.0
16535.0,12.816666666666777,166.0,174.33333333333334,100.0,100.0,0.0,0.0,0.4,0.37666666666666665,3.0,3.0,-0.16,0.05666666666666667,0.48,0.47333333333333333,6169.0,6477.666666666667
16540.0,12.816666666666833,168.0,176.33333333333334,100.0,100.0,0.0,0.0,-0.23,0.27,3.0,3.0,-0.09,0.006666666666666667,0.5,0.47000000000000003,6229.0,6535.333333333333
16545.0,12.808333333333564,170.33333333333334,178.0,100.0,77.5,0.0,0.0,-0.76,0.175,3.0,3.0,0.026666666666666665,-0.03,0.5066666666666667,0.405,6306.333333333333,6561.0
16550.0,12.800000000000068,172.0,179.0,100.0,11.5,0.0,0.0,-0.7749999999999999,0.275,3.0,3.0,0.12,-0.055,0.48,0.08499999999999999,6374.5,6455.5
16555.0,12.800000000000182,173.5,178.0,74.5,0.0,0.0,40.5,-0.44500000000000006,0.225,3.0,3.0,0.13,-0.060000000000000005,0.37,-0.7350000000000001,6380.5,6363.0
16560.0,12.800000000000068,173.5,173.5,10.5,0.0,34.0,73.5,-0.385,-0.025,3.0,3.0,0.12,-0.06,-0.36,-1.3900000000000001,6252.5,6168.5
16565.0,12.791666666666686,170.66666666666666,168.0,0.0,0.0,59.666666666666664,95.5,-1.1166666666666667,-0.37,3.0,3.0,0.15333333333333332,-0.03,-1.0333333333333334,-1.825,6070.666666666667,5847.0
16570.0,12.800000000000125,165.0,159.0,0.0,34.0,63.0,96.0,-2.13,-1.18,3.0,0.0,0.3,0.12,-1.23,-1.83,5900.0,6930.0
16575.0,12.800000000000182,161.0,152.0,69.0,0.0,62.0,90.0,-2.45,-2.8,0.0,2.0,0.46,0.34,-1.19,-1.73,6879.0,6432.0
16580.0,12.800000000000182,156.0,145.5,0.0,0.0,55.5,79.0,-2.865,-5.13,2.0,2.0,0.55,0.505,-1.1749999999999998,-1.5499999999999998,6823.5,6242.5
16585.0,12.816666666666777,152.0,139.0,0.0,0.0,46.0,52.0,-2.896666666666667,-7.55,2.0,2.0,0.5666666666666667,0.82,-1.04,-1.19,6626.0,5763.0
16590.0,12.850000000000307,148.0,134.0,0.0,0.0,37.0,39.0,-3.7,-8.58,2.0,2.0,0.68,1.32,-0.89,-0.89,6462.0,5777.0
16595.0,12.850000000000023,144.5,130.5,0.0,0.0,24.0,36.0,-6.02,-10.075,2.0,2.0,0.95,1.42,-0.63,-0.835,6371.5,5597.0
16600.0,12.875000000000341,142.0,125.5,0.0,0.0,21.0,10.5,-8.45,-12.325,2.0,2.0,1.24,1.79,-0.58,-0.43000000000000005,6231.0,5524.5
16605.0,12.875000000000227,139.0,124.0,0.0,0.0,22.0,0.0,-11.7,-11.325,2.0,2.0,1.38,1.555,-0.59,-0.2,6100.0,5463.5
16610.0,12.900000000000205,136.0,123.0,0.0,26.5,26.0,0.0,-12.965,-10.260000000000002,2.0,2.0,1.575,1.615,-0.6799999999999999,0.045,5921.5,5550.0
16615.0,12.900000000000205,133.0,123.0,0.0,46.0,27.0,0.0,-13.43,-11.36,2.0,2.0,1.67,1.46,-0.68,0.11,5753.0,5577.0
16620.0,12.900000000000091,128.0,124.0,0.0,51.0,32.0,0.0,-14.45,-12.16,2.0,2.0,2.23,1.8,-0.92,0.16,5467.0,5583.0
16625.0,12.900000000000034,123.0,124.0,0.0,13.0,14.0,0.0,-15.89,-16.19,2.0,2.0,2.06,1.36,-0.43,0.08,5422.0,5700.0
16630.0,12.89999999999992,121.0,123.0,0.0,0.0,0.0,0.0,-18.39,-18.34,2.0,2.0,1.76,2.09,-0.23,-0.31,5345.0,5454.0
16635.0,12.900000000000318,117.0,120.0,0.0,0.0,0.0,0.0,-20.9,-18.8,2.0,2.0,2.07,2.02,-0.8,-0.29,5206.0,5336.0
16640.0,12.900000000000205,115.0,119.0,0.0,0.0,0.0,0.0,-23.04,-20.02,2.0,2.0,2.14,2.1,-0.47,-0.29,5119.0,5258.0
16645.0,12.900000000000091,114.0,117.0,0.0,0.0,0.0,0.0,-23.64,-21.42,2.0,2.0,1.93,2.65,-0.29,-0.34,5033.0,5159.0
16650.0,12.900000000000034,111.0,114.0,0.0,0.0,0.0,0.0,-23.62,-21.73,2.0,2.0,2.92,2.06,-0.33,-0.27,4926.0,5041.0
16655.0,12.900000000000091,109.0,112.0,8.0,32.5,0.0,0.0,-22.21,-18.485,2.0,2.0,2.255,2.73,-0.24,-0.035,4876.0,5108.0
16660.0,12.875000000000114,108.0,112.0,44.0,50.5,0.0,0.0,-18.0,-12.8,2.0,2.0,2.29,1.9649999999999999,0.09,0.045,4861.0,5433.5
16665.0,12.900000000000034,108.0,113.0,64.0,81.0,0.0,0.0,-11.93,-7.18,2.0,2.0,2.11,1.82,0.54,0.06,5524.0,5309.0
16670.0,12.875000000000057,109.0,115.0,97.5,97.0,0.0,0.0,-5.76,-3.86,2.0,2.0,1.4649999999999999,1.56,0.05,0.41,5415.5,5274.0
16675.0,12.850000000000136,112.0,117.0,100.0,90.0,0.0,0.0,-3.31,-1.6,2.0,2.0,1.04,0.49,0.5,0.31,5120.0,5615.0
16680.0,12.850000000000023,115.0,118.0,82.0,100.0,0.0,0.0,-2.95,-1.6,2.0,2.0,0.51,0.39,0.45,0.09,5827.0,7215.0
16685.0,12.849999999999909,116.0,120.0,73.0,71.0,0.0,0.0,-2.96,-2.72,2.0,2.0,0.43,0.19,0.28,0.68,7213.0,6746.0
16690.0,12.850000000000307,118.0,124.0,61.0,94.0,0.0,0.0,-5.79,-4.89,2.0,2.0,0.35,0.67,0.6,0.93,6467.0,5749.0
16695.0,12.850000000000193,122.0,127.0,88.0,100.0,0.0,0.0,-5.46,-4.31,2.0,2.0,1.17,0.84,0.92,0.61,5607.0,5865.0
16700.0,12.850000000000136,125.0,130.0,95.0,96.0,0.0,0.0,-3.47,-4.31,2.0,2.0,1.09,0.66,0.69,0.49,5811.0,6120.0
16705.0,12.825000000000045,128.0,133.5,93.0,94.0,0.0,0.0,-2.65,-4.785,2.0,2.0,0.71,1.0050000000000001,0.66,0.61,6083.0,6219.0
16710.0,12.799999999999955,131.0,136.0,99.0,98.0,0.0,0.0,-2.02,-5.62,2.0,2.0,0.96,0.98,0.67,0.58,6107.0,6274.0
16715.0,12.82500000000016,133.5,138.0,99.5,86.0,0.0,0.0,-2.38,-5.76,2.0,2.0,0.645,1.11,0.5700000000000001,0.57,6247.0,6625.0
16720.0,12.824999999999932,136.0,140.5,100.0,96.5,0.0,0.0,-3.22,-3.605,2.0,2.0,0.76,1.4649999999999999,0.63,0.58,6347.0,6520.0
16725.0,12.800000000000296,139.0,143.0,100.0,98.0,0.0,0.0,-3.48,-3.77,2.0,2.0,0.76,1.04,0.54,0.46,6456.0,6613.0
16730.0,12.800000000000068,142.5,145.5,100.0,96.5,0.0,0.0,-3.44,-3.88,2.0,2.0,0.745,1.1,0.565,0.59,6595.0,6769.0
16735.0,12.800000000000296,145.0,148.0,100.0,100.0,0.0,0.0,-3.45,-3.21,2.0,2.0,0.87,1.29,0.54,0.66,6657.0,6820.0
16740.0,12.800000000000068,147.5,149.5,100.0,100.0,0.0,0.0,-3.245,-3.6799999999999997,2.0,2.0,0.995,1.13,0.585,0.55,6751.0,6877.0
16745.0,12.800000000000239,149.66666666666666,152.33333333333334,100.0,100.0,0.0,0.0,-2.81,-3.85,2.0,2.0,0.8133333333333334,1.01,0.5433333333333333,0.5366666666666667,6833.333333333333,6958.0
16750.0,12.799999999999955,152.0,155.0,100.0,100.0,0.0,0.0,-2.74,-3.71,2.0,2.0,0.83,1.07,0.55,0.61,6981.0,7030.0
16755.0,12.800000000000182,153.5,155.5,100.0,50.0,0.0,0.0,-2.285,-3.6550000000000002,2.0,0.0,0.665,0.8,0.505,-0.075,7028.5,6737.0
16760.0,12.783333333333303,156.0,157.33333333333334,0.0,98.0,0.0,0.0,-1.89,-3.57,0.0,3.0,0.63,0.9233333333333333,-0.34,0.5866666666666667,7059.0,5961.666666666667
16765.0,12.800000000000011,157.0,159.0,100.0,100.0,0.0,0.0,-1.92,-2.88,3.0,3.0,0.51,0.93,0.77,0.51,5964.0,5926.0
16770.0,12.775000000000034,159.0,161.0,100.0,100.0,0.0,0.0,-2.745,-2.37,3.0,3.0,0.49,0.52,0.48,0.31,5946.5,6091.0
16775.0,12.800000000000068,160.5,162.5,100.0,100.0,0.0,0.0,-3.025,-1.875,3.0,3.0,0.54,0.64,0.525,0.595,6126.0,6206.5
16780.0,12.775000000000091,163.0,164.5,100.0,100.0,0.0,0.0,-2.61,-1.5550000000000002,3.0,3.0,0.6,0.5650000000000001,0.46,0.52,6149.0,6296.5
16785.0,12.800000000000182,165.0,167.0,97.0,99.0,0.0,0.0,-2.63,-1.55,3.0,3.0,0.6,0.75,0.42,0.52,6346.0,6537.0
16790.0,12.783333333333587,166.33333333333334,169.0,100.0,100.0,0.0,0.0,-2.6166666666666667,-1.44,3.0,3.0,1.1433333333333333,1.14,0.6066666666666667,0.59,6319.666666666667,6283.0
16795.0,12.775000000000091,168.5,170.0,100.0,100.0,0.0,0.0,-2.4,-1.02,3.0,3.0,1.3,0.88,0.52,0.5,6269.0,6312.0
16800.0,12.775000000000148,170.0,172.0,100.0,100.0,0.0,0.0,-2.01,-0.79,3.0,3.0,1.025,0.55,0.495,0.51,6326.5,6395.0
16805.0,12.783333333333303,172.0,174.33333333333334,100.0,100.0,0.0,0.0,-1.23,-0.6766666666666666,3.0,3.0,0.78,0.43,0.5066666666666667,0.49666666666666665,6411.0,6453.666666666667
16810.0,12.78333333333336,173.66666666666666,176.33333333333334,100.0,100.0,0.0,0.0,-0.6233333333333334,-0.53,3.0,3.0,0.6333333333333333,0.26666666666666666,0.49333333333333335,0.46,6417.666666666667,6539.333333333333
16815.0,12.766666666666765,176.0,178.33333333333334,100.0,100.0,0.0,0.0,-0.52,-0.6833333333333333,3.0,3.0,0.37,0.24666666666666667,0.47,0.49666666666666665,6549.0,6589.666666666667
16820.0,12.766666666666879,177.0,179.66666666666666,100.0,100.0,0.0,0.0,-0.74,-0.98,3.0,3.0,0.31,0.26,0.47,0.47333333333333333,6544.0,6638.333333333333
16825.0,12.766666666666936,179.0,181.33333333333334,100.0,100.0,0.0,0.0,-1.33,-1.28,3.0,3.0,0.33,0.28,0.49,0.4533333333333333,6605.0,6691.666666666667
16830.0,12.766666666666595,181.0,183.33333333333334,100.0,100.0,0.0,0.0,-1.88,-1.53,3.0,3.0,0.35,0.39,0.41,0.47333333333333333,6718.0,6789.0
16835.0,12.766666666666652,182.0,184.33333333333334,100.0,100.0,0.0,0.0,-1.84,-1.6966666666666665,3.0,3.0,0.55,0.48666666666666664,0.47,0.45999999999999996,6714.0,6782.666666666667
16840.0,12.766666666666765,184.0,186.33333333333334,100.0,100.0,0.0,0.0,-1.54,-1.88,3.0,3.0,0.52,0.5033333333333333,0.42,0.41666666666666663,6758.0,6870.666666666667
16845.0,12.766666666666822,184.66666666666666,188.0,100.0,100.0,0.0,0.0,-1.0533333333333335,-1.87,3.0,3.0,0.46,0.57,0.42666666666666664,0.42,6833.0,6912.0
16850.0,12.766666666666879,186.66666666666666,189.0,100.0,100.0,0.0,0.0,-0.64,-1.68,3.0,3.0,0.37666666666666665,0.53,0.4033333333333333,0.4,6867.666666666667,6968.0
16855.0,12.766666666666652,187.66666666666666,190.0,100.0,100.0,0.0,0.0,-0.61,-0.92,3.0,3.0,0.2833333333333333,0.57,0.36333333333333334,0.46,6968.666666666667,7039.0
16860.0,12.766666666666708,189.0,192.0,100.0,95.0,0.0,0.0,-0.61,-0.23,3.0,3.0,0.2733333333333333,0.34,0.41333333333333333,0.36,6968.333333333333,7062.0
16865.0,12.758333333333553,190.5,192.66666666666666,100.0,47.0,0.0,0.0,-0.7050000000000001,0.7033333333333334,3.0,3.0,0.21500000000000002,0.18333333333333335,0.365,0.23,7069.5,7040.0
16870.0,12.766666666666708,192.0,193.0,100.0,4.333333333333334,0.0,0.0,-0.84,0.7933333333333333,3.0,3.0,0.2833333333333333,0.006666666666666668,0.39999999999999997,-0.06,7047.333333333333,6943.333333333333
16875.0,12.758333333333383,193.0,192.0,100.0,0.0,0.0,0.0,-0.6366666666666666,0.395,3.0,3.0,0.25,-0.07,0.35333333333333333,-0.20500000000000002,7108.333333333333,6922.0
16880.0,12.766666666666765,194.0,191.0,0.0,0.0,0.0,0.0,-0.2,-0.006666666666666666,0.0,3.0,0.22,-0.06666666666666667,0.0,-0.22333333333333333,7082.0,6902.666666666667
16885.0,12.766666666666879,194.0,190.66666666666666,100.0,0.0,0.0,0.0,-0.15,-0.026666666666666665,4.0,3.0,0.15,-0.03333333333333333,0.46,-0.22666666666666668,6141.0,6872.333333333333
16890.0,12.750000000000284,196.0,190.0,100.0,0.0,0.0,0.0,-0.23,0.05,4.0,3.0,0.12,-0.02,0.35,-0.23,5895.0,6852.0
16895.0,12.766666666666652,196.66666666666666,189.0,100.0,0.0,0.0,0.0,-0.45666666666666667,0.07,4.0,3.0,0.12,0.0,0.30333333333333334,-0.23,5918.666666666667,6813.0
16900.0,12.775000000000091,197.5,188.0,100.0,0.0,0.0,0.0,-0.645,-0.46,4.0,3.0,0.16,0.0,0.305,-0.25,5955.5,6792.0
16905.0,12.783333333333587,198.33333333333334,187.0,100.0,0.0,0.0,30.0,-0.54,-1.02,4.0,3.0,0.16,0.12,0.31,-0.71,5963.666666666667,6710.0
16910.0,12.799999999999955,199.0,183.0,100.0,0.0,0.0,41.0,-0.54,-0.63,4.0,3.0,0.19,0.17,0.31,-0.93,5992.0,6563.0
16915.0,12.800000000000011,200.0,180.0,100.0,0.0,0.0,32.0,-0.51,-0.39,4.0,3.0,0.18,0.14,0.28,-0.86,6023.0,6470.0
16920.0,12.816666666666833,201.0,178.0,100.0,0.0,0.0,22.0,-0.22,-0.39,4.0,3.0,0.14666666666666667,0.14,0.26333333333333336,-0.65,6068.666666666667,6388.0
16925.0,12.825000000000045,202.0,176.0,86.5,0.0,0.0,14.0,0.125,-0.39,4.0,3.0,0.09,0.12,0.21500000000000002,-0.51,6071.0,6329.0
16930.0,12.833333333333428,202.0,174.0,29.333333333333336,0.0,0.0,4.0,0.7166666666666667,-0.09,4.0,3.0,-0.026666666666666665,0.05,0.020000000000000004,-0.34,6028.333333333333,6282.0
16935.0,12.850000000000136,202.0,173.0,0.0,0.0,22.0,0.0,0.97,0.48,4.0,3.0,-0.16,0.0,-0.58,-0.26,5957.0,6260.0
16940.0,12.850000000000193,199.0,172.0,0.0,0.0,38.0,0.0,1.95,1.99,4.0,3.0,-0.29,-0.23,-0.84,-0.26,5819.0,6205.0
16945.0,12.883333333333553,196.33333333333334,171.0,0.0,0.0,38.0,0.0,3.0233333333333334,2.4566666666666666,4.0,3.0,-0.5733333333333334,-0.44,-0.89,-0.26,5750.666666666667,6177.0
16950.0,12.891666666666595,193.33333333333334,170.5,23.0,0.0,38.0,0.0,4.216666666666667,3.135,0.0,3.0,-0.7666666666666667,-0.52,-0.8766666666666667,-0.24,6845.333333333333,6140.5
16955.0,12.900000000000091,190.0,169.5,0.0,0.0,35.0,0.0,5.375,3.835,3.0,3.0,-1.065,-0.8049999999999999,-0.94,-0.26,6732.5,6107.0
16960.0,12.90833333333353,187.0,168.0,0.0,0.0,26.5,0.0,6.045,4.456666666666666,3.0,3.0,-1.36,-0.8533333333333333,-0.7949999999999999,-0.25,6694.0,6070.0
16965.0,12.933333333333337,184.66666666666666,167.0,0.0,0.0,18.333333333333332,0.0,6.6466666666666665,5.5,3.0,3.0,-1.4766666666666666,-1.1,-0.6533333333333333,-0.27,6591.666666666667,6028.0
16970.0,12.93333333333345,182.33333333333334,166.0,0.0,0.0,9.333333333333334,0.0,7.79,6.95,3.0,3.0,-1.6466666666666667,-1.0,-0.4966666666666667,-0.26,6547.0,5984.0
16975.0,12.933333333333394,180.66666666666666,165.0,0.0,0.0,7.333333333333333,0.0,9.17,8.62,3.0,3.0,-1.22,-1.25,-0.43,-0.27,6471.0,5946.0
16980.0,12.958333333333542,178.66666666666666,163.5,0.0,3.5,4.0,0.0,10.583333333333334,10.565000000000001,3.0,3.0,-1.6266666666666667,-1.45,-0.41,-0.225,6423.666666666667,5924.0
16985.0,12.95000000000016,177.0,163.0,0.0,15.5,0.0,0.0,11.71,11.350000000000001,3.0,3.0,-1.7,-1.59,-0.33,-0.135,6374.0,5920.0
16990.0,12.97500000000008,176.0,162.0,0.0,45.0,0.0,0.0,13.07,13.21,3.0,3.0,-1.33,-1.1,-0.29000000000000004,-0.09,6327.0,6020.0
16995.0,12.975000000000136,174.5,162.0,0.0,54.0,0.0,0.0,14.79,13.13,3.0,3.0,-1.855,-2.11,-0.32499999999999996,-0.02,6259.0,5973.0
17000.0,12.991666666666674,173.0,162.0,0.0,64.33333333333333,0.0,0.0,15.17,12.35,3.0,3.0,-2.52,-1.8833333333333333,-0.355,0.02,6222.5,5937.333333333333
17005.0,12.991666666666731,171.33333333333334,161.0,36.33333333333333,63.5,0.0,0.0,14.72,12.27,3.0,3.0,-1.8,-1.96,-0.12666666666666668,0.07500000000000001,6292.0,6001.0
17010.0,13.000000000000114,171.0,161.0,77.0,70.0,0.0,0.0,12.99,11.5,3.0,3.0,-2.39,-2.37,0.0,0.08,6314.0,5936.0
17015.0,13.000000000000227,170.0,161.0,78.0,77.0,0.0,0.0,10.63,9.13,3.0,3.0,-2.25,-1.82,0.06,0.13,6298.0,5993.0
17020.0,13.016666666666936,170.0,162.0,78.0,85.33333333333333,0.0,0.0,9.07,6.19,3.0,3.0,-1.95,-1.1133333333333333,0.12,0.06333333333333332,6303.0,6211.0
17025.0,13.024999999999977,170.0,162.5,79.0,89.0,0.0,0.0,7.38,3.855,3.0,3.0,-1.37,-1.615,0.04,0.38,6569.0,6291.0
17030.0,13.016666666666765,170.33333333333334,164.0,94.0,100.0,0.0,0.0,4.74,2.4666666666666663,3.0,3.0,-1.5033333333333332,-0.7166666666666668,0.25666666666666665,0.12333333333333335,6348.333333333333,6355.333333333333
17035.0,13.025000000000034,171.0,165.0,83.0,85.0,0.0,0.0,3.45,4.01,3.0,3.0,-0.865,-1.38,0.16,0.66,6906.5,6447.0
17040.0,13.025000000000091,172.0,166.0,95.0,90.0,0.0,0.0,3.7649999999999997,4.77,3.0,3.0,-1.455,-1.56,0.455,0.41,6546.0,6328.0
17045.0,13.033333333333474,173.0,167.0,92.66666666666667,89.33333333333333,0.0,0.0,5.243333333333333,4.253333333333333,3.0,3.0,-1.1733333333333333,-1.0933333333333333,0.37333333333333335,0.29000000000000004,6555.666666666667,6398.666666666667
17050.0,13.0416666666668,174.0,168.5,86.33333333333333,91.0,0.0,0.0,6.426666666666667,3.84,3.0,3.0,-1.0933333333333333,-1.47,0.29,0.4,6642.333333333333,6421.5
17055.0,13.025000000000318,175.0,169.5,93.0,99.0,0.0,0.0,5.48,2.8099999999999996,3.0,3.0,-1.69,-1.71,0.35,0.425,6588.0,6365.0
17060.0,13.033333333333303,176.0,170.66666666666666,100.0,100.0,0.0,0.0,3.38,2.34,3.0,3.0,-1.52,-1.2866666666666666,0.4,0.3833333333333333,6574.0,6401.333333333333
17065.0,13.03333333333336,177.0,171.66666666666666,100.0,100.0,0.0,0.0,2.56,2.9066666666666667,3.0,3.0,-1.17,-1.1833333333333333,0.35,0.43333333333333335,6642.0,6424.333333333333
17070.0,13.050000000000125,179.0,174.0,100.0,100.0,0.0,0.0,2.64,3.28,3.0,3.0,-1.22,-1.23,0.33,0.44,6652.0,6440.0
17075.0,13.050000000000182,180.0,175.0,100.0,100.0,0.0,0.0,3.12,3.01,3.0,3.0,-1.13,-0.83,0.36,0.38,6630.0,6503.0
17080.0,13.050000000000296,181.0,176.0,100.0,100.0,0.0,0.0,4.56,3.61,3.0,3.0,-0.9,-1.04,0.31,0.5,6810.0,6561.0
17085.0,13.049999999999955,183.0,178.0,100.0,100.0,0.0,0.0,4.79,3.15,3.0,3.0,-1.13,-0.99,0.36,0.37,6769.0,6623.0
17090.0,13.050000000000011,184.0,179.0,100.0,100.0,0.0,0.0,4.73,3.07,3.0,3.0,-1.32,-0.94,0.41,0.4,6821.0,6633.0
17095.0,13.050000000000125,185.0,180.0,100.0,100.0,0.0,0.0,4.61,2.94,3.0,3.0,-1.18,-0.78,0.3,0.37,6883.0,6716.0
17100.0,13.066666666666777,185.66666666666666,182.0,100.0,100.0,0.0,0.0,3.7600000000000002,1.97,3.0,3.0,-0.8733333333333334,-0.67,0.3066666666666667,0.4,6957.333333333333,6876.0
17105.0,13.06666666666689,186.66666666666666,183.0,100.0,100.0,0.0,0.0,2.8666666666666667,1.39,3.0,3.0,-0.9933333333333334,-0.77,0.36,0.39,7022.666666666667,6794.0
17110.0,13.066666666666663,188.0,184.0,100.0,100.0,0.0,0.0,2.586666666666667,1.12,3.0,3.0,-1.0166666666666666,-0.63,0.35,0.38,7015.666666666667,6870.0
17115.0,13.075000000000102,189.5,186.0,100.0,100.0,0.0,0.0,2.735,1.09,3.0,3.0,-0.8899999999999999,-0.48,0.37,0.38,7049.5,6919.0
17120.0,13.075000000000216,190.5,187.0,100.0,100.0,0.0,0.0,3.235,1.57,3.0,3.0,-0.8200000000000001,-0.53,0.34,0.45,7129.5,6977.0
17125.0,13.066666666666663,191.33333333333334,188.0,98.0,100.0,0.0,0.0,3.36,2.1566666666666667,3.0,3.0,-0.9333333333333333,-0.5599999999999999,0.35,0.38666666666666666,7108.0,6982.0
17130.0,13.066666666666777,192.33333333333334,189.66666666666666,57.0,100.0,0.0,0.0,3.37,3.0566666666666666,3.0,3.0,-1.02,-0.7066666666666667,0.24000000000000002,0.41333333333333333,7083.0,7034.333333333333
17135.0,13.07500000000016,192.0,191.0,0.0,93.5,0.0,0.0,3.8,4.17,3.0,3.0,-0.95,-0.75,-0.28,0.36,6927.0,7063.0
17140.0,13.066666666666833,192.0,192.0,0.0,34.0,0.0,0.0,4.29,5.723333333333333,3.0,3.0,-0.94,-0.9533333333333334,-0.22,0.13,6894.0,7011.666666666667
17145.0,13.066666666666947,191.0,191.66666666666666,0.0,0.0,0.0,0.0,4.74,7.39,3.0,3.0,-0.97,-1.0066666666666668,-0.22,-0.21,6866.0,6904.0
17150.0,13.083333333333314,190.0,190.66666666666666,0.0,0.0,0.0,0.0,5.6866666666666665,8.893333333333334,3.0,3.0,-0.8300000000000001,-1.0999999999999999,-0.20333333333333334,-0.19,6833.666666666667,6847.666666666667
17155.0,13.06666666666672,189.0,190.0,0.0,0.0,0.0,0.0,7.086666666666667,9.74,3.0,3.0,-1.2433333333333332,-1.65,-0.21666666666666667,-0.21,6799.666666666667,6830.0
17160.0,13.066666666666833,188.0,189.0,0.0,0.0,0.0,0.0,7.04,9.73,3.0,3.0,-1.4166666666666665,-1.45,-0.22,-0.2,6778.666666666667,6797.0
17165.0,13.075000000000045,187.5,188.0,0.0,0.0,0.0,0.0,6.195,9.44,3.0,3.0,-1.1,-1.51,-0.19,-0.2,6738.0,6744.0
17170.0,13.07500000000016,186.5,187.0,0.0,0.0,0.0,0.0,6.33,9.6,3.0,3.0,-1.42,-1.64,-0.20500000000000002,-0.19,6712.5,6728.0
17175.0,13.066666666666777,186.0,186.33333333333334,0.0,0.0,0.0,0.0,7.233333333333333,10.17,3.0,3.0,-1.4233333333333333,-1.56,-0.19666666666666668,-0.18333333333333332,6686.333333333333,6692.0
17180.0,13.066666666666833,185.0,185.33333333333334,13.666666666666666,0.0,0.0,0.0,9.02,11.14,3.0,3.0,-1.1033333333333333,-1.0833333333333333,-0.06666666666666667,-0.16,6717.333333333333,6642.666666666667
17185.0,13.066666666666947,185.0,184.33333333333334,48.0,0.0,0.0,0.0,10.456666666666667,11.82,3.0,3.0,-1.3166666666666667,-1.5999999999999999,0.06666666666666667,-0.18666666666666668,6782.333333333333,6622.666666666667
17190.0,13.066666666666663,185.0,184.0,83.66666666666667,2.6666666666666665,0.0,0.0,11.033333333333333,11.85,3.0,3.0,-1.49,-1.76,0.17666666666666667,-0.14333333333333334,6821.666666666667,6636.333333333333
17195.0,13.066666666666777,186.0,183.0,86.0,37.666666666666664,0.0,0.0,11.066666666666666,12.34,3.0,3.0,-1.6866666666666665,-1.6300000000000001,0.20666666666666667,0.02666666666666667,6865.333333333333,6685.0
17200.0,13.083333333333485,186.0,183.0,85.0,65.33333333333333,0.0,0.0,10.62,13.523333333333333,3.0,3.0,-1.67,-1.5233333333333334,0.21,0.12666666666666665,6882.0,6736.0
17205.0,13.07500000000016,187.0,184.0,84.0,82.5,0.0,0.0,10.29,14.95,3.0,3.0,-1.52,-1.37,0.27,0.19,6920.0,6822.5
17210.0,13.075000000000273,187.0,184.0,82.0,81.5,0.0,0.0,10.62,15.18,3.0,3.0,-1.45,-1.2149999999999999,0.34,0.22499999999999998,6995.0,6849.0
17215.0,13.074999999999932,188.0,185.0,75.0,82.0,0.0,0.0,12.14,14.58,3.0,3.0,-0.97,-1.635,0.29,0.31000000000000005,7198.0,6890.5
17220.0,13.075000000000045,189.0,185.5,80.0,82.0,0.0,0.0,13.27,13.76,3.0,3.0,-1.68,-1.795,0.34,0.3,7039.0,6892.0
17225.0,13.083333333333485,190.0,186.33333333333334,80.66666666666667,82.33333333333333,0.0,0.0,13.236666666666666,13.166666666666668,3.0,3.0,-1.95,-1.6600000000000001,0.3233333333333333,0.3433333333333333,7058.333333333333,6939.666666666667
17230.0,13.083333333333428,190.66666666666666,187.0,80.0,78.33333333333333,0.0,0.0,12.99,13.036666666666667,3.0,3.0,-1.45,-1.56,0.2733333333333333,0.3333333333333333,7093.666666666667,7013.333333333333
17235.0,13.09166666666681,191.0,188.0,80.0,80.33333333333333,0.0,0.0,12.825,12.793333333333333,3.0,3.0,-1.94,-2.0866666666666664,0.30500000000000005,0.37333333333333335,7147.0,6998.333333333333
17240.0,13.075000000000045,192.0,189.0,40.5,81.0,0.0,0.0,12.475000000000001,12.47,3.0,3.0,-2.265,-2.41,0.09,0.34,7021.0,7004.0
17245.0,13.083333333333485,191.33333333333334,190.0,26.666666666666664,82.0,0.0,0.0,12.033333333333333,12.01,0.0,3.0,-2.4566666666666666,-2.08,0.04999999999999999,0.32,6353.333333333333,7018.0
17250.0,13.083333333333599,192.0,190.0,79.33333333333333,79.0,0.0,0.0,11.413333333333334,11.74,4.0,3.0,-1.6766666666666667,-1.73,0.27666666666666667,0.32,5859.0,7084.0
17255.0,13.099999999999909,193.0,191.0,78.0,80.0,0.0,0.0,11.18,11.17,4.0,3.0,-1.73,-1.95,0.3,0.33,5928.0,7088.0
17260.0,13.083333333333371,193.0,192.0,79.0,81.0,0.0,0.0,10.69,10.446666666666667,4.0,3.0,-2.04,-1.9766666666666666,0.29,0.32,5875.0,7115.333333333333
17265.0,13.083333333333485,194.0,192.0,81.0,81.66666666666667,0.0,0.0,10.24,9.76,4.0,3.0,-2.28,-2.223333333333333,0.34,0.31,5911.0,7117.666666666667
17270.0,13.091666666666754,194.66666666666666,193.0,84.0,42.5,0.0,0.0,9.85,8.99,4.0,3.0,-2.41,-2.27,0.29333333333333333,-0.010000000000000009,5888.0,7077.0
17275.0,13.09166666666681,195.0,193.0,85.0,28.333333333333332,0.0,0.0,9.695,8.42,4.0,0.0,-2.32,-2.1766666666666667,0.295,0.14,5905.5,6526.333333333333
17280.0,13.10000000000008,196.0,194.0,88.33333333333333,95.0,0.0,0.0,9.56,7.5600000000000005,4.0,4.0,-2.4133333333333336,-2.2199999999999998,0.30666666666666664,0.39999999999999997,5909.333333333333,5828.0
17285.0,13.083333333333485,196.33333333333334,195.0,89.0,99.0,0.0,0.0,9.246666666666666,6.78,4.0,4.0,-2.27,-2.03,0.3,0.39,5933.0,5864.0
17290.0,13.100000000000307,197.0,196.0,88.0,100.0,0.0,0.0,9.05,5.56,4.0,4.0,-2.31,-1.97,0.3,0.39,5956.0,5889.0
17295.0,13.083333333333258,198.0,196.66666666666666,91.0,100.0,0.0,0.0,8.5,5.180000000000001,4.0,4.0,-1.95,-1.5333333333333332,0.29,0.33,5971.0,5940.333333333333
17300.0,13.10000000000008,198.66666666666666,197.66666666666666,89.33333333333333,74.0,0.0,0.0,8.03,5.833333333333334,4.0,4.0,-1.79,-1.54,0.29,0.3,6021.333333333333,5952.333333333333
17305.0,13.091666666666868,199.0,198.0,93.0,24.0,0.0,0.0,7.475,6.513333333333334,4.0,4.0,-1.915,-1.5966666666666667,0.295,0.11333333333333334,6029.0,5903.0
17310.0,13.099999999999966,200.0,197.66666666666666,96.0,0.0,0.0,0.0,6.863333333333333,6.56,4.0,4.0,-1.92,-1.7033333333333334,0.33333333333333337,-0.22999999999999998,6064.0,5839.0
17315.0,13.100000000000023,200.0,197.0,98.0,0.0,0.0,0.0,6.41,6.62,4.0,4.0,-1.99,-1.79,0.28,-0.21,6072.0,5806.0
17320.0,13.100000000000136,201.0,196.0,100.0,0.0,0.0,0.0,5.74,6.67,4.0,4.0,-2.04,-1.95,0.34,-0.22,6083.0,5780.0
17325.0,13.100000000000136,202.0,195.0,100.0,0.0,0.0,0.0,5.516666666666667,5.586666666666667,4.0,4.0,-1.6133333333333333,-1.5933333333333333,0.29000000000000004,-0.20333333333333334,6117.0,5750.333333333333
17330.0,13.108333333333519,203.0,194.0,100.0,0.0,0.0,0.0,5.055,3.6033333333333335,4.0,4.0,-1.5899999999999999,-1.56,0.32,-0.2,6156.5,5725.0
17335.0,13.108333333333405,204.0,193.5,100.0,0.0,0.0,0.0,4.37,2.54,4.0,4.0,-1.6099999999999999,-1.38,0.32,-0.2,6162.333333333333,5704.5
17340.0,13.116666666666845,205.0,192.66666666666666,100.0,0.0,0.0,0.0,3.35,2.5433333333333334,4.0,4.0,-1.5,-1.1133333333333333,0.29,-0.2,6183.0,5683.0
17345.0,13.133333333333553,205.0,191.66666666666666,100.0,0.0,0.0,0.0,2.6733333333333333,2.55,4.0,4.0,-1.2766666666666666,-0.8866666666666667,0.3,-0.19,6192.333333333333,5663.0
17350.0,13.116666666666617,206.0,191.0,100.0,0.0,0.0,0.0,2.0633333333333335,2.57,4.0,4.0,-1.0933333333333333,-0.83,0.30666666666666664,-0.2,6223.0,5643.0
17355.0,13.133333333333496,207.0,191.0,100.0,29.0,0.0,0.0,1.87,3.09,4.0,4.0,-0.8633333333333334,-0.77,0.29666666666666663,0.0,6257.666666666667,5663.0
17360.0,13.150000000000318,208.0,191.0,100.0,93.0,0.0,0.0,1.87,4.14,4.0,4.0,-0.74,-0.98,0.32,0.15,6298.0,5726.0
17365.0,13.166666666666629,208.66666666666666,191.0,100.0,100.0,0.0,0.0,1.7966666666666666,3.71,4.0,4.0,-0.8366666666666667,-0.99,0.3,0.21,6282.0,5738.0
17370.0,13.158333333333474,210.0,192.0,100.0,100.0,0.0,0.0,1.745,3.416666666666667,4.0,4.0,-0.45,-0.7033333333333334,0.16,0.2,6366.5,5907.333333333333
17375.0,13.166666666666913,210.33333333333334,193.0,100.0,100.0,0.0,0.0,1.67,3.066666666666667,4.0,4.0,-0.63,-1.0766666666666667,0.3233333333333333,0.32666666666666666,6581.0,5834.666666666667
17380.0,13.166666666666572,212.0,194.33333333333334,100.0,100.0,0.0,0.0,1.23,2.4266666666666667,4.0,4.0,-0.9,-0.97,0.3,0.34,6375.0,5866.0
17385.0,13.183333333333394,212.66666666666666,195.33333333333334,100.0,100.0,0.0,0.0,0.81,1.4433333333333334,4.0,4.0,-0.6666666666666666,-0.8466666666666667,0.2733333333333334,0.34,6422.666666666667,5924.0
17390.0,13.183333333333564,213.33333333333334,196.0,100.0,100.0,0.0,0.0,0.5566666666666666,0.47,4.0,4.0,-0.6133333333333334,-0.77,0.32999999999999996,0.39,6415.0,5909.0
17395.0,13.199999999999932,214.0,197.0,100.0,100.0,0.0,0.0,0.08,0.02,4.0,4.0,-0.27,-0.3,0.26,0.25,6470.0,6054.0
17400.0,13.200000000000102,214.66666666666666,198.66666666666666,100.0,100.0,0.0,0.0,-0.5533333333333333,0.02,4.0,4.0,-0.19333333333333333,-0.3433333333333333,0.41333333333333333,0.37666666666666665,6693.0,6056.333333333333
17405.0,13.216666666666924,216.0,200.0,100.0,100.0,0.0,0.0,-0.8633333333333333,-0.18,4.0,4.0,-0.11666666666666667,-0.18666666666666668,0.2966666666666667,0.33999999999999997,6504.666666666667,6041.666666666667
17410.0,13.216666666666583,217.0,201.0,100.0,100.0,0.0,0.0,-0.86,-0.41666666666666663,4.0,4.0,0.04,-0.06,0.26,0.36,6523.0,6057.0
17415.0,13.216666666666754,217.66666666666666,202.0,100.0,100.0,0.0,0.0,-0.3366666666666667,-0.28,4.0,4.0,0.11333333333333333,0.02,0.25666666666666665,0.34,6558.0,6102.0
17420.0,13.233333333333576,218.0,203.0,100.0,100.0,0.0,0.0,-0.026666666666666665,-0.23,4.0,4.0,0.10333333333333333,0.04,0.27,0.31,6580.666666666667,6153.0
17425.0,13.233333333333292,219.0,204.0,100.0,100.0,0.0,0.0,-0.14,-0.26,4.0,4.0,0.07,0.07666666666666666,0.22,0.3666666666666667,6695.0,6205.333333333333
17430.0,13.241666666666731,220.0,205.5,100.0,100.0,0.0,0.0,-0.17,-0.41000000000000003,4.0,4.0,0.10333333333333333,0.13,0.29000000000000004,0.355,6628.0,6187.0
17435.0,13.250000000000227,220.33333333333334,206.33333333333334,100.0,100.0,0.0,0.0,-0.20333333333333334,-0.5866666666666667,4.0,4.0,0.07666666666666667,0.14,0.26,0.31333333333333335,6638.0,6225.666666666667
17440.0,13.249999999999943,221.0,207.0,100.0,100.0,0.0,0.0,-0.34,-0.64,4.0,4.0,0.06,0.17,0.24,0.33,6711.0,6300.0
17445.0,13.250000000000057,222.0,208.66666666666666,100.0,100.0,0.0,0.0,-0.42,-0.2833333333333333,4.0,4.0,0.12666666666666668,0.19333333333333333,0.2866666666666667,0.33,6697.333333333333,6284.666666666667
17450.0,13.25416666666689,223.0,209.33333333333334,100.0,100.0,0.0,0.0,-0.41,-0.22666666666666668,4.0,4.0,0.1275,0.16,0.25,0.33,6706.75,6315.0
17455.0,13.266666666666652,223.66666666666666,210.0,100.0,100.0,0.0,0.0,-0.43,-0.67,4.0,4.0,0.12666666666666668,0.16,0.24333333333333332,0.34,6765.0,6389.0
17460.0,13.283333333333474,224.33333333333334,211.0,100.0,100.0,0.0,0.0,-0.44,-0.89,4.0,4.0,0.16666666666666666,0.26,0.27,0.35,6766.0,6368.0
17465.0,13.283333333333644,225.0,212.66666666666666,100.0,100.0,0.0,0.0,-0.44,-0.4766666666666667,4.0,4.0,0.19,0.24000000000000002,0.24,0.32,6765.0,6395.0
17470.0,13.283333333333303,226.0,213.33333333333334,100.0,100.0,0.0,0.0,-0.45999999999999996,-0.08333333333333334,4.0,4.0,0.13666666666666666,0.15333333333333335,0.24333333333333335,0.2833333333333333,6826.666666666667,6468.0
17475.0,13.283333333333474,226.33333333333334,214.0,100.0,100.0,0.0,0.0,-0.62,0.12,4.0,4.0,0.19666666666666668,0.18,0.27666666666666667,0.37,6882.333333333333,6483.0
17480.0,13.295833333333576,227.0,215.66666666666666,100.0,100.0,0.0,0.0,-0.6125,0.33999999999999997,4.0,4.0,0.25,0.09666666666666668,0.28,0.31,6834.5,6474.0
17485.0,13.300000000000068,228.0,216.33333333333334,100.0,100.0,0.0,0.0,-0.61,0.27,4.0,4.0,0.23333333333333334,0.02,0.22333333333333333,0.3,6861.333333333333,6521.666666666667
17490.0,13.300000000000182,229.0,217.0,100.0,100.0,0.0,0.0,-0.61,-0.08,4.0,4.0,0.26,0.0,0.28,0.33,6908.0,6538.0
17495.0,13.300000000000239,229.66666666666666,218.0,100.0,100.0,0.0,0.0,-0.59,-0.5033333333333333,4.0,4.0,0.23,0.03666666666666667,0.21333333333333335,0.25,6924.0,6591.333333333333
17500.0,13.316666666666777,230.0,219.0,100.0,100.0,0.0,0.0,-0.55,-0.73,4.0,4.0,0.26,0.12,0.29,0.33,6970.0,6601.666666666667
17505.0,13.316666666666777,230.66666666666666,220.0,100.0,100.0,0.0,0.0,-0.5233333333333333,-0.76,4.0,4.0,0.2733333333333334,0.18,0.23666666666666666,0.29,6937.333333333333,6620.0
17510.0,13.316666666666777,231.33333333333334,220.66666666666666,100.0,100.0,0.0,0.0,-0.52,-0.6333333333333333,4.0,4.0,0.21666666666666667,0.19999999999999998,0.22666666666666666,0.27999999999999997,6989.666666666667,6676.0
17515.0,13.32500000000016,232.0,222.0,100.0,100.0,0.0,0.0,-0.52,-0.33499999999999996,4.0,4.0,0.2525,0.2375,0.27749999999999997,0.32,6995.0,6676.0
17520.0,13.316666666666663,233.0,222.0,100.0,100.0,0.0,0.0,-0.5,-0.31333333333333335,4.0,4.0,0.26,0.22333333333333333,0.23666666666666666,0.29666666666666663,7002.0,6690.0
17525.0,13.316666666666663,234.0,223.33333333333334,100.0,100.0,0.0,0.0,-0.37,-0.6766666666666666,4.0,4.0,0.25,0.23666666666666666,0.24,0.29333333333333333,7019.0,6720.333333333333
17530.0,13.333333333333599,234.0,224.0,100.0,100.0,0.0,0.0,-0.18333333333333335,-0.97,4.0,4.0,0.17666666666666667,0.27,0.21,0.34,7041.666666666667,6785.0
17535.0,13.333333333333258,235.0,225.0,100.0,100.0,0.0,0.0,-0.11,-0.9366666666666666,4.0,4.0,0.17,0.31333333333333335,0.23,0.27666666666666667,7041.0,6772.333333333333
17540.0,13.341666666666754,235.0,226.0,50.0,100.0,0.0,0.0,0.005,-0.9566666666666667,0.0,4.0,0.08499999999999999,0.35000000000000003,0.11500000000000002,0.2833333333333333,6448.0,6799.666666666667
17545.0,13.337500000000318,235.0,226.75,100.0,100.0,0.0,0.0,-0.1,-0.9675,5.0,4.0,0.05,0.39999999999999997,-0.2,0.42,6065.0,6865.5
17550.0,13.333333333333314,236.0,227.33333333333334,100.0,100.0,0.0,0.0,-0.18666666666666668,-0.6433333333333334,5.0,4.0,0.07333333333333333,0.38,0.2733333333333333,0.26333333333333336,6007.333333333333,6855.333333333333
17555.0,13.350000000000193,237.0,228.0,100.0,100.0,0.0,0.0,-0.26,-0.04,5.0,4.0,0.07,0.25,0.2,0.26,6028.0,6879.0
17560.0,13.35000000000025,237.0,229.0,100.0,100.0,0.0,0.0,-0.32,0.08333333333333333,5.0,4.0,0.07,0.18,0.17666666666666667,0.26333333333333336,6079.333333333333,6901.0
17565.0,13.35000000000008,238.0,230.0,100.0,100.0,0.0,0.0,-0.485,0.0525,5.0,4.0,0.11750000000000001,0.11,0.195,0.27,6091.25,6913.75
17570.0,13.350000000000136,238.0,230.66666666666666,100.0,100.0,0.0,0.0,-0.39666666666666667,0.010000000000000002,5.0,4.0,0.14666666666666667,0.06666666666666667,0.22,0.27,6084.333333333333,6925.666666666667
17575.0,13.354166666666742,239.0,231.33333333333334,100.0,100.0,0.0,0.0,-0.165,-0.06999999999999999,5.0,4.0,0.125,0.043333333333333335,0.23249999999999998,0.25,6094.5,6945.333333333333
17580.0,13.366666666666845,239.66666666666666,232.0,100.0,100.0,0.0,0.0,-0.026666666666666672,-0.31,5.0,4.0,0.10333333333333333,0.05,0.22999999999999998,0.26,6126.333333333333,6976.0
17585.0,13.354166666666629,240.0,232.33333333333334,100.0,100.0,0.0,0.0,0.0475,-0.26666666666666666,5.0,4.0,0.07,0.07,0.22,0.25333333333333335,6126.0,6989.333333333333
17590.0,13.366666666666731,240.66666666666666,233.0,100.0,100.0,0.0,0.0,0.04,-0.15,5.0,4.0,0.03333333333333333,0.07,0.22333333333333333,0.23,6148.666666666667,7014.0
17595.0,13.362500000000296,241.25,234.0,100.0,100.0,0.0,0.0,0.05,-0.22,5.0,4.0,0.0075,0.08,0.21000000000000002,0.245,6184.5,7067.5
17600.0,13.366666666666617,242.0,235.0,100.0,100.0,0.0,0.0,0.043333333333333335,-0.28,5.0,4.0,0.0,0.11,0.22,0.24,6173.666666666667,7041.0
17605.0,13.370833333333508,242.25,235.66666666666666,100.0,100.0,0.0,0.0,0.0425,-0.28,5.0,4.0,-0.015,0.09666666666666666,0.21000000000000002,0.25,6185.0,7074.666666666667
17610.0,13.366666666666902,243.0,236.0,100.0,100.0,0.0,0.0,0.06333333333333334,-0.28,5.0,4.0,-0.006666666666666666,0.08,0.21333333333333335,0.21,6215.0,7096.0
17615.0,13.370833333333394,243.25,236.66666666666666,100.0,100.0,0.0,0.0,0.09,-0.2366666666666667,5.0,4.0,-0.0125,0.10666666666666667,0.1925,0.23333333333333334,6241.5,7123.0
17620.0,13.379166666666777,244.0,237.0,100.0,75.0,0.0,0.0,0.09,0.007499999999999998,5.0,4.0,-0.026666666666666665,0.0875,0.22333333333333333,0.1275,6229.333333333333,7072.25
17625.0,13.383333333333383,245.0,237.0,100.0,66.66666666666666,0.0,0.0,0.09,0.013333333333333336,5.0,0.0,-0.03,0.060000000000000005,0.21,0.009999999999999981,6241.0,6615.333333333333
17630.0,13.379166666666833,245.0,237.25,100.0,100.0,0.0,0.0,-0.03,0.0,5.0,5.0,-0.013333333333333334,0.0275,0.20666666666666667,0.185,6277.333333333333,6106.75
17635.0,13.383333333333269,246.0,238.0,100.0,100.0,0.0,0.0,-0.21,0.03,5.0,5.0,0.01,0.013333333333333334,0.24,0.26,6285.0,6087.333333333333
17640.0,13.387500000000102,246.5,239.0,100.0,100.0,0.0,0.0,-0.21,0.057499999999999996,5.0,5.0,0.03,0.0075,0.225,0.245,6283.5,6092.75
17645.0,13.383333333333667,247.0,239.66666666666666,100.0,100.0,0.0,0.0,-0.17,0.056666666666666664,5.0,5.0,0.05,-0.006666666666666666,0.21,0.23666666666666666,6308.0,6118.666666666667
17650.0,13.387499999999989,247.5,240.0,100.0,100.0,0.0,0.0,-0.11,0.06,5.0,5.0,0.055,-0.0125,0.2,0.2175,6332.5,6141.25
17655.0,13.383333333333553,248.0,240.66666666666666,100.0,100.0,0.0,0.0,-0.06,0.04,5.0,5.0,0.06,-0.013333333333333334,0.21,0.23666666666666666,6365.0,6160.333333333333
17660.0,13.395833333333428,249.0,241.25,100.0,100.0,0.0,0.0,0.1,0.02,5.0,5.0,0.043333333333333335,0.0,0.22666666666666668,0.23,6341.666666666667,6154.5
17665.0,13.395833333333485,249.0,242.0,100.0,100.0,0.0,0.0,0.365,0.02,5.0,5.0,0.0,-0.006666666666666666,0.2125,0.21666666666666667,6353.5,6174.0
17670.0,13.395833333333314,250.0,242.25,100.0,100.0,0.0,0.0,0.5566666666666666,0.07,5.0,5.0,-0.04666666666666667,-0.0175,0.19,0.195,6385.666666666667,6212.5
17675.0,13.395833333333428,250.75,243.0,100.0,100.0,0.0,0.0,0.5825,0.16333333333333333,5.0,5.0,-0.1275,-0.05333333333333333,0.205,0.23666666666666666,6400.75,6225.0
17680.0,13.400000000000261,251.0,244.0,100.0,100.0,0.0,0.0,0.55,0.04,5.0,5.0,-0.195,-0.06,0.22,0.2525,6395.75,6213.75
17685.0,13.399999999999977,251.66666666666666,244.66666666666666,100.0,100.0,0.0,0.0,0.55,-0.026666666666666665,5.0,5.0,-0.21,-0.06,0.2,0.20333333333333334,6414.333333333333,6244.0
17690.0,13.400000000000205,252.0,245.0,100.0,100.0,0.0,0.0,0.55,-0.1,5.0,5.0,-0.2,-0.02,0.21,0.21,6457.0,6275.0
17695.0,13.40833333333353,252.5,245.66666666666666,100.0,100.0,0.0,0.0,0.485,-0.013333333333333334,5.0,5.0,-0.235,-0.003333333333333334,0.21500000000000002,0.24666666666666667,6447.0,6270.333333333333
17700.0,13.400000000000091,253.0,246.0,100.0,100.0,0.0,0.0,0.31,0.0,5.0,5.0,-0.23,0.0,0.2,0.23,6463.0,6287.0
17705.0,13.40833333333336,253.33333333333334,247.0,100.0,100.0,0.0,0.0,0.016666666666666663,0.02,5.0,5.0,-0.18333333333333332,0.01,0.20666666666666667,0.22,6466.333333333333,6298.0
17710.0,13.41250000000008,254.0,247.0,100.0,100.0,0.0,0.0,-0.185,0.06,5.0,5.0,-0.0925,0.01,0.2,0.21,6490.0,6331.0
17715.0,13.41250000000025,254.25,248.0,100.0,100.0,0.0,0.0,-0.1875,0.08499999999999999,5.0,5.0,-0.0425,0.005,0.2275,0.25,6517.25,6341.0
17720.0,13.416666666666629,255.0,249.0,100.0,100.0,0.0,0.0,-0.13333333333333333,0.04,5.0,5.0,-0.006666666666666668,0.0,0.21333333333333332,0.23,6502.0,6339.0
17725.0,13.416666666666856,256.0,249.0,100.0,100.0,0.0,0.0,-0.05,-0.03333333333333333,5.0,5.0,0.01,0.006666666666666667,0.21,0.22,6514.0,6355.666666666667
17730.0,13.420833333333462,256.0,249.75,100.0,100.0,0.0,0.0,-0.013333333333333334,-0.030000000000000002,5.0,5.0,0.02,0.0075,0.2,0.21,6531.666666666667,6374.0
17735.0,13.425000000000125,256.75,250.25,100.0,100.0,0.0,0.0,0.0,0.06,5.0,5.0,0.0125,0.01,0.2075,0.2375,6541.25,6378.5
17740.0,13.420833333333348,257.0,251.0,100.0,100.0,0.0,0.0,0.0,0.06,5.0,5.0,0.01,0.003333333333333334,0.205,0.22666666666666666,6558.25,6397.666666666667
17745.0,13.416666666666742,257.6666666666667,251.0,100.0,100.0,0.0,0.0,0.0,0.1,5.0,5.0,0.01,0.0,0.17666666666666667,0.21,6571.0,6409.0
17750.0,13.425000000000296,258.0,252.0,100.0,100.0,0.0,0.0,0.0,0.11,5.0,5.0,0.0,-0.015,0.16,0.195,6592.0,6437.5
17755.0,13.425000000000011,258.5,252.0,100.0,100.0,0.0,0.0,0.0,0.12,5.0,5.0,0.005,-0.01,0.2,0.21,6605.5,6445.0
17760.0,13.437500000000114,259.0,253.0,100.0,100.0,0.0,0.0,0.01,0.175,5.0,5.0,0.0025000000000000005,-0.015,0.21,0.195,6595.75,6445.0
17765.0,13.425000000000125,259.25,253.75,100.0,100.0,0.0,0.0,0.0175,0.195,5.0,5.0,0.0,-0.0175,0.1925,0.185,6611.5,6464.5
17770.0,13.429166666666788,260.0,254.0,100.0,100.0,0.0,0.0,0.04,0.27749999999999997,5.0,5.0,0.0,-0.025,0.15000000000000002,0.19,6649.333333333333,6505.5
17775.0,13.43333333333328,260.0,254.66666666666666,100.0,100.0,0.0,0.0,0.06,0.4366666666666667,5.0,5.0,-0.01,-0.08,0.2,0.22333333333333333,6685.0,6507.666666666667
17780.0,13.433333333333508,261.0,255.0,100.0,100.0,0.0,0.0,0.20333333333333334,0.38,5.0,5.0,-0.03666666666666667,-0.11,0.19,0.2,6641.333333333333,6489.0
17785.0,13.437500000000227,261.75,255.5,100.0,100.0,0.0,0.0,0.25,0.19,5.0,5.0,-0.057499999999999996,-0.11499999999999999,0.1675,0.2,6663.75,6517.0
17790.0,13.437500000000057,262.0,256.0,100.0,100.0,0.0,0.0,0.2175,-0.02,5.0,5.0,-0.07250000000000001,-0.08,0.18,0.21,6681.75,6517.0
17795.0,13.44166666666672,262.5,256.3333333333333,100.0,100.0,0.0,0.0,0.195,0.13999999999999999,5.0,5.0,-0.1,-0.06666666666666667,0.16499999999999998,0.19333333333333333,6683.0,6546.666666666667
17800.0,13.437500000000057,263.0,257.0,100.0,100.0,0.0,0.0,0.22,0.21,5.0,5.0,-0.09,-0.06,0.18,0.1875,6706.0,6563.25
17805.0,13.450000000000216,263.0,258.0,100.0,100.0,0.0,0.0,0.16999999999999998,0.3175,5.0,5.0,-0.0975,-0.07250000000000001,0.17500000000000002,0.205,6703.5,6559.75
17810.0,13.441666666666663,263.6666666666667,258.0,100.0,100.0,0.0,0.0,0.14666666666666667,0.28,5.0,5.0,-0.07666666666666667,-0.07500000000000001,0.16333333333333333,0.16999999999999998,6726.666666666667,6589.5
17815.0,13.450000000000216,264.0,258.0,100.0,100.0,0.0,0.0,0.15,0.23,5.0,5.0,-0.09,-0.09,0.2,0.22,6752.0,6628.0
17820.0,13.450000000000102,264.3333333333333,259.0,100.0,100.0,0.0,0.0,0.11666666666666667,-0.043333333333333335,5.0,5.0,-0.09666666666666666,-0.06333333333333334,0.19,0.18,6731.666666666667,6591.0
17825.0,13.45000000000016,265.0,259.75,100.0,100.0,0.0,0.0,0.08,0.015,5.0,5.0,-0.0825,-0.0425,0.17,0.20249999999999999,6746.75,6607.5
17830.0,13.449999999999932,265.0,260.0,100.0,100.0,0.0,0.0,0.02,0.04,5.0,5.0,-0.07,-0.02,0.18,0.18,6758.0,6619.0
17835.0,13.45000000000016,266.0,260.5,100.0,100.0,0.0,0.0,0.035,0.03,5.0,5.0,-0.045,-0.01,0.165,0.16,6775.0,6642.5
17840.0,13.462500000000205,266.0,261.0,100.0,100.0,0.0,0.0,0.03,0.0,5.0,5.0,-0.0325,0.0,0.1625,0.2,6787.0,6641.0
17845.0,13.450000000000045,266.25,261.25,100.0,100.0,0.0,0.0,0.0225,0.012499999999999997,5.0,5.0,-0.025,-0.0125,0.165,0.2225,6778.5,6648.25
17850.0,13.458333333333428,267.0,262.0,100.0,100.0,0.0,0.0,0.035,-0.09333333333333332,5.0,5.0,-0.01,0.02333333333333333,0.14500000000000002,0.17666666666666667,6810.5,6689.666666666667
17855.0,13.450000000000045,267.0,262.0,100.0,100.0,0.0,0.0,0.05,-0.08,5.0,5.0,-0.01,0.05,0.19,0.16,6815.0,6673.0
17860.0,13.462500000000205,268.0,262.5,100.0,100.0,0.0,0.0,0.0975,0.09,5.0,5.0,-0.0125,0.03,0.1525,0.185,6813.0,6680.5
17865.0,13.462500000000034,268.0,263.0,100.0,100.0,0.0,0.0,0.475,-0.007500000000000007,5.0,5.0,-0.05499999999999999,0.02,0.14,0.15250000000000002,6847.0,6722.75
17870.0,13.462500000000205,268.0,263.25,100.0,100.0,0.0,0.0,1.12,-0.0275,5.0,5.0,-0.18,0.03,0.18,0.1825,6843.0,6716.0
17875.0,13.462500000000091,269.0,264.0,100.0,100.0,0.0,0.0,1.26,0.03,5.0,5.0,-0.28750000000000003,0.025,0.1225,0.165,6844.0,6714.5
17880.0,13.46666666666681,269.0,264.0,100.0,100.0,0.0,0.0,1.1966666666666665,0.06,5.0,5.0,-0.38,0.01,0.1366666666666667,0.16,6865.333333333333,6731.0
17885.0,13.46249999999992,270.0,265.0,100.0,100.0,0.0,0.0,1.1,0.08249999999999999,5.0,5.0,-0.49,0.0025000000000000005,0.16,0.16499999999999998,6855.0,6734.0
17890.0,13.47083333333353,270.0,265.0,100.0,100.0,0.0,0.0,1.045,0.08666666666666667,5.0,5.0,-0.47000000000000003,-0.006666666666666668,0.13,0.12,6877.0,6762.333333333333
17895.0,13.466666666666868,270.0,265.0,100.0,100.0,0.0,0.0,0.9633333333333334,0.5,5.0,5.0,-0.5566666666666666,-0.05,0.16,0.15,6887.0,6755.0
17900.0,13.466666666666754,271.0,266.0,100.0,100.0,0.0,0.0,0.79,0.5700000000000001,5.0,5.0,-0.49,-0.11,0.14,0.15666666666666668,6889.0,6770.0
17905.0,13.475000000000023,271.0,266.0,100.0,100.0,0.0,0.0,0.685,0.24,5.0,5.0,-0.4575,-0.13,0.1375,0.1625,6911.0,6782.0
17910.0,13.466666666666754,271.0,267.0,100.0,100.0,0.0,0.0,0.3966666666666667,-0.05,5.0,5.0,-0.43666666666666665,-0.11,0.13,0.17,6909.0,6789.0
17915.0,13.47500000000025,271.0,267.0,100.0,100.0,0.0,0.0,0.0,0.09000000000000001,5.0,5.0,-0.37,-0.095,0.14,0.16,6910.0,6798.5
17920.0,13.47500000000008,272.0,267.0,100.0,100.0,0.0,0.0,-0.755,0.455,5.0,5.0,-0.185,-0.11499999999999999,0.1375,0.1675,6912.5,6806.25
17925.0,13.46666666666681,272.0,268.0,100.0,100.0,0.0,0.0,-1.1133333333333335,0.43,5.0,5.0,0.009999999999999995,-0.13,0.12333333333333334,0.15,6933.333333333333,6820.0
17930.0,13.475000000000023,272.0,268.0,100.0,100.0,0.0,0.0,-1.09,-0.07500000000000001,5.0,5.0,0.15,-0.11,0.13,0.16,6965.0,6840.5
17935.0,13.47500000000025,273.0,268.75,100.0,100.0,0.0,0.0,-1.09,-0.19,5.0,5.0,0.29250000000000004,-0.085,0.13999999999999999,0.1625,6941.75,6833.5
17940.0,13.479166666666629,273.0,269.0,100.0,100.0,0.0,0.0,-1.09,-0.115,5.0,5.0,0.4033333333333333,-0.0325,0.12333333333333334,0.155,6955.333333333333,6851.25
17945.0,13.47500000000025,273.0,269.0,100.0,100.0,0.0,0.0,-1.09,-0.07,5.0,5.0,0.49,-0.005,0.11,0.16,6963.0,6859.5
17950.0,13.47500000000008,273.25,269.75,100.0,100.0,0.0,0.0,-1.09,-0.08499999999999999,5.0,5.0,0.53,0.015,0.13,0.1575,6962.5,6862.5
17955.0,13.487500000000182,274.0,270.0,100.0,100.0,0.0,0.0,-1.065,-0.135,5.0,5.0,0.525,0.05500000000000001,0.125,0.15,6978.5,6885.75
17960.0,13.474999999999909,274.0,270.5,100.0,100.0,0.0,0.0,-0.82,-0.175,5.0,5.0,0.55,0.07500000000000001,0.13,0.14500000000000002,6989.0,6890.5
17965.0,13.475000000000193,274.0,271.0,100.0,100.0,0.0,0.0,-0.58,-0.155,5.0,5.0,0.505,0.08,0.1175,0.14,6990.75,6893.75
17970.0,13.487500000000125,274.5,271.0,100.0,100.0,0.0,0.0,-0.33999999999999997,-0.22749999999999998,5.0,5.0,0.43000000000000005,0.0825,0.10500000000000001,0.15,6996.5,6906.5
17975.0,13.487500000000182,275.0,271.5,100.0,100.0,0.0,0.0,-0.23500000000000001,-0.475,5.0,5.0,0.35500000000000004,0.1,0.0925,0.14500000000000002,7003.75,6920.0
17980.0,13.475000000000023,275.0,272.0,100.0,100.0,0.0,0.0,-0.23,-0.79,5.0,5.0,0.295,0.1775,0.095,0.1475,7017.25,6935.0
17985.0,13.487500000000125,275.0,272.0,100.0,100.0,0.0,0.0,-0.23,-0.9675,5.0,5.0,0.29500000000000004,0.3075,0.11499999999999999,0.1525,7006.5,6925.0
17990.0,13.487500000000182,275.75,272.5,100.0,100.0,0.0,0.0,-0.23,-0.99,5.0,5.0,0.25,0.375,0.0975,0.13,7007.0,6931.0
17995.0,13.487500000000125,276.0,273.0,100.0,100.0,0.0,0.0,-0.23,-0.99,5.0,5.0,0.18,0.42,0.08,0.1375,7017.0,6943.75
18000.0,13.47500000000008,276.0,273.0,100.0,100.0,0.0,0.0,-0.245,-1.07,5.0,5.0,0.165,0.41,0.08,0.15,7035.5,6970.0
18005.0,13.487500000000068,276.0,273.5,100.0,100.0,0.0,0.0,-0.26,-1.345,5.0,5.0,0.14750000000000002,0.5449999999999999,0.0825,0.14500000000000002,7036.5,6975.0
18010.0,13.487500000000296,276.0,274.0,100.0,100.0,0.0,0.0,-0.25,-1.4375,5.0,5.0,0.14,0.6074999999999999,0.09,0.14,7037.0,6977.75
18015.0,13.487500000000068,276.25,274.0,100.0,100.0,0.0,0.0,-0.25,-1.44,5.0,5.0,0.1325,0.61,0.07250000000000001,0.14,7050.25,6990.0
18020.0,13.491666666666845,277.0,274.5,100.0,100.0,0.0,0.0,-0.25,-1.435,5.0,5.0,0.14,0.69,0.07333333333333333,0.125,7049.333333333333,6996.0
18025.0,13.487500000000011,277.0,275.0,100.0,100.0,0.0,0.0,-0.25,-1.385,5.0,5.0,0.15,0.785,0.08,0.135,7050.0,6999.0
18030.0,13.487500000000239,277.0,275.0,100.0,100.0,0.0,0.0,-0.2275,-1.22,5.0,5.0,0.1475,0.82,0.0825,0.15,7052.25,6995.0
18035.0,13.487500000000011,277.0,275.0,100.0,100.0,0.0,0.0,-0.235,-1.1025,5.0,5.0,0.135,0.545,0.08,0.12,7072.5,7030.75
18040.0,13.495833333333508,277.0,275.6666666666667,100.0,100.0,0.0,0.0,-0.1975,-1.0133333333333332,5.0,5.0,0.13,0.71,0.0625,0.16333333333333333,7075.5,7047.0
18045.0,13.487500000000068,278.0,276.0,75.0,100.0,0.0,0.0,0.13,-0.47,5.0,5.0,0.1025,0.7,-0.08749999999999998,0.12,7043.0,7007.0
18050.0,13.487500000000182,277.5,276.0,0.0,100.0,0.0,0.0,0.25,0.51,0.0,5.0,0.04,0.41000000000000003,-0.435,0.1225,6844.0,7038.75
18055.0,13.487499999999955,277.0,276.5,75.0,100.0,0.0,0.0,0.1975,1.5899999999999999,0.0,5.0,0.015000000000000001,0.22499999999999998,-0.025000000000000022,0.135,6267.0,7060.0
18060.0,13.500000000000227,277.0,277.0,100.0,100.0,0.0,0.0,0.18,2.16,6.0,5.0,-0.01,-0.14,0.1,0.13,6093.0,7031.0
18065.0,13.495833333333394,277.3333333333333,277.0,100.0,100.0,0.0,0.0,0.16333333333333333,1.79,6.0,5.0,-0.04,-0.315,0.05666666666666667,0.1275,6093.0,7047.0
18070.0,13.487500000000182,278.0,277.0,100.0,100.0,0.0,0.0,0.115,1.45,6.0,5.0,-0.0475,-0.41500000000000004,0.060000000000000005,0.105,6117.75,7077.0
18075.0,13.487499999999955,278.0,277.75,100.0,100.0,0.0,0.0,0.11,1.38,6.0,5.0,-0.04,-0.5225000000000001,0.05,0.10500000000000001,6125.0,7083.75
18080.0,13.487500000000182,278.0,278.0,100.0,100.0,0.0,0.0,0.0975,1.24,6.0,5.0,-0.0675,-0.69,0.075,0.11,6120.0,7085.0
18085.0,13.491666666666788,278.0,278.0,100.0,100.0,0.0,0.0,0.08,0.4533333333333333,6.0,5.0,-0.055,-0.6166666666666667,0.045,0.1,6110.0,7075.333333333333
18090.0,13.50000000000017,278.0,278.0,100.0,100.0,0.0,0.0,0.0625,-0.012499999999999983,6.0,5.0,-0.05,-0.5175,0.045,0.1075,6120.25,7080.0
18095.0,13.487500000000011,278.0,278.0,100.0,100.0,0.0,0.0,0.065,-0.35,6.0,5.0,-0.035,-0.4,0.085,0.09,6120.75,7084.0
18100.0,13.487500000000125,278.5,279.0,100.0,100.0,0.0,0.0,0.010000000000000002,-0.45499999999999996,6.0,5.0,-0.035,-0.17500000000000002,0.07500000000000001,0.09,6118.0,7088.75
18105.0,13.487500000000182,279.0,279.0,100.0,100.0,0.0,0.0,-0.045,-0.33999999999999997,6.0,5.0,-0.005000000000000001,-0.065,0.065,0.1,6129.5,7100.5
18110.0,13.487500000000125,279.0,279.0,100.0,100.0,0.0,0.0,-0.04,-0.0975,6.0,5.0,0.0,-0.0075,0.1,0.1175,6149.0,7109.25
18115.0,13.5,279.0,279.0,100.0,100.0,0.0,0.0,-0.0325,0.4325,6.0,5.0,0.0,-0.005,0.08,0.095,6144.0,7106.5
18120.0,13.491666666666731,279.0,279.5,100.0,100.0,0.0,0.0,-0.020000000000000004,0.43,6.0,5.0,0.006666666666666666,-0.039999999999999994,0.06666666666666667,0.07500000000000001,6134.333333333333,7109.0
18125.0,13.487500000000296,279.0,280.0,100.0,100.0,0.0,0.0,0.0,0.42,6.0,5.0,0.0,-0.08249999999999999,0.07,0.08499999999999999,6144.0,7113.75
18130.0,13.487500000000068,280.0,280.0,100.0,0.0,0.0,0.0,0.03,0.5,6.0,0.0,0.0,-0.13,0.0325,-0.31,6168.75,7042.0
18135.0,13.487500000000068,280.0,279.0,100.0,25.0,0.0,0.0,0.105,0.735,6.0,0.0,0.0,-0.21000000000000002,0.085,-0.14,6155.5,6592.25
18140.0,13.495833333333394,280.0,279.6666666666667,100.0,100.0,0.0,0.0,0.1125,0.7533333333333333,6.0,6.0,-0.0075,-0.27999999999999997,0.07750000000000001,0.11666666666666667,6149.75,6154.0
18145.0,13.500000000000284,280.0,280.0,100.0,100.0,0.0,0.0,0.11,0.73,6.0,6.0,-0.03,-0.3,0.07,0.1,6148.0,6149.0
18150.0,13.487500000000011,280.0,280.0,100.0,100.0,0.0,0.0,0.13,0.62,6.0,6.0,-0.045,-0.28,0.08499999999999999,0.0925,6158.0,6171.0
18155.0,13.487500000000182,280.75,280.0,100.0,100.0,0.0,0.0,0.10250000000000001,0.47,6.0,6.0,-0.05,-0.34,0.06,0.12,6171.0,6159.0
18160.0,13.487500000000011,281.0,280.75,100.0,100.0,0.0,0.0,0.1,0.3275,6.0,6.0,-0.06,-0.31,0.07,0.10250000000000001,6189.0,6159.0
18165.0,13.487500000000239,281.0,281.0,100.0,100.0,0.0,0.0,-0.16,0.13,6.0,6.0,-0.025,-0.21,0.08249999999999999,0.07,6175.0,6176.0
18170.0,13.487500000000011,281.0,281.0,100.0,100.0,0.0,0.0,-0.25,0.11,6.0,6.0,0.025,-0.1925,0.06,0.07,6178.5,6188.75
18175.0,13.495833333333508,281.0,281.0,100.0,100.0,0.0,0.0,-0.024999999999999994,0.10333333333333333,6.0,6.0,0.0225,-0.19333333333333333,0.075,0.07,6169.25,6172.666666666667
18180.0,13.5,281.0,281.0,100.0,100.0,0.0,0.0,0.19,0.07,6.0,6.0,0.0,-0.09,0.06,0.07,6176.0,6183.0
18185.0,13.487500000000182,281.0,281.25,100.0,100.0,0.0,0.0,-0.075,0.1275,6.0,6.0,0.015,-0.0975,0.05500000000000001,0.08,6207.5,6222.25
18190.0,13.487499999999955,281.75,282.0,100.0,100.0,0.0,0.0,-0.0625,0.135,6.0,6.0,0.03,-0.11,0.08499999999999999,0.07500000000000001,6189.25,6187.0
18195.0,13.487500000000239,282.0,282.0,100.0,100.0,0.0,0.0,-0.02,0.1125,6.0,6.0,0.01,-0.07750000000000001,0.06,0.05500000000000001,6180.0,6184.75
18200.0,13.487500000000068,282.0,282.0,100.0,100.0,0.0,0.0,-0.005000000000000001,0.13,6.0,6.0,0.015,-0.06,0.06,0.05,6195.75,6198.0
18205.0,13.487500000000182,282.0,282.0,100.0,100.0,0.0,0.0,0.04,0.45749999999999996,6.0,6.0,0.0,-0.0875,0.055,0.057499999999999996,6206.0,6199.5
18210.0,13.487499999999955,282.0,282.0,100.0,100.0,0.0,0.0,0.0175,0.54,6.0,6.0,0.0,-0.12,0.065,0.060000000000000005,6211.75,6212.5
18215.0,13.500000000000227,282.0,282.0,100.0,100.0,0.0,0.0,0.02,0.43,6.0,6.0,0.0,-0.19,0.06,0.09,6209.0,6209.0
18220.0,13.495833333333394,282.3333333333333,283.0,100.0,100.0,0.0,0.0,0.016666666666666666,0.32999999999999996,6.0,6.0,0.0,-0.1625,0.07,0.045,6207.666666666667,6207.25
18225.0,13.487500000000182,283.0,283.0,100.0,100.0,0.0,0.0,0.01,0.20500000000000002,6.0,6.0,0.0,-0.175,0.065,0.06,6200.75,6209.0
18230.0,13.487499999999955,283.0,283.0,100.0,100.0,0.0,0.0,0.02,0.17,6.0,6.0,0.0,-0.135,0.04,0.045,6205.0,6207.75
18235.0,13.487500000000182,283.0,283.0,100.0,100.0,0.0,0.0,0.0025000000000000005,0.17,6.0,6.0,0.0,-0.12,0.0275,0.05,6261.5,6242.0
18240.0,13.487500000000125,283.0,283.0,100.0,100.0,0.0,0.0,-0.025,0.23,6.0,6.0,0.0,-0.1325,0.08499999999999999,0.05,6235.5,6229.5
18245.0,13.487500000000182,283.0,283.0,100.0,100.0,0.0,0.0,-0.0225,0.1,6.0,6.0,0.0,-0.115,0.075,0.055,6217.0,6218.0
18250.0,13.487499999999955,283.0,283.0,100.0,100.0,0.0,0.0,-0.03,0.0975,6.0,6.0,0.01,-0.0825,0.06,0.06,6227.0,6245.5
18255.0,13.487500000000182,283.25,284.0,100.0,100.0,0.0,0.0,-0.02,0.13,6.0,6.0,0.02,-0.05,0.07500000000000001,0.07,6240.75,6229.0
18260.0,13.487500000000125,284.0,284.0,100.0,100.0,0.0,0.0,-0.015,0.1275,6.0,6.0,0.015,-0.0875,0.06,0.052500000000000005,6231.0,6229.25
18265.0,13.495833333333508,284.0,284.0,100.0,100.0,0.0,0.0,-0.0175,0.06666666666666667,6.0,6.0,0.01,-0.07333333333333333,0.0675,0.05333333333333334,6232.5,6233.333333333333
18270.0,13.499999999999943,284.0,284.0,100.0,100.0,0.0,0.0,-0.01,0.15,6.0,6.0,0.0,-0.07,0.05,0.04,6241.0,6239.0
18275.0,13.487500000000125,284.0,284.0,100.0,100.0,0.0,0.0,0.015,0.1425,6.0,6.0,0.0,-0.06,0.07,0.065,6251.5,6251.75
18280.0,13.487500000000182,284.0,284.0,100.0,100.0,0.0,0.0,-0.0475,0.075,6.0,6.0,0.0075,-0.065,0.06,0.065,6242.75,6250.0
18285.0,13.487500000000125,284.0,284.0,100.0,100.0,0.0,0.0,-0.05,0.0375,6.0,6.0,0.0,-0.05500000000000001,0.07,0.07250000000000001,6246.0,6239.25
18290.0,13.487500000000011,284.25,285.0,100.0,100.0,0.0,0.0,-0.06,0.04,6.0,6.0,0.0025,-0.03,0.035,0.02,6272.75,6260.0
18295.0,13.487500000000125,285.0,285.0,100.0,100.0,0.0,0.0,-0.05,0.035,6.0,6.0,0.015,-0.025,0.07500000000000001,0.0675,6267.0,6276.25
18300.0,13.487500000000182,285.0,285.0,100.0,100.0,0.0,0.0,-0.0475,0.055,6.0,6.0,0.02,-0.035,0.0475,0.07,6251.5,6252.5
18305.0,13.487500000000125,285.0,285.0,100.0,100.0,0.0,0.0,-0.05,0.0375,6.0,6.0,0.01,-0.03,0.05,0.05,6265.0,6256.5
18310.0,13.487500000000011,285.0,285.0,100.0,100.0,0.0,0.0,-0.04,-0.04,6.0,6.0,0.02,-0.01,0.06,0.05,6271.75,6260.0
18315.0,13.487500000000125,285.0,285.0,100.0,100.0,0.0,0.0,-0.02,-0.1075,6.0,6.0,0.025,0.0,0.05,0.045,6259.0,6265.75
18320.0,13.487500000000182,285.0,285.0,100.0,100.0,0.0,0.0,0.0075,-0.095,6.0,6.0,0.0225,0.005,0.0475,0.03,6262.75,6262.5
18325.0,13.487500000000125,285.0,285.0,100.0,100.0,0.0,0.0,0.01,-0.0675,6.0,6.0,0.01,0.0175,0.07,0.0225,6276.0,6278.75
18330.0,13.487500000000011,286.0,286.0,100.0,100.0,0.0,0.0,-0.0225,-0.06,6.0,6.0,0.0025,0.04,0.05,0.1,6299.25,6305.0
18335.0,13.500000000000114,286.0,286.0,100.0,100.0,0.0,0.0,-0.065,-0.065,6.0,6.0,0.019999999999999997,0.055,0.065,0.07500000000000001,6281.0,6271.0
18340.0,13.500000000000227,286.0,286.0,100.0,100.0,0.0,0.0,-0.07,-0.12250000000000001,6.0,6.0,0.03,0.052500000000000005,0.057499999999999996,0.0475,6274.0,6277.75
18345.0,13.487500000000068,286.0,286.0,100.0,100.0,0.0,0.0,-0.1,-0.15,6.0,6.0,0.025,0.06,0.05,0.06,6287.25,6295.0
18350.0,13.487500000000068,286.0,286.0,100.0,100.0,0.0,0.0,-0.10500000000000001,-0.1375,6.0,6.0,0.05,0.07250000000000001,0.065,0.05,6301.5,6287.75
18355.0,13.487500000000068,286.0,286.0,100.0,100.0,0.0,0.0,-0.10250000000000001,-0.20500000000000002,6.0,6.0,0.06,0.09,0.065,0.030000000000000002,6285.0,6285.0
18360.0,13.487500000000296,286.0,286.0,100.0,100.0,0.0,0.0,-0.1,-0.17500000000000002,6.0,6.0,0.05,0.1075,0.05,0.0475,6291.0,6287.5
18365.0,13.487500000000068,286.25,286.0,100.0,100.0,0.0,0.0,-0.11,-0.02,6.0,6.0,0.05,0.08,0.057499999999999996,0.04,6300.75,6300.0
18370.0,13.487500000000068,287.0,287.0,100.0,100.0,0.0,0.0,-0.14,-0.0625,6.0,6.0,0.060000000000000005,0.08,0.055,0.04,6311.5,6313.75
18375.0,13.487500000000068,287.0,287.0,100.0,100.0,0.0,0.0,-0.1925,-0.065,6.0,6.0,0.08499999999999999,0.08,0.08249999999999999,0.04,6306.5,6304.0
18380.0,13.487500000000296,287.0,287.0,100.0,100.0,0.0,0.0,-0.16,-0.08249999999999999,6.0,6.0,0.1,0.07250000000000001,0.06,0.05500000000000001,6294.0,6290.5
18385.0,13.487500000000068,287.0,287.0,100.0,100.0,0.0,0.0,-0.1,-0.09,6.0,6.0,0.08249999999999999,0.07,0.045,0.03,6301.25,6299.0
18390.0,13.487500000000068,287.0,287.0,100.0,100.0,0.0,0.0,-0.1,-0.06,6.0,6.0,0.055,0.05,0.035,0.057499999999999996,6328.5,6320.0
18395.0,13.487500000000068,287.0,287.0,100.0,100.0,0.0,0.0,-0.1,-0.08,6.0,6.0,0.07250000000000001,0.055,0.07,0.060000000000000005,6318.25,6322.5
18400.0,13.487500000000296,287.0,287.0,100.0,100.0,0.0,0.0,-0.13,-0.0175,6.0,6.0,0.06,0.045,0.02,0.04,6315.0,6307.0
18405.0,13.487500000000068,287.25,287.0,100.0,100.0,0.0,0.0,-0.1325,0.03,6.0,6.0,0.0925,0.03,0.0775,0.05,6319.75,6307.0
18410.0,13.487500000000068,288.0,288.0,100.0,100.0,0.0,0.0,-0.035,-0.09,6.0,6.0,0.07500000000000001,0.025,0.05,0.06,6320.5,6318.75
18415.0,13.487500000000068,288.0,288.0,100.0,100.0,0.0,0.0,0.04,-0.16999999999999998,6.0,6.0,0.0425,0.03,0.075,0.055,6324.25,6324.5
18420.0,13.487500000000296,288.0,288.0,100.0,100.0,0.0,0.0,0.04,-0.33999999999999997,6.0,6.0,0.03,0.065,0.04,0.057499999999999996,6314.0,6320.5
18425.0,13.487500000000068,288.0,288.0,100.0,100.0,0.0,0.0,0.0325,-0.33,6.0,6.0,0.0175,0.1,0.0425,0.05,6328.25,6328.0
18430.0,13.487500000000068,288.0,288.0,100.0,100.0,0.0,0.0,0.0,-0.27,6.0,6.0,0.01,0.1325,0.060000000000000005,0.06,6330.0,6329.25
18435.0,13.487500000000068,288.0,288.0,100.0,100.0,0.0,0.0,-0.01,-0.075,6.0,6.0,0.0025000000000000005,0.13,0.0475,0.055,6316.75,6318.0
18440.0,13.487500000000296,288.0,288.0,100.0,100.0,0.0,0.0,-0.01,-0.022500000000000006,6.0,6.0,0.0,0.10500000000000001,0.03,0.035,6330.0,6337.5
18445.0,13.487500000000068,288.0,288.0,100.0,100.0,0.0,0.0,-0.01,-0.07,6.0,6.0,0.0175,0.09,0.04,0.05,6330.0,6324.0
18450.0,13.487500000000068,288.0,288.0,100.0,100.0,0.0,0.0,-0.005,-0.22499999999999998,6.0,6.0,0.005,0.0925,0.01,0.0225,6346.5,6349.75
18455.0,13.487500000000068,288.75,288.5,100.0,100.0,0.0,0.0,-0.0075,-0.375,6.0,6.0,0.0075,0.115,0.0775,0.04,6371.25,6365.0
18460.0,13.487500000000296,289.0,289.0,100.0,100.0,0.0,0.0,-0.01,-0.36,6.0,6.0,0.01,0.145,0.05,0.0425,6342.0,6345.75
18465.0,13.487500000000068,289.0,289.0,100.0,100.0,0.0,0.0,-0.0025,-0.21,6.0,6.0,0.005,0.15,0.04,0.04,6341.0,6341.0
18470.0,13.487500000000068,289.0,289.0,100.0,100.0,0.0,0.0,-0.01,-0.005000000000000001,6.0,6.0,0.015,0.11499999999999999,0.05500000000000001,0.05,6343.0,6345.5
18475.0,13.487500000000068,289.0,289.0,100.0,100.0,0.0,0.0,0.004999999999999999,0.05,6.0,6.0,0.01,0.1,0.055,0.060000000000000005,6345.75,6346.0
18480.0,13.487500000000296,289.0,289.0,100.0,100.0,0.0,0.0,0.01,0.06,6.0,6.0,0.0,0.07,0.03,0.0475,6342.0,6342.0
18485.0,13.487500000000068,289.0,289.0,100.0,100.0,0.0,0.0,0.01,0.03,6.0,6.0,0.01,0.05,0.0225,0.04,6350.5,6352.0
18490.0,13.487500000000068,289.0,289.0,100.0,100.0,0.0,0.0,0.01,-0.0775,6.0,6.0,0.01,0.0425,0.045,0.0475,6359.5,6356.5
18495.0,13.487500000000068,289.0,289.0,100.0,100.0,0.0,0.0,0.01,-0.135,6.0,6.0,0.0025000000000000005,0.05,0.045,0.045000000000000005,6352.75,6352.5
18500.0,13.487500000000296,289.0,289.0,100.0,100.0,0.0,0.0,0.01,-0.14,6.0,6.0,0.0,0.065,0.02,0.035,6351.0,6352.25
18505.0,13.487500000000068,289.25,290.0,100.0,100.0,0.0,0.0,0.0075,-0.2,6.0,6.0,0.0,0.07,0.03,0.01,6356.25,6358.0
18510.0,13.487500000000068,290.0,290.0,100.0,100.0,0.0,0.0,0.0,-0.2725,6.0,6.0,0.005,0.10250000000000001,0.03,0.0375,6362.0,6360.5
18515.0,13.487500000000068,290.0,290.0,100.0,100.0,0.0,0.0,0.0,-0.29500000000000004,6.0,6.0,0.0025000000000000005,0.11,0.03,0.03,6361.0,6362.5
18520.0,13.487500000000296,290.0,290.0,100.0,100.0,0.0,0.0,-0.1,-0.39249999999999996,6.0,6.0,0.01,0.125,0.01,0.0225,6366.0,6373.5
18525.0,13.487500000000068,290.0,290.0,100.0,100.0,0.0,0.0,-0.15000000000000002,-0.43,6.0,6.0,0.0275,0.19,0.0275,0.07,6372.0,6369.0
18530.0,13.487500000000068,290.0,290.0,100.0,100.0,0.0,0.0,-0.155,-0.3375,6.0,6.0,0.055,0.2025,0.02,0.025,6365.0,6365.5
18535.0,13.487500000000068,290.0,290.0,100.0,100.0,0.0,0.0,-0.13,-0.185,6.0,6.0,0.075,0.195,0.02,0.035,6359.5,6364.5
18540.0,13.487500000000296,290.0,290.0,100.0,100.0,0.0,0.0,-0.13,0.01999999999999999,6.0,6.0,0.09,0.165,0.02,0.0375,6368.0,6366.5
18545.0,13.487500000000068,290.0,290.0,100.0,100.0,0.0,0.0,0.04,0.1,6.0,6.0,0.06,0.12,0.0275,0.02,6368.0,6366.0
18550.0,13.487500000000068,290.0,290.0,100.0,100.0,0.0,0.0,0.04,0.09,6.0,6.0,0.055,0.07250000000000001,0.025,0.0275,6375.5,6376.5
18555.0,13.487500000000068,290.0,290.0,100.0,100.0,0.0,0.0,0.04,0.015,6.0,6.0,0.0275,0.05,0.03,0.03,6371.0,6371.5
18560.0,13.487500000000296,290.0,290.0,100.0,100.0,0.0,0.0,0.04,-0.24,6.0,6.0,0.02,0.07250000000000001,0.02,0.025,6369.0,6374.0
18565.0,13.487500000000068,290.0,290.0,100.0,100.0,0.0,0.0,0.04,-0.41,6.0,6.0,0.0025,0.08,0.005,0.02,6381.5,6385.0
18570.0,13.487500000000068,290.0,290.0,100.0,100.0,0.0,0.0,0.04,-0.4075,6.0,6.0,0.005,0.105,0.03,0.005,6382.5,6385.25
18575.0,13.487500000000068,290.0,290.5,100.0,100.0,0.0,0.0,0.04,-0.17500000000000002,6.0,6.0,-0.0075,0.135,0.04,0.02,6378.25,6376.5
18580.0,13.487500000000296,290.0,291.0,100.0,100.0,0.0,0.0,0.04,0.1775,6.0,6.0,0.01,0.075,0.01,0.0125,6380.0,6381.25
18585.0,13.487500000000068,290.0,291.0,100.0,100.0,0.0,0.0,0.04,0.23,6.0,6.0,-0.015,0.07,0.02,0.02,6380.0,6384.0
18590.0,13.487500000000068,290.5,291.0,100.0,100.0,0.0,0.0,-0.010000000000000002,0.12000000000000001,6.0,6.0,0.0,0.02,0.02,0.0125,6379.5,6381.0
18595.0,13.487500000000068,291.0,291.0,100.0,100.0,0.0,0.0,-0.12000000000000001,0.019999999999999997,6.0,6.0,0.015,0.01,-0.0024999999999999988,0.015,6387.25,6384.5
18600.0,13.487500000000296,291.0,291.0,100.0,100.0,0.0,0.0,-0.14,-0.02,6.0,6.0,0.03,0.0,0.04,0.0175,6382.0,6383.5
18605.0,13.487500000000068,291.0,291.0,100.0,100.0,0.0,0.0,-0.13,-0.02,6.0,6.0,0.0425,0.0,0.01,0.01,6381.75,6383.0
18610.0,13.487500000000068,291.0,291.0,100.0,100.0,0.0,0.0,-0.1,0.0475,6.0,6.0,0.060000000000000005,0.0075,0.02,0.03,6383.5,6389.75
18615.0,13.487500000000068,291.0,291.0,100.0,100.0,0.0,0.0,0.01999999999999999,0.16999999999999998,6.0,6.0,0.05500000000000001,-0.01,0.0225,0.02,6395.75,6395.0
18620.0,13.487500000000296,291.0,291.0,100.0,100.0,0.0,0.0,0.11,0.225,6.0,6.0,0.03,-0.0275,0.01,0.025,6388.0,6391.25
18625.0,13.487500000000068,291.0,291.0,100.0,100.0,0.0,0.0,0.09,0.17,6.0,6.0,0.02,-0.05,0.03,0.01,6389.25,6397.0
18630.0,13.487500000000068,291.0,291.0,100.0,100.0,0.0,0.0,0.1,0.11250000000000002,6.0,6.0,0.01,-0.0675,0.015,0.045,6383.5,6383.5
18635.0,13.487500000000068,291.0,291.0,100.0,100.0,0.0,0.0,0.1175,-0.015,6.0,6.0,0.0,-0.05,0.015,0.02,6376.25,6379.0
18640.0,13.487500000000296,291.0,291.0,100.0,100.0,0.0,0.0,0.1,-0.052500000000000005,6.0,6.0,-0.02,-0.025,-0.01,-0.019999999999999997,6383.0,6398.5
18645.0,13.477500000000077,291.0,291.0,100.0,100.0,0.0,0.0,0.05,0.038000000000000006,6.0,6.0,-0.01,-0.02,0.0425,0.010000000000000009,6401.0,6398.6
18650.0,13.47500000000008,291.0,291.0,100.0,100.0,0.0,0.0,-0.05,0.12,6.0,6.0,-0.015,-0.03,0.01,0.01,6393.0,6395.0
18655.0,13.47500000000008,291.0,291.0,100.0,100.0,0.0,0.0,-0.14250000000000002,0.1,6.0,6.0,0.0024999999999999988,-0.0225,0.0075,0.0025,6388.0,6398.75
18660.0,13.485000000000184,291.0,291.0,100.0,100.0,0.0,0.0,-0.027999999999999997,0.035,6.0,6.0,0.01,-0.025,0.002,0.01,6382.8,6384.5
18665.0,13.487500000000125,291.0,291.0,100.0,100.0,0.0,0.0,0.02,0.0225,6.0,6.0,0.01,-0.02,-0.01,0.0025000000000000005,6393.0,6403.25
18670.0,13.487500000000011,291.0,291.0,100.0,100.0,0.0,0.0,0.02,0.04,6.0,6.0,0.01,-0.02,0.02,0.04,6399.5,6413.0
18675.0,13.487500000000125,291.0,291.0,100.0,100.0,0.0,0.0,0.02,0.1125,6.0,6.0,0.005,-0.0325,0.01,0.015,6384.0,6387.75
18680.0,13.487500000000182,291.0,291.0,100.0,100.0,0.0,0.0,0.0125,0.12,6.0,6.0,0.0,-0.035,0.0,0.0,6386.5,6392.0
18685.0,13.487500000000125,291.0,291.0,100.0,100.0,0.0,0.0,0.03,0.1575,6.0,6.0,0.0,-0.045,-0.02,0.0,6405.0,6400.75
18690.0,13.487500000000011,291.0,291.0,100.0,100.0,0.0,0.0,0.0024999999999999988,0.17,6.0,6.0,0.0025,-0.06,0.0075,0.0,6407.0,6414.0
18695.0,13.487500000000125,291.0,291.0,100.0,100.0,0.0,0.0,-0.060000000000000005,0.0125,6.0,6.0,0.01,-0.065,0.0,0.03,6381.0,6391.0
18700.0,13.487500000000182,291.0,291.0,100.0,100.0,0.0,0.0,-0.14500000000000002,-0.01,6.0,6.0,0.0175,-0.030000000000000002,-0.015,0.0,6382.75,6388.0
18705.0,13.487500000000125,291.0,291.0,100.0,100.0,0.0,0.0,-0.37,0.065,6.0,6.0,0.06,-0.0175,-0.01,0.0,6409.0,6412.75
18710.0,13.487500000000011,291.0,291.0,100.0,100.0,0.0,0.0,-0.31,0.11,6.0,6.0,0.10500000000000001,-0.04,0.0225,0.01,6393.5,6398.0
18715.0,13.487500000000125,291.0,291.0,100.0,100.0,0.0,0.0,-0.245,0.18,6.0,6.0,0.12,-0.0425,0.0,-0.005,6387.0,6395.5
18720.0,13.487500000000182,291.0,291.0,100.0,100.0,0.0,0.0,0.06,0.275,6.0,6.0,0.10500000000000001,-0.07,0.0,0.005,6388.0,6393.0
18725.0,13.487500000000125,291.0,291.0,100.0,100.0,0.0,0.0,0.35,0.3325,6.0,6.0,0.05,-0.0975,0.0,-0.0075,6392.0,6398.75
18730.0,13.487500000000011,291.0,291.0,100.0,100.0,0.0,0.0,0.3,0.3,6.0,6.0,0.015,-0.1,-0.0125,0.0,6394.0,6405.0
18735.0,13.487500000000125,291.0,291.0,100.0,100.0,0.0,0.0,0.125,0.185,6.0,6.0,-0.01,-0.12,-0.004999999999999999,0.0,6392.0,6400.5
18740.0,13.487500000000182,291.0,291.0,100.0,100.0,0.0,0.0,0.04,0.13,6.0,6.0,-0.0275,-0.12,-0.005000000000000001,0.005,6394.5,6396.0
18745.0,13.487500000000125,291.0,291.0,100.0,100.0,0.0,0.0,-0.3,0.075,6.0,6.0,0.0,-0.09,0.0,-0.004999999999999999,6391.0,6404.25
18750.0,13.487500000000011,291.0,291.0,100.0,100.0,0.0,0.0,-0.3175,0.02,6.0,6.0,0.0175,-0.08,-0.0275,0.0,6396.0,6411.0
18755.0,13.487500000000125,291.0,291.0,100.0,100.0,0.0,0.0,-0.21000000000000002,0.0025000000000000005,6.0,6.0,0.06,-0.07250000000000001,-0.015,0.0,6394.0,6395.5
18760.0,13.487500000000182,291.0,291.0,100.0,100.0,0.0,0.0,0.09249999999999994,-0.02,6.0,6.0,0.0575,-0.04,-0.0025000000000000005,0.0,6385.25,6394.0
18765.0,13.487500000000125,291.0,291.0,100.0,100.0,0.0,0.0,0.33,-0.005000000000000001,6.0,6.0,0.02,-0.015000000000000001,-0.02,0.0075,6390.0,6406.75
18770.0,13.487500000000011,291.0,291.0,100.0,100.0,0.0,0.0,0.3075,0.03,6.0,6.0,-0.0075,-0.01,-0.01,0.02,6398.0,6408.0
18775.0,13.487500000000125,291.0,291.0,100.0,100.0,0.0,0.0,0.095,0.1,6.0,6.0,-0.025,-0.0025,-0.005,-0.0025,6385.0,6392.0
18780.0,13.482500000000186,291.0,291.0,100.0,100.0,0.0,0.0,-0.14,0.10400000000000001,6.0,6.0,-0.005000000000000001,-0.006,-0.0075,0.002,6395.25,6403.6
18785.0,13.475000000000136,291.0,291.0,100.0,100.0,0.0,0.0,-0.15,0.135,6.0,6.0,0.0,-0.005,0.01,0.015,6403.0,6410.0
18790.0,13.475000000000023,291.0,291.0,100.0,100.0,0.0,0.0,-0.10250000000000001,0.19,6.0,6.0,0.0225,-0.0325,-0.0075,0.0025000000000000005,6390.0,6403.5
18795.0,13.475000000000136,291.0,291.0,100.0,100.0,0.0,0.0,0.060000000000000005,0.1,6.0,6.0,0.025,-0.05,-0.005,0.01,6382.0,6387.0
18800.0,13.475000000000193,291.0,291.0,100.0,100.0,0.0,0.0,0.11,-0.02,6.0,6.0,0.0125,-0.035,-0.0025000000000000005,0.0,6387.5,6400.25
18805.0,13.475000000000136,291.0,291.0,100.0,100.0,0.0,0.0,0.11,0.0,6.0,6.0,0.0,-0.025,-0.03,-0.01,6403.0,6410.5
18810.0,13.475000000000023,291.0,291.0,100.0,100.0,0.0,0.0,0.09,0.035,6.0,6.0,-0.01,-0.03,0.0225,-0.005000000000000001,6393.0,6402.75
18815.0,13.480000000000132,291.0,291.0,100.0,100.0,0.0,0.0,0.078,0.01,6.0,6.0,-0.014,-0.02,-0.004,-0.01,6384.8,6399.0
18820.0,13.487500000000125,291.0,291.0,100.0,100.0,0.0,0.0,0.065,0.0075,6.0,6.0,-0.02,-0.02,-0.005,0.0,6385.0,6395.5
18825.0,13.487500000000182,291.0,291.0,100.0,100.0,0.0,0.0,0.08499999999999999,0.02,6.0,6.0,-0.0275,-0.015,-0.015,-0.005,6392.25,6403.0
18830.0,13.487499999999955,291.0,291.0,100.0,100.0,0.0,0.0,0.09,0.04,6.0,6.0,-0.03,-0.01,0.0,0.004999999999999999,6405.0,6415.0
18835.0,13.487500000000182,291.0,291.0,100.0,100.0,0.0,0.0,0.09,0.05,6.0,6.0,-0.0325,-0.01,0.0,0.02,6391.0,6399.0
18840.0,13.487500000000125,291.0,291.0,100.0,100.0,0.0,0.0,0.08499999999999999,0.045,6.0,6.0,-0.045,-0.0125,0.0,-0.0025,6381.0,6393.75
18845.0,13.487500000000182,291.0,291.0,100.0,100.0,0.0,0.0,0.07250000000000001,0.009999999999999998,6.0,6.0,-0.035,-0.015,-0.015,-0.01,6389.0,6405.5
18850.0,13.487499999999955,291.0,291.0,100.0,100.0,0.0,0.0,0.11,-0.0175,6.0,6.0,-0.04,-0.01,0.0,-0.0025000000000000005,6394.0,6406.0
18855.0,13.487500000000182,291.0,291.0,100.0,100.0,0.0,0.0,0.11750000000000001,-0.02,6.0,6.0,-0.02,0.0,0.052500000000000005,0.0,6389.5,6402.0
18860.0,13.487500000000125,291.0,291.0,100.0,100.0,0.0,0.0,0.14500000000000002,0.0275,6.0,6.0,-0.045,0.0,0.005,0.0025,6383.0,6396.5
18865.0,13.487500000000182,291.0,291.0,100.0,100.0,0.0,0.0,0.15,0.039999999999999994,6.0,6.0,-0.0325,0.0,-0.019999999999999997,0.0,6394.5,6424.0
18870.0,13.487499999999955,291.0,291.0,100.0,100.0,0.0,0.0,0.15,0.015,6.0,6.0,-0.05,0.0,0.03,0.019999999999999997,6452.0,6431.25
18875.0,13.487500000000182,291.0,291.0,100.0,100.0,0.0,0.0,0.15,0.0,6.0,6.0,-0.0875,0.0,0.0075,0.0,6376.5,6389.0
18880.0,13.487500000000125,291.0,291.0,100.0,100.0,0.0,0.0,0.14500000000000002,-0.02,6.0,6.0,-0.07500000000000001,0.005,0.0,-0.005,6381.0,6396.75
18885.0,13.487500000000182,291.0,291.0,100.0,100.0,0.0,0.0,0.1625,0.005000000000000001,6.0,6.0,-0.07,0.015,-0.0225,0.005,6393.0,6409.5
18890.0,13.487499999999955,291.0,291.0,100.0,100.0,0.0,0.0,0.18,0.0,6.0,6.0,-0.08,0.01,0.03,0.0075,6405.0,6411.75
18895.0,13.487500000000182,291.0,291.0,100.0,100.0,0.0,0.0,0.11,-0.04,6.0,6.0,-0.08,0.01,0.0,0.02,6381.0,6396.0
18900.0,13.487500000000125,291.0,291.0,100.0,100.0,0.0,0.0,0.11,-0.0425,6.0,6.0,-0.08,0.0025,-0.005,0.0075,6382.0,6398.0
18905.0,13.487500000000182,291.0,291.0,100.0,100.0,0.0,0.0,0.03499999999999999,-0.05,6.0,6.0,-0.065,0.01,-0.01,0.0,6389.0,6412.5
18910.0,13.487499999999955,291.0,291.0,100.0,100.0,0.0,0.0,0.04,-0.0275,6.0,6.0,-0.05,0.01,0.0,0.03,6412.0,6412.0
18915.0,13.487500000000182,291.0,292.0,100.0,100.0,0.0,0.0,0.0225,-0.03,6.0,6.0,-0.0425,0.01,0.0075,0.0,6383.25,6397.0
18920.0,13.475000000000136,291.0,292.0,100.0,100.0,0.0,0.0,0.035,-0.02,6.0,6.0,-0.035,0.01,0.0,0.0,6385.5,6400.0
18925.0,13.475000000000136,291.0,292.0,100.0,100.0,0.0,0.0,0.04,-0.02,6.0,6.0,-0.02,0.0075,0.0,0.015,6395.25,6408.5
18930.0,13.474999999999909,291.0,292.0,100.0,100.0,0.0,0.0,0.04,-0.02,6.0,6.0,-0.03,0.0,0.03,0.005,6399.0,6412.0
18935.0,13.475000000000193,291.0,292.0,100.0,100.0,0.0,0.0,0.04,0.024999999999999998,6.0,6.0,-0.03,0.0,0.0025,0.0025000000000000005,6386.25,6403.5
18940.0,13.475000000000136,291.0,292.0,100.0,100.0,0.0,0.0,0.04,0.04,6.0,6.0,-0.03,0.0,0.005,0.0,6384.0,6398.0
18945.0,13.475000000000136,291.0,292.0,100.0,100.0,0.0,0.0,0.04,0.05,6.0,6.0,-0.015000000000000001,-0.0025,0.0,0.02,6403.5,6418.25
18950.0,13.474999999999909,291.0,292.0,100.0,100.0,0.0,0.0,0.04,0.055,6.0,6.0,-0.02,-0.015,0.02,0.015,6403.0,6419.5
18955.0,13.475000000000193,291.0,292.0,100.0,100.0,0.0,0.0,0.04,0.045,6.0,6.0,-0.02,-0.02,0.0075,0.0025000000000000005,6383.0,6402.0
18960.0,13.475000000000136,291.0,292.0,100.0,100.0,0.0,0.0,0.04,0.04,6.0,6.0,-0.015,-0.02,0.0,0.02,6389.5,6406.0
18965.0,13.475000000000136,291.0,292.0,100.0,100.0,0.0,0.0,0.0325,0.05,6.0,6.0,-0.0175,-0.02,-0.0075,0.0025000000000000005,6402.75,6417.5
18970.0,13.484999999999957,291.0,292.0,100.0,100.0,0.0,0.0,0.03,0.05,6.0,6.0,-0.02,-0.025,0.022,0.045,6395.6,6411.5
18975.0,13.487500000000239,291.0,292.0,100.0,100.0,0.0,0.0,0.02,0.05,6.0,6.0,-0.02,-0.0225,0.0,0.020000000000000004,6383.0,6402.5
18980.0,13.487500000000068,291.0,292.0,100.0,100.0,0.0,0.0,-0.0125,0.05,6.0,6.0,-0.0075,-0.02,0.0075,0.02,6390.5,6413.0
18985.0,13.487500000000182,291.0,292.0,100.0,100.0,0.0,0.0,-0.02,0.0225,6.0,6.0,0.0,-0.005,-0.005,0.0025,6409.0,6428.25
18990.0,13.487499999999955,291.0,292.0,100.0,100.0,0.0,0.0,-0.0425,0.035,6.0,6.0,0.0,-0.025,0.027500000000000004,0.015,6406.5,6423.5
18995.0,13.487500000000239,291.0,292.0,100.0,100.0,0.0,0.0,-0.05,0.0175,6.0,6.0,0.01,-0.0225,0.01,0.005000000000000001,6384.0,6404.5
19000.0,13.487500000000068,291.0,292.0,100.0,100.0,0.0,0.0,-0.05,-0.02,6.0,6.0,0.02,-0.02,0.0,0.0,6386.25,6404.0
19005.0,13.487500000000182,291.0,292.0,100.0,100.0,0.0,0.0,-0.05,-0.02,6.0,6.0,0.025,0.0,0.0,0.0125,6397.5,6422.0
19010.0,13.487499999999955,291.0,292.0,100.0,100.0,0.0,0.0,-0.0425,-0.01,6.0,6.0,0.03,0.0,0.0225,0.025,6409.5,6427.5
19015.0,13.480000000000246,291.0,292.0,100.0,100.0,0.0,0.0,-0.03,0.0,6.0,6.0,0.03,0.0,0.01,0.024,6389.0,6412.0
19020.0,13.47500000000008,291.0,292.0,100.0,100.0,0.0,0.0,-0.019999999999999997,-0.0675,6.0,6.0,0.0275,0.0,0.0025,0.0125,6388.75,6409.5
19025.0,13.475000000000193,291.0,292.0,100.0,100.0,0.0,0.0,0.025,-0.09,6.0,6.0,0.015,0.01,0.005,0.01,6396.5,6415.0
19030.0,13.474999999999966,291.0,292.0,100.0,100.0,0.0,0.0,0.0175,-0.0925,6.0,6.0,0.0175,0.025,0.0,0.0025,6399.75,6420.75
19035.0,13.47500000000025,291.0,292.0,100.0,100.0,0.0,0.0,0.02,-0.07500000000000001,6.0,6.0,0.0,0.04,0.0,0.015,6399.0,6417.5
19040.0,13.47500000000008,291.0,292.0,100.0,100.0,0.0,0.0,-0.005,-0.0275,6.0,6.0,0.0,0.04,0.005,0.0125,6391.5,6412.0
19045.0,13.475000000000193,291.0,292.0,100.0,100.0,0.0,0.0,-0.02,0.02,6.0,6.0,0.005,0.01,-0.005,0.0,6403.0,6429.0
19050.0,13.474999999999966,291.0,292.0,100.0,100.0,0.0,0.0,-0.02,-0.005,6.0,6.0,0.01,0.0125,0.0075,0.0125,6409.25,6429.75
19055.0,13.47500000000025,291.0,292.0,100.0,100.0,0.0,0.0,-0.02,-0.02,6.0,6.0,0.01,0.02,0.01,0.015,6392.0,6416.0
19060.0,13.47500000000008,291.0,292.0,100.0,100.0,0.0,0.0,-0.02,-0.02,6.0,6.0,0.0125,0.0125,0.0,0.01,6389.5,6412.75
19065.0,13.475000000000193,291.0,292.0,100.0,100.0,0.0,0.0,-0.02,-0.02,6.0,6.0,0.02,0.01,-0.005,0.0,6404.5,6427.0
19070.0,13.474999999999966,291.0,292.0,100.0,100.0,0.0,0.0,-0.02,-0.0225,6.0,6.0,0.005000000000000001,0.02,0.019999999999999997,0.01,6412.75,6436.25
19075.0,13.47500000000025,291.0,292.0,100.0,100.0,0.0,0.0,-0.02,-0.035,6.0,6.0,0.03,0.025,0.02,0.005,6395.0,6419.5
19080.0,13.47500000000008,291.0,292.75,100.0,100.0,0.0,0.0,-0.02,-0.025,6.0,6.0,0.0175,0.03,-0.0025,0.0075,6399.75,6423.75
19085.0,13.475000000000193,291.0,293.0,100.0,100.0,0.0,0.0,-0.025,-0.02,6.0,6.0,0.015,0.03,-0.005,-0.01,6408.0,6432.0
19090.0,13.474999999999966,291.0,293.0,100.0,100.0,0.0,0.0,-0.03,-0.0175,6.0,6.0,0.0275,0.0275,0.0225,0.005,6408.0,6433.25
19095.0,13.47500000000025,291.0,293.0,100.0,100.0,0.0,0.0,-0.03,-0.015,6.0,6.0,0.02,0.025,0.03,0.01,6397.0,6423.0
19100.0,13.467500000000086,291.0,293.0,100.0,100.0,0.0,0.0,-0.0375,-0.014,6.0,6.0,0.025,0.024,0.0,0.0,6396.75,6420.4
19105.0,13.462500000000205,291.0,293.0,100.0,100.0,0.0,0.0,-0.095,-0.0175,6.0,6.0,0.025,0.0125,0.0,0.0,6407.0,6428.75
19110.0,13.462499999999977,291.0,293.0,100.0,100.0,0.0,0.0,-0.20500000000000002,-0.05,6.0,6.0,0.0625,0.02,0.0075,0.01,6410.5,6439.0
19115.0,13.462500000000205,291.0,293.0,100.0,100.0,0.0,0.0,-0.22,-0.0425,6.0,6.0,0.08,0.0325,0.0,0.0075,6399.0,6428.0
19120.0,13.462500000000091,291.25,293.0,100.0,100.0,0.0,0.0,-0.18,-0.05,6.0,6.0,0.095,0.035,0.0,0.02,6401.0,6426.5
19125.0,13.4675000000002,291.6,293.0,100.0,100.0,0.0,0.0,-0.176,-0.035,6.0,6.0,0.084,0.0375,0.0,0.01,6413.4,6438.5
19130.0,13.475000000000023,291.5,293.0,100.0,100.0,0.0,0.0,-0.115,0.04,6.0,6.0,0.1,0.02,0.005,0.02,6412.0,6438.0
19135.0,13.475000000000136,292.0,293.0,100.0,100.0,0.0,0.0,0.015000000000000013,0.057499999999999996,6.0,6.0,0.0875,0.01,0.01,0.0175,6398.0,6426.25
19140.0,13.475000000000023,292.0,293.0,100.0,100.0,0.0,0.0,0.09,0.035,6.0,6.0,0.06,0.005,0.0,0.005,6402.0,6428.5
19145.0,13.47500000000025,292.0,293.0,100.0,100.0,0.0,0.0,0.08499999999999999,0.0275,6.0,6.0,0.035,-0.0075,0.0025000000000000005,0.0,6407.75,6436.0
19150.0,13.475000000000023,292.0,293.0,100.0,100.0,0.0,0.0,0.07,0.01,6.0,6.0,0.015,0.0,0.005000000000000001,0.01,6421.5,6461.0
19155.0,13.475000000000136,292.0,293.0,100.0,100.0,0.0,0.0,0.0475,0.01,6.0,6.0,0.0025000000000000005,0.0,0.015000000000000001,0.03,6405.25,6433.0
19160.0,13.475000000000023,292.0,293.0,100.0,100.0,0.0,0.0,0.02,0.01,6.0,6.0,-0.01,-0.005,0.01,0.02,6398.0,6430.0
19165.0,13.47500000000025,292.0,293.0,100.0,100.0,0.0,0.0,0.0125,0.0175,6.0,6.0,-0.01,-0.0025000000000000005,-0.005,0.0025000000000000005,6410.75,6446.5
19170.0,13.475000000000023,292.0,293.0,100.0,100.0,0.0,0.0,0.015,-0.02,6.0,6.0,-0.01,0.0,0.01,0.02,6416.0,6447.0
19175.0,13.462500000000148,292.0,293.0,100.0,100.0,0.0,0.0,-0.012499999999999999,-0.05,6.0,6.0,-0.0025000000000000005,-0.01,0.0025000000000000005,0.02,6400.25,6426.0
19180.0,13.462500000000034,292.0,293.0,100.0,100.0,0.0,0.0,-0.01,-0.0225,6.0,6.0,0.0,-0.0075,0.0,0.0075,6402.0,6432.75
19185.0,13.462500000000205,292.0,293.0,100.0,100.0,0.0,0.0,-0.0175,0.03,6.0,6.0,0.0,0.0,0.0025,0.01,6414.75,6446.0
19190.0,13.462500000000034,292.0,293.0,100.0,100.0,0.0,0.0,-0.01,0.045,6.0,6.0,0.005,-0.0075,0.005,0.0125,6410.5,6442.0
19195.0,13.462500000000148,292.0,293.0,100.0,100.0,0.0,0.0,-0.01,0.04,6.0,6.0,0.01,0.0,0.0,0.01,6407.75,6437.0
19200.0,13.462500000000034,292.0,293.0,100.0,100.0,0.0,0.0,-0.01,0.04,6.0,6.0,0.01,-0.0025,0.0,0.0025,6411.0,6446.5
19205.0,13.462500000000205,292.0,293.0,100.0,100.0,0.0,0.0,-0.015,0.065,6.0,6.0,0.02,-0.01,-0.0175,0.005,6427.25,6470.0
19210.0,13.462500000000034,292.0,293.0,100.0,100.0,0.0,0.0,0.01,0.09,6.0,6.0,0.02,-0.01,0.0049999999999999975,0.03,6447.0,6493.5
19215.0,13.462500000000148,292.0,294.0,100.0,100.0,0.0,0.0,0.035,0.09,6.0,6.0,0.0125,-0.04,0.0275,0.04,6408.25,6444.0
19220.0,13.462500000000034,292.0,294.0,100.0,100.0,0.0,0.0,0.04,-0.010000000000000002,6.0,6.0,0.0,-0.0325,0.0,0.005,6408.0,6439.25
19225.0,13.47500000000025,292.0,294.0,100.0,100.0,0.0,0.0,0.04,-0.1,6.0,6.0,0.0,-0.005,0.01,0.015,6412.0,6442.5
19230.0,13.47500000000008,292.0,294.0,100.0,100.0,0.0,0.0,0.052500000000000005,-0.04000000000000001,6.0,6.0,0.0,0.0,0.02,0.0175,6413.0,6453.25
19235.0,13.47500000000008,292.0,294.0,100.0,100.0,0.0,0.0,0.08,0.1,6.0,6.0,-0.005,-0.01,0.005000000000000001,0.01,6419.5,6465.0
19240.0,13.462500000000091,292.0,294.0,100.0,100.0,0.0,0.0,0.11499999999999999,0.15,6.0,6.0,-0.024999999999999998,-0.02,0.012499999999999999,0.04,6422.25,6468.0
19245.0,13.462500000000261,292.0,294.0,100.0,100.0,0.0,0.0,0.14,0.1,6.0,6.0,-0.03,-0.0325,0.02,0.0275,6413.0,6450.0
19250.0,13.462500000000091,292.0,294.0,100.0,100.0,0.0,0.0,0.1425,0.1,6.0,6.0,-0.0425,-0.045,0.0175,0.02,6415.25,6452.5
19255.0,13.462500000000091,292.0,294.0,100.0,100.0,0.0,0.0,0.12,0.1,6.0,6.0,-0.05,-0.057499999999999996,0.005,0.0275,6416.0,6451.25
19260.0,13.462500000000091,292.0,294.0,100.0,100.0,0.0,0.0,0.135,0.14,6.0,6.0,-0.05,-0.05,0.0,0.01,6419.0,6466.0
19265.0,13.462500000000261,292.0,294.0,100.0,100.0,0.0,0.0,0.13,0.1525,6.0,6.0,-0.05,-0.05500000000000001,0.04,0.0325,6420.0,6469.75
19270.0,13.462500000000091,292.0,294.0,100.0,100.0,0.0,0.0,0.14,0.115,6.0,6.0,-0.0625,-0.07,0.0175,0.03,6426.5,6464.5
19275.0,13.462500000000091,292.0,294.0,100.0,100.0,0.0,0.0,0.135,0.0175,6.0,6.0,-0.07500000000000001,-0.0625,0.02,0.035,6419.0,6457.0
19280.0,13.462500000000091,292.0,294.0,100.0,100.0,0.0,0.0,0.1225,-0.09,6.0,6.0,-0.08,-0.04,0.015,0.02,6416.0,6457.0
19285.0,13.462500000000261,292.0,294.0,100.0,100.0,0.0,0.0,0.11,-0.0725,6.0,6.0,-0.07,-0.0125,0.0,0.0225,6424.0,6472.0
19290.0,13.462500000000091,292.0,294.0,100.0,100.0,0.0,0.0,0.11,0.009999999999999998,6.0,6.0,-0.08,-0.02,0.01,0.03,6425.5,6476.5
19295.0,13.455000000000098,292.0,294.6,100.0,100.0,0.0,0.0,0.11,0.034,6.0,6.0,-0.065,-0.014,0.03,0.03,6425.5,6471.4
19300.0,13.450000000000102,292.0,295.0,100.0,100.0,0.0,0.0,0.0875,-0.08249999999999999,6.0,6.0,-0.057499999999999996,-0.0025000000000000005,0.02,0.03,6433.75,6472.0
19305.0,13.450000000000273,292.0,295.0,100.0,100.0,0.0,0.0,-0.03,-0.17,6.0,6.0,-0.05,0.02,0.03,0.05,6425.0,6470.0
19310.0,13.450000000000045,293.0,295.0,100.0,100.0,0.0,0.0,-0.2,-0.18,6.0,6.0,-0.0075,0.04,0.015,0.0325,6420.75,6471.5
19315.0,13.450000000000045,293.0,295.0,100.0,100.0,0.0,0.0,-0.2,-0.255,6.0,6.0,0.01,0.07,0.01,0.04,6430.0,6478.0
19320.0,13.457500000000152,293.0,295.0,100.0,100.0,0.0,0.0,-0.194,-0.3225,6.0,6.0,0.038000000000000006,0.115,0.02,0.0475,6431.6,6475.5
19325.0,13.462500000000205,293.0,295.0,100.0,100.0,0.0,0.0,-0.19,-0.36,6.0,6.0,0.065,0.15,0.02,0.03,6423.5,6469.0
19330.0,13.462500000000091,293.0,295.0,100.0,100.0,0.0,0.0,-0.19,-0.39,6.0,6.0,0.09,0.1625,0.02,0.02,6427.0,6480.25
19335.0,13.462499999999977,293.0,295.0,100.0,100.0,0.0,0.0,-0.19,-0.4,6.0,6.0,0.095,0.195,0.015,0.035,6440.75,6495.0
19340.0,13.462500000000148,293.0,295.0,100.0,100.0,0.0,0.0,-0.19,-0.47,6.0,6.0,0.11499999999999999,0.265,0.035,0.05,6433.0,6479.75
19345.0,13.452500000000214,293.0,295.0,100.0,100.0,0.0,0.0,-0.19,-0.6499999999999999,6.0,6.0,0.10500000000000001,0.248,0.010000000000000002,0.026,6431.25,6482.4
19350.0,13.450000000000102,293.0,295.0,100.0,100.0,0.0,0.0,-0.18,-0.92,6.0,6.0,0.11,0.3,0.0,0.04,6440.0,6502.0
19355.0,13.449999999999989,293.0,295.25,100.0,100.0,0.0,0.0,-0.195,-1.2175,6.0,6.0,0.1375,0.47000000000000003,0.02,0.045,6431.5,6485.75
19360.0,13.45000000000016,293.0,296.0,100.0,100.0,0.0,0.0,-0.18,-1.24,6.0,6.0,0.125,0.51,0.01,0.025,6435.0,6487.0
19365.0,13.450000000000216,293.0,296.0,100.0,100.0,0.0,0.0,-0.195,-1.24,6.0,6.0,0.135,0.535,0.0225,0.0425,6443.0,6506.25
19370.0,13.450000000000102,293.0,296.0,100.0,100.0,0.0,0.0,-0.2,-1.24,6.0,6.0,0.15,0.66,0.02,0.05,6441.0,6501.0
19375.0,13.449999999999989,293.0,296.0,100.0,100.0,0.0,0.0,-0.2625,-1.24,6.0,6.0,0.155,0.63,0.0125,0.0425,6448.25,6503.75
19380.0,13.45000000000016,293.0,296.0,100.0,100.0,0.0,0.0,-0.39,-1.24,6.0,6.0,0.18,0.665,0.04,0.05,6448.5,6509.0
19385.0,13.450000000000216,293.0,296.0,100.0,100.0,0.0,0.0,-0.42,-1.24,6.0,6.0,0.205,0.7375,0.03,0.05,6442.75,6505.25
19390.0,13.440000000000111,293.0,296.0,100.0,100.0,0.0,0.0,-0.42,-1.232,6.0,6.0,0.23,0.75,0.01,0.034,6447.0,6503.2
19395.0,13.449999999999932,293.0,296.0,100.0,100.0,0.0,0.0,-0.43,-1.21,6.0,6.0,0.25,0.77,0.03,0.04,6450.0,6506.0
19400.0,13.45000000000016,294.0,296.0,100.0,100.0,0.0,0.0,-0.51,-1.1175,6.0,6.0,0.2575,0.7100000000000001,0.0325,0.0475,6449.25,6510.5
19405.0,13.45000000000016,294.0,296.0,100.0,100.0,0.0,0.0,-0.8049999999999999,-1.0150000000000001,6.0,6.0,0.32999999999999996,0.765,0.045,0.05500000000000001,6449.0,6507.0
19410.0,13.45000000000016,294.0,296.0,100.0,100.0,0.0,0.0,-1.2425000000000002,-0.98,6.0,6.0,0.365,0.64,0.020000000000000004,0.010000000000000002,6451.75,6510.25
19415.0,13.449999999999932,294.0,296.0,100.0,100.0,0.0,0.0,-1.65,-0.99,6.0,6.0,0.45,0.59,0.01,0.05,6473.0,6547.0
19420.0,13.45000000000016,294.0,297.0,100.0,100.0,0.0,0.0,-1.895,-0.99,6.0,6.0,0.6425,0.6675,0.0225,0.075,6464.25,6521.25
19425.0,13.45000000000016,294.0,297.0,100.0,100.0,0.0,0.0,-1.91,-1.0,6.0,6.0,0.755,0.645,0.035,0.06,6452.5,6515.5
19430.0,13.442500000000166,294.0,297.0,100.0,100.0,0.0,0.0,-1.91,-1.0819999999999999,6.0,6.0,0.74,0.588,0.025,0.048,6476.0,6528.8
19435.0,13.437499999999943,294.0,297.0,100.0,100.0,0.0,0.0,-1.91,-1.2725,6.0,6.0,0.83,0.6325000000000001,0.03,0.055,6490.0,6542.0
19440.0,13.43750000000017,294.0,297.0,100.0,100.0,0.0,0.0,-1.91,-1.36,6.0,6.0,1.065,0.78,0.0325,0.06,6461.0,6519.0
19445.0,13.43750000000017,294.0,297.0,100.0,100.0,0.0,0.0,-1.91,-1.36,6.0,6.0,1.03,0.77,0.035,0.06,6458.0,6521.5
19450.0,13.437500000000114,294.0,297.0,100.0,100.0,0.0,0.0,-1.91,-1.36,6.0,6.0,0.89,0.675,0.0225,0.06,6473.0,6538.0
19455.0,13.447499999999991,294.0,297.0,100.0,100.0,0.0,0.0,-1.91,-1.36,6.0,6.0,0.964,0.745,0.05199999999999999,0.09,6480.2,6547.75
19460.0,13.450000000000216,294.0,298.0,100.0,100.0,0.0,0.0,-1.91,-1.36,6.0,6.0,1.1,0.85,0.02,0.05,6468.0,6534.0
19465.0,13.437500000000114,294.0,298.0,100.0,100.0,0.0,0.0,-1.8925,-1.36,6.0,6.0,1.1199999999999999,0.84,0.0225,0.07,6465.0,6533.0
19470.0,13.43750000000017,294.0,298.0,100.0,100.0,0.0,0.0,-1.87,-1.3775,6.0,6.0,1.01,0.8225,0.03,0.0675,6468.0,6537.0
19475.0,13.4375,294.0,298.0,100.0,100.0,0.0,0.0,-1.87,-1.47,6.0,6.0,1.05,0.85,0.0375,0.06,6470.25,6543.0
19480.0,13.437500000000227,294.0,298.0,100.0,100.0,0.0,0.0,-1.87,-1.57,6.0,6.0,1.06,0.8775,0.04,0.052500000000000005,6463.0,6539.25
19485.0,13.437500000000114,294.0,298.0,100.0,100.0,0.0,0.0,-1.87,-1.72,6.0,6.0,1.0950000000000002,0.92,0.0475,0.07,6469.75,6547.0
19490.0,13.43750000000017,294.0,298.0,100.0,100.0,0.0,0.0,-1.87,-1.7775,6.0,6.0,1.0050000000000001,0.905,0.04,0.065,6471.5,6548.75
19495.0,13.432499999999948,294.0,298.0,100.0,100.0,0.0,0.0,-1.87,-1.976,6.0,6.0,1.05,0.9760000000000001,0.0475,0.062,6500.25,6555.0
19500.0,13.425000000000182,295.0,298.0,100.0,100.0,0.0,0.0,-1.87,-2.245,6.0,6.0,1.14,1.095,0.04,0.07500000000000001,6471.0,6552.5
19505.0,13.425000000000125,295.0,298.75,100.0,100.0,0.0,0.0,-1.87,-2.415,6.0,6.0,1.08,1.16,0.03,0.07,6470.0,6552.25
19510.0,13.430000000000177,295.0,299.0,100.0,100.0,0.0,0.0,-1.874,-2.45,6.0,6.0,0.896,0.96,0.005999999999999998,0.05,6477.0,6563.0
19515.0,13.4375,295.0,299.0,100.0,100.0,0.0,0.0,-1.88,-2.5,6.0,6.0,0.935,1.3250000000000002,0.025,0.19,6494.5,6588.5
19520.0,13.437500000000114,295.0,299.0,100.0,100.0,0.0,0.0,-1.88,-2.5,6.0,6.0,1.16,1.3900000000000001,0.042499999999999996,0.085,6476.75,6562.0
19525.0,13.437500000000057,295.0,299.0,100.0,100.0,0.0,0.0,-1.88,-2.5,6.0,6.0,1.1,1.3575,0.05,0.07,6467.0,6560.25
19530.0,13.427500000000236,295.0,299.0,100.0,100.0,0.0,0.0,-1.8875,-2.5,6.0,6.0,0.94,1.178,0.0175,0.078,6485.75,6577.0
19535.0,13.425000000000011,295.0,299.0,100.0,100.0,0.0,0.0,-1.9449999999999998,-2.5,6.0,6.0,0.96,1.18,0.03,0.09,6489.5,6598.0
19540.0,13.425000000000125,295.0,299.0,100.0,100.0,0.0,0.0,-1.98,-2.4675000000000002,6.0,6.0,1.13,1.345,0.0425,0.09,6477.5,6575.5
19545.0,13.425000000000068,295.0,299.0,100.0,100.0,0.0,0.0,-1.98,-2.2750000000000004,6.0,6.0,1.1,1.345,0.01,0.075,6479.0,6570.5
19550.0,13.425000000000239,295.0,299.0,100.0,100.0,0.0,0.0,-2.01,-2.015,6.0,6.0,1.0675000000000001,1.2775,0.0175,0.07500000000000001,6478.75,6573.0
19555.0,13.425000000000011,295.0,299.0,100.0,100.0,0.0,0.0,-2.26,-1.74,6.0,6.0,1.0,1.09,0.025,0.07,6493.0,6584.0
19560.0,13.412500000000136,295.0,300.0,100.0,100.0,0.0,0.0,-2.645,-1.58,6.0,6.0,1.0825,1.12,0.04,0.16,6495.25,6595.0
19565.0,13.42250000000007,295.0,300.0,100.0,100.0,0.0,0.0,-2.758,-1.3975,6.0,6.0,1.19,1.0350000000000001,0.055999999999999994,0.0775,6489.2,6588.0
19570.0,13.425000000000296,295.0,300.0,100.0,100.0,0.0,0.0,-2.76,-1.155,6.0,6.0,1.11,0.905,0.02,0.065,6496.0,6594.5
19575.0,13.425000000000068,295.0,300.0,100.0,100.0,0.0,0.0,-2.6975,-0.9500000000000001,6.0,6.0,1.3225,0.925,0.055,0.0975,6494.5,6593.5
19580.0,13.425000000000068,295.0,300.0,100.0,100.0,0.0,0.0,-2.455,-0.63,6.0,6.0,1.4249999999999998,0.83,0.035,0.07,6482.0,6581.0
19585.0,13.41250000000008,295.0,300.0,100.0,100.0,0.0,0.0,-2.085,-0.59,6.0,6.0,1.19,0.67,0.0375,0.08,6484.5,6590.0
19590.0,13.412500000000307,295.0,300.25,100.0,100.0,0.0,0.0,-1.63,-0.59,6.0,6.0,0.83,0.5225,-0.01,0.07,6539.0,6618.5
19595.0,13.412500000000023,295.0,301.0,100.0,100.0,0.0,0.0,-1.075,-0.645,6.0,6.0,1.0925,0.5349999999999999,0.075,0.1,6514.25,6619.5
19600.0,13.41250000000008,295.0,301.0,100.0,100.0,0.0,0.0,-0.6499999999999999,-0.76,6.0,6.0,0.9850000000000001,0.525,0.045,0.085,6490.0,6605.5
19605.0,13.41250000000008,295.75,301.0,100.0,100.0,0.0,0.0,-0.1725,-0.9,6.0,6.0,0.7424999999999999,0.48,0.0675,0.06,6503.25,6619.0
19610.0,13.410000000000252,296.0,301.0,100.0,100.0,0.0,0.0,0.057999999999999996,-1.11,6.0,6.0,0.594,0.49,0.062,0.1,6500.0,6627.0
19615.0,13.41250000000008,296.0,301.25,100.0,100.0,0.0,0.0,0.3,-1.3525,6.0,6.0,0.43,0.5974999999999999,0.06,0.0875,6493.0,6616.25
19620.0,13.412500000000023,296.0,302.0,100.0,100.0,0.0,0.0,0.5,-1.36,6.0,6.0,0.2575,0.675,0.06,0.08499999999999999,6497.0,6619.0
19625.0,13.412500000000136,296.0,302.0,100.0,100.0,0.0,0.0,0.6000000000000001,-1.33,6.0,6.0,0.07,0.67,0.06,0.07500000000000001,6495.0,6621.0
19630.0,13.41250000000025,296.0,302.0,100.0,100.0,0.0,0.0,0.47500000000000003,-1.22,6.0,6.0,-0.019999999999999997,0.7,0.06,0.09,6503.5,6635.0
19635.0,13.400000000000091,296.0,302.0,100.0,100.0,0.0,0.0,0.37,-0.85,6.0,6.0,-0.09,0.67,0.06,0.09,6505.0,6632.0
19640.0,13.399999999999977,296.0,302.0,100.0,100.0,0.0,0.0,-0.02,-0.51,6.0,6.0,-0.0775,0.59,0.052500000000000005,0.065,6521.0,6643.75
19645.0,13.400000000000091,296.5,302.5,100.0,97.0,0.0,0.0,-0.02,-0.19,6.0,6.0,-0.07500000000000001,0.525,0.08,0.09,6526.0,6648.5
19650.0,13.400000000000261,297.0,303.0,100.0,63.25,0.0,0.0,-0.17750000000000002,0.19749999999999995,6.0,6.0,-0.05,0.39249999999999996,0.0625,0.0175,6511.5,6622.5
19655.0,13.400000000000148,297.0,303.0,100.0,23.4,0.0,0.0,-0.246,0.53,6.0,6.0,-0.016,0.214,0.066,-0.066,6516.8,6585.4
19660.0,13.39999999999992,297.0,302.0,100.0,0.0,0.0,20.0,0.09,0.95,6.0,6.0,0.0,0.07,0.06,-0.47,6551.0,6557.0
19665.0,13.400000000000148,297.0,300.5,100.0,0.0,0.0,51.75,0.28,0.9975,6.0,6.0,-0.0225,-0.08,0.08750000000000001,-0.7425,6530.75,6494.25
19670.0,13.400000000000205,297.0,298.5,100.0,0.0,0.0,76.0,0.21,0.545,6.0,6.0,-0.035,-0.20500000000000002,0.055,-1.085,6525.0,6422.0
19675.0,13.400000000000148,297.0,295.75,100.0,0.0,0.0,87.5,0.095,0.16,6.0,6.0,-0.055,-0.2625,0.052500000000000005,-1.4275,6527.5,6346.0
19680.0,13.39999999999992,298.0,293.0,100.0,0.0,0.0,87.0,0.09,0.12,6.0,6.0,-0.07,-0.28,0.04,-1.64,6535.0,6270.0
19685.0,13.402500000000146,298.0,288.5,100.0,0.0,0.0,80.0,-0.012000000000000002,0.2625,6.0,6.0,-0.074,-0.255,0.056,-1.6425,6529.2,6175.25
19690.0,13.412500000000136,298.0,285.5,100.0,0.0,0.0,77.5,-0.09,0.55,6.0,6.0,-0.045,-0.245,0.045,-1.5750000000000002,6531.75,6096.5
19695.0,13.412500000000193,298.0,281.75,100.0,0.0,0.0,77.25,-0.045,0.8899999999999999,6.0,6.0,-0.02,-0.2875,0.06,-1.6199999999999999,6544.5,6009.5
19700.0,13.412499999999966,298.0,278.0,100.0,0.0,0.0,77.0,0.12000000000000002,0.97,6.0,6.0,-0.0025000000000000005,-0.29,0.030000000000000002,-1.59,6549.0,5922.0
19705.0,13.412500000000193,298.0,273.5,100.0,0.0,0.0,81.25,0.48,0.865,6.0,6.0,-0.04,-0.3725,0.07,-1.745,6568.0,5822.75
19710.0,13.420833333333462,298.0,270.0,100.0,0.0,0.0,85.66666666666667,0.6675,0.64,6.0,6.0,-0.1325,-0.39,0.0675,-1.7966666666666666,6539.75,5750.333333333333
19715.0,13.425000000000182,298.0,266.0,100.0,0.0,0.0,85.0,0.53,0.47,6.0,6.0,-0.175,-0.32,0.045,-1.73,6545.0,5659.0
19720.0,13.429166666666617,298.75,261.0,100.0,0.0,0.0,85.0,0.2575,0.43666666666666665,6.0,6.0,-0.20249999999999999,-0.3466666666666667,0.045,-1.9166666666666667,6548.75,5533.666666666667
19725.0,13.447500000000161,299.0,256.75,100.0,0.0,0.0,85.0,0.013999999999999985,0.4225,6.0,6.0,-0.16999999999999998,-0.3775,-0.06200000000000001,-2.0549999999999997,6537.8,5483.5
19730.0,13.462500000000034,298.0,251.75,100.0,0.0,0.0,79.75,-0.07,0.425,6.0,6.0,-0.12,-0.2825,0.03,-1.7750000000000001,6536.0,5385.5
19735.0,13.470833333333587,298.25,246.66666666666666,100.0,0.0,0.0,67.66666666666667,-0.15000000000000002,0.44666666666666666,6.0,6.0,-0.0525,-0.2,0.0225,-1.4633333333333334,6552.75,5255.666666666667
19740.0,13.487500000000011,299.0,243.5,100.0,51.75,0.0,55.25,-0.155,0.5225,6.0,0.0,-0.015,-0.2575,0.025,-1.2425,6552.5,5760.5
19745.0,13.495833333333508,299.0,240.66666666666666,100.0,0.0,0.0,46.0,-0.1225,0.53,6.0,0.0,0.0075,-0.28,0.0125,-1.0966666666666667,6544.75,5990.0
19750.0,13.512499999999989,299.0,237.75,100.0,0.0,0.0,32.0,-0.12,0.53,6.0,5.0,0.04,-0.2675,0.0,-0.865,6551.0,5942.25
19755.0,13.533333333333644,299.0,236.33333333333334,100.0,0.0,0.0,20.666666666666668,-0.02,0.5366666666666667,6.0,5.0,0.02,-0.27999999999999997,0.0,-0.66,6564.0,5910.0
19760.0,13.554166666666731,298.25,234.66666666666666,100.0,0.0,0.0,7.0,-0.1525,0.5033333333333334,6.0,5.0,0.02,-0.30333333333333334,-0.4525,-0.41333333333333333,6530.75,5883.666666666667
19765.0,13.562500000000057,296.0,233.25,100.0,0.0,0.0,2.75,-0.57,0.28,6.0,5.0,0.07,-0.2525,-0.805,-0.3125,6485.0,5865.5
19770.0,13.579166666666708,296.0,233.0,100.0,0.0,0.0,0.0,-0.9950000000000001,-0.05333333333333333,6.0,5.0,0.1575,-0.16333333333333333,-0.0175,-0.27,6491.0,5850.333333333333
19775.0,13.600000000000307,296.0,232.0,100.0,0.0,0.0,0.0,-1.28,-0.47,6.0,5.0,0.3,-0.04,-0.05,-0.28,6487.0,5828.0
19780.0,13.604166666666742,294.75,231.66666666666666,100.0,10.333333333333332,0.0,0.0,-1.645,-0.55,6.0,5.0,0.3975,0.03,-0.6425,-0.21000000000000002,6454.0,5825.333333333333
19785.0,13.625000000000057,294.0,231.0,100.0,30.0,0.0,0.0,-2.015,-0.56,6.0,5.0,0.475,0.09,-0.07,-0.13,6464.0,5835.0
19790.0,13.645833333333428,294.0,231.0,100.0,46.0,0.0,0.0,-2.6025,-1.1966666666666665,6.0,5.0,0.6875,0.20666666666666667,-0.09,-0.09,6456.0,5832.666666666667
19795.0,13.662500000000307,294.0,230.0,100.0,50.25,0.0,0.0,-3.26,-1.835,6.0,5.0,0.9,0.3825,-0.09,-0.08,6450.0,5826.5
19800.0,13.68333333333345,294.0,230.0,100.0,51.0,0.0,0.0,-3.71,-1.94,6.0,5.0,1.11,0.5033333333333334,-0.1,-0.08,6447.0,5820.0
19805.0,13.704166666666652,293.0,230.0,100.0,51.0,0.0,0.0,-3.885,-1.9966666666666666,6.0,5.0,1.21,0.6433333333333333,-0.09,-0.06666666666666667,6454.0,5818.333333333333
19810.0,13.725000000000136,293.0,230.0,100.0,50.0,0.0,0.0,-4.0,-2.61,6.0,5.0,1.3650000000000002,0.7,-0.08499999999999999,-0.07,6446.0,5814.0
19815.0,13.729166666666856,293.0,229.66666666666666,100.0,48.333333333333336,0.0,0.0,-4.085,-3.216666666666667,6.0,5.0,1.145,0.6066666666666667,-0.08,-0.06333333333333334,6458.25,5827.666666666667
19820.0,13.750000000000114,292.0,229.0,100.0,42.0,0.0,0.0,-4.22,-3.85,6.0,5.0,0.76,0.75,-0.11,-0.06,6506.0,5826.0
19825.0,13.770833333333371,292.0,229.0,100.0,33.666666666666664,0.0,0.0,-4.6675,-4.113333333333333,6.0,5.0,1.125,0.9933333333333334,-0.05,-0.08333333333333333,6506.25,5807.666666666667
19830.0,13.78750000000008,292.0,228.75,100.0,32.75,0.0,0.0,-4.765000000000001,-4.1325,6.0,5.0,1.73,1.2425,-0.039999999999999994,-0.0875,6440.0,5782.75
19835.0,13.795833333333576,292.0,228.0,100.0,29.333333333333332,0.0,0.0,-4.3975,-4.14,6.0,5.0,1.48,0.9566666666666667,-0.06,-0.09333333333333334,6412.75,5779.666666666667
19840.0,13.816666666666777,291.0,228.0,100.0,22.666666666666668,0.0,0.0,-4.0,-4.043333333333333,6.0,5.0,0.64,0.6566666666666666,-0.1,-0.10333333333333333,6462.0,5791.333333333333
19845.0,13.837499999999977,291.0,228.0,93.25,19.0,0.0,0.0,-4.085,-3.23,6.0,5.0,0.345,1.04,-0.16499999999999998,-0.08,6697.75,5764.0
19850.0,13.850000000000136,291.0,227.0,98.5,5.5,0.0,0.0,-4.15,-2.01,6.0,5.0,1.295,1.0550000000000002,0.105,-0.21000000000000002,6541.0,5703.0
19855.0,13.862500000000239,291.0,226.0,100.0,0.0,0.0,0.0,-3.6,-1.29,6.0,5.0,1.6375000000000002,0.87,-0.0225,-0.28,6398.5,5676.0
19860.0,13.88333333333344,291.0,225.33333333333334,100.0,0.0,0.0,36.0,-2.83,-1.76,6.0,5.0,1.39,0.73,-0.04,-0.69,6397.0,5616.666666666667
19865.0,13.90416666666664,291.0,222.33333333333334,100.0,0.0,0.0,71.66666666666667,-2.125,-2.02,6.0,5.0,1.3125,0.75,-0.037500000000000006,-1.2933333333333332,6403.0,5511.0
19870.0,13.925000000000125,290.5,217.0,100.0,0.0,0.0,98.0,-1.665,-1.83,6.0,5.0,1.365,0.71,-0.02,-1.9,6381.5,5339.0
19875.0,13.945833333333553,290.0,210.33333333333334,100.0,0.0,0.0,100.0,-1.64,-1.57,6.0,5.0,1.32,0.7,-0.04,-2.0533333333333332,6375.75,5148.666666666667
19880.0,13.966666666666754,290.0,204.66666666666666,100.0,0.0,0.0,100.0,-1.64,-1.3833333333333333,6.0,5.0,1.46,0.6933333333333334,-0.09,-2.0833333333333335,6367.0,5015.0
19885.0,14.004166666666663,289.75,197.0,100.0,0.0,0.0,100.0,-1.575,-1.22,6.0,5.0,1.21,0.6733333333333333,-0.21250000000000002,-2.19,6358.5,4865.666666666667
19890.0,14.025000000000091,289.0,192.0,100.0,69.0,0.0,97.0,-1.1,-1.52,6.0,0.0,0.865,0.41,-0.38,-1.65,6350.5,5319.0
19895.0,14.062500000000227,288.25,186.0,100.0,0.0,0.0,41.0,-0.475,-3.0,6.0,4.0,0.33999999999999997,0.37,-0.1875,-1.14,6519.5,5047.0
19900.0,14.100000000000136,288.0,184.0,100.0,0.0,0.0,0.0,-0.16,-2.37,6.0,4.0,0.3,0.72,-0.05,-0.26,6785.0,5429.0
19905.0,14.137499999999989,288.0,182.0,100.0,0.0,0.0,0.0,1.02,-0.92,6.0,4.0,0.5925,0.57,-0.20750000000000002,-0.25,6339.25,5388.0
19910.0,14.175000000000125,288.0,182.0,100.0,15.0,0.0,0.0,2.08,0.15,6.0,4.0,0.305,0.31,-0.115,-0.13,6325.5,5416.0
19915.0,14.212500000000205,288.0,182.0,100.0,40.0,0.0,0.0,2.6375,1.5,6.0,4.0,-0.12500000000000003,0.03,-0.030000000000000002,-0.02,6365.75,5411.0
19920.0,14.250000000000114,288.0,182.0,97.0,50.0,0.0,0.0,3.01,1.6,6.0,4.0,-0.67,-0.2,-0.15,0.0,6321.0,5423.0
19925.0,14.287500000000023,287.75,182.0,75.5,53.0,0.0,0.0,3.1125,1.38,6.0,4.0,-0.975,-0.33,-0.1225,0.02,6306.0,5432.0
19930.0,14.325000000000102,287.0,182.0,56.0,54.0,0.0,0.0,3.375,1.62,6.0,4.0,-0.9550000000000001,-0.41,-0.13,0.05,6299.0,5432.0
19935.0,14.362500000000239,287.0,182.0,44.0,55.0,0.0,0.0,3.7875,2.83,6.0,4.0,-0.5525,-0.48,-0.2125,0.1,6343.0,5510.0
19940.0,14.400000000000091,286.0,182.0,41.0,57.0,0.0,0.0,4.47,3.67,6.0,4.0,-0.78,-0.74,-0.14,0.09,6362.0,5466.0
19945.0,14.4375,286.0,183.0,34.5,64.0,0.0,0.0,5.0625,3.43,6.0,4.0,-1.4525,-0.81,-0.14,0.11,6265.25,5481.0
19950.0,14.475000000000136,285.5,183.0,23.5,70.0,0.0,0.0,5.83,2.93,6.0,4.0,-1.7349999999999999,-0.81,-0.255,0.17,6224.5,5522.0
19955.0,14.512500000000216,284.25,184.0,10.25,73.0,0.0,0.0,6.5825,2.57,6.0,4.0,-1.6275,-0.74,-0.325,0.2,6190.5,5544.0
19960.0,14.533333333333474,283.0,184.66666666666666,0.0,77.33333333333333,0.0,0.0,7.16,2.27,6.0,4.0,-1.17,-0.63,-0.43,0.20333333333333334,6145.0,5580.666666666667
19965.0,14.566666666666663,282.6666666666667,185.0,0.0,80.66666666666667,0.0,0.0,7.733333333333333,2.2466666666666666,6.0,4.0,-1.3666666666666667,-0.7233333333333333,-0.41666666666666663,0.25,6107.666666666667,5597.666666666667
19970.0,14.595833333333417,281.25,186.0,0.0,86.33333333333333,12.75,0.0,7.885,2.683333333333333,6.0,4.0,-2.12,-0.78,-0.52,0.25666666666666665,6070.25,5626.0
19975.0,14.633333333333667,279.0,187.0,0.0,90.66666666666667,23.0,0.0,7.41,2.9,6.0,4.0,-2.39,-0.8200000000000001,-0.66,0.27666666666666667,6034.0,5635.333333333333
19980.0,14.662500000000023,277.75,188.0,0.0,92.0,13.5,0.0,6.550000000000001,2.465,6.0,4.0,-2.0625,-0.715,-0.5825,0.28,6007.5,5694.5
19985.0,14.700000000000045,276.5,189.0,0.0,92.0,0.0,0.0,5.845000000000001,1.815,6.0,4.0,-1.705,-0.76,-0.43,0.305,5986.5,5700.0
19990.0,14.729166666666742,275.25,190.0,0.0,93.33333333333333,0.0,0.0,5.6875,2.0466666666666664,6.0,4.0,-1.655,-0.6633333333333333,-0.4125,0.26,5960.25,5758.333333333333
19995.0,14.75416666666689,274.0,191.0,0.0,94.33333333333333,4.25,0.0,5.665,2.7266666666666666,6.0,4.0,-1.8075,-0.7933333333333333,-0.44,0.29666666666666663,5932.5,5757.666666666667
20000.0,14.775000000000034,273.0,192.0,0.0,95.0,29.0,0.0,5.41,3.03,6.0,4.0,-1.855,-0.79,-0.625,0.29,5889.0,5793.0
20005.0,14.812500000000114,270.5,193.0,0.0,95.0,50.0,0.0,4.42,2.67,6.0,4.0,-1.7375,-0.87,-0.84,0.29,5827.5,5817.0
20010.0,14.837500000000091,268.5,194.0,0.0,97.0,58.25,0.0,3.1025,2.08,6.0,4.0,-1.5925,-0.88,-1.0,0.32,5764.0,5883.0
20015.0,14.858333333333576,266.0,194.66666666666666,0.0,96.33333333333333,67.5,0.0,2.325,1.3166666666666667,6.0,4.0,-1.73,-0.79,-1.165,0.30666666666666664,5704.5,5854.666666666667
20020.0,14.883333333333269,261.0,195.66666666666666,0.0,96.66666666666667,75.0,0.0,1.59,0.9533333333333334,6.0,4.0,-1.31,-0.56,-1.48,0.2833333333333333,5600.0,5917.333333333333
20025.0,14.900000000000148,258.3333333333333,196.33333333333334,53.66666666666667,97.0,79.33333333333333,0.0,1.1933333333333334,0.81,0.0,4.0,-1.09,-0.49666666666666665,-1.4866666666666666,0.31,5989.0,5925.333333333333
20030.0,14.929166666666902,254.75,197.33333333333334,5.75,97.0,79.25,0.0,0.7175,0.7433333333333333,0.0,4.0,-0.8425,-0.39666666666666667,-1.5575,0.27999999999999997,6296.5,5957.0
20035.0,14.937500000000057,250.25,198.0,0.0,97.0,80.5,0.0,0.48750000000000004,0.63,5.0,4.0,-0.6775,-0.38,-1.885,0.33,6170.0,5986.0
20040.0,14.96666666666681,245.33333333333334,199.0,0.0,97.0,81.33333333333333,0.0,0.13333333333333333,0.65,5.0,4.0,-0.45333333333333337,-0.3,-1.7633333333333334,0.28,6081.666666666667,5996.0
20045.0,14.983333333333348,242.0,200.66666666666666,0.0,95.33333333333333,81.0,0.0,-0.06,0.8233333333333334,5.0,4.0,-0.29,-0.31,-1.83,0.28,5967.0,6035.666666666667
20050.0,14.991666666666845,236.33333333333334,201.0,46.0,89.5,83.0,0.0,-0.30666666666666664,0.835,5.0,4.0,-0.13333333333333333,-0.28,-1.7466666666666666,0.255,6110.666666666667,6047.0
20055.0,15.004166666666663,232.0,202.0,0.0,72.33333333333333,82.75,0.0,-0.3225,0.66,0.0,4.0,-0.035,-0.25333333333333335,-1.745,0.20666666666666667,6691.75,6073.333333333333
20060.0,15.016666666666708,227.0,202.0,0.0,44.0,82.0,0.0,-0.13333333333333333,0.46,4.0,4.0,-3.469446951953614e-18,-0.22,-1.7666666666666666,0.12,6504.0,6065.0
20065.0,15.033333333333587,222.0,203.0,0.0,19.0,83.66666666666667,0.0,-0.023333333333333334,0.42,4.0,4.0,0.07333333333333333,-0.2,-1.8433333333333333,0.0,6347.333333333333,6033.0
20070.0,15.033333333333303,216.0,202.33333333333334,0.0,7.333333333333334,83.0,0.0,0.0,0.04000000000000001,4.0,4.0,0.15,-0.12666666666666668,-1.82,-0.10333333333333333,6278.0,5996.0
20075.0,15.03333333333336,210.33333333333334,202.0,0.0,0.0,82.0,0.0,-0.12666666666666665,-0.3,4.0,4.0,0.09000000000000001,-0.030000000000000002,-1.7033333333333334,-0.23333333333333334,6073.666666666667,5946.333333333333
20080.0,15.033333333333474,205.0,201.0,0.0,0.0,80.66666666666667,0.0,-0.53,-0.2866666666666667,4.0,4.0,0.11333333333333334,0.03666666666666667,-1.8033333333333332,-0.24,5619.333333333333,5933.333333333333
20085.0,15.03333333333336,200.0,200.0,46.0,0.0,78.66666666666667,13.0,-0.9033333333333333,-0.51,0.0,4.0,0.26,0.11,-1.6566666666666665,-0.39,6522.666666666667,5909.0
20090.0,15.033333333333417,194.0,198.0,0.0,0.0,77.0,40.0,-1.3599999999999999,-0.54,3.0,4.0,0.2833333333333333,0.15,-1.6133333333333335,-0.83,6773.333333333333,5790.0
20095.0,15.033333333333474,190.0,195.33333333333334,0.0,0.0,77.0,42.0,-2.24,-0.9533333333333334,3.0,4.0,0.34,0.21999999999999997,-1.58,-0.9033333333333333,6543.0,5719.333333333333
20100.0,15.025000000000205,183.0,191.0,0.0,0.0,72.0,61.5,-3.35,-2.3000000000000003,3.0,4.0,0.7,0.43,-1.63,-1.255,6426.0,5574.0
20105.0,15.025000000000318,178.0,186.5,0.0,0.0,63.0,74.5,-3.39,-3.5700000000000003,3.0,4.0,0.79,0.6,-1.37,-1.475,6301.0,5399.5
20110.0,15.024999999999977,174.0,181.5,0.0,0.0,48.0,71.0,-3.71,-4.43,3.0,4.0,0.74,0.665,-1.13,-1.3900000000000001,6110.0,5191.0
20115.0,15.008333333333383,169.66666666666666,176.5,0.0,69.0,34.0,59.5,-4.696666666666666,-4.7,3.0,0.0,1.04,0.905,-0.9233333333333333,-1.26,6045.0,5794.0
20120.0,15.0,166.0,172.0,0.0,7.5,22.5,46.5,-4.65,-4.6899999999999995,3.0,2.0,1.26,1.13,-0.71,-1.025,5951.5,6140.5
20125.0,15.00833333333344,163.5,168.66666666666666,0.0,0.0,21.0,43.333333333333336,-5.02,-4.71,3.0,3.0,0.885,1.0966666666666667,-0.59,-0.99,5871.0,6009.333333333333
20130.0,15.000000000000114,161.0,164.0,0.0,0.0,18.0,43.0,-6.79,-5.07,3.0,3.0,1.68,1.28,-0.83,-1.01,5786.0,5826.0
20135.0,15.000000000000227,159.0,161.0,0.0,0.0,15.0,44.0,-6.75,-4.9,3.0,3.0,1.85,1.42,-0.63,-1.06,5718.0,5713.0
20140.0,15.000000000000227,156.5,156.5,0.0,0.0,10.0,47.5,-5.91,-3.615,3.0,3.0,0.965,0.985,-0.355,-1.005,5615.5,5536.5
20145.0,15.016666666666822,154.33333333333334,151.0,0.0,0.0,9.0,59.0,-4.44,-2.43,3.0,3.0,1.47,0.93,-0.4633333333333333,-1.25,5548.666666666667,5274.0
20150.0,15.000000000000284,152.0,146.0,0.0,0.0,19.0,64.0,-2.21,-2.64,3.0,2.0,0.97,0.81,-0.55,-1.3,5465.0,6280.0
20155.0,15.025000000000091,149.0,139.0,0.0,0.0,39.5,64.0,-1.325,-3.58,3.0,2.0,0.78,0.74,-0.95,-1.38,5337.0,5906.0
20160.0,15.025000000000318,145.0,134.0,69.0,0.0,44.0,52.5,-0.13,-2.48,0.0,2.0,0.39,0.795,-0.94,-1.18,5804.0,5795.0
20165.0,15.025000000000091,141.0,129.0,0.0,0.0,48.5,49.0,1.455,-2.12,2.0,2.0,0.035,0.57,-1.07,-1.08,6151.5,5626.0
20170.0,15.050000000000296,136.0,123.0,0.0,0.0,49.0,49.0,2.35,-2.03,2.0,2.0,-0.31,0.41,-1.13,-1.07,5944.0,5377.0
20175.0,15.050000000000182,130.0,117.0,0.0,0.0,44.0,57.0,4.1,-0.67,2.0,2.0,-0.34,0.18,-0.79,-1.19,5677.0,5071.0
20180.0,15.07500000000016,126.0,109.5,69.0,0.0,37.0,55.0,5.59,1.115,0.0,2.0,-0.49,-0.07,-0.45,-1.16,6679.0,4743.5
20185.0,15.125000000000114,122.5,104.0,0.0,0.0,25.5,3.0,6.91,3.0,1.0,2.0,-1.115,-0.29,-0.7250000000000001,-0.26,6670.5,4609.0
20190.0,15.125,118.0,103.0,0.0,0.0,21.5,0.0,8.765,4.3,1.0,2.0,-1.46,-0.41,-0.6799999999999999,-0.19,6625.0,4570.0
20195.0,15.150000000000318,114.0,102.0,0.0,7.0,8.0,0.0,11.72,8.09,1.0,2.0,-1.35,-0.74,-0.44,-0.1,6453.0,4564.0
20200.0,15.175000000000182,112.0,102.0,0.0,12.5,0.0,0.0,12.8,12.600000000000001,1.0,2.0,-1.49,-1.125,-0.3,-0.055,6365.0,4552.5
20205.0,15.200000000000102,111.0,101.0,0.0,20.0,0.0,0.0,15.04,16.73,1.0,2.0,-1.46,-1.48,-0.3,-0.04,6260.0,4550.0
20210.0,15.20000000000016,108.5,101.0,0.0,18.5,0.0,0.0,18.534999999999997,20.395,1.0,2.0,-1.565,-1.53,-0.31,-0.055,6144.0,4541.0
20215.0,15.200000000000216,106.0,100.0,0.0,20.0,0.0,0.0,21.3,23.09,1.0,2.0,-1.72,-1.51,-0.32,0.0,6009.0,4505.0
20220.0,15.225000000000023,103.5,99.0,0.0,25.0,0.0,0.0,21.5,23.55,1.0,2.0,-1.99,-1.75,-0.33999999999999997,-0.03,5853.5,4494.0
20225.0,15.22500000000025,101.0,99.0,18.0,37.0,0.0,0.0,20.32,23.55,1.0,2.0,-1.74,-1.65,-0.1,0.02,5876.0,4549.0
20230.0,15.225000000000136,101.0,99.0,38.5,38.0,0.0,0.0,17.78,22.9,1.0,2.0,-1.8250000000000002,-1.78,0.015000000000000001,0.04,5919.5,4550.0
20235.0,15.249999999999943,100.0,98.0,50.0,38.0,0.0,0.0,12.97,18.97,1.0,2.0,-1.73,-1.75,0.07,0.06,5928.0,4524.0
20240.0,15.225000000000136,101.0,98.0,74.0,41.5,0.0,0.0,5.98,12.275,1.0,2.0,-1.27,-1.55,0.26,0.11,5982.0,4557.0
20245.0,15.25,103.0,99.0,86.0,64.0,0.0,0.0,4.08,8.54,1.0,2.0,-1.02,-1.45,0.33,0.21,6063.0,4656.0
20250.0,15.250000000000227,105.0,100.0,90.0,70.0,0.0,0.0,1.27,5.78,1.0,2.0,-0.48,-1.29,0.45,0.34,6232.0,4790.0
20255.0,15.250000000000114,108.0,102.0,92.0,72.0,0.0,0.0,-2.08,-0.94,1.0,2.0,-0.12,-1.11,0.55,0.44,6441.0,4836.0
20260.0,15.275000000000148,111.5,106.0,91.5,81.0,0.0,0.0,-4.949999999999999,-7.69,1.0,2.0,0.345,-0.32,0.625,0.55,6663.0,4898.0
20265.0,15.275000000000091,114.5,108.0,85.5,59.0,0.0,0.0,-6.675,-9.89,1.0,2.0,0.635,0.65,0.525,0.4,6902.5,4958.0
20270.0,15.300000000000182,116.0,110.5,36.0,53.0,0.0,0.0,-10.27,-10.385000000000002,2.0,2.0,0.7949999999999999,0.915,0.555,0.355,5692.0,5115.5
20275.0,15.274999999999977,118.0,112.0,27.0,34.5,0.0,0.0,-11.11,-13.375,2.0,2.0,1.36,1.34,0.2,0.305,5392.0,5132.0
20280.0,15.299999999999955,119.0,113.0,35.0,9.0,0.0,0.0,-11.41,-16.31,2.0,2.0,1.47,1.52,0.27,-0.03,5453.0,5059.0
20285.0,15.300000000000296,120.0,112.0,48.0,16.0,0.0,0.0,-11.56,-16.67,2.0,2.0,1.62,1.67,0.33,-0.01,5519.0,5080.0
20290.0,15.300000000000182,122.0,112.0,51.0,21.0,0.0,0.0,-12.97,-16.15,2.0,2.0,1.53,1.59,0.33,0.04,5667.0,5102.0
20295.0,15.32500000000016,123.0,112.5,22.0,31.0,0.0,0.0,-12.91,-13.685,2.0,2.0,1.48,1.46,0.16,0.14,5609.0,5164.0
20300.0,15.350000000000136,123.0,113.0,19.0,42.5,0.0,0.0,-11.805,-10.52,2.0,2.0,1.51,1.3050000000000002,0.065,0.255,5604.0,5263.0
20305.0,15.375,123.0,115.0,42.5,48.0,0.0,0.0,-9.46,-9.72,2.0,2.0,1.55,1.43,0.26,0.3,5724.0,5401.0
20310.0,15.37500000000017,124.5,116.0,60.0,48.0,0.0,0.0,-4.515,-9.72,2.0,2.0,1.495,1.56,0.365,0.34,5809.5,5412.0
20315.0,15.375000000000057,126.0,118.0,67.5,47.0,0.0,0.0,-3.285,-8.88,2.0,2.0,1.2,1.46,0.39,0.37,5916.0,5532.0
20320.0,15.400000000000318,128.0,119.0,70.0,50.0,0.0,0.0,-1.99,-3.83,2.0,2.0,1.3,1.35,0.52,0.37,5971.0,5600.0
20325.0,15.400000000000205,130.0,120.0,26.0,25.0,0.0,0.0,1.94,2.59,2.0,2.0,0.89,1.3,0.3,0.31,5864.0,5519.0
20330.0,15.400000000000091,127.0,120.0,0.0,0.0,47.0,0.0,5.14,4.41,2.0,2.0,-0.22,0.22,-0.92,-0.2,5593.0,5292.0
20335.0,15.400000000000034,122.0,117.0,69.0,0.0,54.0,56.0,5.75,2.29,0.0,2.0,-0.61,-0.24,-1.0,-1.1,6245.0,5120.0
20340.0,15.424999999999955,117.0,109.0,0.0,0.0,50.0,65.0,4.66,3.195,1.0,0.0,-0.6,-0.32999999999999996,-1.09,-1.26,6516.0,6041.0
20345.0,15.450000000000273,112.0,102.0,0.0,0.0,40.0,33.0,5.69,5.75,1.0,1.0,-0.54,-0.54,-0.85,-0.8,6065.0,5709.0
20350.0,15.47500000000025,107.0,98.5,0.0,0.0,40.0,21.5,9.39,7.404999999999999,1.0,1.0,-0.87,-0.685,-0.88,-0.575,5791.0,5518.0
20355.0,15.449999999999932,100.0,95.0,0.0,0.0,41.0,10.0,13.82,9.82,1.0,1.0,-1.16,-0.95,-0.88,-0.42,5520.0,5377.0
20360.0,15.475000000000193,95.0,93.0,0.0,0.0,15.0,0.0,16.424999999999997,13.0,1.0,1.0,-1.3050000000000002,-0.98,-0.5599999999999999,-0.23,5309.0,5275.0
20365.0,15.475000000000136,92.5,91.0,0.0,0.0,0.0,0.0,19.605,18.04,1.0,1.0,-1.48,-1.28,-0.275,-0.24,5223.5,5173.0
20370.0,15.475000000000136,90.5,89.0,18.0,0.0,0.0,0.0,21.08,22.91,1.0,1.0,-1.355,-1.34,-0.085,-0.26,5259.0,5062.0
20375.0,15.47500000000008,91.0,87.0,48.0,0.0,0.0,0.0,20.994999999999997,24.57,1.0,1.0,-1.385,-1.38,0.21000000000000002,-0.26,5396.5,4926.0
20380.0,15.500000000000114,92.0,86.0,53.0,24.0,0.0,0.0,20.08,24.31,1.0,1.0,-1.22,-1.51,0.34,-0.03,5483.0,5057.0
20385.0,15.525000000000318,94.0,86.0,53.0,35.5,0.0,0.0,17.76,21.39,1.0,1.0,-1.51,-1.44,0.32,0.12,5699.0,5094.5
20390.0,15.550000000000011,96.0,88.0,55.0,54.0,0.0,0.0,13.14,17.02,1.0,1.0,-1.28,-1.21,0.37,0.22,5871.0,5195.0
20395.0,15.550000000000182,99.0,90.0,57.0,70.0,0.0,0.0,7.61,12.98,1.0,1.0,-1.5,-1.27,0.45,0.42,6106.0,5393.0
20400.0,15.600000000000136,101.0,93.0,61.0,80.0,0.0,0.0,5.16,5.79,1.0,1.0,-1.39,-1.04,0.5,0.52,6390.0,5716.0
20405.0,15.575000000000273,104.0,96.5,69.0,83.5,0.0,0.0,-0.07,1.875,1.0,1.0,-1.46,-0.975,0.6,0.685,6532.0,5874.5
20410.0,15.600000000000193,105.0,101.0,68.0,85.0,0.0,0.0,-4.23,0.78,1.0,1.0,-1.21,-0.53,0.12,0.65,6896.0,6021.0
20415.0,15.600000000000023,108.5,105.0,67.5,92.5,0.0,0.0,-8.98,3.625,1.0,1.0,-1.0350000000000001,-0.535,0.46499999999999997,0.6699999999999999,6854.5,6316.0
20420.0,15.600000000000307,112.0,109.0,82.0,92.0,0.0,0.0,-8.03,3.99,1.0,1.0,-1.05,-0.78,0.65,0.75,6769.0,6597.0
20425.0,15.600000000000193,115.0,113.0,97.0,93.0,0.0,0.0,-3.04,3.05,1.0,1.0,-0.28,-0.63,0.7,0.66,6891.0,6785.0
20430.0,15.625000000000114,119.0,116.5,100.0,96.0,0.0,0.0,-0.86,2.5300000000000002,1.0,1.0,0.1,-0.645,0.67,0.6799999999999999,7025.0,6972.5
20435.0,15.625,122.0,120.0,100.0,96.0,0.0,0.0,0.09,2.02,1.0,1.0,0.07,-0.43,0.6,0.455,7222.0,7233.0
20440.0,15.624999999999886,125.0,123.0,100.0,100.0,0.0,0.0,0.07,1.7349999999999999,1.0,1.0,0.03,-0.44,0.28,0.515,7311.0,7202.5
20445.0,15.600000000000307,126.0,125.0,97.0,100.0,0.0,0.0,-0.14,1.34,2.0,1.0,0.02,-0.33,0.84,0.39,5798.0,7208.0
20450.0,15.600000000000193,129.0,127.0,100.0,100.0,0.0,0.0,0.02,0.75,2.0,2.0,0.01,-0.22,0.6,0.58,5967.0,5808.0
20455.0,15.625000000000227,131.5,130.0,100.0,100.0,0.0,0.0,0.125,0.74,2.0,2.0,0.005,-0.16,0.57,0.62,6087.0,6010.0
20460.0,15.625000000000227,135.0,132.5,100.0,100.0,0.0,0.0,0.55,0.645,2.0,2.0,-0.03,-0.14,0.55,0.585,6180.0,6093.0
20465.0,15.625000000000114,138.0,135.5,100.0,100.0,0.0,0.0,0.83,0.605,2.0,2.0,-0.11,-0.12,0.55,0.56,6328.0,6219.0
20470.0,15.625000000000114,139.5,138.0,100.0,100.0,0.0,0.0,0.83,0.57,2.0,2.0,-0.14,-0.11,0.535,0.56,6439.0,6349.0
20475.0,15.625000000000114,142.0,140.5,100.0,100.0,0.0,0.0,0.9,0.52,2.0,2.0,-0.17,-0.11499999999999999,0.56,0.555,6540.0,6453.5
20480.0,15.625000000000114,144.5,143.0,100.0,100.0,0.0,0.0,1.56,0.67,2.0,2.0,-0.24,-0.12,0.525,0.54,6642.5,6551.0
20485.0,15.625000000000114,147.0,145.5,100.0,100.0,0.0,0.0,1.87,1.405,2.0,2.0,-0.33,-0.21000000000000002,0.52,0.54,6753.0,6676.0
20490.0,15.625000000000114,149.5,148.0,100.0,100.0,0.0,0.0,1.82,1.2,2.0,2.0,-0.395,-0.24,0.505,0.51,6841.5,6780.0
20495.0,15.625000000000114,151.0,150.5,100.0,100.0,0.0,0.0,1.96,1.205,2.0,2.0,-0.41,-0.275,0.48,0.51,6948.0,6863.5
20500.0,15.650000000000205,153.0,152.0,100.0,100.0,0.0,0.0,3.09,1.79,2.0,2.0,-0.5,-0.31,0.46,0.51,7021.0,6963.0
20505.0,15.625000000000227,155.0,154.0,100.0,100.0,0.0,0.0,4.255,2.61,2.0,2.0,-0.71,-0.43,0.45,0.5,7106.0,7058.0
20510.0,15.625000000000227,155.0,156.0,100.0,100.0,0.0,0.0,3.49,2.2800000000000002,3.0,2.0,-0.79,-0.51,-0.13,0.44,6579.0,7118.5
20515.0,15.650000000000318,157.0,158.0,100.0,0.0,0.0,0.0,2.53,2.37,3.0,0.0,-0.84,-0.59,0.46,-0.08,5868.0,7049.0
20520.0,15.625000000000057,159.0,159.0,100.0,100.0,0.0,0.0,1.635,3.06,3.0,3.0,-0.705,-0.68,0.42,0.48,5926.0,5879.0
20525.0,15.650000000000205,160.5,160.5,100.0,100.0,0.0,0.0,1.795,2.73,3.0,3.0,-0.61,-0.715,0.44,0.455,5975.0,5972.5
20530.0,15.624999999999886,162.0,162.0,100.0,100.0,0.0,0.0,1.39,2.09,3.0,3.0,-0.49,-0.69,0.43,0.445,6025.0,6009.5
20535.0,15.650000000000034,164.0,164.0,100.0,100.0,0.0,0.0,1.0,1.91,3.0,3.0,-0.36,-0.54,0.42,0.43,6125.0,6101.0
20540.0,15.633333333333383,165.33333333333334,165.0,100.0,44.0,0.0,0.0,1.52,1.75,3.0,3.0,-0.43666666666666665,-0.52,0.43666666666666665,0.23,6172.666666666667,6060.0
20545.0,15.625000000000114,167.5,164.0,90.5,0.0,0.0,47.0,1.365,1.19,3.0,3.0,-0.41000000000000003,-0.46,0.39,-0.98,6190.0,5894.0
20550.0,15.650000000000205,168.0,158.0,32.5,0.0,0.0,76.0,1.26,1.0699999999999998,3.0,3.0,-0.33999999999999997,-0.305,0.15,-1.4100000000000001,6152.5,5557.0
20555.0,15.6666666666668,167.33333333333334,151.0,0.0,0.0,19.333333333333332,80.0,1.25,1.49,3.0,3.0,-0.36,-0.16,-0.51,-1.5,6017.333333333333,4939.0
20560.0,15.675000000000296,165.0,144.5,0.0,0.0,45.0,80.0,1.1,1.45,3.0,3.0,-0.3,-0.20500000000000002,-0.91,-1.6549999999999998,5901.0,4829.0
20565.0,15.699999999999932,161.0,139.0,0.0,69.0,57.0,68.0,1.07,1.47,3.0,0.0,-0.17,-0.16,-1.04,-1.22,5708.0,5930.0
20570.0,15.70000000000016,155.5,132.0,0.0,0.0,65.0,57.0,1.0,1.855,3.0,2.0,-0.22,-0.26,-1.3,-1.205,5533.0,5722.5
