dist,delta_t,ref_speed,drv_speed,ref_throttle,drv_throttle,ref_brake,drv_brake,ref_steering,drv_steering,ref_gear,drv_gear,ref_glat,drv_glat,ref_glong,drv_glong,ref_rpm,drv_rpm
0.0,0.0,150.0,157.0,0.0,0.0,68.0,73.0,0.66,0.78,2.0,3.0,-0.18,-0.35,-1.38,-1.49,6492.0,5511.0
5.0,1.1368683772161603e-13,145.5,151.5,0.0,0.0,68.0,69.0,0.08000000000000002,0.405,2.0,3.0,-0.065,-0.08000000000000002,-0.9299999999999999,-0.79,6103.5,5044.5
10.0,0.0,141.0,147.0,0.0,0.0,67.0,68.0,-0.15,-0.21,2.0,3.0,0.02,0.01,-1.15,-1.22,5345.0,4687.0
15.0,-0.024999999999977263,134.0,141.0,0.0,23.0,68.0,70.0,-0.75,-0.024999999999999994,2.0,0.0,0.21,0.055,-1.65,-1.4,5512.0,5917.0
20.0,-0.024999999999863576,128.0,135.0,34.5,0.0,68.0,73.0,-1.475,0.2,0.0,2.0,0.16999999999999998,0.01,-1.095,-1.39,6370.5,5789.0
25.0,-0.04999999999984084,121.5,129.0,0.0,0.0,65.5,72.0,-2.735,0.575,1.0,2.0,0.24,0.0,-1.3250000000000002,-1.385,6358.5,5153.5
30.0,-0.04999999999972715,115.0,122.0,0.0,69.0,60.0,66.0,-3.94,0.13,1.0,0.0,0.46499999999999997,0.01,-1.275,-1.25,6218.0,5783.5
35.0,-0.07499999999993179,108.0,115.0,0.0,0.0,48.0,68.0,-7.33,-1.205,1.0,1.0,0.76,0.095,-1.03,-1.315,5895.0,6195.0
40.0,-0.049999999999954525,103.0,107.0,0.0,0.0,22.0,73.0,-9.33,-4.55,1.0,1.0,1.01,0.34,-0.55,-1.42,5802.0,5808.0
45.0,-0.0749999999998181,101.0,98.5,0.0,0.0,0.0,63.5,-11.89,-9.735,1.0,1.0,0.97,0.705,-0.17,-1.215,5728.0,5375.0
50.0,-0.0749999999998181,100.0,92.0,0.0,0.0,0.0,43.0,-15.825,-15.2,1.0,1.0,1.2349999999999999,1.09,-0.18,-0.93,5651.5,5045.0
55.0,-0.02499999999974989,99.0,86.5,0.0,0.0,0.0,9.0,-20.13,-21.15,1.0,1.0,1.17,1.4449999999999998,-0.16,-0.39,5576.0,4866.5
60.0,0.0,97.0,84.0,0.0,0.0,0.0,6.0,-24.07,-26.03,1.0,1.0,1.79,1.61,-0.23,-0.32,5488.0,4723.0
65.0,2.2737367544323206e-13,95.0,81.0,0.0,0.0,0.0,0.0,-26.82,-29.85,1.0,1.0,1.81,1.72,-0.24,-0.23,5338.0,4623.0
70.0,0.07500000000027285,93.0,79.0,0.0,0.0,0.0,0.0,-28.725,-33.57,1.0,1.0,1.875,1.8,-0.24,-0.25,5245.5,4478.0
75.0,0.07500000000027285,90.5,77.0,0.0,11.0,0.0,0.0,-31.045,-34.7,1.0,1.0,2.19,1.7,-0.28,-0.12,5091.0,4478.0
80.0,0.12500000000022737,88.0,78.0,19.5,51.0,0.0,0.0,-30.78,-32.51,1.0,1.0,2.0549999999999997,1.8,-0.02,0.21,5133.0,4643.0
85.0,0.125,88.0,80.5,49.0,59.0,0.0,0.0,-25.66,-26.305,1.0,1.0,1.83,1.72,0.17,0.345,5183.0,4806.5
90.0,0.15000000000009095,89.0,84.0,56.0,73.0,0.0,0.0,-19.62,-17.28,1.0,1.0,1.65,1.35,0.27,0.48,5308.0,5010.0
95.0,0.15000000000031832,92.0,87.0,57.0,84.0,0.0,0.0,-15.45,-11.2,1.0,1.0,1.37,1.11,0.39,0.67,5502.0,5325.0
100.0,0.1750000000001819,94.5,92.0,61.5,82.0,0.0,0.0,-13.254999999999999,-8.35,1.0,1.0,1.2149999999999999,1.09,0.42000000000000004,0.91,5641.0,5629.0
105.0,0.20000000000004547,97.0,97.0,62.0,77.0,0.0,0.0,-11.45,-5.95,1.0,1.0,1.27,1.1,0.52,0.74,5797.0,6044.0
110.0,0.1750000000001819,100.0,101.5,62.0,79.0,0.0,0.0,-10.89,-4.475,1.0,1.0,1.26,1.085,0.58,0.7050000000000001,6043.0,6249.0
115.0,0.1750000000001819,104.0,106.0,63.5,83.0,0.0,0.0,-8.99,-3.59,1.0,1.0,1.145,1.18,0.5800000000000001,0.76,6229.0,6431.0
120.0,0.15000000000031832,108.0,109.0,62.0,79.0,0.0,0.0,-7.35,-1.6,1.0,1.0,1.19,0.71,0.53,0.52,6505.0,6800.0
125.0,0.1750000000001819,110.0,113.5,70.0,91.0,0.0,0.0,-6.55,-1.125,1.0,1.0,1.19,0.8300000000000001,0.53,0.745,6702.0,6823.5
130.0,0.15000000000020464,114.5,117.5,81.5,99.5,0.0,0.0,-4.494999999999999,-1.915,1.0,1.0,1.16,0.675,0.63,0.8,7015.0,6973.5
135.0,0.15000000000020464,117.5,121.5,84.0,99.0,0.0,0.0,-2.46,-3.41,1.0,1.0,1.31,0.625,0.645,0.76,7128.0,7230.5
140.0,0.15000000000020464,120.5,124.0,91.5,50.0,0.0,0.0,-0.585,-3.56,1.0,1.0,1.0550000000000002,0.665,0.65,0.23,7198.0,7117.0
145.0,0.15000000000020464,123.0,126.5,88.5,98.0,0.0,0.0,-0.31,-3.415,2.0,2.0,0.495,0.625,0.8400000000000001,0.8200000000000001,5884.0,5876.0
150.0,0.125,126.5,130.0,100.0,98.0,0.0,0.0,-0.34,-2.48,2.0,2.0,0.33999999999999997,0.66,0.74,0.72,5820.5,6106.0
155.0,0.15000000000009095,130.0,133.0,100.0,100.0,0.0,0.0,-0.76,-1.52,2.0,2.0,0.2,0.58,0.7,0.65,5985.0,6161.0
160.0,0.125,134.0,136.5,100.0,100.0,0.0,0.0,-1.19,-1.03,2.0,2.0,0.25,0.48,0.69,0.6950000000000001,6126.0,6320.5
165.0,0.12500000000022737,137.0,140.0,100.0,100.0,0.0,0.0,-0.87,-0.92,2.0,2.0,0.22,0.42,0.6799999999999999,0.67,6300.0,6464.0
170.0,0.125,140.0,142.5,100.0,100.0,0.0,0.0,0.25,-0.89,2.0,2.0,0.16,0.325,0.72,0.625,6434.0,6558.0
175.0,0.12500000000022737,143.0,146.0,100.0,100.0,0.0,0.0,2.355,-0.13,2.0,2.0,-0.14,0.23,0.69,0.64,6553.5,6660.0
180.0,0.125,146.0,148.5,100.0,100.0,0.0,0.0,3.81,0.62,2.0,2.0,-0.49,0.09,0.65,0.645,6675.0,6785.0
185.0,0.12500000000022737,148.5,151.0,100.0,100.0,0.0,0.0,4.5649999999999995,1.19,2.0,2.0,-0.65,-0.07,0.585,0.62,6806.0,6894.0
190.0,0.125,151.0,154.0,100.0,100.0,0.0,0.0,4.61,1.46,2.0,2.0,-0.64,-0.215,0.59,0.605,6964.0,7031.0
195.0,0.10833333333357587,153.5,155.66666666666666,99.0,100.0,0.0,0.0,4.855,1.5733333333333335,2.0,2.0,-1.0,-0.27999999999999997,0.5800000000000001,0.5733333333333334,7095.5,7102.666666666667
200.0,0.11666666666663605,155.66666666666666,158.0,100.0,100.0,0.0,0.0,4.926666666666667,2.46,2.0,2.0,-1.1233333333333333,-0.43,0.56,0.56,7123.666666666667,7187.0
205.0,0.1250000000001137,156.0,160.0,93.0,50.0,0.0,0.0,5.2,3.42,3.0,2.0,-0.93,-0.6599999999999999,0.79,0.09999999999999998,6003.0,7246.0
210.0,0.10000000000002274,158.5,161.0,99.0,50.0,0.0,0.0,5.28,3.465,3.0,0.0,-0.985,-0.675,0.52,0.35,5968.0,6452.5
215.0,0.12500000000022737,160.5,163.0,100.0,100.0,0.0,0.0,4.57,3.43,3.0,3.0,-0.98,-0.67,0.51,0.53,6025.5,6152.0
220.0,0.10000000000013642,163.0,165.0,100.0,100.0,0.0,0.0,3.6,3.43,3.0,3.0,-1.26,-0.87,0.62,0.54,6050.0,6149.0
225.0,0.1000000000003638,165.0,167.0,100.0,100.0,0.0,0.0,3.71,3.48,3.0,3.0,-1.01,-1.0,0.53,0.56,6123.0,6208.0
230.0,0.1166666666670153,166.0,169.33333333333334,100.0,100.0,0.0,0.0,4.01,3.8833333333333333,3.0,3.0,-1.1,-1.0033333333333334,0.57,0.52,6165.0,6268.0
235.0,0.10833333333342399,168.33333333333334,170.5,100.0,100.0,0.0,0.0,4.01,4.235,3.0,3.0,-0.86,-0.815,0.5,0.45999999999999996,6270.0,6365.0
240.0,0.10000000000025011,170.5,172.5,100.0,100.0,0.0,0.0,4.32,4.295,3.0,3.0,-0.855,-0.98,0.54,0.51,6350.0,6417.5
245.0,0.10000000000002274,171.5,174.5,100.0,100.0,0.0,0.0,4.79,4.14,3.0,3.0,-0.9199999999999999,-0.905,0.52,0.49,6429.5,6483.5
250.0,0.10000000000021192,173.66666666666666,176.66666666666666,100.0,100.0,0.0,0.0,4.713333333333333,4.08,3.0,3.0,-1.1833333333333333,-1.1033333333333333,0.49666666666666665,0.54,6486.333333333333,6555.333333333333
255.0,0.10000000000021192,175.66666666666666,177.66666666666666,100.0,100.0,0.0,0.0,4.1066666666666665,4.263333333333334,3.0,3.0,-1.2566666666666666,-1.22,0.5033333333333333,0.49666666666666665,6512.333333333333,6596.0
260.0,0.10000000000021281,177.66666666666666,179.66666666666666,100.0,100.0,0.0,0.0,3.8866666666666667,5.1066666666666665,3.0,3.0,-0.8466666666666667,-0.9333333333333333,0.42,0.45666666666666667,6617.0,6669.0
265.0,0.1000000000002883,179.33333333333334,181.0,100.0,99.0,0.0,0.0,3.9899999999999998,5.65,3.0,3.0,-1.24,-1.2,0.5433333333333333,0.49,6695.0,6852.666666666667
270.0,0.09999999999998455,180.66666666666666,182.66666666666666,100.0,100.0,0.0,0.0,3.65,5.65,3.0,3.0,-1.0766666666666667,-1.4166666666666667,0.4766666666666666,0.45666666666666667,6682.666666666667,6753.666666666667
275.0,0.10000000000021192,182.66666666666666,184.0,100.0,100.0,0.0,0.0,2.9766666666666666,5.7299999999999995,3.0,3.0,-0.9566666666666667,-1.1666666666666665,0.5133333333333334,0.44333333333333336,6789.333333333333,6899.333333333333
280.0,0.10000000000021281,183.66666666666666,185.66666666666666,100.0,100.0,0.0,0.0,2.85,5.716666666666667,3.0,3.0,-1.0433333333333334,-1.44,0.47333333333333333,0.42333333333333334,6811.0,6912.0
285.0,0.09166666666684797,185.66666666666666,187.0,100.0,100.0,0.0,0.0,2.97,4.745,3.0,3.0,-1.0166666666666666,-1.625,0.4766666666666666,0.49,6854.666666666667,6930.0
290.0,0.09166666666696166,187.0,188.5,100.0,100.0,0.0,0.0,3.0866666666666664,3.88,3.0,3.0,-0.9433333333333334,-1.365,0.4766666666666667,0.435,6934.666666666667,6983.5
295.0,0.09166666666669698,188.5,190.0,50.0,100.0,0.0,0.0,3.4450000000000003,3.73,3.0,3.0,-0.935,-1.3599999999999999,0.255,0.5233333333333333,6876.5,7054.666666666667
300.0,0.09166666666692436,189.5,191.33333333333334,90.0,100.0,0.0,0.0,4.375,3.73,3.0,3.0,-1.155,-1.28,0.19499999999999998,0.44,6076.0,7089.666666666667
305.0,0.0833333333336359,190.33333333333334,192.0,100.0,100.0,0.0,0.0,4.46,3.78,4.0,3.0,-1.2766666666666666,-1.32,0.45999999999999996,0.43,5741.333333333333,7105.0
310.0,0.08333333333333393,192.33333333333334,194.0,100.0,100.0,0.0,0.0,3.6766666666666667,4.16,4.0,3.0,-1.0366666666666666,-1.2,0.38666666666666666,0.4,5819.333333333333,7123.0
315.0,0.10000000000013642,193.0,195.0,100.0,100.0,0.0,0.0,3.03,4.98,4.0,3.0,-1.12,-1.0,0.47,0.3,5963.0,7192.0
320.0,0.08333333333348492,195.0,195.0,100.0,0.0,0.0,0.0,2.33,4.51,4.0,0.0,-1.27,-1.6199999999999999,0.41,-0.12666666666666668,5875.0,6913.333333333333
325.0,0.0833333333336359,196.0,195.66666666666666,100.0,100.0,0.0,0.0,2.3,3.3366666666666664,4.0,4.0,-0.95,-1.41,0.41,0.45333333333333337,5915.0,6050.333333333333
330.0,0.0833333333336359,197.66666666666666,197.33333333333334,100.0,100.0,0.0,0.0,2.2866666666666666,2.2866666666666666,4.0,4.0,-0.6866666666666666,-0.8033333333333333,0.3933333333333333,0.3766666666666667,6072.0,6010.0
335.0,0.09166666666669698,198.5,198.33333333333334,100.0,100.0,0.0,0.0,2.0949999999999998,2.2333333333333334,4.0,4.0,-0.88,-1.08,0.47500000000000003,0.48333333333333334,6057.0,6105.0
340.0,0.0833333333336359,200.0,200.0,100.0,100.0,0.0,0.0,1.9766666666666666,2.43,4.0,4.0,-0.9166666666666667,-1.19,0.41,0.42,6029.666666666667,6038.0
345.0,0.1000000000003638,201.0,201.0,100.0,100.0,0.0,0.0,2.3,2.92,4.0,4.0,-0.91,-1.13,0.42,0.41,6067.0,6067.0
350.0,0.08333333333325754,202.0,202.66666666666666,100.0,100.0,0.0,0.0,3.42,3.3200000000000003,4.0,4.0,-0.85,-1.0933333333333333,0.37,0.41666666666666663,6109.0,6107.333333333333
355.0,0.0833333333335613,203.66666666666666,203.33333333333334,100.0,100.0,0.0,0.0,3.9033333333333333,3.2666666666666666,4.0,4.0,-0.9966666666666667,-1.01,0.4066666666666667,0.41666666666666663,6153.333333333333,6143.333333333333
360.0,0.10000000000028741,205.0,204.33333333333334,87.33333333333333,100.0,0.0,0.0,3.9533333333333336,3.15,4.0,4.0,-0.9933333333333333,-0.9366666666666666,0.33666666666666667,0.37,6174.333333333333,6199.0
365.0,0.08333333333333393,205.33333333333334,206.0,46.333333333333336,100.0,0.0,0.0,4.5600000000000005,3.26,4.0,4.0,-1.0633333333333335,-0.95,0.23666666666666666,0.38,6174.666666666667,6234.0
370.0,0.08333333333348492,206.0,206.66666666666666,22.0,100.0,0.0,0.0,4.87,3.73,4.0,4.0,-0.94,-0.9033333333333333,0.12,0.37333333333333335,6156.0,6291.666666666667
375.0,0.0833333333335613,206.0,208.0,17.0,100.0,0.0,0.0,4.87,4.343333333333334,4.0,4.0,-1.4,-1.05,0.07333333333333333,0.39666666666666667,6155.666666666667,6352.0
380.0,0.08333333333333393,206.0,209.0,12.666666666666666,95.0,0.0,0.0,5.116666666666666,4.98,4.0,4.0,-1.6233333333333333,-1.77,0.006666666666666668,0.38,6113.333333333333,6272.0
385.0,0.0833333333335613,206.0,210.0,0.6666666666666667,76.0,0.0,0.0,6.613333333333333,5.59,4.0,4.0,-0.98,-1.41,-0.09,0.29,6083.0,6296.0
390.0,0.08333333333348492,205.0,210.66666666666666,0.0,67.0,0.0,0.0,8.33,7.043333333333333,4.0,4.0,-1.61,-1.15,-0.17,0.2966666666666667,6049.0,6476.666666666667
395.0,0.08333333333348492,204.33333333333334,211.0,0.0,65.66666666666667,0.0,0.0,9.796666666666667,8.053333333333333,4.0,4.0,-2.1166666666666667,-1.9233333333333333,-0.19333333333333333,0.26333333333333336,6031.0,6370.0
400.0,0.07500000000027285,204.0,212.0,0.0,61.0,0.0,0.0,10.675,8.85,4.0,4.0,-1.8599999999999999,-1.95,-0.18,0.19,6002.5,6363.0
405.0,0.06666666666675702,203.0,212.0,0.0,49.333333333333336,0.0,0.0,11.533333333333333,10.103333333333333,4.0,4.0,-1.6333333333333333,-1.6466666666666667,-0.16666666666666669,0.16666666666666669,5965.666666666667,6388.0
410.0,0.06666666666690979,202.0,212.0,0.0,45.333333333333336,0.0,0.0,12.09,11.213333333333335,4.0,4.0,-1.79,-1.7566666666666666,-0.17,0.18666666666666668,5943.0,6392.333333333333
415.0,0.05000000000040927,201.0,213.0,30.0,40.0,0.0,0.0,12.97,12.64,4.0,4.0,-2.24,-2.04,0.0,0.11,5996.0,6389.0
420.0,0.05000000000003091,201.0,213.0,70.33333333333333,40.0,0.0,0.0,13.326666666666666,13.483333333333333,4.0,4.0,-2.1966666666666668,-2.143333333333333,0.09333333333333334,0.13,6035.333333333333,6385.0
425.0,0.06666666666690801,201.0,213.0,82.33333333333333,39.333333333333336,0.0,0.0,13.346666666666666,14.043333333333333,4.0,4.0,-2.4833333333333334,-2.4666666666666663,0.13,0.10333333333333333,6038.666666666667,6376.666666666667
430.0,0.05000000000033289,201.0,213.0,81.33333333333333,39.333333333333336,0.0,0.0,13.103333333333333,14.256666666666666,4.0,4.0,-1.7766666666666666,-2.3233333333333333,0.18,0.12333333333333334,6073.0,6370.0
435.0,0.049999999999954525,202.0,213.0,80.0,38.0,0.0,0.0,12.73,14.41,4.0,4.0,-1.61,-1.61,0.29,0.06,6141.0,6417.0
440.0,0.03333333333345401,202.0,213.0,81.0,40.666666666666664,0.0,0.0,12.21,14.690000000000001,4.0,4.0,-2.64,-2.3233333333333333,0.27,0.11333333333333334,6099.0,6413.0
445.0,0.033333333333606774,202.0,212.0,84.0,48.0,0.0,0.0,11.696666666666667,14.633333333333333,4.0,4.0,-2.2466666666666666,-2.8833333333333333,0.27999999999999997,0.13,6099.333333333333,6369.666666666667
450.0,0.0333333333333794,203.0,212.0,82.33333333333333,58.0,0.0,0.0,11.166666666666668,14.36,4.0,4.0,-2.05,-2.11,0.25,0.14,6152.0,6382.0
455.0,0.016666666666878882,203.33333333333334,212.0,83.0,56.333333333333336,0.0,0.0,10.393333333333334,14.323333333333334,4.0,4.0,-2.37,-2.4099999999999997,0.29,0.16333333333333333,6138.666666666667,6410.666666666667
460.0,0.016666666666878882,204.0,212.0,83.0,57.666666666666664,0.0,0.0,10.06,14.1,4.0,4.0,-1.99,-2.3933333333333335,0.23,0.15333333333333335,6164.0,6382.333333333333
465.0,0.0166666666668025,204.0,212.0,82.0,55.0,0.0,0.0,9.513333333333334,13.72,4.0,4.0,-2.1566666666666667,-2.2,0.2833333333333333,0.21,6191.666666666667,6421.0
470.0,0.025000000000318323,205.0,212.0,85.0,47.0,0.0,0.0,8.84,13.07,4.0,4.0,-2.21,-2.57,0.28,0.14,6181.0,6374.0
475.0,0.0166666666668025,205.33333333333334,212.0,87.0,43.333333333333336,0.0,0.0,8.203333333333333,12.49,4.0,4.0,-2.2533333333333334,-2.2433333333333336,0.2733333333333333,0.09,6215.0,6383.0
480.0,0.016666666666878882,206.0,212.0,95.0,47.0,0.0,0.0,7.24,11.896666666666667,4.0,4.0,-2.51,-2.6833333333333336,0.28,0.1366666666666667,6207.0,6380.333333333333
485.0,0.016666666667029872,206.66666666666666,212.0,100.0,58.0,0.0,0.0,6.216666666666667,10.96,4.0,4.0,-2.21,-2.66,0.32666666666666666,0.13,6226.666666666667,6357.0
490.0,0.008333333333439441,207.5,212.0,100.0,69.0,0.0,0.0,5.41,9.636666666666667,4.0,4.0,-2.035,-2.216666666666667,0.33999999999999997,0.16999999999999998,6260.0,6396.666666666667
495.0,1.509903313490213e-13,208.33333333333334,212.0,100.0,83.66666666666667,0.0,0.0,4.346666666666667,8.52,4.0,4.0,-1.7833333333333332,-2.5366666666666666,0.30666666666666664,0.22666666666666668,6271.0,6399.666666666667
500.0,4.547473508864641e-13,209.0,213.0,100.0,91.0,0.0,0.0,3.67,7.67,4.0,4.0,-1.66,-2.24,0.32,0.24,6313.0,6412.0
505.0,7.638334409421077e-14,209.66666666666666,213.0,100.0,95.0,0.0,0.0,3.58,6.513333333333334,4.0,4.0,-1.37,-2.06,0.31,0.3,6315.666666666667,6448.0
510.0,1.509903313490213e-13,210.33333333333334,214.0,100.0,98.66666666666667,0.0,0.0,3.55,5.843333333333334,4.0,4.0,-1.2033333333333334,-1.4633333333333334,0.29333333333333333,0.2533333333333333,6399.333333333333,6482.666666666667
515.0,4.547473508864641e-13,211.0,214.0,100.0,99.0,0.0,0.0,3.43,4.99,4.0,4.0,-1.26,-1.56,0.34,0.36,6383.0,6623.0
520.0,7.638334409421077e-14,212.0,215.0,100.0,100.0,0.0,0.0,2.6733333333333333,3.3466666666666667,4.0,4.0,-1.3566666666666667,-1.9966666666666666,0.31666666666666665,0.3,6389.666666666667,6493.666666666667
525.0,-0.016666666666575125,213.0,215.33333333333334,100.0,100.0,0.0,0.0,1.6666666666666667,1.87,4.0,4.0,-0.6766666666666667,-1.1766666666666667,0.21333333333333335,0.19666666666666666,6513.666666666667,6487.333333333333
530.0,-0.016666666666273144,214.33333333333334,216.0,100.0,96.0,0.0,0.0,1.1333333333333333,0.9,4.0,4.0,-0.8,-0.71,0.26,0.07,6618.666666666667,6890.0
535.0,0.0,215.0,217.0,100.0,98.0,0.0,0.0,0.41,0.41,4.0,4.0,-0.98,-1.35,0.31,0.44,6450.0,6781.0
540.0,-0.00833333333324937,216.0,217.5,100.0,100.0,0.0,0.0,-0.05,0.0,4.0,4.0,-0.5366666666666666,-1.885,0.27666666666666667,0.35,6512.333333333333,6556.5
545.0,-0.016666666666273144,217.0,218.0,100.0,100.0,0.0,0.0,-0.2633333333333333,-0.09,4.0,4.0,-0.3566666666666667,-0.98,0.30666666666666664,0.23,6511.666666666667,6644.0
550.0,-0.01666666666665151,218.0,219.0,100.0,100.0,0.0,0.0,-1.03,-0.8899999999999999,4.0,4.0,-0.09,-1.1033333333333333,0.26,0.2833333333333333,6538.0,6603.333333333333
555.0,-0.016666666666575125,218.66666666666666,220.0,100.0,100.0,0.0,0.0,-2.7566666666666664,-3.63,4.0,4.0,0.2766666666666666,-0.18333333333333332,0.29,0.26666666666666666,6590.666666666667,6631.0
560.0,-0.016666666666273144,219.0,221.0,100.0,100.0,0.0,0.0,-3.24,-5.87,4.0,4.0,0.5233333333333333,0.5,0.29,0.28,6616.0,6646.0
565.0,-0.01666666666665151,220.0,221.66666666666666,100.0,100.0,0.0,0.0,-3.21,-6.593333333333333,4.0,4.0,0.77,1.0,0.27,0.23,6657.0,6704.333333333333
570.0,1.509903313490213e-13,221.0,222.0,100.0,99.33333333333333,0.0,0.0,-2.9233333333333333,-6.88,4.0,4.0,0.87,1.4466666666666668,0.27666666666666667,0.2833333333333333,6655.0,6728.666666666667
575.0,4.547473508864641e-13,222.0,223.0,100.0,93.0,0.0,0.0,-2.69,-6.88,4.0,4.0,0.98,1.18,0.26,0.13,6730.0,6779.0
580.0,7.638334409421077e-14,222.0,223.0,100.0,97.0,0.0,0.0,-2.68,-5.463333333333333,4.0,4.0,1.0833333333333335,1.6099999999999999,0.31,0.23666666666666666,6701.333333333333,6794.0
585.0,1.509903313490213e-13,223.0,223.33333333333334,100.0,100.0,0.0,0.0,-2.8,-3.5033333333333334,4.0,4.0,0.9966666666666667,1.66,0.27999999999999997,0.25666666666666665,6724.666666666667,6787.666666666667
590.0,-0.012499999999590727,224.0,224.0,100.0,100.0,0.0,0.0,-2.8,-2.3075,4.0,4.0,1.05,1.5075,0.25,0.2375,6771.0,6803.25
595.0,-0.016666666666575125,224.66666666666666,224.33333333333334,100.0,100.0,0.0,0.0,-2.8,-2.4633333333333334,4.0,4.0,0.9533333333333333,1.55,0.2366666666666667,0.2966666666666667,6764.0,6799.666666666667
600.0,-0.012499999999818101,225.0,225.0,100.0,100.0,0.0,0.0,-2.84,-3.35,4.0,4.0,1.0425,1.39,0.29,0.23,6788.5,6803.0
605.0,3.019806626980426e-13,225.66666666666666,226.0,100.0,100.0,0.0,0.0,-3.1533333333333333,-4.136666666666667,4.0,4.0,0.7966666666666666,0.9400000000000001,0.22000000000000003,0.23333333333333334,6796.0,6817.333333333333
610.0,1.509903313490213e-13,226.0,226.0,90.66666666666667,93.33333333333333,0.0,0.0,-4.65,-5.04,4.0,4.0,0.5033333333333333,0.4066666666666667,0.12,0.03,7170.333333333333,7027.666666666667
615.0,-0.012499999999761258,227.0,226.75,100.0,95.0,0.0,0.0,-5.01,-5.5600000000000005,4.0,4.0,1.46,1.085,0.33,0.3775,6859.0,7043.5
620.0,-0.016666666666424135,227.66666666666666,227.33333333333334,100.0,100.0,0.0,0.0,-4.7,-5.5633333333333335,4.0,4.0,1.9266666666666667,1.57,0.24000000000000002,0.26,6848.0,6863.666666666667
625.0,-0.012499999999818101,228.0,228.0,100.0,100.0,0.0,0.0,-4.54,-5.41,4.0,4.0,1.81,1.99,0.2425,0.29,6845.0,6871.0
630.0,1.509903313490213e-13,228.66666666666666,228.66666666666666,100.0,100.0,0.0,0.0,-4.486666666666666,-5.41,4.0,4.0,1.2266666666666666,1.7433333333333334,0.21000000000000002,0.24,6894.666666666667,6860.666666666667
635.0,-0.00416666666652965,229.33333333333334,229.0,100.0,97.0,0.0,0.0,-3.903333333333333,-5.42,4.0,4.0,1.28,0.8525,0.27999999999999997,0.08499999999999999,7059.333333333333,7013.5
640.0,-0.016666666666424135,230.0,229.0,100.0,95.0,0.0,0.0,-3.46,-5.413333333333333,4.0,4.0,1.42,1.52,0.22,0.3433333333333333,6949.0,7068.666666666667
645.0,-0.008333333333212067,230.5,230.0,100.0,99.0,0.0,0.0,-3.355,-5.363333333333333,4.0,4.0,1.44,1.77,0.255,0.25,6965.5,6963.666666666667
650.0,0.0,231.0,230.0,100.0,99.0,0.0,0.0,-3.35,-5.35,4.0,4.0,1.43,1.85,0.25,0.27,6946.0,6996.0
655.0,-0.01666666666634775,231.66666666666666,231.0,100.0,100.0,0.0,0.0,-2.9233333333333333,-5.273333333333333,4.0,4.0,1.3166666666666667,1.7233333333333334,0.25,0.26,6971.666666666667,6972.0
660.0,-0.012499999999931788,232.0,231.0,100.0,100.0,0.0,0.0,-2.1275,-4.6,4.0,4.0,0.9600000000000001,1.68,0.23,0.28,7010.0,6975.0
665.0,7.638334409421077e-14,232.66666666666666,232.0,100.0,100.0,0.0,0.0,-1.74,-3.2633333333333336,4.0,4.0,1.0633333333333335,1.3666666666666667,0.24666666666666667,0.25333333333333335,7019.666666666667,7020.333333333333
670.0,-0.016666666666273144,233.33333333333334,232.0,100.0,100.0,0.0,0.0,-1.7033333333333334,-2.4,4.0,4.0,1.1266666666666667,1.48,0.25,0.25,7002.0,7010.0
675.0,-0.004166666666606034,234.0,233.0,100.0,100.0,0.0,0.0,-1.755,-2.0166666666666666,4.0,4.0,0.71,1.3233333333333333,0.215,0.25666666666666665,7014.5,6996.333333333333
680.0,1.509903313490213e-13,234.0,233.33333333333334,100.0,100.0,0.0,0.0,-2.4833333333333334,-2.5100000000000002,4.0,4.0,0.6,0.63,0.07999999999999999,0.15333333333333332,7181.333333333333,7085.0
685.0,-0.012499999999590727,235.0,234.0,100.0,100.0,0.0,0.0,-2.68,-3.2024999999999997,4.0,4.0,1.06,0.9725000000000001,0.18,0.2375,7047.0,7174.25
690.0,1.509903313490213e-13,235.0,234.33333333333334,100.0,96.33333333333333,0.0,0.0,-2.5666666666666664,-2.243333333333333,4.0,4.0,1.1933333333333334,1.2933333333333334,0.22333333333333333,0.23,7072.333333333333,7048.0
695.0,2.2737367544323206e-13,236.0,235.0,71.0,74.0,0.0,0.0,-2.52,-1.15,4.0,4.0,1.09,1.18,0.14,0.17,7049.0,7020.0
700.0,-0.008333333333135684,235.5,235.0,19.5,47.666666666666664,15.5,1.3333333333333333,-2.27,-0.64,4.0,4.0,1.13,0.8933333333333333,-0.195,0.06666666666666668,6983.5,7021.666666666667
705.0,2.2737367544323206e-13,233.0,235.0,0.0,16.0,39.0,27.0,-1.02,-0.04,4.0,4.0,0.85,0.68,-0.79,-0.41,6837.0,6946.0
710.0,-0.008333333333174764,231.0,233.0,0.0,1.0,51.333333333333336,57.5,-0.7000000000000001,0.31999999999999995,4.0,4.0,0.65,0.385,-1.0,-1.07,6743.333333333333,6793.5
715.0,-0.012499999999931788,227.25,230.0,0.0,0.0,61.5,79.0,-0.8200000000000001,0.25,4.0,4.0,0.615,0.2,-1.295,-1.5,6615.0,6634.0
720.0,3.0375701953744283e-13,224.33333333333334,223.66666666666666,0.0,0.0,63.0,87.0,-0.9,-0.6033333333333333,4.0,4.0,0.58,0.19,-1.3733333333333333,-1.8233333333333335,6544.666666666667,6421.333333333333
725.0,7.638334409421077e-14,220.33333333333334,218.66666666666666,0.0,0.0,66.33333333333333,90.0,-1.1133333333333333,-1.2266666666666668,4.0,4.0,0.47,0.25333333333333335,-1.37,-1.83,6413.666666666667,6301.333333333333
730.0,0.0,217.0,213.0,0.0,69.0,68.0,90.0,-1.62,-1.89,4.0,0.0,0.46,0.28,-1.43,-1.69,6254.0,6623.0
735.0,3.0375701953744283e-13,211.66666666666666,208.0,0.0,23.0,69.0,87.66666666666667,-2.48,-2.05,4.0,0.0,0.6366666666666667,0.3666666666666667,-1.54,-1.73,6116.333333333333,7210.666666666667
740.0,-0.008333333333174764,206.33333333333334,202.5,0.0,0.0,69.0,82.5,-2.723333333333333,-1.9100000000000001,4.0,3.0,0.83,0.535,-1.4666666666666666,-1.7349999999999999,5989.666666666667,7076.0
745.0,1.4921397450962104e-13,202.0,197.0,53.66666666666667,0.0,69.33333333333333,74.0,-2.72,-1.8366666666666667,0.0,3.0,0.9533333333333334,0.6933333333333334,-1.47,-1.57,6607.333333333333,6956.0
750.0,2.2737367544323206e-13,198.0,193.0,0.0,0.0,68.0,69.0,-2.62,-1.86,3.0,3.0,1.02,0.72,-1.45,-1.5,7018.0,6830.0
755.0,2.2737367544323206e-13,193.0,187.0,0.0,0.0,63.0,63.0,-2.56,-2.05,3.0,3.0,0.83,0.72,-1.39,-1.34,6836.0,6673.0
760.0,4.547473508864641e-13,188.0,183.0,0.0,0.0,54.0,60.0,-2.73,-2.84,3.0,3.0,0.78,0.64,-1.3,-1.29,6635.0,6473.0
765.0,0.0,184.0,178.0,0.0,0.0,52.0,60.0,-2.76,-4.56,3.0,3.0,0.9,0.75,-1.31,-1.23,6549.0,6274.0
770.0,0.0,180.0,174.0,0.0,0.0,48.0,59.0,-3.81,-5.83,3.0,3.0,1.0,1.08,-1.07,-1.33,6411.0,6171.0
775.0,0.016666666666878882,176.0,169.33333333333334,0.0,0.0,45.0,40.0,-5.45,-6.556666666666667,3.0,3.0,1.06,1.27,-1.02,-0.8966666666666666,6238.0,6029.0
780.0,0.025000000000204636,173.0,166.5,0.0,0.0,35.0,14.0,-7.57,-7.125,3.0,3.0,1.33,1.49,-0.87,-0.49,6162.0,5965.0
785.0,0.02500000000043201,170.0,165.0,0.0,0.0,21.0,0.0,-8.55,-8.219999999999999,3.0,3.0,1.58,1.49,-0.64,-0.20500000000000002,6082.0,5951.5
790.0,0.049999999999954525,169.0,164.0,0.0,0.0,0.0,0.0,-8.92,-9.84,3.0,3.0,1.95,1.82,-0.24,-0.22,6073.0,5915.0
795.0,0.025000000000318323,167.0,163.0,0.0,0.0,0.0,0.0,-7.7,-9.82,3.0,3.0,1.92,1.94,-0.22999999999999998,-0.23,6020.0,5879.0
800.0,0.04166666666674246,166.0,161.66666666666666,0.0,0.0,0.0,0.0,-5.04,-8.07,3.0,3.0,1.5,1.8466666666666667,-0.21000000000000002,-0.21666666666666667,5977.0,5834.0
805.0,0.041666666666817065,165.0,161.0,0.0,0.0,14.666666666666666,0.0,-1.6533333333333333,-4.835,3.0,3.0,0.8633333333333334,1.35,-0.3333333333333333,-0.19,5873.0,5794.0
810.0,0.0500000000001819,161.0,159.0,0.0,0.0,49.0,26.0,1.24,-0.94,3.0,3.0,0.76,1.02,-1.09,-0.66,5635.0,5589.0
815.0,0.0500000000001819,159.0,156.0,0.0,0.0,62.0,61.0,1.57,2.03,3.0,3.0,0.17,0.76,-0.93,-1.19,5244.0,5510.0
820.0,0.050000000000295586,153.0,151.5,0.0,0.0,65.5,61.0,1.725,4.4,2.0,3.0,-0.045,-0.005,-1.53,-1.08,6006.0,4404.5
825.0,0.0500000000001819,147.0,146.0,0.0,69.0,66.0,57.0,2.6,5.03,2.0,0.0,-0.5,-0.5,-1.44,-1.11,6370.0,5873.0
830.0,0.050000000000295586,141.5,141.5,0.0,0.0,61.0,31.0,5.49,6.955,2.0,2.0,-0.575,-1.0150000000000001,-1.2,-0.755,6021.0,6202.5
835.0,0.0500000000001819,136.0,139.0,0.0,0.0,43.0,20.0,8.88,9.84,2.0,2.0,-1.47,-1.08,-0.98,-0.52,5867.0,6082.0
840.0,0.025000000000204636,132.0,137.5,0.0,0.0,9.0,0.0,11.83,12.645,2.0,2.0,-1.27,-1.48,-0.38,-0.20500000000000002,5869.0,6071.0
845.0,0.0500000000001819,131.0,136.0,0.0,0.0,0.0,0.0,13.305,13.985,2.0,2.0,-1.5950000000000002,-2.0949999999999998,-0.24,-0.24,5771.0,6008.5
850.0,0.02500000000009095,129.5,135.0,0.0,0.0,0.0,0.0,14.89,14.53,2.0,2.0,-1.63,-1.95,-0.21500000000000002,-0.24,5680.0,5955.0
855.0,0.02500000000009095,128.0,133.5,0.0,0.0,0.0,0.0,15.15,16.09,2.0,2.0,-1.94,-1.155,-0.27,-0.22,5625.0,5788.0
860.0,0.024999999999977263,126.0,131.5,0.0,0.0,0.0,0.0,16.16,16.705,2.0,2.0,-1.66,-2.3,-0.23,-0.30000000000000004,5523.0,5780.5
865.0,4.547473508864641e-13,124.0,130.0,0.0,0.0,0.0,0.0,17.31,16.25,2.0,2.0,-2.28,-1.51,-0.28,-0.22,5436.0,5683.0
870.0,2.2737367544323206e-13,122.0,129.0,3.0,16.0,0.0,0.0,17.39,16.25,2.0,2.0,-1.16,-1.91,-0.14,-0.07,5342.0,5756.0
875.0,2.2737367544323206e-13,120.0,127.0,29.0,47.0,0.0,0.0,19.41,15.08,2.0,2.0,-3.6,-2.33,-0.52,0.04,5397.0,5770.0
880.0,-0.024999999999977263,119.0,127.0,43.0,68.5,0.0,0.0,16.97,14.065,2.0,2.0,-0.97,-1.685,0.08,0.135,5484.0,5793.5
885.0,-0.024999999999977263,119.0,128.0,61.0,85.0,0.0,0.0,14.72,13.485,2.0,2.0,-1.98,-1.585,0.14,0.25,5409.0,5852.0
890.0,-0.04999999999972715,120.0,129.0,70.0,88.0,0.0,0.0,12.69,12.78,2.0,2.0,-1.59,-1.66,0.27,0.32,5506.0,5892.0
895.0,-0.04999999999972715,121.0,130.0,71.0,84.0,0.0,0.0,11.14,12.4,2.0,2.0,-1.29,-1.64,0.29,0.33,5560.0,6020.0
900.0,-0.04999999999972715,122.0,132.0,74.0,75.0,0.0,0.0,9.32,12.23,2.0,2.0,-1.52,-1.45,0.34,0.33,5631.0,6177.0
905.0,-0.07499999999993179,124.0,133.0,88.0,70.0,0.0,0.0,6.4,11.17,2.0,2.0,-1.15,-1.7149999999999999,0.42,0.41500000000000004,5843.0,6232.5
910.0,-0.09999999999990905,127.0,134.0,90.0,71.0,0.0,0.0,4.14,8.99,2.0,2.0,-1.14,-1.36,0.55,0.3,5958.0,6380.0
915.0,-0.0749999999998181,129.5,136.0,91.5,76.0,0.0,0.0,3.835,5.25,2.0,2.0,-0.9199999999999999,-1.69,0.525,0.4,6052.0,6445.0
920.0,-0.09999999999979536,132.0,137.5,88.5,77.0,0.0,0.0,4.145,3.825,2.0,2.0,-1.07,-1.2999999999999998,0.595,0.435,6240.0,6562.5
925.0,-0.09999999999968168,134.0,139.0,88.0,71.0,0.0,0.0,4.78,3.55,2.0,2.0,-1.21,-1.22,0.52,0.29,6344.0,6913.0
930.0,-0.09999999999979536,136.5,140.0,89.5,74.5,0.0,0.0,4.79,0.7849999999999999,2.0,2.0,-1.3250000000000002,-1.53,0.555,0.435,6370.5,6766.0
935.0,-0.09999999999979536,139.5,141.5,90.0,75.5,0.0,0.0,4.3100000000000005,-2.62,2.0,2.0,-1.455,-1.635,0.6,0.48,6511.5,6734.0
940.0,-0.09999999999968168,141.0,143.0,94.0,74.0,0.0,0.0,3.5,-1.49,2.0,2.0,-1.28,-1.74,0.53,0.49,6608.0,6932.0
945.0,-0.09999999999979536,143.5,143.5,100.0,77.5,0.0,0.0,2.44,-1.035,2.0,2.0,-1.29,-1.74,0.5700000000000001,0.43,6600.5,6842.0
950.0,-0.09999999999968168,146.0,145.0,100.0,84.0,0.0,0.0,1.52,-2.18,2.0,2.0,-1.03,-1.9,0.58,0.52,6691.0,6770.0
955.0,-0.09999999999979536,148.5,146.5,100.0,90.5,0.0,0.0,0.275,-4.994999999999999,2.0,2.0,-0.45,-1.53,0.475,0.56,6882.0,6805.5
960.0,-0.09999999999975628,150.66666666666666,148.66666666666666,100.0,100.0,0.0,0.0,-1.29,-5.543333333333333,2.0,2.0,-0.21333333333333335,-0.53,0.6066666666666667,0.4866666666666667,6887.0,6796.0
965.0,-0.09999999999968168,153.0,151.0,100.0,100.0,0.0,0.0,-2.53,-5.38,2.0,2.0,0.15,0.51,0.51,0.52,6974.0,6916.0
970.0,-0.09999999999979536,154.0,153.5,48.0,100.0,0.0,0.0,-3.91,-4.8,0.0,2.0,0.495,0.815,0.395,0.47,6436.5,7050.0
975.0,-0.09999999999968168,156.0,155.0,93.0,96.0,0.0,0.0,-5.67,-4.8,3.0,2.0,0.49,0.98,0.38,0.42,5909.0,7097.0
980.0,-0.09999999999990905,157.0,157.0,68.0,90.0,0.0,0.0,-6.34,-5.2,3.0,2.0,1.12,0.72,0.37,0.26,5880.0,7179.0
985.0,-0.09999999999979536,158.0,157.0,37.5,41.5,0.0,0.0,-6.615,-6.545,3.0,2.0,1.25,1.15,0.22499999999999998,0.10999999999999999,5853.0,7099.0
990.0,-0.09166666666654422,159.0,158.0,32.5,65.0,0.0,0.0,-6.785,-7.47,3.0,3.0,1.385,1.1833333333333333,0.20500000000000002,0.38666666666666666,5852.5,5973.0
995.0,-0.09999999999990905,160.0,159.0,29.0,55.0,0.0,0.0,-6.99,-8.97,3.0,3.0,1.14,1.54,0.19,0.3,5876.0,5896.0
1000.0,-0.08333333333318294,160.0,160.0,14.0,50.0,0.0,0.0,-7.69,-10.406666666666666,3.0,3.0,1.32,1.4766666666666666,0.05,0.26333333333333336,5824.0,5965.333333333333
1005.0,-0.09999999999979536,159.5,161.0,12.0,51.5,0.0,0.0,-7.605,-10.975,3.0,3.0,1.5699999999999998,1.49,-0.08,0.26,5874.0,5981.0
1010.0,-0.08333333333318294,159.0,162.0,30.333333333333332,58.0,0.0,0.0,-7.386666666666667,-11.44,3.0,3.0,1.08,1.91,0.06333333333333332,0.33,5806.666666666667,6056.0
1015.0,-0.09999999999968168,159.0,162.0,47.0,67.0,0.0,0.0,-8.07,-11.51,3.0,3.0,0.91,2.31,0.13,0.3,6636.0,5991.0
1020.0,-0.09999999999975628,160.0,163.0,45.0,69.0,0.0,0.0,-7.666666666666667,-11.370000000000001,3.0,3.0,2.606666666666667,1.78,0.30000000000000004,0.25,5989.0,6192.333333333333
1025.0,-0.09999999999979536,159.0,164.0,58.0,74.5,0.0,0.0,-6.55,-9.86,3.0,3.0,2.35,2.5949999999999998,0.115,0.275,5861.0,6059.0
1030.0,-0.10833333333308204,159.0,164.5,54.0,78.5,0.0,0.0,-4.72,-6.654999999999999,3.0,3.0,0.81,1.65,0.2366666666666667,0.295,5987.0,6176.5
1035.0,-0.09999999999990905,160.0,165.0,0.0,71.0,0.0,0.0,-0.54,-2.96,3.0,3.0,1.07,1.47,-0.05,0.34,5715.0,6181.0
1040.0,-0.11666666666648595,158.66666666666666,166.0,0.0,25.0,16.666666666666664,0.0,2.6866666666666665,0.75,3.0,3.0,0.3333333333333333,1.16,-0.44,0.22,5716.666666666667,6135.0
1045.0,-0.125,155.5,166.0,0.0,0.0,38.5,24.0,3.09,3.02,3.0,3.0,-0.24000000000000002,0.89,-0.84,-0.6,5563.0,5937.0
1050.0,-0.12499999999988631,152.0,160.0,69.0,34.5,37.0,72.0,2.62,6.425000000000001,0.0,3.0,-0.58,-0.24,-0.7,-1.35,5699.0,5956.0
1055.0,-0.1416666666666515,149.0,154.0,0.0,0.0,37.0,75.33333333333333,4.16,6.7700000000000005,2.0,0.0,-0.635,-0.7733333333333333,-0.7849999999999999,-1.4766666666666666,6497.5,6530.333333333333
1060.0,-0.14999999999986358,145.0,149.0,0.0,0.0,30.0,63.0,6.38,6.93,2.0,2.0,-0.75,-0.86,-0.82,-1.12,6343.0,6163.0
1065.0,-0.14999999999997726,143.0,144.0,0.0,0.0,3.0,38.5,8.285,8.445,2.0,2.0,-1.1,-1.195,-0.285,-0.95,6315.5,6040.0
1070.0,-0.14999999999986358,142.0,141.0,0.0,0.0,0.0,19.0,9.84,10.03,2.0,2.0,-1.27,-1.37,-0.22,-0.55,6273.0,6125.0
1075.0,-0.125,140.5,138.0,0.0,0.0,0.0,0.0,10.440000000000001,10.03,2.0,2.0,-0.8300000000000001,-1.55,-0.26,-0.21,6175.5,6089.0
1080.0,-0.12499999999988631,140.0,137.5,0.0,0.0,0.0,0.0,11.43,9.735,2.0,2.0,-0.6,-1.3599999999999999,-0.07,-0.195,5904.0,6035.0
1085.0,-0.125,137.5,136.0,0.0,0.0,0.0,0.0,10.094999999999999,9.69,2.0,2.0,-1.9200000000000002,-1.79,-0.6950000000000001,-0.24,5904.5,5986.0
1090.0,-0.12499999999977263,135.0,134.0,0.0,0.0,0.0,0.0,8.42,10.8,2.0,2.0,-0.47,-1.49,-0.175,-0.13,5830.0,5913.0
1095.0,-0.125,133.0,133.5,7.0,0.0,0.0,0.0,7.58,10.73,2.0,2.0,-1.23,-1.655,0.0,-0.245,5894.0,5884.0
1100.0,-0.1499999999996362,133.0,132.0,17.0,6.0,0.0,0.0,9.14,8.32,2.0,2.0,-1.26,-1.45,-0.02,-0.14,5974.0,5865.0
1105.0,-0.12499999999977263,133.0,131.0,23.0,12.0,0.0,0.0,9.655,7.15,2.0,2.0,-1.065,-1.4,-0.015000000000000003,-0.04,5985.0,5883.0
1110.0,-0.12499999999965894,132.0,131.0,24.0,16.5,0.0,0.0,8.36,5.859999999999999,2.0,2.0,-2.17,-1.24,-0.12,-0.030000000000000002,5908.0,5872.0
1115.0,-0.12499999999965894,132.0,131.0,0.0,18.0,0.0,0.0,3.89,2.82,2.0,2.0,-0.09,-0.9450000000000001,-0.09,-0.02,5775.0,5861.5
1120.0,-0.12499999999977263,131.0,131.0,0.0,8.0,3.5,0.0,0.11499999999999999,-2.63,2.0,2.0,-0.72,-0.23,-0.315,-0.08,5464.0,5815.0
1125.0,-0.12499999999977263,128.5,130.0,0.0,0.0,26.0,0.0,-7.9350000000000005,-6.05,2.0,2.0,0.07,0.29,-0.5800000000000001,-0.04,5639.5,5533.0
1130.0,-0.125,125.5,129.0,0.0,0.0,10.0,0.0,-11.35,-9.23,2.0,2.0,1.23,1.41,-0.38,-0.2,5549.0,5654.0
1135.0,-0.12499999999988631,125.0,128.0,0.0,0.0,0.0,0.0,-11.89,-11.754999999999999,2.0,2.0,1.52,1.145,-0.19,-0.17,5517.0,5658.5
1140.0,-0.125,123.0,127.0,5.0,0.0,0.0,0.0,-13.16,-13.045000000000002,2.0,2.0,1.83,1.58,-0.21,-0.19,5503.0,5617.0
1145.0,-0.1499999999996362,123.0,126.0,21.0,0.0,0.0,0.0,-16.79,-15.33,2.0,2.0,1.44,1.91,0.0,-0.22,5577.0,5562.0
1150.0,-0.1499999999996362,122.0,124.0,22.0,0.0,0.0,0.0,-18.97,-18.48,2.0,2.0,1.58,1.93,-0.01,-0.24,5603.0,5495.0
1155.0,-0.14999999999986358,122.0,122.0,24.0,0.0,0.0,0.0,-18.72,-18.39,2.0,2.0,2.31,1.99,-0.06,-0.21,5471.0,5362.0
1160.0,-0.14999999999986358,121.0,122.0,27.0,44.0,0.0,0.0,-18.12,-16.99,2.0,2.0,2.12,1.58,-0.03,-0.03,5477.0,5570.0
1165.0,-0.15000000000009095,120.0,122.0,35.0,60.0,0.0,0.0,-16.93,-12.84,2.0,2.0,1.75,2.17,0.02,0.05,5450.0,5553.0
1170.0,-0.1499999999996362,120.0,122.0,36.0,82.0,0.0,0.0,-16.25,-10.28,2.0,2.0,1.8,1.69,0.08,0.25,5506.0,5556.0
1175.0,-0.1499999999996362,120.0,124.0,40.0,88.0,0.0,0.0,-14.52,-9.4,2.0,2.0,1.54,1.41,0.08,0.28,5477.0,5690.0
1180.0,-0.14999999999986358,120.0,125.0,51.0,88.0,0.0,0.0,-10.0,-8.53,2.0,2.0,1.38,1.3,0.13,0.38,5550.0,5852.0
1185.0,-0.17499999999984084,121.0,127.0,78.0,87.5,0.0,0.0,-5.21,-6.585000000000001,2.0,2.0,1.35,1.145,0.32,0.435,5584.0,5957.0
1190.0,-0.1750000000000682,123.0,129.5,90.0,85.0,0.0,0.0,-0.71,-3.38,2.0,2.0,1.0,1.22,0.43,0.52,5749.0,6191.0
1195.0,-0.19999999999959073,126.0,131.0,100.0,81.0,0.0,0.0,-0.36,-3.22,2.0,2.0,0.78,1.16,0.63,0.35,5772.0,6380.0
1200.0,-0.17499999999995453,128.5,133.0,100.0,82.0,0.0,0.0,-1.25,-3.27,2.0,2.0,0.39,1.56,0.6,0.5,5926.5,6328.0
1205.0,-0.19999999999970441,131.5,135.0,100.0,80.5,0.0,0.0,-2.955,-1.3,2.0,2.0,0.51,1.55,0.6000000000000001,0.48,6068.5,6435.0
1210.0,-0.17499999999972715,135.0,136.5,100.0,81.5,0.0,0.0,-3.18,2.465,2.0,2.0,0.54,1.345,0.55,0.47,6202.0,6577.0
1215.0,-0.1999999999998181,137.0,138.0,100.0,83.0,0.0,0.0,-3.17,3.5,2.0,2.0,0.7,1.24,0.66,0.53,6294.0,6623.0
1220.0,-0.1999999999998181,140.0,140.5,99.5,99.0,0.0,0.0,-2.9450000000000003,0.635,2.0,2.0,0.53,1.19,0.5700000000000001,0.575,6459.0,6492.5
1225.0,-0.1999999999998181,142.0,143.0,99.0,100.0,0.0,0.0,-2.27,-1.28,2.0,2.0,0.5,0.68,0.53,0.56,6584.0,6571.0
1230.0,-0.1999999999998181,144.5,145.5,100.0,100.0,0.0,0.0,-1.7149999999999999,-0.6599999999999999,2.0,2.0,0.73,0.38,0.585,0.525,6694.5,6645.5
1235.0,-0.1999999999998181,147.0,147.0,100.0,100.0,0.0,0.0,-1.71,1.3,2.0,2.0,0.57,0.09,0.53,0.54,6764.0,6846.0
1240.0,-0.1999999999998181,149.5,149.5,100.0,100.0,0.0,0.0,-0.865,3.4699999999999998,2.0,2.0,0.45499999999999996,-0.29,0.535,0.5800000000000001,6842.0,6928.0
1245.0,-0.1999999999998181,151.0,152.0,100.0,100.0,0.0,0.0,1.0,4.78,2.0,2.0,0.21,-0.63,0.51,0.47,6997.0,6970.0
1250.0,-0.1999999999998181,153.0,154.0,100.0,100.0,0.0,0.0,1.69,3.58,2.0,2.0,0.02,-0.69,0.53,0.47,7001.0,7122.0
1255.0,-0.19999999999970441,155.0,155.5,52.5,100.0,0.0,0.0,1.685,2.525,2.0,2.0,-0.215,-0.86,0.315,0.445,7025.0,7143.0
1260.0,-0.1999999999998181,155.0,157.0,0.0,100.0,0.0,0.0,1.51,3.41,2.0,2.0,-0.31,-0.83,-0.29,0.44,6908.0,7190.0
1265.0,-0.19999999999959073,154.0,159.0,0.0,81.0,43.0,0.0,2.5,3.03,2.0,2.0,-0.39,-0.79,-0.87,0.35,6751.0,7201.0
1270.0,-0.1999999999999318,148.0,160.0,0.0,28.5,61.5,0.0,4.01,2.84,2.0,2.0,-0.5549999999999999,-0.795,-1.2349999999999999,0.135,6443.0,7157.0
1275.0,-0.224999999999568,143.0,159.5,0.0,0.0,62.0,5.0,4.8,2.27,2.0,2.0,-0.58,-0.6499999999999999,-1.22,-0.26,6118.0,7039.5
1280.0,-0.22499999999990905,137.0,157.0,0.0,0.0,52.0,51.0,4.63,2.74,2.0,2.0,-0.975,-0.45,-1.175,-0.94,5916.0,6719.0
1285.0,-0.24999999999965894,132.0,151.0,34.5,0.0,30.5,65.0,4.525,3.07,0.0,2.0,-0.9,-0.86,-0.745,-1.4700000000000002,7310.5,6487.0
1290.0,-0.24999999999977263,130.0,145.0,0.0,0.0,5.0,65.0,4.58,4.03,1.0,2.0,-0.96,-0.5,-0.36,-1.15,7357.0,6136.0
1295.0,-0.2749999999997499,128.0,139.5,0.0,0.0,0.0,59.0,6.43,4.21,1.0,2.0,-0.8,-0.905,-0.23,-1.345,7263.0,5952.0
1300.0,-0.2999999999999545,127.0,134.0,0.0,0.0,0.0,47.0,9.39,4.22,1.0,2.0,-1.12,-0.65,-0.25,-0.97,7205.0,5741.0
1305.0,-0.2749999999998636,125.5,129.0,0.0,0.0,0.0,34.0,12.51,4.93,1.0,2.0,-1.2850000000000001,-0.95,-0.255,-0.8,7117.5,5648.0
1310.0,-0.29999999999984084,124.5,125.5,0.0,0.0,0.0,30.5,15.280000000000001,6.5,1.0,2.0,-1.4249999999999998,-0.8999999999999999,-0.26,-0.72,7021.5,5501.0
1315.0,-0.29999999999984084,122.5,121.5,0.0,0.0,0.0,25.5,17.119999999999997,9.67,1.0,2.0,-1.725,-1.125,-0.275,-0.655,6915.0,5309.5
1320.0,-0.29999999999972715,120.5,118.5,0.0,0.0,0.0,7.0,18.375,11.15,1.0,2.0,-1.85,-1.4100000000000001,-0.29000000000000004,-0.35,6802.5,5230.0
1325.0,-0.29999999999984084,118.5,117.0,0.0,0.0,0.0,0.0,19.645,13.36,1.0,2.0,-1.81,-1.545,-0.28,-0.20500000000000002,6679.0,5187.0
1330.0,-0.2749999999998636,116.5,116.0,0.0,0.0,0.0,0.0,20.75,16.06,1.0,2.0,-1.85,-1.58,-0.28500000000000003,-0.21,6557.0,5112.0
1335.0,-0.29999999999972715,114.0,114.0,7.0,0.0,0.0,0.0,21.28,18.43,1.0,2.0,-1.73,-1.7,-0.12,-0.23,6533.0,5052.0
1340.0,-0.29999999999972715,113.0,113.0,27.0,0.0,0.0,0.0,20.74,20.7,1.0,2.0,-1.46,-1.74,-0.01,-0.23,6602.0,4973.0
1345.0,-0.2749999999997499,113.0,111.0,38.0,17.5,0.0,0.0,19.4,19.335,1.0,2.0,-1.7,-1.5350000000000001,0.09,-0.03,6618.0,5037.5
1350.0,-0.29999999999984084,113.0,111.0,41.0,39.5,0.0,0.0,16.575000000000003,18.424999999999997,1.0,2.0,-1.58,-1.67,0.14500000000000002,0.135,6606.5,5085.0
1355.0,-0.2749999999998636,114.0,111.0,49.5,44.0,0.0,0.0,14.365,17.86,1.0,2.0,-1.275,-1.7,0.165,0.19,6672.0,5122.0
1360.0,-0.2749999999996362,114.5,112.0,54.0,47.0,0.0,0.0,12.015,16.98,1.0,2.0,-1.545,-1.29,0.235,0.2,6715.5,5167.0
1365.0,-0.2999999999999545,116.0,113.0,66.0,46.0,0.0,0.0,8.85,14.96,1.0,2.0,-1.08,-1.65,0.33,0.27,6891.0,5203.0
1370.0,-0.27499999999997726,118.0,114.0,77.0,46.5,0.0,0.0,6.46,8.870000000000001,1.0,2.0,-1.15,-1.27,0.44,0.30000000000000004,7033.0,5271.5
1375.0,-0.2749999999996362,120.0,115.5,81.0,59.5,0.0,0.0,3.57,3.895,1.0,2.0,-0.7,-1.19,0.42,0.385,7258.0,5363.0
1380.0,-0.24999999999977263,122.0,118.0,90.0,84.0,0.0,0.0,0.4,2.95,1.0,2.0,-0.97,-0.59,0.56,0.48,7189.0,5563.0
1385.0,-0.24999999999977263,124.0,121.0,100.0,75.0,0.0,0.0,-1.56,1.81,1.0,2.0,-0.37,-0.87,0.42,0.58,7371.0,6313.0
1390.0,-0.2499999999998863,125.5,123.5,91.0,83.5,0.0,0.0,-2.235,-0.5700000000000001,2.0,2.0,0.045,-0.815,0.91,0.66,6011.0,5945.0
1395.0,-0.2499999999998863,129.5,126.5,100.0,86.5,0.0,0.0,-1.87,-3.85,2.0,2.0,0.14500000000000002,-0.775,0.735,0.71,5984.0,6006.5
1400.0,-0.24999999999977263,132.5,130.0,86.0,91.5,0.0,0.0,-3.2649999999999997,-8.24,2.0,2.0,0.28,-0.31,0.615,0.735,6374.5,6059.0
1405.0,-0.25,136.0,133.0,93.0,86.0,0.0,0.0,-3.87,-9.02,2.0,2.0,0.5,0.57,0.59,0.56,6411.0,6353.0
1410.0,-0.22499999999968168,139.5,136.0,94.5,85.0,0.0,0.0,-5.34,-8.73,2.0,2.0,0.7150000000000001,0.97,0.74,0.52,6474.5,6359.0
1415.0,-0.22500000000002274,142.0,138.5,85.0,81.5,0.0,0.0,-8.39,-8.695,2.0,2.0,1.15,1.2999999999999998,0.61,0.55,6611.0,6481.5
1420.0,-0.22499999999968168,144.0,141.0,86.5,85.0,0.0,0.0,-9.77,-8.02,2.0,2.0,1.6,1.88,0.565,0.61,6633.5,6508.0
1425.0,-0.22500000000002274,146.0,142.5,91.0,86.5,0.0,0.0,-10.52,-8.015,2.0,2.0,1.83,1.7650000000000001,0.6,0.585,6677.0,6587.5
1430.0,-0.22499999999968168,148.5,145.0,90.5,91.0,0.0,0.0,-10.36,-8.48,2.0,2.0,1.705,1.53,0.59,0.62,6799.0,6643.0
1435.0,-0.22500000000002274,151.0,147.5,87.0,89.5,0.0,0.0,-9.86,-9.945,2.0,2.0,1.72,1.725,0.54,0.595,6940.0,6769.0
1440.0,-0.22499999999968168,153.0,150.0,91.0,89.0,0.0,0.0,-9.815000000000001,-10.12,2.0,2.0,1.85,1.52,0.515,0.45,6972.0,6876.0
1445.0,-0.1999999999999318,154.5,151.5,91.5,91.0,0.0,0.0,-9.47,-10.12,2.0,2.0,1.98,1.86,0.525,0.555,7045.5,6918.5
1450.0,-0.22499999999990905,156.0,153.5,94.0,90.0,0.0,0.0,-8.33,-10.12,2.0,2.0,1.8,2.0700000000000003,0.48,0.515,7110.0,7031.5
1455.0,-0.21666666666654777,158.33333333333334,155.0,99.0,92.0,0.0,0.0,-7.06,-9.6,2.0,2.0,1.7233333333333334,1.97,0.47,0.47,7185.333333333333,7082.0
1460.0,-0.1999999999998181,159.0,156.0,48.0,0.0,0.0,0.0,-6.46,-8.7,0.0,0.0,1.63,2.025,0.41,-0.075,6523.5,6810.5
1465.0,-0.22499999999979536,161.0,157.5,100.0,91.5,0.0,0.0,-6.05,-8.094999999999999,3.0,3.0,1.4,1.865,0.49,0.5900000000000001,5997.0,5872.0
1470.0,-0.1999999999998181,163.0,159.0,99.0,94.0,0.0,0.0,-5.15,-7.26,3.0,3.0,1.37,1.75,0.45,0.42,6108.0,5934.0
1475.0,-0.2166666666663204,164.33333333333334,161.0,100.0,100.0,0.0,0.0,-4.383333333333334,-5.19,3.0,3.0,1.19,1.24,0.42333333333333334,0.49,6168.666666666667,6030.0
1480.0,-0.1999999999999318,166.5,163.0,100.0,100.0,0.0,0.0,-3.5949999999999998,-3.245,3.0,3.0,1.1800000000000002,1.1600000000000001,0.525,0.505,6285.5,6116.5
1485.0,-0.19999999999970441,168.5,164.5,98.5,100.0,0.0,0.0,-2.42,-1.82,3.0,3.0,1.105,1.28,0.505,0.59,6418.5,6210.0
1490.0,-0.19999999999996732,169.66666666666666,166.66666666666666,95.33333333333333,100.0,0.0,0.0,-1.4733333333333334,-0.91,3.0,3.0,0.8800000000000001,1.0766666666666667,0.42,0.4866666666666667,6653.0,6294.666666666667
1495.0,-0.1999999999998181,171.0,169.0,88.0,100.0,0.0,0.0,-0.65,-0.72,3.0,3.0,1.53,0.71,0.63,0.48,6996.0,6305.0
1500.0,-0.1999999999998181,173.0,170.0,100.0,100.0,0.0,0.0,-0.11,-0.92,3.0,3.0,1.55,0.48,0.51,0.35,6450.0,6644.0
1505.0,-0.1999999999998181,175.0,172.0,100.0,100.0,0.0,0.0,0.33,-0.92,3.0,3.0,1.09,0.91,0.53,0.54,6550.0,6478.0
1510.0,-0.18333333333293922,176.0,174.0,100.0,100.0,0.0,0.0,0.39,-0.89,3.0,3.0,0.87,0.5266666666666667,0.52,0.36333333333333334,6559.0,6468.333333333333
1515.0,-0.18333333333339397,178.0,175.33333333333334,100.0,100.0,0.0,0.0,1.47,-0.59,3.0,3.0,0.36,0.24,0.5,0.5466666666666666,6592.0,6561.666666666667
1520.0,-0.1833333333331666,180.0,177.33333333333334,100.0,100.0,0.0,0.0,2.45,-0.39,3.0,3.0,-0.08,0.14333333333333334,0.45,0.49,6645.0,6604.0
1525.0,-0.1833333333331666,182.0,179.33333333333334,100.0,100.0,0.0,0.0,2.09,-0.33666666666666667,3.0,3.0,-0.34,0.05,0.48,0.4633333333333333,6720.0,6625.666666666667
1530.0,-0.18333333333308843,184.0,180.33333333333334,100.0,100.0,0.0,0.0,1.72,-0.5766666666666667,3.0,3.0,-0.44,0.05666666666666667,0.43,0.45666666666666667,6803.0,6698.0
1535.0,-0.18333333333293922,185.0,182.33333333333334,100.0,100.0,0.0,0.0,1.72,-0.47,3.0,3.0,-0.53,0.10333333333333333,0.46,0.49666666666666665,6845.0,6766.333333333333
1540.0,-0.18333333333339397,187.0,184.33333333333334,100.0,100.0,0.0,0.0,1.55,-0.44999999999999996,3.0,3.0,-0.54,0.15333333333333335,0.44,0.47333333333333333,6906.0,6803.0
1545.0,-0.1833333333331666,188.0,186.0,100.0,100.0,0.0,0.0,1.05,-0.17666666666666667,3.0,3.0,-0.51,0.12333333333333334,0.44,0.45666666666666667,6943.0,6872.0
1550.0,-0.18333333333308843,189.66666666666666,187.0,100.0,100.0,0.0,0.0,0.6966666666666667,-0.11,3.0,3.0,-0.38666666666666666,0.11,0.42666666666666664,0.45,7004.333333333333,6911.0
1555.0,-0.18333333333324475,191.0,189.0,100.0,100.0,0.0,0.0,0.6,0.07,3.0,3.0,-0.33,0.04,0.44333333333333336,0.46,7054.666666666667,6974.0
1560.0,-0.18333333333301738,192.66666666666666,190.0,100.0,100.0,0.0,0.0,0.4633333333333334,-0.03,3.0,3.0,-0.27,0.02,0.4066666666666667,0.45,7097.0,7031.0
1565.0,-0.17499999999995453,194.0,192.0,100.0,100.0,0.0,0.0,0.065,-0.03,3.0,3.0,-0.175,0.02,0.38,0.43,7140.5,7064.0
1570.0,-0.18333333333309554,194.33333333333334,193.0,33.33333333333333,100.0,0.0,0.0,-0.023333333333333334,0.006666666666666666,0.0,3.0,-0.1,0.0,0.16666666666666663,0.39333333333333337,6518.666666666667,7109.0
1575.0,-0.1666666666662877,195.0,194.66666666666666,100.0,100.0,0.0,0.0,-0.01,0.05,4.0,3.0,-0.04,0.0,0.41,0.37,5920.0,7156.333333333333
1580.0,-0.1750000000000682,197.0,195.5,100.0,50.0,0.0,0.0,0.11,0.11499999999999999,4.0,3.0,-0.04,-0.015,0.39,0.16499999999999998,5927.0,7105.0
1585.0,-0.1833333333331666,198.0,196.0,100.0,33.33333333333333,0.0,0.0,0.21,0.07666666666666667,4.0,0.0,-0.04,-0.026666666666666665,0.36,0.16333333333333333,5966.0,6456.0
1590.0,-0.18333333333308843,199.0,197.0,100.0,100.0,0.0,0.0,0.24666666666666667,0.05,4.0,4.0,-0.05,0.0,0.37,0.44,6005.666666666667,5910.0
1595.0,-0.1666666666666643,200.33333333333334,198.0,100.0,100.0,0.0,0.0,0.24,0.27,4.0,4.0,-0.07666666666666667,-0.02,0.36,0.36,6036.666666666667,5991.0
1600.0,-0.18333333333308843,201.33333333333334,199.0,100.0,100.0,0.0,0.0,0.17333333333333334,0.4666666666666667,4.0,4.0,-0.08666666666666667,-0.049999999999999996,0.35666666666666663,0.36,6057.333333333333,6010.0
1605.0,-0.16666666666651508,203.0,200.66666666666666,100.0,100.0,0.0,0.0,0.09,0.54,4.0,4.0,-0.07,-0.11333333333333333,0.35,0.37,6093.0,6044.333333333333
1610.0,-0.16666666666651508,203.66666666666666,201.33333333333334,100.0,100.0,0.0,0.0,-0.0066666666666666645,0.51,4.0,4.0,-0.03666666666666667,-0.15,0.3466666666666667,0.35333333333333333,6132.333333333333,6066.333333333333
1615.0,-0.16666666666636587,204.66666666666666,203.0,100.0,100.0,0.0,0.0,-0.12333333333333332,0.39333333333333337,4.0,4.0,-0.006666666666666668,-0.14666666666666667,0.32,0.34,6171.666666666667,6114.666666666667
1620.0,-0.16666666666659324,206.0,204.0,100.0,100.0,0.0,0.0,-0.19666666666666666,0.41,4.0,4.0,0.026666666666666665,-0.15,0.32333333333333336,0.34,6199.333333333333,6153.0
1625.0,-0.16666666666636587,207.0,205.0,100.0,100.0,0.0,0.0,-0.12,0.42,4.0,4.0,0.03,-0.15,0.35,0.3433333333333333,6214.0,6179.666666666667
1630.0,-0.15833333333304012,207.66666666666666,206.0,100.0,100.0,0.0,0.0,-0.04,0.375,4.0,4.0,0.026666666666666665,-0.165,0.31,0.325,6256.333333333333,6201.0
1635.0,-0.1666666666666643,209.0,207.33333333333334,100.0,100.0,0.0,0.0,0.16999999999999998,0.18333333333333335,4.0,4.0,0.0,-0.14333333333333334,0.31666666666666665,0.31,6279.0,6237.0
1640.0,-0.16666666666636587,210.0,208.0,100.0,100.0,0.0,0.0,0.12666666666666668,0.15,4.0,4.0,-0.013333333333333332,-0.14,0.29666666666666663,0.34,6325.0,6263.0
1645.0,-0.1666666666662877,211.0,209.0,100.0,100.0,0.0,0.0,0.12,0.15,4.0,4.0,-0.03,-0.12,0.33,0.31666666666666665,6345.0,6301.666666666667
1650.0,-0.1666666666666643,211.66666666666666,210.0,100.0,100.0,0.0,0.0,0.11,0.22333333333333333,4.0,4.0,-0.03666666666666667,-0.1,0.29333333333333333,0.31,6375.333333333333,6328.666666666667
1655.0,-0.16666666666636587,212.33333333333334,211.0,100.0,100.0,0.0,0.0,0.09666666666666666,0.36,4.0,4.0,-0.03666666666666667,-0.11,0.30666666666666664,0.3,6396.666666666667,6354.0
1660.0,-0.1499999999996362,213.0,212.0,100.0,100.0,0.0,0.0,0.07,0.38,4.0,4.0,-0.03,-0.12,0.28,0.29,6421.0,6391.0
1665.0,-0.1500000000000128,214.66666666666666,212.66666666666666,100.0,100.0,0.0,0.0,0.09666666666666666,0.37,4.0,4.0,-0.03333333333333333,-0.14,0.27,0.28,6462.333333333333,6406.333333333333
1670.0,-0.14999999999971436,215.0,213.33333333333334,100.0,100.0,0.0,0.0,0.15666666666666668,0.4166666666666667,4.0,4.0,-0.03333333333333333,-0.13333333333333333,0.2833333333333333,0.27,6469.333333333333,6437.666666666667
1675.0,-0.1499999999996362,216.0,215.0,100.0,100.0,0.0,0.0,0.53,0.67,4.0,4.0,-0.06,-0.18,0.26,0.3,6502.0,6463.0
1680.0,-0.1500000000000128,216.66666666666666,215.66666666666666,100.0,100.0,0.0,0.0,0.6266666666666667,0.67,4.0,4.0,-0.10999999999999999,-0.18666666666666668,0.2866666666666667,0.2733333333333333,6525.666666666667,6482.333333333333
1685.0,-0.14999999999971436,217.33333333333334,216.0,100.0,100.0,0.0,0.0,0.63,0.67,4.0,4.0,-0.14333333333333334,-0.21000000000000002,0.25333333333333335,0.2733333333333334,6559.0,6513.333333333333
1690.0,-0.1499999999996362,218.0,217.0,100.0,100.0,0.0,0.0,0.67,0.67,4.0,4.0,-0.18,-0.22,0.26,0.26,6609.0,6541.0
1695.0,-0.1500000000000128,219.0,217.66666666666666,100.0,100.0,0.0,0.0,0.7,0.67,4.0,4.0,-0.25,-0.22333333333333333,0.26666666666666666,0.27666666666666667,6603.666666666667,6588.0
1700.0,-0.14999999999971436,220.0,218.33333333333334,100.0,100.0,0.0,0.0,0.7033333333333333,0.67,4.0,4.0,-0.26666666666666666,-0.26666666666666666,0.26333333333333336,0.28,6602.666666666667,6592.666666666667
1705.0,-0.1499999999996362,221.0,219.0,100.0,100.0,0.0,0.0,1.0,0.67,4.0,4.0,-0.25,-0.31,0.18,0.27,6706.0,6593.0
1710.0,-0.1500000000000128,221.66666666666666,220.0,100.0,100.0,0.0,0.0,1.2666666666666666,0.69,4.0,4.0,-0.38666666666666666,-0.25333333333333335,0.31000000000000005,0.22333333333333336,6651.333333333333,6627.0
1715.0,-0.14999999999971436,222.33333333333334,221.0,100.0,100.0,0.0,0.0,1.2733333333333334,0.7,4.0,4.0,-0.38999999999999996,-0.3,0.24,0.24,6698.0,6650.333333333333
1720.0,-0.16249999999962483,223.0,221.75,100.0,100.0,0.0,0.0,1.14,0.7,4.0,4.0,-0.38,-0.305,0.28,0.255,6775.0,6662.0
1725.0,-0.1666666666666643,223.66666666666666,222.0,100.0,100.0,0.0,0.0,1.02,0.6833333333333333,4.0,4.0,-0.38,-0.21666666666666667,0.24666666666666667,0.19,6750.0,6748.666666666667
1730.0,-0.16249999999968168,224.25,223.0,100.0,100.0,0.0,0.0,0.9375,0.49,4.0,4.0,-0.40249999999999997,-0.32,0.195,0.3,6820.0,6737.0
1735.0,-0.14999999999971436,225.0,224.0,100.0,100.0,0.0,0.0,0.7566666666666667,0.30333333333333334,4.0,4.0,-0.3433333333333334,-0.27,0.26666666666666666,0.24000000000000002,6774.333333333333,6752.0
1740.0,-0.14999999999994174,225.0,224.33333333333334,100.0,100.0,0.0,0.0,0.87,0.32,4.0,4.0,-0.13666666666666666,-0.22666666666666666,0.009999999999999998,0.27666666666666667,7055.666666666667,6795.0
1745.0,-0.1499999999996362,226.0,225.0,100.0,100.0,0.0,0.0,0.65,0.74,4.0,4.0,-0.49,-0.09,0.34,0.19,6743.0,6826.0
1750.0,-0.15833333333304012,227.0,225.5,100.0,100.0,0.0,0.0,0.22333333333333333,1.4249999999999998,4.0,4.0,-0.30000000000000004,-0.25,0.25666666666666665,0.34,6813.333333333333,7072.0
1755.0,-0.16249999999990905,227.25,227.0,100.0,100.0,0.0,0.0,0.1825,1.21,4.0,4.0,-0.24,-0.35,0.28,0.31,6909.0,6803.0
1760.0,-0.14999999999979252,228.66666666666666,227.66666666666666,100.0,100.0,0.0,0.0,0.3433333333333333,1.1133333333333333,4.0,4.0,-0.19666666666666666,-0.39666666666666667,0.23333333333333334,0.27666666666666667,6883.333333333333,6883.666666666667
1765.0,-0.14999999999978542,229.33333333333334,228.33333333333334,100.0,100.0,0.0,0.0,0.82,1.07,4.0,4.0,-0.21666666666666667,-0.44333333333333336,0.29333333333333333,0.25333333333333335,6921.0,6864.666666666667
1770.0,-0.14999999999986358,230.0,229.0,100.0,100.0,0.0,0.0,1.46,1.07,4.0,4.0,-0.22,-0.48,0.23,0.31,6969.0,6913.0
1775.0,-0.15833333333322486,230.5,230.0,100.0,100.0,0.0,0.0,1.6749999999999998,1.1966666666666665,4.0,4.0,-0.38,-0.38666666666666666,0.26,0.2566666666666667,7027.0,6926.333333333333
1780.0,-0.14999999999986358,231.0,230.0,100.0,100.0,0.0,0.0,1.71,1.62,4.0,4.0,-0.5,-0.23,0.3,0.12,6969.0,7102.0
1785.0,-0.14999999999978542,232.66666666666666,231.0,100.0,100.0,0.0,0.0,1.73,2.0266666666666664,4.0,4.0,-0.71,-0.6466666666666667,0.29,0.36333333333333334,6986.666666666667,6978.333333333333
1790.0,-0.15000000000009095,233.0,232.0,100.0,100.0,0.0,0.0,1.83,2.13,4.0,4.0,-0.74,-0.78,0.27,0.28,6985.0,6987.0
1795.0,-0.14999999999978542,233.66666666666666,232.66666666666666,100.0,100.0,0.0,0.0,2.1566666666666667,2.15,4.0,4.0,-0.79,-0.9266666666666666,0.27,0.2866666666666667,7024.666666666667,6985.666666666667
1800.0,-0.14999999999969305,234.25,233.25,100.0,100.0,0.0,0.0,2.26,2.2,4.0,4.0,-0.8925000000000001,-0.9025,0.2575,0.26,7040.75,7015.5
1805.0,-0.1500000000000128,235.0,234.0,100.0,100.0,0.0,0.0,2.2399999999999998,2.25,4.0,4.0,-0.95,-0.9466666666666667,0.25,0.26,7054.0,7040.0
1810.0,-0.14999999999971436,236.0,235.0,100.0,100.0,0.0,0.0,2.21,2.32,4.0,4.0,-1.04,-1.07,0.24333333333333335,0.25,7067.333333333333,7054.666666666667
1815.0,-0.14999999999969305,236.0,235.0,100.0,100.0,0.0,0.0,2.1175,2.32,4.0,4.0,-0.99,-1.1375,0.215,0.2425,7075.25,7059.25
1820.0,-0.14999999999994174,237.0,236.0,100.0,100.0,0.0,0.0,1.95,2.2866666666666666,4.0,4.0,-0.84,-1.1433333333333333,0.20333333333333334,0.23333333333333334,7114.333333333333,7068.666666666667
1825.0,-0.1499999999996362,237.0,237.0,100.0,100.0,0.0,0.0,1.82,2.15,4.0,4.0,-1.0,-0.94,0.21,0.2,7119.0,7108.0
1830.0,-0.14999999999978542,238.0,237.0,100.0,100.0,0.0,0.0,1.6766666666666667,2.1466666666666665,4.0,4.0,-0.9566666666666667,-0.9733333333333334,0.19333333333333333,0.20333333333333334,7121.333333333333,7126.666666666667
1835.0,-0.14999999999986358,238.0,237.0,100.0,100.0,0.0,0.0,1.54,2.04,4.0,4.0,-0.83,-1.14,0.17,0.2,7136.0,7116.0
1840.0,-0.14166666666657335,239.0,238.0,100.0,100.0,0.0,0.0,1.54,1.79,4.0,4.0,-0.7766666666666666,-1.045,0.17,0.19,7163.0,7127.0
1845.0,-0.14999999999986358,239.0,238.0,100.0,0.0,0.0,0.0,1.49,1.72,4.0,0.0,-0.9,-0.85,0.16,-0.24,7157.0,6972.0
1850.0,-0.1416666666663886,239.0,238.0,66.66666666666667,50.0,0.0,0.0,1.3699999999999999,1.5299999999999998,4.0,0.0,-0.79,-0.925,0.03666666666666668,-0.020000000000000018,7031.0,6360.5
1855.0,-0.15000000000009095,239.0,239.0,100.0,100.0,0.0,0.0,1.21,1.1,5.0,5.0,-0.72,-0.92,0.13,0.21,6160.0,6085.0
1860.0,-0.1499999999997499,240.0,239.0,100.0,100.0,0.0,0.0,1.14,0.915,5.0,5.0,-0.605,-0.79,0.19,0.16999999999999998,6087.0,6086.5
1865.0,-0.1499999999996362,240.0,239.0,100.0,100.0,0.0,0.0,1.11,0.65,5.0,5.0,-0.61,-0.63,0.14,0.17,6121.0,6097.0
1870.0,-0.14999999999997726,240.5,240.0,100.0,100.0,0.0,0.0,1.0350000000000001,0.425,5.0,5.0,-0.535,-0.51,0.15000000000000002,0.16,6130.5,6122.0
1875.0,-0.1499999999996362,241.0,240.0,100.0,100.0,0.0,0.0,0.93,0.21,5.0,5.0,-0.51,-0.43,0.13,0.15,6148.0,6122.0
1880.0,-0.14166666666642413,241.0,241.0,100.0,100.0,0.0,0.0,0.5900000000000001,0.04666666666666666,5.0,5.0,-0.485,-0.2866666666666667,0.12000000000000001,0.14333333333333334,6150.0,6147.0
1885.0,-0.14999999999986358,242.0,241.0,100.0,100.0,0.0,0.0,0.38,-0.09,5.0,5.0,-0.4,-0.2,0.15,0.14,6156.0,6151.0
1890.0,-0.14999999999986358,242.0,241.5,100.0,100.0,0.0,0.0,0.235,-0.18,5.0,5.0,-0.30000000000000004,-0.11000000000000001,0.135,0.14,6170.5,6155.5
1895.0,-0.14999999999986358,242.0,242.0,100.0,100.0,0.0,0.0,0.22,-0.12,5.0,5.0,-0.21,-0.03,0.13,0.14,6179.0,6172.0
1900.0,-0.1499999999997499,243.0,242.0,100.0,100.0,0.0,0.0,0.215,0.06,5.0,5.0,-0.17,-0.015,0.135,0.13,6203.0,6179.5
1905.0,-0.15000000000009095,243.0,243.0,100.0,100.0,0.0,0.0,0.21,0.28,5.0,5.0,-0.17,-0.02,0.15,0.12,6191.0,6196.0
1910.0,-0.1416666666663886,243.0,243.0,100.0,100.0,0.0,0.0,0.18,0.38,5.0,5.0,-0.13,-0.06,0.12,0.14,6197.333333333333,6201.0
1915.0,-0.1499999999996362,244.0,243.0,100.0,100.0,0.0,0.0,0.08,0.37,5.0,5.0,-0.11,-0.1,0.11,0.12,6202.0,6197.0
1920.0,-0.14166666666661598,244.0,244.0,100.0,100.0,0.0,0.0,0.0033333333333333322,0.33,5.0,5.0,-0.07666666666666666,-0.155,0.1,0.12,6209.666666666667,6206.5
1925.0,-0.1499999999996362,244.0,244.0,100.0,100.0,0.0,0.0,0.03,0.1,5.0,5.0,-0.03,-0.14,0.09,0.11,6258.0,6207.0
1930.0,-0.14999999999978542,244.33333333333334,244.0,100.0,100.0,0.0,0.0,0.026666666666666665,-0.03,5.0,5.0,-0.03666666666666667,-0.09000000000000001,0.11666666666666667,0.09666666666666666,6250.0,6228.333333333333
1935.0,-0.1374999999998181,245.0,244.0,100.0,100.0,0.0,0.0,0.02,-0.03,5.0,5.0,-0.0225,-0.07,0.11,0.12,6227.5,6276.0
1940.0,-0.14999999999993463,245.0,245.0,100.0,100.0,0.0,0.0,0.05,-0.023333333333333334,5.0,5.0,-0.02,-0.05333333333333333,0.08666666666666667,0.10333333333333333,6255.0,6232.333333333333
1945.0,-0.1374999999998181,245.0,245.0,100.0,100.0,0.0,0.0,0.11,0.1,5.0,5.0,-0.0275,-0.02,0.1075,0.07,6257.5,6249.0
1950.0,-0.14583333333303017,246.0,245.0,100.0,100.0,0.0,0.0,-0.10250000000000001,0.23333333333333334,5.0,5.0,-0.0225,-0.04666666666666667,0.0825,0.07666666666666667,6249.75,6265.666666666667
1955.0,-0.1458333333333499,246.0,245.75,100.0,100.0,0.0,0.0,-0.31333333333333335,0.1625,5.0,5.0,0.019999999999999997,-0.075,0.07666666666666667,0.0825,6245.666666666667,6257.25
1960.0,-0.14583333333303017,246.0,246.0,100.0,100.0,0.0,0.0,-0.31,-0.06333333333333334,5.0,5.0,0.0675,-0.07,0.0625,0.09,6253.5,6257.666666666667
1965.0,-0.14583333333305148,246.0,246.0,100.0,100.0,0.0,0.0,-0.08666666666666667,-0.09,5.0,5.0,0.08333333333333333,-0.025,0.05333333333333333,0.0675,6265.0,6257.5
1970.0,-0.13749999999987494,246.0,246.0,100.0,100.0,0.0,0.0,0.17,-0.007500000000000007,5.0,5.0,0.05,0.0,0.04,0.045,6264.0,6270.75
1975.0,-0.14999999999979252,246.0,246.0,100.0,100.0,0.0,0.0,0.07,0.2333333333333333,5.0,5.0,0.01666666666666667,-0.013333333333333332,0.04,0.04666666666666667,6285.0,6268.333333333333
1980.0,-0.13749999999987494,246.0,246.0,100.0,100.0,0.0,0.0,0.01,0.2975,5.0,5.0,0.0,-0.04,0.04,0.0375,6289.0,6282.5
1985.0,-0.14166666666642413,247.0,246.66666666666666,100.0,100.0,0.0,0.0,-0.095,0.22000000000000003,5.0,5.0,0.005,-0.07666666666666667,0.03,0.05666666666666667,6300.0,6298.333333333333
1990.0,-0.15000000000009095,247.0,247.0,100.0,100.0,0.0,0.0,-0.31,0.14,5.0,5.0,0.03,-0.08,0.04,0.03,6325.0,6291.0
1995.0,-0.1499999999997499,247.0,247.0,100.0,100.0,0.0,0.0,-0.48,0.115,5.0,5.0,0.03,-0.07500000000000001,-0.015,0.015,6362.0,6325.0
2000.0,-0.1499999999996362,247.0,247.0,95.0,100.0,0.0,0.0,-0.53,0.03,5.0,5.0,0.05,-0.05,-0.2,0.05,6681.0,6326.0
2005.0,-0.14166666666661598,247.0,247.0,100.0,100.0,0.0,0.0,-0.25,0.01,5.0,5.0,0.12000000000000001,-0.01,0.27,-0.075,6466.333333333333,6461.0
2010.0,-0.13749999999970441,247.0,247.0,100.0,100.0,0.0,0.0,0.09,0.01,5.0,5.0,0.125,-0.01,0.07,0.32,6339.75,6441.0
2015.0,-0.14999999999978542,247.33333333333334,247.0,100.0,100.0,0.0,0.0,0.14333333333333334,0.01,5.0,5.0,0.09333333333333334,-0.006666666666666667,0.05333333333333333,0.06,6362.666666666667,6351.0
2020.0,-0.1374999999998181,248.0,247.0,100.0,100.0,0.0,0.0,0.2325,0.01,5.0,5.0,0.07750000000000001,0.0,0.0975,0.07,6327.0,6374.0
2025.0,-0.14583333333329307,248.0,248.0,100.0,100.0,0.0,0.0,0.25,0.01,5.0,5.0,0.0075,0.0,0.02,0.10666666666666666,6357.0,6341.333333333333
2030.0,-0.14583333333312254,248.0,248.0,100.0,100.0,0.0,0.0,0.23666666666666666,0.024999999999999998,5.0,5.0,-0.006666666666666666,0.0075,-0.07333333333333333,0.065,6593.0,6333.25
2035.0,-0.13749999999964757,248.0,248.0,100.0,99.25,0.0,0.0,0.23,0.0275,5.0,5.0,-0.06,-0.0075,0.42,-0.012500000000000004,6522.0,6462.0
2040.0,-0.1500000000000128,249.0,248.0,100.0,99.0,0.0,0.0,0.25,0.013333333333333334,5.0,5.0,-0.1,0.0,0.12,0.2166666666666666,6352.0,6618.666666666667
2045.0,-0.13749999999964757,249.0,249.0,100.0,100.0,0.0,0.0,0.26,0.015,5.0,5.0,-0.07,0.0,0.06,0.135,6386.0,6366.5
2050.0,-0.14166666666642413,249.0,249.0,100.0,100.0,0.0,0.0,0.54,0.08333333333333333,5.0,5.0,-0.11,0.0,0.11,0.08666666666666667,6458.5,6365.333333333333
2055.0,-0.14999999999986358,250.0,249.0,100.0,100.0,0.0,0.0,1.15,0.29,5.0,5.0,-0.16,0.0,0.11,0.0,6386.0,6499.0
2060.0,-0.14166666666657335,250.0,249.5,100.0,100.0,0.0,0.0,1.9033333333333333,0.42,5.0,5.0,-0.25666666666666665,-0.04,0.13333333333333333,0.19,6470.333333333333,6420.5
2065.0,-0.1374999999998181,250.0,250.0,100.0,100.0,0.0,0.0,2.3975,0.44,5.0,5.0,-0.45499999999999996,-0.05,0.1825,0.08,6416.0,6416.0
2070.0,-0.14583333333303017,250.25,250.0,100.0,100.0,0.0,0.0,2.46,0.5733333333333334,5.0,5.0,-0.5525,-0.13333333333333333,0.11000000000000001,0.22000000000000003,6428.5,6444.333333333333
2075.0,-0.1458333333333499,251.0,250.0,100.0,100.0,0.0,0.0,2.473333333333333,0.8075,5.0,5.0,-0.7466666666666667,-0.1675,0.12666666666666668,0.11750000000000001,6433.666666666667,6406.0
2080.0,-0.14999999999969305,251.0,251.0,100.0,100.0,0.0,0.0,2.6675,1.3675,5.0,5.0,-0.99,-0.2675,0.14250000000000002,0.1125,6420.5,6445.5
2085.0,-0.14999999999971436,251.66666666666666,251.0,100.0,96.0,0.0,0.0,2.8666666666666667,2.35,5.0,5.0,-1.1466666666666667,-0.5133333333333333,0.14333333333333334,0.12,6420.0,6414.666666666667
2090.0,-0.13749999999987494,252.0,251.0,81.0,72.5,0.0,0.0,3.13,3.41,5.0,5.0,-1.3,-0.7925,0.08,0.05,6400.0,6399.0
2095.0,-0.1416666666665023,251.5,251.0,26.5,45.66666666666667,0.0,0.0,3.48,4.17,5.0,5.0,-1.275,-1.1633333333333333,-0.09,-0.019999999999999993,6351.5,6377.333333333333
2100.0,-0.14999999999986358,251.0,251.0,0.0,23.0,0.0,0.0,3.69,4.42,5.0,5.0,-1.08,-1.39,-0.33,-0.1,6315.0,6345.0
2105.0,-0.1416666666663886,250.0,250.5,0.0,0.5,5.666666666666666,16.0,4.343333333333333,4.5600000000000005,5.0,5.0,-0.9633333333333334,-1.28,-0.35666666666666663,-0.43000000000000005,6261.666666666667,6253.5
2110.0,-0.13750000000004547,248.5,249.0,0.0,0.0,25.25,35.0,5.4925,5.16,5.0,5.0,-1.2025000000000001,-1.09,-0.605,-0.67,6199.25,6171.0
2115.0,-0.14583333333303017,246.75,246.33333333333334,0.0,69.0,30.0,37.666666666666664,6.1575,6.223333333333333,5.0,0.0,-1.51,-1.2133333333333334,-0.745,-0.8966666666666666,6149.75,6811.666666666667
2120.0,-0.13333333333306285,245.33333333333334,244.0,46.0,0.0,29.333333333333332,39.0,6.496666666666666,6.75,5.0,4.0,-1.76,-1.57,-0.7266666666666667,-0.98,6432.0,7076.0
2125.0,-0.14583333333325754,242.5,241.0,51.75,0.0,25.25,36.666666666666664,6.7075,6.8999999999999995,0.0,4.0,-2.0749999999999997,-1.7666666666666668,-0.72,-0.99,7145.5,7002.333333333333
2130.0,-0.13333333333306285,240.33333333333334,238.0,0.0,0.0,23.666666666666668,29.0,7.2299999999999995,7.42,4.0,4.0,-1.97,-2.23,-0.7333333333333333,-0.88,7050.333333333333,6942.0
2135.0,-0.14583333333314386,238.5,235.66666666666666,0.0,0.0,22.75,24.333333333333332,8.195,8.07,4.0,4.0,-1.7375,-2.1166666666666667,-0.6825,-0.79,6963.5,6879.666666666667
2140.0,-0.1333333333331339,236.33333333333334,233.0,0.0,0.0,21.333333333333332,16.0,9.216666666666667,8.71,4.0,4.0,-1.69,-1.96,-0.73,-0.64,6876.333333333333,6811.0
2145.0,-0.14166666666657335,233.66666666666666,231.5,0.0,0.0,16.0,6.5,9.84,9.61,4.0,4.0,-2.4333333333333336,-1.725,-0.6766666666666666,-0.45999999999999996,6838.0,6776.0
2150.0,-0.14999999999986358,232.0,230.0,0.0,0.0,4.0,0.0,10.01,10.1,4.0,4.0,-2.18,-2.11,-0.43,-0.38,6809.0,6757.0
2155.0,-0.13333333333306285,230.66666666666666,228.33333333333334,0.0,0.0,0.0,0.0,10.106666666666666,10.716666666666667,4.0,4.0,-1.5166666666666666,-2.393333333333333,-0.31666666666666665,-0.36,6776.333333333333,6722.0
2160.0,-0.13333333333336128,229.0,227.0,0.0,3.333333333333333,0.0,0.0,10.48,11.606666666666666,4.0,4.0,-2.6,-1.7933333333333332,-0.39,-0.3066666666666667,6752.0,6690.333333333333
2165.0,-0.1333333333331339,227.66666666666666,226.0,4.666666666666666,18.0,0.0,0.0,10.6,12.15,4.0,4.0,-2.2233333333333336,-2.41,-0.30000000000000004,-0.22,6728.333333333333,6705.0
2170.0,-0.14583333333303017,226.75,225.0,16.25,43.666666666666664,0.0,0.0,10.7625,12.123333333333333,4.0,4.0,-2.4975,-2.413333333333333,-0.2525,-0.17,6719.75,6705.0
2175.0,-0.13333333333336128,226.0,224.0,26.0,68.0,0.0,0.0,11.45,12.07,4.0,4.0,-2.3866666666666667,-2.16,-0.21333333333333335,-0.13,6700.0,6722.0
2180.0,-0.13333333333306285,225.0,223.33333333333334,21.333333333333332,81.33333333333333,0.0,0.0,12.563333333333334,12.06,4.0,4.0,-1.6533333333333333,-2.7399999999999998,-0.19666666666666668,-0.15666666666666668,6684.333333333333,6692.666666666667
2185.0,-0.1333333333329847,224.0,223.0,15.0,81.33333333333333,0.0,0.0,13.3,12.026666666666667,4.0,4.0,-1.16,-1.9933333333333334,-0.2,-0.03,6661.0,6698.666666666667
2190.0,-0.13333333333336128,223.33333333333334,223.0,15.666666666666666,78.0,0.0,0.0,13.463333333333333,11.98,4.0,4.0,-1.7866666666666666,-1.24,-0.20666666666666667,0.04,6630.0,6753.0
2195.0,-0.13333333333306285,222.0,222.33333333333334,25.666666666666668,76.0,0.0,0.0,13.103333333333333,11.476666666666667,4.0,4.0,-1.8866666666666665,-1.5899999999999999,-0.18333333333333335,0.04,6607.666666666667,6781.0
2200.0,-0.13749999999964757,221.0,222.0,49.0,78.25,0.0,0.0,12.9,10.247499999999999,4.0,4.0,-1.76,-1.9224999999999999,-0.1,0.07500000000000001,6607.0,6725.0
2205.0,-0.13333333333329023,221.0,222.0,70.66666666666667,79.66666666666667,0.0,0.0,12.943333333333333,9.053333333333333,4.0,4.0,-1.77,-1.68,-0.06,0.08333333333333333,6618.333333333333,6755.666666666667
2210.0,-0.1333333333329847,221.0,222.0,85.0,86.33333333333333,0.0,0.0,13.46,7.543333333333334,4.0,4.0,-1.41,-1.7133333333333334,-0.01,0.14,6616.0,6745.666666666667
2215.0,-0.13333333333306285,220.33333333333334,223.0,84.66666666666667,96.0,0.0,0.0,14.633333333333335,6.41,4.0,4.0,-1.6733333333333333,-1.49,0.02666666666666667,0.21,6653.0,6740.0
2220.0,-0.13333333333329023,220.0,223.0,85.66666666666667,92.66666666666667,0.0,0.0,15.4,6.359999999999999,4.0,4.0,-1.66,-1.4,0.043333333333333335,0.16999999999999998,6626.666666666667,6803.666666666667
2225.0,-0.1333333333329847,220.0,223.0,83.0,95.0,0.0,0.0,15.88,6.836666666666667,4.0,4.0,-1.52,-1.4266666666666667,0.04,0.2,6655.0,6766.666666666667
2230.0,-0.13333333333306285,220.0,224.0,82.66666666666667,91.0,0.0,0.0,15.893333333333334,7.43,4.0,4.0,-1.54,-1.38,0.11333333333333334,0.17,6664.333333333333,6805.0
2235.0,-0.13333333333329023,220.0,224.0,82.0,92.33333333333333,0.0,0.0,15.88,7.4366666666666665,4.0,4.0,-1.6733333333333333,-1.3933333333333333,0.11666666666666667,0.18333333333333335,6686.0,6788.0
2240.0,-0.1499999999996362,220.0,224.0,81.0,90.0,0.0,0.0,15.6,7.43,4.0,4.0,-1.75,-1.2,0.15,0.19,6678.0,6845.0
2245.0,-0.14999999999971436,221.0,224.66666666666666,80.33333333333333,92.0,0.0,0.0,15.129999999999999,7.43,4.0,4.0,-1.7733333333333334,-1.73,0.12333333333333334,0.20333333333333334,6697.333333333333,6810.0
2250.0,-0.14999999999994174,221.0,225.0,80.0,93.33333333333333,0.0,0.0,14.39,7.463333333333334,4.0,4.0,-1.83,-1.67,0.13666666666666666,0.19333333333333333,6680.666666666667,6794.0
2255.0,-0.1499999999996362,221.0,225.0,80.0,90.0,0.0,0.0,13.79,7.66,4.0,4.0,-1.75,-1.58,0.14,0.17,6689.0,6824.0
2260.0,-0.14999999999971436,221.0,225.66666666666666,79.66666666666667,89.0,0.0,0.0,12.866666666666667,8.086666666666666,4.0,4.0,-1.9133333333333333,-1.58,0.15333333333333335,0.16666666666666666,6705.666666666667,6827.333333333333
2265.0,-0.13749999999987494,221.0,226.0,81.0,88.5,0.0,0.0,12.16,8.335,4.0,4.0,-2.3,-1.6749999999999998,0.14,0.175,6673.0,6836.75
2270.0,-0.14999999999979252,221.0,226.0,82.66666666666667,87.66666666666667,0.0,0.0,11.446666666666667,8.336666666666666,4.0,4.0,-2.14,-2.0033333333333334,0.13666666666666666,0.16666666666666669,6660.333333333333,6831.333333333333
2275.0,-0.14999999999978542,221.0,226.0,80.33333333333333,90.66666666666667,0.0,0.0,10.58,8.246666666666666,4.0,4.0,-1.6266666666666667,-2.0866666666666664,0.1366666666666667,0.16999999999999998,6708.333333333333,6811.333333333333
2280.0,-0.14999999999986358,221.0,227.0,81.0,88.0,0.0,0.0,9.96,8.11,4.0,4.0,-2.0,-1.71,0.16,0.13,6704.0,6851.0
2285.0,-0.14999999999979252,221.66666666666666,227.0,83.66666666666667,88.0,0.0,0.0,9.270000000000001,7.8,4.0,4.0,-2.236666666666667,-1.9533333333333331,0.15666666666666668,0.15666666666666668,6669.333333333333,6865.333333333333
2290.0,-0.16666666666643692,222.0,227.0,83.66666666666667,92.0,0.0,0.0,8.63,7.48,4.0,4.0,-1.8366666666666667,-2.38,0.14333333333333334,0.18,6692.0,6832.0
2295.0,-0.16666666666651508,222.0,227.0,86.0,93.33333333333333,0.0,0.0,8.06,7.096666666666667,4.0,4.0,-1.83,-1.9933333333333334,0.16,0.16,6725.0,6847.333333333333
2300.0,-0.16666666666651508,222.0,227.0,94.0,91.33333333333333,0.0,0.0,6.67,6.693333333333333,4.0,4.0,-1.7566666666666666,-1.6433333333333333,0.21666666666666667,0.14333333333333334,6714.333333333333,6887.666666666667
2305.0,-0.16666666666643692,222.33333333333334,228.0,98.0,96.0,0.0,0.0,5.3533333333333335,6.31,4.0,4.0,-1.5466666666666666,-1.97,0.2,0.22,6762.333333333333,6884.0
2310.0,-0.16249999999979536,223.0,228.0,100.0,98.5,0.0,0.0,4.1425,5.865,4.0,4.0,-1.595,-1.695,0.26,0.20500000000000002,6750.75,6902.5
2315.0,-0.1666666666666643,223.33333333333334,228.0,100.0,100.0,0.0,0.0,3.0533333333333332,5.27,4.0,4.0,-1.3033333333333335,-1.72,0.22333333333333333,0.24,6766.333333333333,6911.0
2320.0,-0.16666666666651508,224.0,228.66666666666666,100.0,100.0,0.0,0.0,2.38,4.523333333333333,4.0,4.0,-1.25,-1.4866666666666666,0.26,0.19,6769.0,6926.0
2325.0,-0.16666666666643692,224.66666666666666,229.0,100.0,100.0,0.0,0.0,1.83,3.6966666666666668,4.0,4.0,-1.1466666666666667,-1.4533333333333334,0.24666666666666667,0.23333333333333334,6768.666666666667,6945.0
2330.0,-0.17916666666665293,225.33333333333334,229.75,100.0,100.0,0.0,0.0,1.4066666666666667,2.9975,4.0,4.0,-0.9066666666666666,-1.5350000000000001,0.25,0.2325,6788.0,6932.5
2335.0,-0.1833333333331666,226.0,230.0,100.0,100.0,0.0,0.0,1.31,2.106666666666667,4.0,4.0,-0.77,-1.3866666666666667,0.25,0.23333333333333334,6810.0,6932.333333333333
2340.0,-0.16666666666636587,227.0,231.0,100.0,100.0,0.0,0.0,1.1233333333333333,1.04,4.0,4.0,-0.6366666666666667,-1.09,0.25333333333333335,0.23,6829.0,6944.0
2345.0,-0.1750000000000682,227.0,231.0,100.0,100.0,0.0,0.0,0.66,0.535,4.0,4.0,-0.52,-0.8200000000000001,0.26,0.21,6841.0,6963.0
2350.0,-0.18333333333308843,228.0,232.0,100.0,100.0,0.0,0.0,-0.3666666666666667,0.09,4.0,4.0,-0.3466666666666667,-0.63,0.25,0.23,6861.0,6979.0
2355.0,-0.18333333333301738,229.0,232.66666666666666,100.0,100.0,0.0,0.0,-1.8499999999999999,-0.5233333333333333,4.0,4.0,0.009999999999999995,-0.33,0.23333333333333334,0.21666666666666667,6874.0,6989.666666666667
2360.0,-0.17500000000001137,229.75,233.0,100.0,100.0,0.0,0.0,-2.4074999999999998,-0.87,4.0,4.0,0.2725,-0.10250000000000001,0.22,0.2225,6896.75,6995.25
2365.0,-0.18333333333309554,230.0,233.66666666666666,100.0,100.0,0.0,0.0,-2.663333333333333,-0.7933333333333333,4.0,4.0,0.4766666666666666,0.06666666666666667,0.21666666666666667,0.21000000000000002,6930.333333333333,7013.0
2370.0,-0.18333333333293922,231.0,234.0,100.0,100.0,0.0,0.0,-2.73,-0.7166666666666667,4.0,4.0,0.77,0.17333333333333334,0.21,0.19666666666666668,6952.0,7040.666666666667
2375.0,-0.18749999999994316,231.0,234.75,100.0,100.0,0.0,0.0,-2.575,-1.035,4.0,4.0,0.9450000000000001,0.275,0.21000000000000002,0.1975,6954.0,7065.0
2380.0,-0.18333333333308843,232.0,235.0,100.0,100.0,0.0,0.0,-2.5,-1.5333333333333332,4.0,4.0,0.89,0.43,0.2,0.19333333333333333,6973.0,7064.666666666667
2385.0,-0.18333333333301738,232.66666666666666,236.0,100.0,100.0,0.0,0.0,-2.52,-1.65,4.0,4.0,0.9433333333333334,0.52,0.22666666666666666,0.18,7009.333333333333,7074.0
2390.0,-0.19583333333321207,233.0,236.0,100.0,100.0,0.0,0.0,-2.7375,-1.7266666666666666,4.0,4.0,0.945,0.5166666666666666,0.22,0.16333333333333333,7013.75,7105.333333333333
2395.0,-0.18333333333324475,233.66666666666666,237.0,100.0,100.0,0.0,0.0,-3.5033333333333334,-2.16,4.0,4.0,1.05,0.71,0.22333333333333333,0.18,7037.0,7103.0
2400.0,-0.1916666666664142,234.0,236.0,100.0,50.0,0.0,0.0,-3.85,-2.965,4.0,0.0,1.0933333333333335,0.78,0.22,-0.215,7042.0,6738.5
2405.0,-0.18749999999977263,234.75,237.0,100.0,100.0,0.0,0.0,-3.7824999999999998,-3.56,4.0,5.0,1.1175,1.04,0.1825,0.21,7066.5,6043.0
2410.0,-0.19166666666664156,235.0,237.0,100.0,100.0,0.0,0.0,-3.41,-3.6,4.0,5.0,1.0433333333333334,1.07,0.19,0.165,7083.666666666667,6069.5
2415.0,-0.1999999999998181,235.0,237.0,100.0,100.0,0.0,0.0,-3.05,-3.6,4.0,5.0,1.27,1.01,0.2,0.17,7099.0,6097.0
2420.0,-0.18333333333301738,235.0,238.0,33.33333333333333,100.0,0.0,0.0,-2.7533333333333334,-3.6866666666666665,0.0,5.0,1.1033333333333333,1.07,-0.020000000000000018,0.18333333333333335,6525.333333333333,6116.666666666667
2425.0,-0.20000000000004547,236.0,238.0,100.0,100.0,0.0,0.0,-2.38,-3.68,5.0,5.0,0.99,1.45,0.3,0.22,6009.0,6098.0
2430.0,-0.19166666666645682,236.0,238.66666666666666,100.0,100.0,0.0,0.0,-1.985,-3.473333333333333,5.0,5.0,0.95,1.2133333333333334,0.21,0.16,6039.0,6103.333333333333
2435.0,-0.19999999999959073,237.0,239.0,100.0,100.0,0.0,0.0,-1.87,-3.27,5.0,5.0,0.92,1.26,0.2,0.19,6050.0,6137.0
2440.0,-0.19166666666660603,237.0,239.0,100.0,100.0,0.0,0.0,-1.895,-3.083333333333333,5.0,5.0,0.75,1.1933333333333334,0.2,0.16666666666666666,6071.5,6136.666666666667
2445.0,-0.1999999999998181,237.0,240.0,100.0,100.0,0.0,0.0,-2.03,-2.93,5.0,5.0,0.68,1.14,0.2,0.16,6096.0,6139.0
2450.0,-0.1999999999996689,238.0,240.0,100.0,100.0,0.0,0.0,-2.3966666666666665,-2.73,5.0,5.0,0.7433333333333333,0.8033333333333333,0.21,0.12666666666666668,6106.0,6184.0
2455.0,-0.18749999999982947,239.0,240.25,100.0,100.0,0.0,0.0,-2.3,-2.6425,5.0,5.0,0.72,0.915,0.21,0.185,6116.0,6198.0
2460.0,-0.19999999999989626,239.0,241.0,100.0,100.0,0.0,0.0,-1.87,-2.243333333333333,5.0,5.0,0.7366666666666667,0.9366666666666666,0.22666666666666666,0.18333333333333335,6141.666666666667,6182.333333333333
2465.0,-0.18749999999982947,240.0,241.25,100.0,100.0,0.0,0.0,-1.73,-1.745,5.0,5.0,0.84,0.855,0.21,0.195,6128.0,6210.5
2470.0,-0.19999999999973994,240.0,242.0,100.0,100.0,0.0,0.0,-1.5866666666666667,-1.4533333333333334,5.0,5.0,0.81,0.9033333333333333,0.21333333333333332,0.19666666666666666,6138.666666666667,6198.0
2475.0,-0.20000000000004547,241.0,242.0,100.0,100.0,0.0,0.0,-1.34,-1.14,5.0,5.0,0.69,0.88,0.2,0.19,6153.0,6192.0
2480.0,-0.1999999999998181,241.66666666666666,243.0,100.0,100.0,0.0,0.0,-0.9866666666666667,-0.7333333333333334,5.0,5.0,0.6733333333333333,0.6900000000000001,0.22333333333333333,0.19666666666666668,6169.666666666667,6206.333333333333
2485.0,-0.19999999999959073,242.0,243.0,100.0,100.0,0.0,0.0,-0.56,-0.68,5.0,5.0,0.58,0.6,0.22,0.18,6177.0,6228.0
2490.0,-0.19999999999996732,242.66666666666666,244.0,100.0,100.0,0.0,0.0,-0.23333333333333334,-0.68,5.0,5.0,0.41,0.53,0.21,0.19333333333333333,6189.666666666667,6228.333333333333
2495.0,-0.1999999999998181,243.0,244.0,100.0,100.0,0.0,0.0,-0.2,-0.68,5.0,5.0,0.34,0.45,0.23,0.19,6202.0,6235.0
2500.0,-0.20833333333299464,244.0,245.0,100.0,100.0,0.0,0.0,-0.2,-0.68,5.0,5.0,0.2866666666666667,0.41000000000000003,0.21,0.195,6215.666666666667,6252.0
2505.0,-0.1999999999998181,244.0,245.0,100.0,100.0,0.0,0.0,-0.2,-0.68,5.0,5.0,0.24,0.39,0.21,0.18,6224.0,6257.0
2510.0,-0.1999999999999318,245.0,246.0,100.0,100.0,0.0,0.0,-0.34,-0.69,5.0,5.0,0.20500000000000002,0.41,0.20500000000000002,0.18,6238.5,6267.5
2515.0,-0.1999999999998181,245.0,246.0,100.0,100.0,0.0,0.0,-0.79,-0.78,5.0,5.0,0.25,0.41,0.19,0.19,6253.0,6278.0
2520.0,-0.20833333333303017,246.0,247.0,100.0,100.0,0.0,0.0,-1.37,-1.0566666666666666,5.0,5.0,0.30500000000000005,0.43666666666666665,0.185,0.17666666666666667,6274.0,6289.666666666667
2525.0,-0.20000000000004547,246.0,247.0,100.0,100.0,0.0,0.0,-1.64,-1.11,5.0,5.0,0.48,0.45,0.2,0.17,6292.0,6316.0
2530.0,-0.1999999999998181,247.0,247.33333333333334,100.0,100.0,0.0,0.0,-1.64,-1.0933333333333335,5.0,5.0,0.5866666666666667,0.4766666666666667,0.19,0.17,6293.333333333333,6320.666666666667
2535.0,-0.21249999999957936,247.0,248.0,100.0,100.0,0.0,0.0,-1.64,-1.08,5.0,5.0,0.67,0.54,0.2,0.1625,6304.0,6327.25
2540.0,-0.20416666666655914,248.0,248.25,100.0,100.0,0.0,0.0,-1.6366666666666665,-1.08,5.0,5.0,0.7266666666666667,0.5774999999999999,0.16666666666666666,0.175,6320.0,6337.25
2545.0,-0.20416666666653782,248.0,249.0,100.0,100.0,0.0,0.0,-1.63,-1.08,5.0,5.0,0.72,0.57,0.1575,0.16666666666666669,6327.75,6348.0
2550.0,-0.19999999999976126,249.0,249.25,100.0,100.0,0.0,0.0,-1.6975,-1.0325,5.0,5.0,0.7575000000000001,0.5675,0.16,0.1725,6342.5,6358.75
2555.0,-0.19999999999973994,249.0,250.0,100.0,100.0,0.0,0.0,-1.9366666666666668,-0.8033333333333333,5.0,5.0,0.7733333333333333,0.5466666666666667,0.16666666666666669,0.15,6353.333333333333,6370.0
2560.0,-0.20000000000004547,249.0,250.0,100.0,100.0,0.0,0.0,-2.02,-0.63,5.0,5.0,0.77,0.52,0.17,0.14,6375.0,6375.0
2565.0,-0.1999999999998181,250.0,250.5,100.0,100.0,0.0,0.0,-1.9449999999999998,-0.7350000000000001,5.0,5.0,0.8,0.46499999999999997,0.15000000000000002,0.14500000000000002,6380.0,6392.5
2570.0,-0.19999999999959073,250.0,251.0,100.0,100.0,0.0,0.0,-1.75,-1.15,5.0,5.0,0.76,0.48,0.17,0.15,6395.0,6401.0
2575.0,-0.20833333333325754,250.5,251.0,100.0,100.0,0.0,0.0,-1.585,-1.6766666666666667,5.0,5.0,0.74,0.5466666666666667,0.14,0.14,6414.5,6417.666666666667
2580.0,-0.21249999999980673,251.0,251.75,100.0,100.0,0.0,0.0,-1.43,-1.89,5.0,5.0,0.72,0.5825,0.16,0.155,6414.0,6432.5
2585.0,-0.20416666666640282,251.33333333333334,252.0,100.0,100.0,0.0,0.0,-1.33,-1.9,5.0,5.0,0.7,0.7275,0.17333333333333334,0.15,6431.0,6449.0
2590.0,-0.20416666666642413,252.0,252.0,100.0,100.0,0.0,0.0,-1.33,-1.9,5.0,5.0,0.7,0.7633333333333333,0.1875,0.16333333333333333,6433.5,6447.666666666667
2595.0,-0.21249999999997726,252.25,253.0,100.0,100.0,0.0,0.0,-1.3325,-1.95,5.0,5.0,0.655,0.84,0.1675,0.18,6443.0,6463.0
2600.0,-0.20833333333317938,253.0,253.0,100.0,100.0,0.0,0.0,-1.34,-2.1100000000000003,5.0,5.0,0.6466666666666667,0.84,0.18333333333333332,0.125,6459.0,6468.0
2605.0,-0.19999999999959073,253.0,253.0,100.0,100.0,0.0,0.0,-1.34,-2.29,5.0,5.0,0.66,0.93,0.18,0.13,6458.0,6482.0
2610.0,-0.20833333333325754,253.5,254.0,100.0,100.0,0.0,0.0,-1.34,-2.34,5.0,5.0,0.635,1.01,0.18,0.14666666666666667,6475.5,6477.666666666667
2615.0,-0.21249999999980673,254.0,254.0,100.0,100.0,0.0,0.0,-1.33,-2.3249999999999997,5.0,5.0,0.66,0.9724999999999999,0.17,0.1325,6482.0,6490.0
2620.0,-0.20416666666640282,254.33333333333334,254.0,100.0,100.0,0.0,0.0,-1.33,-2.0700000000000003,5.0,5.0,0.6,1.01,0.18333333333333335,0.1525,6489.666666666667,6506.5
2625.0,-0.20416666666642413,255.0,254.66666666666666,100.0,100.0,0.0,0.0,-1.33,-1.82,5.0,5.0,0.5775,0.9400000000000001,0.2,0.14333333333333334,6541.5,6502.333333333333
2630.0,-0.21249999999997726,255.25,255.0,100.0,100.0,0.0,0.0,-1.3225,-1.82,5.0,5.0,0.6975,0.72,0.195,0.15,6508.75,6547.0
2635.0,-0.1999999999998181,256.0,255.5,100.0,100.0,0.0,0.0,-1.275,-1.82,5.0,5.0,0.685,0.905,0.16999999999999998,0.18,6514.0,6551.5
2640.0,-0.19999999999959073,256.0,256.0,100.0,100.0,0.0,0.0,-1.25,-1.76,5.0,5.0,0.56,1.06,0.15,0.14,6536.0,6514.0
2645.0,-0.19999999999989626,256.3333333333333,256.0,100.0,100.0,0.0,0.0,-1.25,-1.5999999999999999,5.0,5.0,0.5800000000000001,0.8466666666666667,0.17666666666666667,0.1366666666666667,6581.0,6536.0
2650.0,-0.19999999999987494,257.0,256.0,100.0,100.0,0.0,0.0,-1.31,-1.505,5.0,5.0,0.6275,0.7025,0.1725,0.145,6562.25,6592.75
2655.0,-0.2124999999997499,257.25,257.0,100.0,100.0,0.0,0.0,-1.6375000000000002,-1.5,5.0,5.0,0.625,0.9,0.185,0.2,6573.5,6569.0
2660.0,-0.2083333333330657,258.0,257.0,100.0,100.0,0.0,0.0,-1.8966666666666667,-1.31,5.0,5.0,0.5933333333333333,0.8,0.19666666666666666,0.16499999999999998,6603.666666666667,6567.0
2665.0,-0.20000000000004547,258.0,258.0,100.0,100.0,0.0,0.0,-1.72,-1.07,5.0,5.0,0.59,0.66,0.19,0.16,6618.0,6583.0
2670.0,-0.1999999999998181,259.0,258.0,100.0,100.0,0.0,0.0,-1.2866666666666666,-0.8066666666666666,5.0,5.0,0.6366666666666666,0.63,0.18000000000000002,0.18333333333333332,6627.333333333333,6616.333333333333
2675.0,-0.19999999999964757,259.0,258.0,100.0,100.0,0.0,0.0,-0.5549999999999999,-0.6224999999999999,5.0,5.0,0.645,0.525,0.1925,0.17500000000000002,6616.0,6611.75
2680.0,-0.19999999999987494,260.0,259.0,100.0,100.0,0.0,0.0,-0.165,-0.3175,5.0,5.0,0.5175000000000001,0.505,0.17750000000000002,0.20249999999999999,6624.0,6632.75
2685.0,-0.1999999999999318,260.0,259.0,100.0,100.0,0.0,0.0,-0.15,0.0050000000000000044,5.0,5.0,0.38,0.42500000000000004,0.19,0.18,6647.5,6611.5
2690.0,-0.1999999999998181,261.0,260.0,100.0,100.0,0.0,0.0,-0.15,0.33,5.0,5.0,0.29,0.22,0.2,0.16,6653.0,6625.0
2695.0,-0.1999999999996689,261.0,260.0,100.0,100.0,0.0,0.0,-0.16999999999999998,0.36333333333333334,5.0,5.0,0.21,0.13333333333333333,0.2,0.15333333333333332,6668.333333333333,6651.0
2700.0,-0.19999999999998863,261.75,260.75,100.0,100.0,0.0,0.0,-0.42000000000000004,0.18,5.0,5.0,0.19,0.0575,0.2,0.1825,6676.0,6662.5
2705.0,-0.1999999999998181,262.0,261.0,100.0,100.0,0.0,0.0,-0.98,0.0,5.0,5.0,0.21,0.01,0.17,0.19,6687.0,6659.0
2710.0,-0.19999999999970441,262.5,261.5,89.5,100.0,0.0,0.0,-0.765,-0.24500000000000002,5.0,5.0,0.225,0.025,0.16,0.165,6690.5,6669.0
2715.0,-0.21249999999980673,263.0,262.0,65.0,100.0,0.0,0.0,-0.28,-0.5249999999999999,5.0,5.0,0.22,0.0625,0.09,0.1625,6683.0,6686.0
2720.0,-0.19999999999998863,263.0,262.25,49.0,100.0,0.0,0.0,0.17250000000000001,-0.63,5.0,5.0,0.14250000000000002,0.13,0.0325,0.1825,6681.0,6696.0
2725.0,-0.1999999999998181,263.0,263.0,58.666666666666664,100.0,0.0,0.0,-0.14666666666666667,-0.63,5.0,5.0,0.09,0.17333333333333334,0.05,0.18333333333333332,6691.666666666667,6708.666666666667
2730.0,-0.19999999999959073,263.0,263.0,68.0,100.0,0.0,0.0,-1.05,-0.6,5.0,5.0,0.13,0.21,0.09,0.18,6691.0,6739.0
2735.0,-0.19999999999989626,263.0,264.0,70.66666666666667,100.0,0.0,0.0,-2.9133333333333336,-0.59,5.0,5.0,0.34,0.26666666666666666,0.05333333333333334,0.19666666666666668,6696.0,6735.666666666667
2740.0,-0.19999999999987494,263.75,264.0,72.0,100.0,0.0,0.0,-4.175000000000001,-0.5825,5.0,5.0,0.6399999999999999,0.3025,0.0675,0.1825,6713.75,6740.75
2745.0,-0.1999999999998181,264.0,265.0,72.0,100.0,0.0,0.0,-4.39,-0.4,5.0,5.0,0.7,0.31,0.07,0.18,6715.0,6738.0
2750.0,-0.19999999999970441,264.0,265.0,74.0,100.0,0.0,0.0,-4.015000000000001,-0.25,5.0,5.0,0.77,0.215,0.065,0.15000000000000002,6766.5,6781.5
2755.0,-0.19999999999998863,264.0,265.0,78.25,100.0,0.0,0.0,-3.1775,-0.41250000000000003,5.0,5.0,1.0225,0.255,0.09,0.2,6751.25,6806.0
2760.0,-0.1999999999998181,264.0,266.0,88.5,100.0,0.0,0.0,-2.8175,-0.9075,5.0,5.0,1.145,0.3275,0.1325,0.19,6749.0,6783.0
2765.0,-0.19999999999970441,264.5,266.0,96.5,100.0,0.0,0.0,-2.94,-1.2799999999999998,5.0,5.0,1.1,0.37,0.175,0.185,6757.5,6797.5
2770.0,-0.1999999999998181,265.0,267.0,100.0,100.0,0.0,0.0,-3.24,-1.66,5.0,5.0,0.99,0.49,0.15,0.19,6801.0,6807.0
2775.0,-0.19999999999998863,265.0,267.0,100.0,100.0,0.0,0.0,-3.24,-1.75,5.0,5.0,0.94,0.555,0.165,0.19,6806.5,6827.75
2780.0,-0.20833333333317938,265.6666666666667,267.5,100.0,100.0,0.0,0.0,-3.24,-1.75,5.0,5.0,0.9933333333333333,0.61,0.18333333333333335,0.2,6812.666666666667,6847.5
2785.0,-0.19999999999959073,266.0,268.0,100.0,100.0,0.0,0.0,-3.27,-1.75,5.0,5.0,1.14,0.73,0.18,0.19,6804.0,6857.0
2790.0,-0.20416666666655914,266.0,269.0,100.0,100.0,0.0,0.0,-3.413333333333333,-1.7925,5.0,5.0,1.1300000000000001,0.7725,0.18333333333333335,0.1975,6809.666666666667,6855.75
2795.0,-0.20416666666653782,266.75,269.0,100.0,100.0,0.0,0.0,-3.45,-1.83,5.0,5.0,1.14,0.7933333333333333,0.185,0.19666666666666668,6820.25,6874.0
2800.0,-0.1999999999998181,267.0,270.0,100.0,100.0,0.0,0.0,-2.94,-1.86,5.0,5.0,1.26,0.89,0.22,0.23,6829.0,6881.0
2805.0,-0.21249999999969305,267.5,270.0,100.0,100.0,0.0,0.0,-1.85,-1.9324999999999999,5.0,5.0,1.1600000000000001,0.905,0.195,0.19,6836.5,6885.75
2810.0,-0.2041666666666515,268.0,270.0,100.0,100.0,0.0,0.0,-1.3175,-2.0033333333333334,5.0,5.0,1.0975000000000001,0.8833333333333333,0.22,0.19666666666666668,6841.25,6903.333333333333
2815.0,-0.21249999999986358,268.25,271.0,100.0,100.0,0.0,0.0,-1.0475,-2.13,5.0,5.0,0.9225,0.95,0.205,0.23,6851.0,6915.0
2820.0,-0.21249999999969305,269.0,271.0,100.0,100.0,0.0,0.0,-0.885,-2.13,5.0,5.0,0.77,0.975,0.16999999999999998,0.1975,6870.5,6920.0
2825.0,-0.20416666666642413,269.0,271.6666666666667,100.0,100.0,0.0,0.0,-0.6475,-2.13,5.0,5.0,0.7224999999999999,0.8766666666666667,0.1875,0.16333333333333333,6872.0,6936.0
2830.0,-0.21249999999997726,270.0,272.0,100.0,100.0,0.0,0.0,-0.265,-2.13,5.0,5.0,0.5599999999999999,1.0,0.185,0.23,6872.25,6955.0
2835.0,-0.21249999999986358,270.0,272.25,100.0,100.0,0.0,0.0,-0.255,-2.1025,5.0,5.0,0.47,1.04,0.195,0.185,6884.0,6947.25
2840.0,-0.20416666666631045,270.75,273.0,100.0,100.0,0.0,0.0,-0.29,-2.06,5.0,5.0,0.365,0.99,0.205,0.19666666666666666,6892.75,6961.333333333333
2845.0,-0.21249999999986358,271.0,273.0,100.0,100.0,0.0,0.0,-0.4975,-1.95,5.0,5.0,0.3,0.96,0.1825,0.18,6911.75,6971.0
2850.0,-0.21249999999992042,271.5,274.0,100.0,100.0,0.0,0.0,-0.8,-1.835,5.0,5.0,0.3,1.0125,0.195,0.1925,6914.5,6984.25
2855.0,-0.21249999999986358,272.0,274.0,100.0,100.0,0.0,0.0,-1.185,-1.82,5.0,5.0,0.345,1.01,0.2,0.195,6927.75,6989.0
2860.0,-0.2124999999996362,272.25,275.0,100.0,100.0,0.0,0.0,-1.585,-1.82,5.0,5.0,0.4575,0.94,0.205,0.17,6935.75,6998.0
2865.0,-0.21249999999992042,273.0,275.0,100.0,100.0,0.0,0.0,-1.63,-1.82,5.0,5.0,0.54,0.9724999999999999,0.18,0.2225,6950.0,7010.5
2870.0,-0.21249999999986358,273.0,275.0,100.0,100.0,0.0,0.0,-1.63,-1.82,5.0,5.0,0.6525000000000001,0.95,0.17,0.19,6957.5,7019.0
2875.0,-0.21249999999986358,273.0,275.75,100.0,100.0,0.0,0.0,-1.63,-1.82,5.0,5.0,0.68,1.0175,0.18,0.195,6961.0,7024.5
2880.0,-0.21249999999969305,274.0,276.0,100.0,100.0,0.0,0.0,-1.63,-1.82,5.0,5.0,0.7250000000000001,0.9275,0.18,0.19,6988.0,7033.75
2885.0,-0.21249999999997726,274.0,276.5,100.0,100.0,0.0,0.0,-1.63,-1.82,5.0,5.0,0.795,0.94,0.17250000000000001,0.165,6984.0,7052.0
2890.0,-0.21249999999980673,275.0,277.0,100.0,100.0,0.0,0.0,-1.63,-1.7975,5.0,5.0,0.76,1.02,0.15,0.1775,6993.0,7052.25
2895.0,-0.22499999999968168,275.0,277.0,100.0,100.0,0.0,0.0,-1.6,-1.75,5.0,5.0,0.7749999999999999,0.93,0.18,0.18,7014.0,7061.0
2900.0,-0.22083333333307564,275.0,278.0,100.0,100.0,0.0,0.0,-1.6,-1.75,5.0,5.0,0.73,0.92,0.14750000000000002,0.17,7031.0,7078.0
2905.0,-0.2125000000000341,276.0,278.0,100.0,100.0,0.0,0.0,-1.52,-1.75,5.0,5.0,0.93,0.885,0.19,0.17,7026.0,7093.5
2910.0,-0.21249999999986358,276.0,278.0,100.0,100.0,0.0,0.0,-1.3375000000000001,-1.7,5.0,5.0,0.9299999999999999,1.02,0.185,0.17,7014.75,7097.0
2915.0,-0.22083333333298327,276.6666666666667,279.0,100.0,100.0,0.0,0.0,-1.3,-1.3525,5.0,5.0,0.8933333333333333,1.0925,0.16333333333333333,0.175,7026.333333333333,7084.5
2920.0,-0.22499999999979536,277.0,279.0,100.0,100.0,0.0,0.0,-1.3,-0.9750000000000001,5.0,5.0,0.91,0.97,0.13,0.16,7031.0,7086.5
2925.0,-0.2249999999999659,277.0,279.0,100.0,100.0,0.0,0.0,-1.3,-0.74,5.0,5.0,0.7825,0.87,0.145,0.1525,7041.0,7092.25
2930.0,-0.21249999999986358,277.0,280.0,50.0,100.0,0.0,0.0,-1.3,-0.7024999999999999,5.0,5.0,0.79,0.7575000000000001,-0.04999999999999999,0.13,6960.5,7099.25
2935.0,-0.2124999999996362,277.0,280.0,75.0,100.0,0.0,0.0,-1.3,-0.71,0.0,5.0,0.7675000000000001,0.655,-0.215,0.125,6555.25,7110.5
2940.0,-0.2249999999998522,277.0,280.0,100.0,100.0,0.0,0.0,-1.3,-0.71,6.0,5.0,0.6825,0.59,0.1875,0.1125,6084.25,7119.5
2945.0,-0.22499999999990905,277.5,280.0,100.0,100.0,0.0,0.0,-1.26,-0.71,6.0,5.0,0.76,0.51,0.14,0.11,6097.5,7126.0
2950.0,-0.22499999999990905,278.0,281.0,100.0,100.0,0.0,0.0,-1.1,-0.7525,6.0,5.0,0.8,0.495,0.13,0.1,6094.25,7139.25
2955.0,-0.224999999999568,278.0,281.0,100.0,100.0,0.0,0.0,-0.89,-0.76,6.0,5.0,0.71,0.505,0.1,0.10500000000000001,6099.0,7135.5
2960.0,-0.2291666666665364,278.0,281.0,100.0,100.0,0.0,0.0,-0.86,-0.76,6.0,5.0,0.6766666666666666,0.455,0.1,0.10250000000000001,6117.333333333333,7141.5
2965.0,-0.2249999999998522,278.75,281.25,100.0,100.0,0.0,0.0,-0.86,-0.7575000000000001,6.0,5.0,0.6925,0.47750000000000004,0.1,0.09,6110.5,7155.0
2970.0,-0.22499999999990905,279.0,282.0,100.0,100.0,0.0,0.0,-0.86,-0.735,6.0,5.0,0.58,0.515,0.07,0.08499999999999999,6124.0,7148.0
2975.0,-0.22499999999962483,279.0,282.0,100.0,100.0,0.0,0.0,-0.86,-0.6900000000000001,6.0,5.0,0.59,0.455,0.0925,0.08,6136.25,7156.0
2980.0,-0.22499999999990905,279.0,282.0,100.0,100.0,0.0,0.0,-0.86,-0.61,6.0,5.0,0.6,0.42,0.1,0.07,6136.5,7177.0
2985.0,-0.2249999999998522,279.0,282.0,100.0,100.0,0.0,0.0,-0.86,-0.5325,6.0,5.0,0.6025,0.4225,0.0925,0.07,6136.0,7173.75
2990.0,-0.22499999999990905,280.0,282.0,100.0,100.0,0.0,0.0,-0.83,-0.325,6.0,5.0,0.58,0.38,0.08,0.065,6136.0,7172.5
2995.0,-0.2374999999996703,280.0,282.0,100.0,100.0,0.0,0.0,-0.765,-0.14,6.0,5.0,0.535,0.3375,0.06,0.0675,6140.5,7173.5
3000.0,-0.23749999999995453,280.0,283.0,100.0,100.0,0.0,0.0,-0.75,0.0,6.0,5.0,0.5075000000000001,0.27,0.075,0.07,6151.5,7173.0
3005.0,-0.22499999999979536,280.0,282.5,100.0,50.0,0.0,0.0,-0.75,0.19,6.0,5.0,0.5,0.14,0.08,-0.09499999999999999,6153.0,7039.5
3010.0,-0.22499999999979536,280.0,282.0,100.0,75.0,0.0,0.0,-0.7475,0.22,6.0,0.0,0.475,0.0725,0.07250000000000001,-0.255,6155.5,6667.0
3015.0,-0.22499999999968168,280.5,282.0,100.0,100.0,0.0,0.0,-0.675,0.22,6.0,6.0,0.46,0.02,0.065,0.11,6164.0,6192.0
3020.0,-0.2249999999999659,281.0,282.25,100.0,100.0,0.0,0.0,-0.4525,0.1825,6.0,6.0,0.445,-0.0325,0.07250000000000001,0.07250000000000001,6168.75,6212.25
3025.0,-0.23749999999984084,281.0,283.0,100.0,100.0,0.0,0.0,0.07,0.065,6.0,6.0,0.3675,-0.04,0.065,0.08,6168.0,6212.5
3030.0,-0.23749999999972715,281.0,283.0,100.0,100.0,0.0,0.0,0.53,-0.052500000000000005,6.0,6.0,0.235,-0.025,0.060000000000000005,0.07250000000000001,6169.5,6212.75
3035.0,-0.23749999999972715,281.0,283.0,100.0,100.0,0.0,0.0,0.99,-0.1,6.0,6.0,0.04250000000000001,-0.01,0.07,0.08,6171.0,6217.0
3040.0,-0.23750000000001137,281.0,283.0,100.0,100.0,0.0,0.0,1.09,-0.012499999999999997,6.0,6.0,-0.12,0.0,0.04,0.07,6172.0,6217.25
3045.0,-0.22916666666651508,281.0,283.0,100.0,100.0,0.0,0.0,0.72,0.15333333333333332,6.0,6.0,-0.2725,-0.006666666666666666,0.07,0.07666666666666667,6171.75,6218.333333333333
3050.0,-0.22499999999968168,281.5,284.0,100.0,100.0,0.0,0.0,0.71,0.28,6.0,6.0,-0.325,-0.05,0.060000000000000005,0.06,6179.5,6220.0
3055.0,-0.22499999999973852,282.0,284.0,100.0,100.0,0.0,0.0,1.0899999999999999,0.2575,6.0,6.0,-0.4525,-0.07250000000000001,0.05,0.05500000000000001,6186.5,6236.25
3060.0,-0.23749999999995453,282.0,284.0,100.0,100.0,0.0,0.0,1.4675,0.27,6.0,6.0,-0.5850000000000001,-0.095,0.0475,0.060000000000000005,6183.5,6233.5
3065.0,-0.23749999999989768,282.0,284.0,100.0,100.0,0.0,0.0,1.4849999999999999,0.28250000000000003,6.0,6.0,-0.65,-0.125,0.05,0.0425,6192.0,6233.0
3070.0,-0.23749999999961346,282.0,284.0,100.0,100.0,0.0,0.0,1.1575,0.28,6.0,6.0,-0.64,-0.13,0.045,0.03,6207.25,6239.0
3075.0,-0.237499999999784,282.0,284.0,100.0,100.0,0.0,0.0,0.69,0.26,6.0,6.0,-0.74,-0.14,0.06,0.052500000000000005,6203.0,6253.75
3080.0,-0.23749999999995453,282.0,284.0,100.0,100.0,0.0,0.0,0.26749999999999996,0.23,6.0,6.0,-0.65,-0.165,0.0525,0.06,6193.5,6252.5
3085.0,-0.23749999999989768,282.0,284.0,100.0,100.0,0.0,0.0,-0.195,0.15500000000000003,6.0,6.0,-0.48,-0.1525,0.03,0.052500000000000005,6197.0,6246.0
3090.0,-0.23749999999961346,282.0,284.0,100.0,100.0,0.0,0.0,-0.5449999999999999,0.03,6.0,6.0,-0.29500000000000004,-0.14,0.0375,0.04,6198.25,6246.0
3095.0,-0.237499999999784,282.0,285.0,100.0,100.0,0.0,0.0,-0.68,0.04,6.0,6.0,-0.15,-0.12,0.02,0.0375,6202.0,6252.25
3100.0,-0.2499999999998863,282.0,285.0,100.0,100.0,0.0,0.0,-0.38,0.155,6.0,6.0,-0.01,-0.11,0.02,0.03,6217.0,6256.5
3105.0,-0.23749999999995453,282.0,285.0,100.0,100.0,0.0,0.0,0.24000000000000005,0.45,6.0,6.0,0.0,-0.11,0.0,0.02,6210.25,6273.0
3110.0,-0.23749999999955662,282.0,285.0,100.0,100.0,0.0,0.0,0.62,0.7124999999999999,6.0,6.0,-0.07,-0.17500000000000002,-0.01,0.0075,6225.0,6264.25
3115.0,-0.23749999999984084,282.0,285.0,100.0,100.0,0.0,0.0,0.6074999999999999,0.765,6.0,6.0,-0.11,-0.22,-0.0175,0.02,6236.5,6276.5
3120.0,-0.23749999999989768,282.0,285.0,100.0,100.0,0.0,0.0,0.57,0.645,6.0,6.0,-0.08,-0.23500000000000001,-0.12000000000000001,0.010000000000000002,6321.0,6286.5
3125.0,-0.23749999999995453,282.0,285.0,100.0,100.0,0.0,0.0,0.57,0.64,6.0,6.0,-0.08750000000000001,-0.12,-0.07250000000000001,-0.04,6556.25,6324.0
3130.0,-0.23749999999955662,282.0,285.0,100.0,100.0,0.0,0.0,0.37,0.7775,6.0,6.0,-0.43,-0.10750000000000001,0.29,-0.0325,6349.0,6516.5
3135.0,-0.23749999999984084,283.0,285.0,100.0,100.0,0.0,0.0,-0.3425,0.645,6.0,6.0,-0.5075000000000001,-0.37,0.07,0.19,6228.5,6454.0
3140.0,-0.2458333333331879,283.0,285.0,100.0,100.0,0.0,0.0,-1.0633333333333335,0.07750000000000001,6.0,6.0,-0.2866666666666667,-0.4375,0.023333333333333338,0.0825,6246.666666666667,6286.5
3145.0,-0.25,283.0,285.0,100.0,100.0,0.0,0.0,-1.05,-0.66,6.0,6.0,-0.23,-0.26,0.09,0.05,6278.0,6286.0
3150.0,-0.2499999999996021,283.0,285.25,100.0,100.0,0.0,0.0,-0.99,-0.82,6.0,6.0,-0.12000000000000001,-0.15250000000000002,0.055,0.045,6238.75,6327.5
3155.0,-0.2499999999998863,283.0,286.0,100.0,100.0,0.0,0.0,-0.76,-0.6699999999999999,6.0,6.0,-0.019999999999999997,-0.065,0.07,0.065,6250.5,6295.5
3160.0,-0.24999999999982947,283.0,286.0,100.0,100.0,0.0,0.0,-0.41000000000000003,-0.3625,6.0,6.0,0.05750000000000001,0.0,0.085,0.0625,6235.25,6315.25
3165.0,-0.25,283.0,286.0,100.0,100.0,0.0,0.0,0.08,-0.13,6.0,6.0,0.06,0.04,0.08,0.08,6226.0,6309.0
3170.0,-0.2499999999996021,284.0,286.0,100.0,100.0,0.0,0.0,0.6675,0.1575,6.0,6.0,-0.03,0.075,0.0825,0.09,6228.25,6291.0
3175.0,-0.2499999999998863,284.0,286.5,100.0,100.0,0.0,0.0,0.79,0.48,6.0,6.0,-0.12,0.009999999999999998,0.09,0.09,6237.5,6292.0
3180.0,-0.24999999999982947,284.0,287.0,100.0,100.0,0.0,0.0,0.5975,0.6525000000000001,6.0,6.0,-0.18,-0.0625,0.07500000000000001,0.0825,6248.25,6298.25
3185.0,-0.25,284.0,287.0,100.0,100.0,0.0,0.0,0.33,0.5,6.0,6.0,-0.22,-0.11,0.07,0.08,6255.0,6311.0
3190.0,-0.24166666666629766,284.0,287.0,100.0,100.0,0.0,0.0,0.20333333333333334,0.185,6.0,6.0,-0.24333333333333335,-0.14500000000000002,0.08,0.095,6249.0,6315.5
3195.0,-0.24999999999994316,284.75,287.0,100.0,100.0,0.0,0.0,0.1825,0.14250000000000002,6.0,6.0,-0.20750000000000002,-0.15,0.08,0.0925,6253.5,6312.0
3200.0,-0.24999999999977263,285.0,287.0,100.0,100.0,0.0,0.0,0.07,0.15,6.0,6.0,-0.17,-0.14,0.09,0.08,6265.0,6318.0
3205.0,-0.2499999999998863,285.0,288.0,100.0,100.0,0.0,0.0,-0.0225,0.185,6.0,6.0,-0.145,-0.13,0.10250000000000001,0.07500000000000001,6266.75,6328.5
3210.0,-0.24999999999965894,285.0,288.0,100.0,100.0,0.0,0.0,-0.055,0.2,6.0,6.0,-0.12,-0.125,0.095,0.09,6266.5,6332.0
3215.0,-0.24999999999994316,285.0,288.0,100.0,100.0,0.0,0.0,-0.05,0.215,6.0,6.0,-0.08,-0.12,0.0875,0.0825,6274.5,6332.5
3220.0,-0.24999999999977263,286.0,288.0,100.0,100.0,0.0,0.0,-0.02,0.22,6.0,6.0,-0.05,-0.12,0.09,0.08,6272.0,6341.0
3225.0,-0.2499999999998863,286.0,288.25,100.0,100.0,0.0,0.0,0.0475,0.18,6.0,6.0,-0.03,-0.1225,0.0975,0.085,6276.0,6341.25
3230.0,-0.24999999999965894,286.0,289.0,100.0,100.0,0.0,0.0,0.07,0.14,6.0,6.0,-0.035,-0.125,0.09,0.09,6285.0,6343.0
3235.0,-0.24999999999994316,286.0,289.0,100.0,100.0,0.0,0.0,0.0175,0.1,6.0,6.0,-0.025,-0.1125,0.07500000000000001,0.07250000000000001,6289.5,6351.5
3240.0,-0.24999999999977263,286.0,289.0,100.0,100.0,0.0,0.0,-0.18,0.03,6.0,6.0,0.0,-0.07,0.08,0.09,6300.0,6356.0
3245.0,-0.2499999999998863,287.0,289.0,100.0,100.0,0.0,0.0,-0.6875,-0.16999999999999998,6.0,6.0,0.075,-0.025,0.0925,0.085,6309.75,6367.25
3250.0,-0.24999999999965894,287.0,289.5,100.0,100.0,0.0,0.0,-0.9299999999999999,-0.395,6.0,6.0,0.175,0.015000000000000001,0.1,0.095,6304.0,6374.0
3255.0,-0.24999999999994316,287.0,290.0,100.0,100.0,0.0,0.0,-1.1199999999999999,-0.5375000000000001,6.0,6.0,0.30500000000000005,0.085,0.085,0.105,6301.25,6368.75
3260.0,-0.24999999999977263,287.0,290.0,100.0,100.0,0.0,0.0,-1.4,-0.55,6.0,6.0,0.41,0.17,0.09,0.09,6303.0,6366.0
3265.0,-0.2499999999998863,287.25,290.0,100.0,100.0,0.0,0.0,-2.0225,-0.5700000000000001,6.0,6.0,0.595,0.2,0.0875,0.08,6319.25,6371.25
3270.0,-0.24999999999965894,288.0,290.0,100.0,100.0,0.0,0.0,-2.325,-0.7849999999999999,6.0,6.0,0.745,0.27,0.07500000000000001,0.09,6318.5,6380.0
3275.0,-0.24999999999994316,288.0,290.75,94.0,100.0,0.0,0.0,-2.4924999999999997,-1.2925,6.0,6.0,0.9325,0.385,0.07,0.085,6316.25,6383.5
3280.0,-0.24999999999977263,288.0,291.0,50.0,100.0,0.0,0.0,-2.51,-1.79,6.0,6.0,1.2,0.53,-0.03,0.07,6289.0,6390.0
3285.0,-0.2499999999998863,287.75,291.0,14.25,100.0,1.0,0.0,-2.5625,-2.34,6.0,6.0,1.3,0.8,-0.1875,0.0675,6249.0,6386.25
3290.0,-0.2633333333330157,286.3333333333333,291.0,0.0,100.0,14.666666666666666,0.0,-2.9366666666666665,-3.01,6.0,6.0,1.2433333333333334,1.076,-0.4533333333333333,0.064,6210.666666666667,6381.6
3295.0,-0.27499999999997726,285.0,291.0,0.0,100.0,30.0,0.0,-3.77,-3.565,6.0,6.0,1.66,1.1749999999999998,-0.67,0.045000000000000005,6145.0,6395.0
3300.0,-0.27499999999980673,282.75,291.0,0.0,100.0,32.5,0.0,-4.015,-4.075,6.0,6.0,1.865,1.4375,-0.7324999999999999,0.0275,6116.25,6418.0
3305.0,-0.2749999999998636,281.5,291.0,0.0,100.0,34.5,0.0,-4.06,-4.52,6.0,6.0,1.8250000000000002,1.92,-0.775,0.06,6074.0,6391.0
3310.0,-0.27499999999969305,279.5,291.0,0.0,87.25,35.75,0.0,-4.06,-4.705,6.0,6.0,1.7475,1.8824999999999998,-0.78,0.0025000000000000005,6022.75,6382.0
3315.0,-0.27499999999997726,278.0,291.0,0.0,58.5,36.0,0.0,-4.04,-4.795,6.0,6.0,1.55,1.9,-0.75,-0.05,5980.0,6372.5
3320.0,-0.2791666666664909,275.3333333333333,290.25,0.0,11.0,36.0,0.0,-3.6,-5.0725,6.0,6.0,1.73,1.8125,-0.97,-0.20750000000000002,5914.333333333333,6297.75
3325.0,-0.28749999999979536,272.5,289.0,0.0,0.0,35.25,13.0,-3.1025,-5.18,6.0,6.0,1.8175,1.55,-1.06,-0.46,5879.0,6260.0
3330.0,-0.2874999999997385,270.0,286.75,0.0,0.0,34.0,31.25,-2.97,-5.205,6.0,6.0,1.13,2.42,-0.83,-0.915,5804.0,6194.25
3335.0,-0.2916666666665506,268.6666666666667,285.5,64.66666666666667,0.0,31.333333333333332,37.0,-2.97,-5.415,0.0,6.0,1.23,1.35,-0.7366666666666667,-0.715,6569.0,6133.0
3340.0,-0.28749999999990905,266.5,283.0,14.0,0.0,27.75,41.0,-2.97,-6.13,0.0,6.0,1.3675000000000002,1.43,-0.725,-0.91,6671.25,5947.0
3345.0,-0.2874999999996817,265.0,280.5,0.0,0.0,27.0,47.0,-2.98,-6.88,5.0,6.0,1.14,1.9224999999999999,-0.8,-0.9475,6598.0,5992.5
3350.0,-0.29999999999984084,262.5,278.0,0.0,0.0,23.5,47.5,-3.3,-7.12,5.0,6.0,1.1,1.645,-0.6799999999999999,-0.975,6550.5,5935.0
3355.0,-0.299999999999784,261.25,276.25,0.0,0.0,22.25,48.75,-3.6375,-7.15,5.0,6.0,1.3425,1.3525,-0.6775,-1.025,6531.75,5837.0
3360.0,-0.3124999999998863,259.75,273.0,0.0,0.0,17.75,50.0,-4.05,-7.15,5.0,6.0,0.5875,1.75,-0.46,-1.18,6457.75,5796.0
3365.0,-0.30833333333308843,258.3333333333333,270.5,0.0,34.5,16.333333333333332,50.0,-5.116666666666667,-7.155,5.0,6.0,0.64,1.085,-0.63,-0.845,6384.0,5946.5
3370.0,-0.31249999999994316,257.0,268.5,0.0,34.5,16.0,50.0,-5.67,-7.3775,5.0,0.0,1.03,0.49,-0.53,-0.7875000000000001,6399.0,6263.0
3375.0,-0.3249999999998181,255.5,267.0,0.0,0.0,17.0,50.0,-5.67,-7.65,5.0,5.0,1.5150000000000001,0.6,-0.53,-1.07,6382.5,6390.0
3380.0,-0.3124999999997726,254.25,263.0,0.0,0.0,16.25,49.0,-5.6850000000000005,-7.975,5.0,5.0,1.0875,0.99,-0.47250000000000003,-1.225,6348.0,6386.0
3385.0,-0.3166666666664568,253.0,260.0,0.0,0.0,13.0,49.0,-5.996666666666667,-8.23,5.0,5.0,0.38666666666666666,0.79,-0.31666666666666665,-0.96,6247.333333333333,6395.0
3390.0,-0.32499999999976126,252.25,258.5,0.0,0.0,2.25,49.0,-7.17,-8.725,5.0,5.0,0.8900000000000001,0.38,-0.4225,-0.7474999999999999,6228.25,6204.0
3395.0,-0.3291666666665378,251.0,255.66666666666666,22.25,0.0,0.0,49.0,-7.51,-9.77,5.0,5.0,1.725,0.48000000000000004,-0.14500000000000002,-1.15,6332.0,5818.333333333333
3400.0,-0.3333333333331794,251.0,253.0,56.33333333333333,0.0,0.0,49.0,-7.51,-10.25,5.0,5.0,1.7833333333333334,1.22,-0.07333333333333333,-1.32,6345.666666666667,6152.0
3405.0,-0.31666666666660603,251.0,249.66666666666666,82.0,0.0,0.0,46.333333333333336,-7.51,-9.95,5.0,5.0,2.13,1.6633333333333333,-0.02,-1.1400000000000001,6356.0,6165.0
3410.0,-0.3249999999998181,250.5,246.0,96.0,0.0,0.0,44.0,-7.5649999999999995,-9.62,5.0,5.0,2.12,2.14,0.02,-1.04,6350.5,6100.0
3415.0,-0.3249999999997044,250.0,244.0,93.0,0.0,0.0,42.5,-7.58,-9.39,5.0,5.0,1.93,2.24,0.02,-1.005,6362.0,6022.5
3420.0,-0.3166666666664568,250.0,241.0,91.66666666666667,0.0,0.0,41.0,-7.58,-8.82,5.0,5.0,1.93,2.22,0.06333333333333334,-0.97,6368.666666666667,5913.0
3425.0,-0.3124999999997726,250.0,238.0,90.25,0.0,0.0,31.0,-7.58,-7.445,5.0,5.0,2.1075,2.17,0.0475,-0.825,6375.0,5819.5
3430.0,-0.3124999999998863,250.0,235.0,90.5,0.0,0.0,17.0,-7.615,-6.58,5.0,5.0,1.975,2.24,0.11750000000000001,-0.59,6372.5,5795.0
3435.0,-0.29999999999973426,250.0,233.33333333333334,86.33333333333333,0.0,0.0,12.0,-7.736666666666666,-6.963333333333333,5.0,5.0,1.5733333333333335,2.1433333333333335,0.1,-0.44999999999999996,6419.0,5765.333333333333
3440.0,-0.2999999999998977,250.0,231.75,85.0,0.0,0.0,6.0,-8.39,-7.68,5.0,5.0,1.72,2.005,0.1575,-0.34750000000000003,6416.75,5742.0
3445.0,-0.29999999999988347,250.0,230.33333333333334,83.66666666666667,0.0,0.0,0.0,-8.706666666666667,-7.17,5.0,5.0,1.8599999999999999,1.6833333333333333,0.13,-0.23,6420.0,5727.333333333333
3450.0,-0.2833333333330046,251.0,229.66666666666666,85.0,0.0,0.0,0.0,-8.63,-5.943333333333333,5.0,5.0,1.96,1.6500000000000001,0.13,-0.20666666666666667,6399.0,5711.333333333333
3455.0,-0.2749999999998636,251.0,228.0,86.0,17.0,0.0,0.0,-8.19,-5.41,5.0,5.0,1.84,2.01,0.14,-0.13,6422.0,5740.0
3460.0,-0.28333333333307564,251.0,228.0,87.0,44.0,0.0,0.0,-7.62,-5.846666666666667,5.0,5.0,1.85,1.8399999999999999,0.13,-0.05,6421.0,5759.333333333333
3465.0,-0.26666666666658045,251.0,228.0,89.66666666666667,80.0,0.0,0.0,-7.2700000000000005,-7.2,5.0,5.0,1.7433333333333334,1.54,0.16,0.03,6440.666666666667,5774.0
3470.0,-0.25416666666637866,251.0,228.0,90.5,93.66666666666667,0.0,0.0,-7.12,-8.063333333333333,5.0,5.0,1.9775,1.2966666666666666,0.1675,0.08,6439.5,5801.0
3475.0,-0.24583333333328028,251.25,228.0,93.5,96.0,0.0,0.0,-7.05,-7.970000000000001,5.0,5.0,2.0825,1.5133333333333332,0.1775,0.09666666666666666,6421.75,5807.333333333333
3480.0,-0.24583333333326607,252.0,228.0,96.33333333333333,98.75,0.0,0.0,-6.793333333333333,-7.3425,5.0,5.0,1.86,1.7375,0.19,0.12,6435.666666666667,5808.75
3485.0,-0.23333333333289374,252.0,228.0,97.0,100.0,0.0,0.0,-6.44,-6.74,5.0,5.0,1.86,1.78,0.19,0.15666666666666668,6454.0,5820.666666666667
3490.0,-0.22499999999990905,252.0,229.0,100.0,100.0,0.0,0.0,-5.765000000000001,-5.89,5.0,5.0,2.23,1.43,0.18,0.19,6433.5,5850.0
3495.0,-0.2166666666664696,252.0,229.0,100.0,100.0,0.0,0.0,-4.91,-5.236666666666667,5.0,5.0,2.16,1.84,0.15,0.26666666666666666,6430.0,5880.0
3500.0,-0.21666666666639856,253.0,229.0,100.0,100.0,0.0,0.0,-4.056666666666667,-4.72,5.0,5.0,2.026666666666667,1.79,0.19333333333333333,0.26,6440.666666666667,5860.0
3505.0,-0.20416666666642413,253.0,230.0,100.0,100.0,0.0,0.0,-3.41,-4.203333333333333,5.0,5.0,1.9175,1.6966666666666665,0.1825,0.25,6441.25,5891.666666666667
3510.0,-0.19583333333332575,253.0,230.33333333333334,100.0,100.0,0.0,0.0,-2.8575,-3.99,5.0,5.0,1.5425,1.6833333333333333,0.185,0.24333333333333335,6468.0,5890.0
3515.0,-0.195833333333141,253.66666666666666,231.0,89.33333333333333,100.0,0.0,0.0,-2.066666666666667,-3.6625,5.0,5.0,1.3900000000000001,1.5175,0.16666666666666669,0.2525,6467.666666666667,5906.0
3520.0,-0.18333333333293922,254.0,231.33333333333334,51.0,100.0,8.0,0.0,-1.07,-3.2533333333333334,5.0,5.0,1.08,1.2833333333333334,0.01,0.23333333333333334,6428.0,5929.0
3525.0,-0.17499999999995453,252.5,232.0,7.5,100.0,39.5,0.0,0.16999999999999998,-2.68,5.0,5.0,0.775,1.12,-0.5650000000000001,0.25,6313.0,5954.0
3530.0,-0.17499999999972715,250.0,233.0,0.0,100.0,57.0,0.0,0.82,-2.245,5.0,5.0,0.43,1.04,-0.94,0.245,6211.0,5981.5
3535.0,-0.16666666666644403,247.33333333333334,233.0,23.0,100.0,67.0,0.0,0.8766666666666667,-1.71,5.0,5.0,0.20333333333333334,0.95,-1.2133333333333334,0.24,6225.333333333333,5971.0
3540.0,-0.16666666666651508,244.0,234.0,56.0,96.0,74.0,0.0,0.73,-1.0166666666666666,0.0,5.0,-0.05,0.9166666666666666,-1.4,0.27,7135.0,5979.333333333333
3545.0,-0.1666666666666714,240.0,234.0,0.0,55.0,73.66666666666667,7.0,0.22333333333333333,-0.02,4.0,5.0,-0.10666666666666667,0.62,-1.52,0.06,6963.333333333333,5954.0
3550.0,-0.16666666666651508,236.0,234.0,0.0,13.0,73.0,40.666666666666664,-0.34,0.5966666666666667,4.0,5.0,-0.11,0.41,-1.51,-0.5,6878.0,5865.333333333333
3555.0,-0.15833333333307564,231.5,230.0,0.0,0.0,75.0,69.66666666666667,-0.47,1.06,4.0,5.0,-0.035,0.10333333333333335,-1.52,-1.2633333333333332,6711.5,5706.333333333333
3560.0,-0.16250000000007958,227.0,226.5,0.0,0.0,72.0,77.75,-0.33,1.0825,4.0,5.0,0.0,-0.11250000000000002,-1.6,-1.5325,6583.0,5606.75
3565.0,-0.16666666666644403,223.66666666666666,222.33333333333334,46.0,0.0,70.0,77.0,-0.23,0.6433333333333333,4.0,5.0,0.019999999999999997,-0.19,-1.45,-1.5466666666666666,6758.666666666667,5436.333333333333
3570.0,-0.16666666666635876,218.33333333333334,218.0,46.0,69.0,68.66666666666667,77.0,0.003333333333333334,0.22,0.0,0.0,0.03666666666666667,-0.28,-1.4566666666666668,-1.54,7397.0,5952.0
3575.0,-0.16666666666674246,214.0,212.66666666666666,0.0,9.333333333333336,68.0,77.0,0.09,0.12666666666666668,3.0,0.0,0.03,-0.19333333333333333,-1.5,-1.5433333333333334,7660.0,6175.0
3580.0,-0.14999999999979252,210.0,207.33333333333334,0.0,0.0,68.0,77.0,3.469446951953614e-18,0.30333333333333334,3.0,4.0,0.02333333333333333,-0.13666666666666666,-1.45,-1.5733333333333335,7284.0,5997.666666666667
3585.0,-0.15833333333307564,205.0,203.0,0.0,0.0,67.5,77.0,0.020000000000000004,0.6833333333333333,3.0,4.0,0.04,-0.09666666666666666,-1.44,-1.47,7268.5,5816.333333333333
3590.0,-0.1666666666666714,200.66666666666666,198.0,0.0,0.0,67.33333333333333,77.0,0.23333333333333334,1.22,3.0,4.0,0.003333333333333334,-0.16,-1.4033333333333333,-1.72,7068.333333333333,5569.0
3595.0,-0.14999999999986358,196.0,192.0,0.0,69.0,67.0,77.0,0.43,1.25,3.0,0.0,-0.02,-0.2,-1.43,-1.49,6905.0,6244.0
3600.0,-0.14999999999986358,191.0,188.0,0.0,0.0,68.0,74.0,0.45,1.57,3.0,3.0,-0.07,-0.27,-1.46,-1.48,6768.0,6590.0
3605.0,-0.1499999999996362,186.0,182.0,0.0,0.0,73.0,72.0,0.92,1.22,3.0,3.0,-0.16,-0.39,-1.5,-1.49,6564.0,6442.0
3610.0,-0.1499999999996362,181.0,177.0,0.0,0.0,74.0,73.0,0.99,0.77,3.0,3.0,-0.21,-0.35,-1.54,-1.47,6391.0,6239.0
3615.0,-0.15000000000009095,175.0,172.0,0.0,0.0,76.0,73.0,1.42,0.66,3.0,3.0,-0.18,-0.3,-1.33,-1.45,6154.0,6042.0
3620.0,-0.14999999999986358,171.0,167.0,69.0,0.0,77.0,73.0,2.15,0.66,0.0,3.0,-0.31,-0.26,-1.69,-1.46,6401.0,5894.0
3625.0,-0.14166666666660888,164.0,160.5,0.0,48.0,76.66666666666667,74.0,2.3933333333333335,0.9550000000000001,2.0,0.0,-0.4533333333333333,-0.16999999999999998,-1.4266666666666667,-1.435,7038.666666666667,6305.5
3630.0,-0.1499999999997499,158.5,155.5,0.0,0.0,77.0,74.0,3.0949999999999998,1.1600000000000001,2.0,2.0,-0.62,-0.33,-1.62,-1.5299999999999998,6519.0,6694.0
3635.0,-0.14999999999986358,151.0,148.0,0.0,0.0,76.0,74.0,4.34,1.98,2.0,2.0,-0.88,-0.33,-1.5,-1.39,6596.0,6165.0
3640.0,-0.1499999999997499,145.5,142.0,0.0,0.0,76.0,74.5,5.46,3.925,2.0,2.0,-0.62,-0.6100000000000001,-1.365,-1.58,5844.0,6125.5
3645.0,-0.14999999999986358,140.0,136.0,0.0,0.0,73.0,76.0,5.81,5.79,2.0,2.0,-1.0,-0.49,-1.39,-1.19,5626.0,5844.0
3650.0,-0.12499999999977263,134.0,129.0,0.0,0.0,62.0,75.0,6.235,7.51,2.0,2.0,-1.13,-0.84,-1.0550000000000002,-1.41,5475.0,5271.0
3655.0,-0.09999999999990905,129.0,122.0,0.0,0.0,61.0,67.0,7.87,8.27,2.0,2.0,-1.27,-1.17,-1.04,-1.12,5181.0,5001.0
3660.0,-0.09999999999990905,122.0,117.0,0.0,0.0,46.0,36.0,9.86,9.61,2.0,2.0,-1.72,-1.23,-0.95,-0.83,5032.0,4768.0
3665.0,-0.09999999999990905,118.0,114.0,0.0,0.0,0.0,0.0,11.53,10.38,2.0,2.0,-2.0,-1.85,-0.19,-0.15,5161.0,4986.0
3670.0,-0.12499999999977263,116.5,112.0,7.0,12.0,0.0,0.0,12.02,10.41,2.0,2.0,-1.94,-1.85,-0.07,-0.03,5138.5,5013.0
3675.0,-0.09999999999979536,115.0,112.0,16.5,33.5,0.0,0.0,5.890000000000001,10.055,2.0,2.0,-1.9849999999999999,-1.63,0.045,0.135,5172.5,5077.5
3680.0,-0.0749999999998181,114.0,113.0,29.5,43.0,0.0,0.0,6.74,10.49,2.0,2.0,-2.06,-1.37,0.135,0.2,5181.5,5108.0
3685.0,-0.09999999999968168,114.0,114.0,47.0,41.0,0.0,0.0,12.54,12.85,2.0,2.0,-1.77,-1.37,0.19,0.21,5212.0,5132.0
3690.0,-0.09999999999968168,115.0,115.0,70.0,39.0,0.0,0.0,12.59,15.23,2.0,2.0,-1.44,-1.33,0.29,0.2,5247.0,5190.0
3695.0,-0.09999999999990905,117.0,116.0,72.0,33.0,0.0,0.0,15.6,16.08,2.0,2.0,-1.4,-1.64,0.31,0.17,5299.0,5208.0
3700.0,-0.07499999999993179,118.0,116.0,61.0,19.5,0.0,0.0,19.13,16.575000000000003,2.0,2.0,-1.51,-1.555,0.3,0.115,5444.0,5224.5
3705.0,-0.07499999999993179,120.0,116.0,57.0,6.5,0.0,0.0,20.6,19.63,2.0,2.0,-1.82,-1.665,0.31,-0.045000000000000005,5536.0,5179.0
3710.0,-0.07499999999970441,122.0,116.0,65.0,14.0,0.0,0.0,20.68,21.740000000000002,2.0,2.0,-1.82,-1.7650000000000001,0.4,0.0,5679.0,5199.5
3715.0,-0.07499999999970441,124.0,116.0,74.0,41.0,0.0,0.0,20.56,21.78,2.0,2.0,-1.61,-1.865,0.46,0.19,5875.0,5280.0
3720.0,-0.04999999999972715,126.0,117.0,71.0,67.0,0.0,0.0,18.42,20.53,2.0,2.0,-1.98,-1.74,0.5,0.33,5935.0,5398.0
3725.0,-0.049999999999954525,127.0,119.0,68.0,80.0,0.0,0.0,16.28,19.2,2.0,2.0,-1.96,-1.85,0.53,0.4,6024.0,5542.0
3730.0,-0.024999999999863576,129.0,121.0,64.5,77.0,0.0,0.0,14.41,18.22,2.0,2.0,-2.0549999999999997,-1.83,0.5,0.48,6152.0,5684.0
3735.0,-0.024999999999863576,130.0,123.0,65.0,75.0,0.0,0.0,13.26,17.1,2.0,2.0,-2.05,-2.04,0.45999999999999996,0.54,6206.0,5816.0
3740.0,0.0,132.0,125.0,66.0,72.0,0.0,0.0,12.23,14.25,2.0,2.0,-2.03,-2.12,0.44,0.49,6214.0,5912.0
3745.0,-0.024999999999636202,133.0,127.0,69.0,71.0,0.0,0.0,11.79,12.265,2.0,2.0,-2.14,-1.9649999999999999,0.5,0.53,6263.0,5999.5
3750.0,1.1368683772161603e-13,134.5,128.5,70.5,69.5,0.0,0.0,11.59,10.32,2.0,2.0,-2.135,-2.065,0.52,0.5549999999999999,6314.0,6093.0
3755.0,4.547473508864641e-13,136.0,130.0,76.0,71.0,0.0,0.0,11.01,8.73,2.0,2.0,-1.93,-1.98,0.53,0.57,6323.0,6136.0
3760.0,2.2737367544323206e-13,137.0,133.0,0.0,77.0,0.0,0.0,9.74,7.69,0.0,2.0,-1.98,-2.16,0.0,0.63,6109.0,6200.0
3765.0,3.410605131648481e-13,139.0,134.5,83.0,81.5,0.0,0.0,9.665,7.02,3.0,2.0,-2.05,-1.84,0.52,0.585,5231.5,6293.5
3770.0,0.025000000000204636,141.0,137.5,88.0,86.5,0.0,0.0,9.25,6.93,3.0,2.0,-1.68,-1.9100000000000001,0.53,0.625,5271.0,6360.0
3775.0,0.025000000000318323,143.5,140.0,89.5,93.0,0.0,0.0,8.26,7.46,3.0,2.0,-1.46,-1.66,0.52,0.61,5363.5,6417.0
3780.0,0.025000000000204636,145.0,141.5,87.0,90.5,0.0,0.0,7.43,8.225,3.0,2.0,-1.37,-1.51,0.53,0.5800000000000001,5525.0,6537.0
3785.0,0.025000000000318323,147.5,144.0,92.0,88.0,0.0,0.0,7.23,8.07,3.0,2.0,-1.4300000000000002,-1.33,0.5349999999999999,0.53,5506.5,6745.0
3790.0,0.025000000000204636,149.0,146.5,84.0,91.5,0.0,0.0,7.65,7.515,3.0,2.0,-1.48,-1.5950000000000002,0.56,0.58,5724.0,6740.0
3795.0,0.025000000000318323,151.0,149.0,49.5,85.0,0.0,0.0,8.760000000000002,7.47,3.0,2.0,-1.895,-1.59,0.325,0.52,5587.0,6926.0
3800.0,0.033333333333459336,152.0,151.0,49.333333333333336,90.0,0.0,0.0,8.586666666666666,6.616666666666666,3.0,2.0,-0.9466666666666668,-1.49,0.32999999999999996,0.5166666666666667,5629.666666666667,6958.666666666667
3805.0,0.02500000000043201,153.0,152.5,52.0,88.0,0.0,0.0,6.56,5.47,3.0,2.0,-0.84,-1.4649999999999999,0.33,0.5449999999999999,6600.0,7134.5
3810.0,0.02500000000009095,155.0,155.0,87.5,92.0,0.0,0.0,4.325,3.96,3.0,2.0,-1.445,-1.25,0.38,0.47,5768.5,7232.0
3815.0,0.016666666667106256,156.0,156.0,99.0,96.0,0.0,0.0,4.17,2.8266666666666667,3.0,2.0,-0.85,-1.2433333333333332,-0.08,0.41,6119.0,7218.333333333333
3820.0,0.024999999999977263,156.0,157.0,99.0,97.0,0.0,0.0,4.01,1.385,3.0,2.0,-0.62,-1.4849999999999999,-0.09,0.22499999999999998,6106.0,7202.5
3825.0,0.025000000000318323,155.5,158.0,98.5,0.0,0.0,0.0,3.735,-0.52,3.0,0.0,-0.49,-1.06,0.03999999999999998,0.06,5998.0,7010.0
3830.0,0.016666666666722563,155.0,160.0,100.0,100.0,0.0,0.0,2.6066666666666665,-1.35,3.0,3.0,-0.2366666666666667,-0.8,-0.13999999999999993,0.78,6030.666666666667,6004.0
3835.0,0.02500000000009095,155.0,162.0,100.0,100.0,0.0,0.0,1.65,-1.5,3.0,3.0,0.01,-0.5,-0.03,0.585,5778.0,6003.0
3840.0,1.1368683772161603e-13,155.5,164.0,87.0,100.0,0.0,0.0,3.065,-1.4649999999999999,3.0,3.0,0.01,-0.05,0.315,0.5549999999999999,6649.5,6069.5
3845.0,0.016666666666722563,157.66666666666666,166.0,100.0,100.0,0.0,0.0,4.343333333333334,-0.91,3.0,3.0,-0.11666666666666667,0.16,0.6666666666666666,0.58,5938.0,6165.0
3850.0,2.2737367544323206e-13,161.0,169.0,79.0,100.0,0.0,0.0,2.58,-0.32,3.0,3.0,-0.5,0.19,0.5,0.56,5926.0,6241.0
3855.0,2.2737367544323206e-13,162.0,170.0,55.0,100.0,0.0,0.0,0.75,-0.2,3.0,3.0,-0.44,0.15,0.71,0.54,5918.0,6309.0
3860.0,-0.024999999999636202,163.5,172.0,73.5,100.0,0.0,0.0,-0.53,-0.22,3.0,3.0,-0.17,0.11,0.41500000000000004,0.53,6110.5,6389.0
3865.0,-0.008333333333212067,165.0,174.33333333333334,98.5,100.0,0.0,0.0,-0.41000000000000003,-0.39,3.0,3.0,-0.04,0.10666666666666667,0.475,0.49666666666666665,6332.0,6466.0
3870.0,-0.016666666666424135,167.66666666666666,176.33333333333334,100.0,100.0,0.0,0.0,1.3433333333333333,-0.43,3.0,3.0,-0.013333333333333332,0.12333333333333334,0.39333333333333337,0.49666666666666665,6308.333333333333,6515.333333333333
3875.0,-0.03333333333330302,169.0,178.33333333333334,100.0,100.0,0.0,0.0,2.29,-0.43,3.0,3.0,-0.08,0.13,0.42,0.49333333333333335,6377.0,6585.0
3880.0,-0.03333333333330302,171.0,180.0,100.0,100.0,0.0,0.0,1.36,-0.47333333333333333,3.0,3.0,-0.11,0.15333333333333332,0.93,0.5066666666666667,6391.0,6667.0
3885.0,-0.03333333333307564,173.0,181.33333333333334,100.0,100.0,0.0,0.0,0.57,-0.53,3.0,3.0,-0.15,0.18666666666666668,0.45,0.49,6391.0,6705.666666666667
3890.0,-0.049999999999798206,175.0,183.33333333333334,100.0,100.0,0.0,0.0,0.14666666666666667,-0.55,3.0,3.0,-0.04,0.17333333333333334,0.4666666666666667,0.4533333333333333,6508.666666666667,6783.333333333333
3895.0,-0.04999999999972715,176.33333333333334,184.33333333333334,100.0,100.0,0.0,0.0,0.06333333333333334,-0.5666666666666667,3.0,3.0,0.009999999999999998,0.18,0.4633333333333333,0.4633333333333333,6532.333333333333,6827.666666666667
3900.0,-0.04999999999988347,178.33333333333334,186.33333333333334,100.0,100.0,0.0,0.0,0.07,-0.6633333333333333,3.0,3.0,0.06999999999999999,0.19,0.47333333333333333,0.43666666666666665,6614.0,6894.0
3905.0,-0.06666666666653498,179.33333333333334,188.0,100.0,100.0,0.0,0.0,0.09333333333333334,-0.66,3.0,3.0,0.08,0.22,0.46,0.43,6639.666666666667,6946.0
3910.0,-0.06666666666644971,181.33333333333334,189.0,100.0,100.0,0.0,0.0,0.023333333333333338,-0.81,3.0,3.0,0.09333333333333334,0.22,0.44666666666666666,0.46,6722.0,6994.0
3915.0,-0.06666666666644971,183.33333333333334,191.0,100.0,100.0,0.0,0.0,-0.18,-1.38,3.0,3.0,0.11333333333333333,0.33,0.45999999999999996,0.43,6770.666666666667,7053.0
3920.0,-0.06666666666644971,184.33333333333334,192.0,100.0,100.0,0.0,0.0,-0.16333333333333333,-1.41,3.0,3.0,0.13,0.37,0.45,0.4,6820.666666666667,7093.0
3925.0,-0.08333333333318649,186.33333333333334,193.66666666666666,100.0,100.0,0.0,0.0,-0.2633333333333333,-1.4033333333333333,3.0,3.0,0.12333333333333334,0.41333333333333333,0.42666666666666664,0.38333333333333336,6888.333333333333,7166.333333333333
3930.0,-0.06666666666660603,187.0,194.66666666666666,100.0,100.0,0.0,0.0,-0.66,-1.4,3.0,3.0,0.16,0.5,0.45,0.37666666666666665,6958.0,7169.666666666667
3935.0,-0.0749999999998181,189.0,195.0,100.0,50.0,0.0,0.0,-0.79,-1.4049999999999998,3.0,0.0,0.24,0.46499999999999997,0.45,-0.025,6987.0,6790.5
3940.0,-0.08333333333303017,190.0,196.33333333333334,100.0,100.0,0.0,0.0,-0.78,-1.41,3.0,4.0,0.26,0.5033333333333333,0.43,0.34,7045.0,5939.0
3945.0,-0.09999999999968168,192.0,197.0,100.0,100.0,0.0,0.0,-0.78,-1.41,3.0,4.0,0.26,0.48,0.4,0.4,7096.0,5967.0
3950.0,-0.08333333333318649,192.0,199.0,66.66666666666666,100.0,0.0,0.0,-0.78,-1.44,0.0,4.0,0.24,0.44,-0.013333333333333336,0.41,6591.333333333333,6027.0
3955.0,-0.099999999999838,193.66666666666666,199.66666666666666,100.0,100.0,0.0,0.0,-0.7866666666666667,-1.8266666666666667,4.0,4.0,0.26,0.41666666666666663,0.49333333333333335,0.38333333333333336,5912.666666666667,6092.666666666667
3960.0,-0.09166666666646961,195.0,201.66666666666666,100.0,100.0,0.0,0.0,-0.78,-1.95,4.0,4.0,0.28,0.5433333333333333,0.405,0.39999999999999997,5920.5,6114.0
3965.0,-0.099999999999838,196.33333333333334,202.33333333333334,100.0,100.0,0.0,0.0,-0.91,-1.53,4.0,4.0,0.31,0.42333333333333334,0.44,0.32666666666666666,5964.0,6207.666666666667
3970.0,-0.09999999999990905,198.0,204.0,100.0,100.0,0.0,0.0,-1.64,-1.18,4.0,4.0,0.46,0.6,0.43,0.45,5973.0,6171.0
3975.0,-0.09999999999990905,199.0,205.0,100.0,100.0,0.0,0.0,-2.64,-1.05,4.0,4.0,0.53,0.69,0.4,0.41,6013.0,6200.0
3980.0,-0.09999999999975273,200.66666666666666,206.66666666666666,100.0,100.0,0.0,0.0,-2.986666666666667,-0.6966666666666667,4.0,4.0,0.73,0.5466666666666666,0.43333333333333335,0.39666666666666667,6060.0,6228.0
3985.0,-0.11666666666640424,201.66666666666666,207.33333333333334,100.0,100.0,0.0,0.0,-2.97,-0.5633333333333334,4.0,4.0,0.8133333333333334,0.4533333333333333,0.4033333333333333,0.36333333333333334,6109.333333333333,6270.0
3990.0,-0.11666666666663161,203.0,209.0,100.0,100.0,0.0,0.0,-3.0133333333333336,-0.51,4.0,4.0,0.8666666666666667,0.37,0.41,0.38,6133.0,6294.0
3995.0,-0.09999999999968168,204.0,210.0,100.0,100.0,0.0,0.0,-3.65,-0.53,4.0,4.0,0.78,0.29,0.39,0.38,6195.0,6344.0
4000.0,-0.11666666666633319,205.0,211.0,100.0,100.0,0.0,0.0,-4.91,-0.8033333333333333,4.0,4.0,0.83,0.25333333333333335,0.29,0.37666666666666665,6341.0,6383.333333333333
4005.0,-0.11666666666664582,206.66666666666666,212.33333333333334,100.0,100.0,0.0,0.0,-5.3566666666666665,-1.92,4.0,4.0,1.3966666666666665,0.26,0.3933333333333333,0.45666666666666667,6235.333333333333,6544.666666666667
4010.0,-0.11666666666640424,207.33333333333334,214.0,100.0,100.0,0.0,0.0,-5.36,-2.55,4.0,4.0,1.3666666666666667,0.69,0.3833333333333333,0.44,6270.0,6447.0
4015.0,-0.11666666666633319,209.0,214.66666666666666,100.0,100.0,0.0,0.0,-5.36,-2.55,4.0,4.0,1.19,0.7466666666666667,0.37,0.36666666666666664,6316.0,6468.333333333333
4020.0,-0.11666666666664582,209.66666666666666,216.0,100.0,100.0,0.0,0.0,-5.36,-2.643333333333333,4.0,4.0,1.27,0.7433333333333333,0.38666666666666666,0.39333333333333337,6381.0,6519.666666666667
4025.0,-0.133333333333141,210.66666666666666,217.0,100.0,100.0,0.0,0.0,-5.08,-3.09,4.0,4.0,1.53,0.92,0.39999999999999997,0.38,6380.333333333333,6556.0
4030.0,-0.13333333333305575,212.0,218.0,100.0,100.0,0.0,0.0,-4.6033333333333335,-3.5100000000000002,4.0,4.0,1.25,1.09,0.36333333333333334,0.37333333333333335,6420.666666666667,6560.666666666667
4035.0,-0.1333333333333684,213.0,219.0,100.0,100.0,0.0,0.0,-4.17,-3.75,4.0,4.0,1.51,0.9533333333333334,0.44,0.3433333333333333,6436.0,6636.666666666667
4040.0,-0.133333333333141,213.66666666666666,220.0,100.0,100.0,0.0,0.0,-3.6333333333333333,-3.69,4.0,4.0,1.28,1.41,0.38666666666666666,0.43,6469.0,6636.0
4045.0,-0.13333333333305575,215.0,221.0,100.0,100.0,0.0,0.0,-2.9366666666666665,-3.3633333333333333,4.0,4.0,1.1766666666666665,1.1833333333333333,0.41,0.31666666666666665,6504.0,6660.333333333333
4050.0,-0.1333333333333684,216.0,222.0,100.0,100.0,0.0,0.0,-2.35,-2.986666666666667,4.0,4.0,1.24,0.9366666666666666,0.41,0.33666666666666667,6516.0,6744.666666666667
4055.0,-0.14583333333312964,216.66666666666666,222.75,100.0,100.0,0.0,0.0,-1.6600000000000001,-2.6025,4.0,4.0,1.1433333333333333,1.365,0.35666666666666663,0.3825,6522.666666666667,6740.75
4060.0,-0.14999999999970726,218.0,224.0,100.0,100.0,0.0,0.0,-1.25,-1.8133333333333332,4.0,4.0,0.8966666666666666,1.3733333333333333,0.35,0.35333333333333333,6546.666666666667,6719.0
4065.0,-0.15000000000009095,219.0,224.0,100.0,100.0,0.0,0.0,-1.21,-1.32,4.0,4.0,0.64,1.21,0.36,0.33,6604.0,6737.0
4070.0,-0.14999999999979252,220.0,225.66666666666666,100.0,100.0,0.0,0.0,-1.19,-0.7266666666666667,4.0,4.0,0.5966666666666667,0.7533333333333333,0.35,0.32333333333333336,6643.666666666667,6791.666666666667
4075.0,-0.14999999999970726,221.0,226.33333333333334,100.0,100.0,0.0,0.0,-1.14,-0.6699999999999999,4.0,4.0,0.48333333333333334,0.58,0.33,0.33666666666666667,6661.666666666667,6837.666666666667
4080.0,-0.16250000000007958,222.0,227.0,100.0,100.0,0.0,0.0,-0.67,-0.475,4.0,4.0,0.52,0.44000000000000006,0.43,0.355,6687.0,6840.25
4085.0,-0.15833333333307564,223.0,228.33333333333334,100.0,100.0,0.0,0.0,0.13,-0.006666666666666682,4.0,4.0,0.45,0.32666666666666666,0.355,0.3066666666666667,6685.5,6922.0
4090.0,-0.1499999999996362,224.0,229.0,100.0,100.0,0.0,0.0,1.41,0.97,4.0,4.0,0.09,0.19,0.34,0.34,6715.0,6889.0
4095.0,-0.1500000000000199,224.66666666666666,230.0,100.0,100.0,0.0,0.0,2.0166666666666666,1.57,4.0,4.0,-0.11666666666666667,-0.19,0.2833333333333333,0.32333333333333336,6868.666666666667,6906.0
4100.0,-0.16666666666635876,226.0,231.0,100.0,100.0,0.0,0.0,2.21,1.5,4.0,4.0,-0.45666666666666667,-0.26,0.46,0.25,6932.666666666667,6952.0
4105.0,-0.1666666666662877,227.0,231.66666666666666,100.0,100.0,0.0,0.0,2.31,1.52,4.0,4.0,-0.7,-0.3966666666666666,0.29,0.3466666666666667,6825.0,7096.0
4110.0,-0.15833333333330302,228.0,233.0,100.0,100.0,0.0,0.0,2.3,1.3133333333333332,4.0,4.0,-0.88,-0.5466666666666666,0.32999999999999996,0.27,6833.0,7012.0
4115.0,-0.16249999999968168,229.0,233.75,100.0,100.0,0.0,0.0,1.85,0.7325,4.0,4.0,-0.61,-0.6525000000000001,0.35,0.3275,6896.0,7021.5
4120.0,-0.16666666666635876,229.66666666666666,234.33333333333334,100.0,100.0,0.0,0.0,1.2400000000000002,0.22,4.0,4.0,-0.6133333333333333,-0.45333333333333337,0.29000000000000004,0.2833333333333333,6954.0,7053.666666666667
4125.0,-0.16666666666658614,230.0,235.0,100.0,100.0,0.0,0.0,0.9266666666666667,-0.03,4.0,4.0,-0.4666666666666667,-0.39,0.20333333333333334,0.42,7092.666666666667,7064.0
4130.0,-0.17083333333316375,230.0,236.0,100.0,100.0,0.0,0.0,0.8375,0.06999999999999999,4.0,4.0,-0.5825,-0.22999999999999998,0.21250000000000002,0.13666666666666666,7262.0,7158.0
4135.0,-0.16666666666644403,231.33333333333334,236.0,100.0,100.0,0.0,0.0,0.3566666666666667,0.12,4.0,4.0,-0.8266666666666667,-0.22,0.33666666666666667,0.28,6949.666666666667,7207.0
4140.0,-0.17499999999984084,232.0,237.0,100.0,100.0,0.0,0.0,-0.55,0.0,4.0,4.0,-0.53,-0.28,0.31,0.135,6975.0,7145.0
4145.0,-0.17499999999995453,233.0,238.0,100.0,100.0,0.0,0.0,-1.065,-0.47,4.0,4.0,-0.14,-0.19,0.215,0.26,7052.5,7123.0
4150.0,-0.17499999999984084,234.0,238.0,100.0,50.0,0.0,0.0,-0.92,-1.0950000000000002,4.0,4.0,0.1,0.01,0.35,0.08000000000000002,7026.0,6992.5
4155.0,-0.18333333333309554,235.0,238.0,100.0,100.0,0.0,0.0,-0.6933333333333334,-1.1,4.0,8.0,0.21999999999999997,0.2,0.3,-0.08,7047.0,6568.0
4160.0,-0.1750000000000682,236.0,239.0,100.0,100.0,0.0,0.0,-0.61,-1.1,4.0,5.0,0.26,0.39,0.28,0.305,7069.0,6084.0
4165.0,-0.18333333333309554,236.66666666666666,240.0,100.0,100.0,0.0,0.0,-0.61,-1.1,4.0,5.0,0.2866666666666667,0.44,0.27,0.27,7139.333333333333,6099.0
4170.0,-0.18749999999965894,237.25,240.5,100.0,100.0,0.0,0.0,-0.6325000000000001,-1.11,4.0,5.0,0.35,0.385,0.2675,0.27,7129.5,6178.5
4175.0,-0.1833333333333229,238.0,241.0,100.0,100.0,0.0,0.0,-0.9966666666666666,-1.11,4.0,5.0,0.27666666666666667,0.5,0.20666666666666667,0.31,7202.333333333333,6175.0
4180.0,-0.18749999999977263,238.25,242.0,100.0,100.0,0.0,0.0,-1.33,-1.42,4.0,5.0,0.4575,0.32,0.21250000000000002,0.265,7250.5,6231.0
4185.0,-0.18333333333301027,239.0,243.0,100.0,100.0,0.0,0.0,-1.33,-2.03,4.0,5.0,0.5266666666666667,0.63,0.25666666666666665,0.46,7176.666666666667,6270.0
4190.0,-0.1874999999998863,239.75,243.5,25.0,100.0,0.0,0.0,-1.455,-1.98,0.0,5.0,0.26,0.745,-0.0775,0.30500000000000005,6892.75,6214.5
4195.0,-0.18333333333323765,239.0,244.0,98.0,100.0,0.0,0.0,-2.29,-1.86,5.0,5.0,0.33666666666666667,0.5,0.08333333333333331,0.27,6602.666666666667,6246.0
4200.0,-0.18749999999977263,240.25,244.0,100.0,95.5,0.0,0.0,-2.815,-2.045,5.0,5.0,1.005,0.3,0.55,0.08,6150.0,6751.0
4205.0,-0.18333333333309554,241.66666666666666,246.0,100.0,100.0,0.0,0.0,-2.816666666666667,-2.19,5.0,5.0,1.16,1.08,0.32333333333333336,0.52,6166.0,6252.0
4210.0,-0.19583333333332575,242.25,246.33333333333334,100.0,100.0,0.0,0.0,-2.7249999999999996,-1.9366666666666668,5.0,5.0,1.155,1.14,0.2925,0.35,6178.25,6280.0
4215.0,-0.18333333333309554,243.0,247.0,100.0,100.0,0.0,0.0,-2.5866666666666664,-1.38,5.0,5.0,1.0,1.03,0.2866666666666667,0.29,6211.333333333333,6302.0
4220.0,-0.1958333333329847,244.0,248.0,100.0,100.0,0.0,0.0,-2.1325000000000003,-1.3233333333333335,5.0,5.0,1.2575,0.84,0.3125,0.27,6208.25,6329.666666666667
4225.0,-0.19583333333331154,244.0,248.75,100.0,100.0,0.0,0.0,-1.6633333333333333,-1.315,5.0,5.0,1.0766666666666667,0.9275,0.2833333333333333,0.2975,6230.0,6329.5
4230.0,-0.18749999999977263,245.0,249.25,100.0,100.0,0.0,0.0,-1.4,-1.31,5.0,5.0,1.04,0.8275,0.28,0.2775,6254.0,6345.75
4235.0,-0.19999999999966178,246.0,250.0,100.0,100.0,0.0,0.0,-1.26,-1.2433333333333334,5.0,5.0,0.8366666666666667,0.7733333333333333,0.27666666666666667,0.29,6275.666666666667,6380.0
4240.0,-0.1999999999998181,246.0,250.0,100.0,100.0,0.0,0.0,-1.14,-1.05,5.0,5.0,0.81,0.72,0.29,0.27,6285.0,6383.0
4245.0,-0.19166666666660603,247.0,251.0,100.0,100.0,0.0,0.0,-0.7849999999999999,-0.7233333333333334,5.0,5.0,0.55,0.61,0.27,0.27,6310.5,6407.333333333333
4250.0,-0.1999999999998181,248.0,252.0,100.0,100.0,0.0,0.0,-0.45,-0.63,5.0,5.0,0.53,0.38,0.34,0.23,6343.0,6442.0
4255.0,-0.19999999999970441,248.5,252.5,100.0,100.0,0.0,0.0,-0.10999999999999999,-0.625,5.0,5.0,0.46499999999999997,0.425,0.28,0.26,6337.0,6498.0
4260.0,-0.20000000000004547,249.0,253.0,100.0,100.0,0.0,0.0,0.25,-0.55,5.0,5.0,0.3,0.48,0.28,0.27,6351.0,6457.0
4265.0,-0.1999999999998181,250.0,254.0,100.0,100.0,0.0,0.0,0.5166666666666667,-0.2633333333333333,5.0,5.0,0.15000000000000002,0.38666666666666666,0.26666666666666666,0.26,6378.333333333333,6471.666666666667
4270.0,-0.19999999999964757,250.75,254.75,100.0,100.0,0.0,0.0,0.6,0.1425,5.0,5.0,0.012499999999999997,0.265,0.2625,0.2525,6396.25,6501.5
4275.0,-0.21249999999986358,251.25,255.0,100.0,100.0,0.0,0.0,0.39,0.41,5.0,5.0,-0.005000000000000001,0.16,0.315,0.27,6420.0,6510.0
4280.0,-0.2083333333332149,252.0,256.0,100.0,100.0,0.0,0.0,-0.020000000000000018,0.43,5.0,5.0,-0.07,0.04000000000000001,0.2966666666666667,0.24,6440.333333333333,6541.0
4285.0,-0.1999999999998181,253.0,257.0,100.0,100.0,0.0,0.0,-0.35,0.41,5.0,5.0,-0.05,-0.01,0.26,0.27,6456.0,6557.0
4290.0,-0.20833333333303017,253.5,257.3333333333333,100.0,100.0,0.0,0.0,-0.345,0.30333333333333334,5.0,5.0,-0.02,-0.08666666666666667,0.25,0.27,6459.5,6569.333333333333
4295.0,-0.2125000000000341,254.0,258.0,100.0,100.0,0.0,0.0,-0.29,0.16499999999999998,5.0,5.0,0.01,-0.0925,0.27,0.2675,6494.0,6571.75
4300.0,-0.2041666666664952,255.0,258.25,100.0,100.0,0.0,0.0,-0.10666666666666669,0.0925,5.0,5.0,0.03,-0.0975,0.2733333333333334,0.255,6492.0,6603.5
4305.0,-0.2124999999996362,255.75,259.0,100.0,100.0,0.0,0.0,0.26,0.04000000000000001,5.0,5.0,0.0075,-0.105,0.2525,0.27,6510.5,6605.5
4310.0,-0.21249999999986358,256.0,260.0,100.0,100.0,0.0,0.0,0.685,0.05,5.0,5.0,-0.065,-0.07,0.255,0.25,6539.25,6620.0
4315.0,-0.21666666666654066,256.6666666666667,260.3333333333333,100.0,100.0,0.0,0.0,0.7666666666666667,0.25666666666666665,5.0,5.0,-0.16333333333333333,-0.09,0.26333333333333336,0.24666666666666667,6550.666666666667,6643.666666666667
4320.0,-0.21249999999986358,257.0,261.0,100.0,100.0,0.0,0.0,0.77,0.40499999999999997,5.0,5.0,-0.21,-0.1325,0.25,0.255,6555.0,6659.0
4325.0,-0.2166666666663133,258.0,262.0,100.0,100.0,0.0,0.0,0.8266666666666667,0.39,5.0,5.0,-0.25,-0.14,0.23666666666666666,0.24,6586.333333333333,6661.0
4330.0,-0.21249999999997726,258.75,262.0,100.0,100.0,0.0,0.0,1.0825,0.46499999999999997,5.0,5.0,-0.32999999999999996,-0.15000000000000002,0.25,0.22,6612.75,6691.5
4335.0,-0.2249999999998522,259.25,262.75,100.0,100.0,0.0,0.0,1.27,0.595,5.0,5.0,-0.45,-0.175,0.2525,0.2275,6609.75,6716.75
4340.0,-0.22083333333297617,260.0,263.25,100.0,100.0,0.0,0.0,1.27,0.66,5.0,5.0,-0.5433333333333333,-0.28500000000000003,0.23666666666666666,0.2375,6616.0,6712.75
4345.0,-0.22499999999979536,261.0,264.0,100.0,100.0,0.0,0.0,1.27,0.66,5.0,5.0,-0.54,-0.315,0.23,0.23,6645.0,6716.5
4350.0,-0.21666666666662593,261.0,264.0,100.0,100.0,0.0,0.0,1.27,0.67,5.0,5.0,-0.5133333333333333,-0.32,0.22,0.22,6674.0,6736.0
4355.0,-0.22083333333323196,261.75,265.0,100.0,100.0,0.0,0.0,1.27,0.7833333333333333,5.0,5.0,-0.6125,-0.32,0.2425,0.22666666666666668,6688.5,6775.333333333333
4360.0,-0.21249999999957936,262.0,265.75,100.0,100.0,0.0,0.0,1.24,1.0699999999999998,5.0,5.0,-0.69,-0.39249999999999996,0.25,0.2275,6678.0,6787.25
4365.0,-0.22499999999990905,263.0,266.0,100.0,100.0,0.0,0.0,1.2349999999999999,1.29,5.0,5.0,-0.625,-0.54,0.225,0.27,6695.5,6781.0
4370.0,-0.23333333333312112,263.0,267.0,100.0,100.0,0.0,0.0,1.12,1.3333333333333335,5.0,5.0,-0.74,-0.5533333333333333,0.25,0.22999999999999998,6723.0,6795.666666666667
4375.0,-0.22499999999979536,264.0,267.0,100.0,100.0,0.0,0.0,1.0,1.34,5.0,5.0,-0.6649999999999999,-0.6225,0.2475,0.24,6717.5,6824.5
4380.0,-0.23333333333305006,264.6666666666667,268.0,100.0,100.0,0.0,0.0,1.0066666666666666,1.34,5.0,5.0,-0.59,-0.68,0.23333333333333334,0.23,6755.0,6812.0
4385.0,-0.22500000000002274,265.0,268.5,100.0,100.0,0.0,0.0,1.01,1.34,5.0,5.0,-0.71,-0.675,0.24,0.22,6746.0,6848.0
4390.0,-0.2291666666665293,265.3333333333333,269.0,100.0,100.0,0.0,0.0,0.9666666666666667,1.34,5.0,5.0,-0.6633333333333333,-0.8025,0.22,0.23,6751.0,6852.0
4395.0,-0.23749999999961346,266.0,269.0,100.0,100.0,0.0,0.0,0.9624999999999999,1.33,5.0,5.0,-0.52,-0.82,0.1975,0.22,6785.25,6849.0
4400.0,-0.22499999999979536,266.0,270.0,100.0,100.0,0.0,0.0,1.03,1.1749999999999998,5.0,5.0,-0.55,-0.69,0.23,0.20500000000000002,6817.0,6880.0
4405.0,-0.22916666666661456,267.0,270.0,100.0,100.0,0.0,0.0,1.05,1.0925,5.0,5.0,-0.6166666666666667,-0.6775,0.22999999999999998,0.22999999999999998,6796.333333333333,6899.5
4410.0,-0.22499999999990905,267.75,271.0,100.0,100.0,0.0,0.0,1.03,0.8725,5.0,5.0,-0.49,-0.715,0.1875,0.2175,6831.25,6889.75
4415.0,-0.224999999999568,268.0,271.0,100.0,100.0,0.0,0.0,0.91,0.665,5.0,5.0,-0.53,-0.5700000000000001,0.23,0.175,6860.0,6926.5
4420.0,-0.23749999999989768,269.0,271.75,100.0,100.0,0.0,0.0,-0.10000000000000003,0.495,5.0,5.0,-0.34,-0.5375000000000001,0.20500000000000002,0.215,6855.5,6937.75
4425.0,-0.23749999999984084,269.0,272.0,100.0,100.0,0.0,0.0,-1.0575,0.23,5.0,5.0,-0.1825,-0.4,0.2275,0.21,6869.5,6929.0
4430.0,-0.22499999999990905,270.0,272.5,100.0,100.0,0.0,0.0,-1.63,-0.315,5.0,5.0,0.01,-0.255,0.25,0.215,6863.0,6974.5
4435.0,-0.2374999999996703,270.0,273.0,100.0,100.0,0.0,0.0,-1.69,-0.7150000000000001,5.0,5.0,0.3,-0.10750000000000001,0.2,0.225,6871.5,6948.25
4440.0,-0.23749999999995453,270.75,274.0,100.0,100.0,0.0,0.0,-1.7825,-0.79,5.0,5.0,0.40499999999999997,0.06,0.14500000000000002,0.22,6910.25,6956.0
4445.0,-0.22499999999979536,271.0,274.0,100.0,100.0,0.0,0.0,-1.95,-0.8,5.0,5.0,0.59,0.16999999999999998,0.21,0.19,6927.0,6995.0
4450.0,-0.23749999999972715,271.5,274.75,100.0,100.0,0.0,0.0,-2.335,-0.84,5.0,5.0,0.835,0.28500000000000003,0.21000000000000002,0.205,6924.5,7014.5
4455.0,-0.23749999999972715,272.0,275.0,100.0,100.0,0.0,0.0,-2.4925,-1.1,5.0,5.0,0.9475,0.39,0.2075,0.2,6936.25,7007.0
4460.0,-0.2333333333333485,272.0,275.3333333333333,100.0,100.0,0.0,0.0,-2.5,-1.5133333333333332,5.0,5.0,1.13,0.5466666666666666,0.2,0.20333333333333334,6944.0,7019.0
4465.0,-0.23749999999989768,273.0,276.0,100.0,100.0,0.0,0.0,-2.5,-1.875,5.0,5.0,1.21,0.725,0.19,0.2125,6946.0,7026.75
4470.0,-0.23749999999961346,273.0,276.0,100.0,100.0,0.0,0.0,-2.5,-2.0,5.0,5.0,1.17,0.9,0.17250000000000001,0.21,6963.75,7030.0
4475.0,-0.237499999999784,274.0,277.0,100.0,100.0,0.0,0.0,-2.5,-2.0675,5.0,5.0,1.27,0.8625,0.18,0.17,6970.0,7045.75
4480.0,-0.2499999999998863,274.0,277.0,100.0,100.0,0.0,0.0,-2.625,-2.33,5.0,5.0,1.21,1.0,0.18,0.17,6981.5,7059.0
4485.0,-0.23749999999995453,274.0,278.0,100.0,100.0,0.0,0.0,-3.005,-2.79,5.0,5.0,1.2875,1.05,0.1775,0.15,6998.25,7067.0
4490.0,-0.23749999999955662,275.0,278.0,100.0,100.0,0.0,0.0,-3.27,-3.235,5.0,5.0,1.59,1.225,0.17,0.1575,6989.0,7084.75
4495.0,-0.24166666666651793,275.0,278.0,100.0,100.0,0.0,0.0,-3.07,-3.545,5.0,5.0,1.6466666666666667,1.52,0.14666666666666667,0.155,6986.666666666667,7080.0
4500.0,-0.24999999999982947,275.0,278.0,100.0,100.0,0.0,0.0,-2.5575,-3.63,5.0,5.0,1.4649999999999999,1.7025,0.1475,0.13,7004.5,7070.75
4505.0,-0.25,275.0,278.0,100.0,0.0,0.0,0.0,-2.26,-3.64,5.0,0.0,1.23,1.72,0.17,-0.19,7013.0,6805.0
4510.0,-0.23749999999961346,276.0,278.0,100.0,100.0,0.0,0.0,-2.0225,-3.635,5.0,6.0,1.255,1.65,0.17,-0.01999999999999999,7035.75,6312.0
4515.0,-0.23749999999989768,276.0,278.0,100.0,100.0,0.0,0.0,-1.855,-3.6075,5.0,6.0,1.2,1.6425,0.17,0.14250000000000002,7024.5,6121.0
4520.0,-0.24999999999977263,276.0,278.0,100.0,100.0,0.0,0.0,-1.8,-3.51,5.0,6.0,0.96,1.68,0.14,0.12,7039.0,6131.0
4525.0,-0.2499999999998863,277.0,278.0,100.0,100.0,0.0,0.0,-1.8,-3.225,5.0,6.0,1.05,1.53,0.14250000000000002,0.13,7058.0,6126.5
4530.0,-0.24999999999965894,277.0,278.5,100.0,100.0,0.0,0.0,-1.8,-2.985,5.0,6.0,1.0,1.475,0.15,0.125,7051.5,6140.5
4535.0,-0.23749999999995453,277.0,279.0,100.0,100.0,0.0,0.0,-1.8075,-2.86,5.0,6.0,0.86,1.49,0.1275,0.14,7079.5,6136.0
4540.0,-0.237499999999784,278.0,279.0,100.0,100.0,0.0,0.0,-1.81,-2.9175,5.0,6.0,0.92,1.2375,0.13,0.1275,7080.0,6142.75
4545.0,-0.24999999999977263,278.0,279.0,100.0,100.0,0.0,0.0,-1.81,-2.97,5.0,6.0,0.975,1.28,0.13,0.14500000000000002,7074.0,6154.0
4550.0,-0.24999999999971578,278.0,279.75,100.0,100.0,0.0,0.0,-1.8475000000000001,-2.97,5.0,6.0,1.005,1.36,0.11750000000000001,0.1475,7078.0,6148.75
4555.0,-0.25,278.0,280.0,100.0,100.0,0.0,0.0,-2.06,-2.97,5.0,6.0,1.1,1.43,0.13,0.13,7084.0,6152.0
4560.0,-0.24999999999982947,278.75,280.0,100.0,100.0,0.0,0.0,-2.46,-2.97,5.0,6.0,1.2675,1.4449999999999998,0.052500000000000005,0.1275,7070.75,6153.0
4565.0,-0.24999999999968736,278.0,280.0,33.33333333333334,100.0,0.0,0.0,-2.6,-2.97,5.0,6.0,1.29,1.6466666666666667,-0.5433333333333333,-0.06,6881.0,6150.0
4570.0,-0.24999999999977263,277.0,280.0,100.0,100.0,0.0,0.0,-2.61,-2.97,6.0,6.0,1.2,1.66,-0.14,0.01,6158.0,6132.0
4575.0,-0.24999999999994316,277.0,279.0,100.0,100.0,0.0,0.0,-2.61,-2.98,6.0,6.0,1.0999999999999999,1.44,0.15,-0.030000000000000006,6070.5,6121.0
4580.0,-0.2499999999998863,277.0,279.0,100.0,100.0,0.0,0.0,-2.6399999999999997,-3.01,6.0,6.0,1.1600000000000001,1.3450000000000002,0.11,0.1,6082.5,6124.0
4585.0,-0.24999999999965894,277.0,279.0,100.0,100.0,0.0,0.0,-2.7975,-2.9425,6.0,6.0,1.4075,1.3925,-0.21500000000000005,0.065,6078.75,6136.0
4590.0,-0.2624999999998181,277.0,279.0,100.0,100.0,0.0,0.0,-3.135,-2.73,6.0,6.0,1.3824999999999998,1.55,-0.0025,-0.12,6061.0,6127.0
4595.0,-0.2499999999998863,276.5,279.0,100.0,100.0,0.0,0.0,-3.5700000000000003,-2.5199999999999996,6.0,6.0,1.395,1.415,-0.025,-0.07,6070.0,6114.0
4600.0,-0.24999999999994316,276.0,279.0,100.0,100.0,0.0,0.0,-3.75,-2.585,6.0,6.0,1.52,1.3699999999999999,0.012500000000000004,-0.02500000000000001,6061.75,6117.5
4605.0,-0.24999999999954525,276.0,278.0,100.0,100.0,0.0,0.0,-3.66,-2.73,6.0,6.0,1.61,1.43,0.01,-0.18,6070.0,6105.0
4610.0,-0.25416666666650656,276.0,278.0,100.0,100.0,0.0,0.0,-3.5233333333333334,-2.7275,6.0,6.0,1.67,1.2650000000000001,-0.10333333333333333,0.04,6058.333333333333,6112.5
4615.0,-0.2624999999998181,276.0,278.0,100.0,100.0,0.0,0.0,-3.45,-2.5300000000000002,6.0,6.0,1.645,1.3050000000000002,-0.04249999999999999,0.010000000000000002,6056.5,6104.0
4620.0,-0.25,275.0,278.0,100.0,100.0,0.0,0.0,-3.42,-2.35,6.0,6.0,1.73,1.26,-0.11,0.04,6039.0,6104.0
4625.0,-0.2499999999996021,275.0,277.75,100.0,100.0,0.0,0.0,-3.1225,-2.35,6.0,6.0,1.455,1.29,0.0075,-0.11249999999999999,6037.5,6099.5
4630.0,-0.2583333333332547,275.0,277.0,100.0,100.0,0.0,0.0,-2.356666666666667,-2.35,6.0,6.0,1.4566666666666668,1.1400000000000001,0.03333333333333333,0.005,6048.333333333333,6090.0
4635.0,-0.26249999999976126,275.0,277.0,100.0,100.0,0.0,0.0,-1.55,-2.35,6.0,6.0,1.3,1.1475,0.01,0.0025000000000000005,6029.0,6110.5
4640.0,-0.2624999999999318,275.0,277.0,82.25,100.0,0.0,0.0,-1.3,-2.35,6.0,6.0,0.835,1.28,-0.025,0.01,6053.5,6089.0
4645.0,-0.24999999999965894,274.5,277.0,39.0,100.0,10.0,0.0,-1.3,-2.35,6.0,6.0,1.22,0.855,-0.23,-0.07,6036.0,6131.5
4650.0,-0.26249999999998863,272.0,277.0,0.0,97.0,41.0,0.0,-1.3,-2.35,6.0,6.0,0.99,1.4625,-1.02,-0.0475,5880.0,6107.0
4655.0,-0.2624999999998181,269.5,276.0,0.0,81.0,53.25,0.0,-1.135,-2.28,6.0,6.0,0.7075,1.57,-1.135,-0.63,5792.0,6050.0
4660.0,-0.2708333333331012,266.6666666666667,275.75,46.0,49.0,59.666666666666664,12.5,-0.7466666666666667,-1.8674999999999997,6.0,6.0,0.5966666666666667,1.1125,-1.3433333333333333,-0.26249999999999996,5857.333333333333,6027.0
4665.0,-0.26666666666642413,263.0,274.3333333333333,0.0,6.333333333333334,63.0,58.33333333333333,-0.04,-1.3466666666666667,0.0,6.0,0.58,0.8766666666666667,-1.49,-1.1333333333333333,6546.0,5891.0
4670.0,-0.26666666666658045,259.6666666666667,271.0,0.0,0.0,62.333333333333336,87.0,0.25666666666666665,-1.1,5.0,6.0,0.36666666666666664,0.97,-1.53,-1.92,6440.666666666667,5781.0
4675.0,-0.27083333333325754,255.5,265.0,0.0,0.0,63.0,93.66666666666667,0.165,-0.4766666666666667,5.0,6.0,0.21500000000000002,0.7533333333333333,-1.5425,-2.106666666666667,6328.75,5644.0
4680.0,-0.2749999999996362,251.5,260.0,0.0,0.0,63.0,93.75,-0.34750000000000003,-0.475,5.0,6.0,0.16,0.605,-1.56,-2.1,6239.25,5497.25
4685.0,-0.27083333333324333,248.0,255.25,0.0,56.0,63.0,93.0,-0.9166666666666667,-0.75,5.0,0.0,0.21666666666666667,0.595,-1.5466666666666666,-2.105,6143.666666666667,6280.25
4690.0,-0.26666666666642413,244.0,249.66666666666666,0.0,5.666666666666668,63.0,93.0,-1.71,-1.16,5.0,0.0,0.3,0.5366666666666667,-1.54,-2.05,6035.0,6127.666666666667
4695.0,-0.2833333333331467,239.33333333333334,245.0,0.0,0.0,63.0,91.0,-2.473333333333333,-1.35,5.0,5.0,0.54,0.49,-1.53,-2.0,5894.666666666667,6001.0
4700.0,-0.2791666666664696,235.5,239.33333333333334,0.0,0.0,58.25,89.0,-2.7800000000000002,-1.49,5.0,5.0,0.7475,0.53,-1.4449999999999998,-1.8866666666666667,5828.75,5823.333333333333
4705.0,-0.2833333333331467,232.0,235.0,46.0,0.0,54.666666666666664,87.0,-3.033333333333333,-1.66,5.0,5.0,0.8266666666666667,0.68,-1.3066666666666666,-2.0,6208.666666666667,5787.0
4710.0,-0.28333333333323196,228.0,229.0,0.0,0.0,53.333333333333336,70.66666666666667,-3.533333333333333,-2.126666666666667,0.0,5.0,0.9166666666666666,0.7066666666666667,-1.2866666666666666,-1.6566666666666667,6640.666666666667,5634.0
4715.0,-0.28333333333307564,224.0,225.0,0.0,23.0,52.0,59.0,-4.31,-2.506666666666667,4.0,5.0,0.84,0.7866666666666666,-1.25,-1.39,6422.0,5802.333333333333
4720.0,-0.2833333333331467,220.0,221.0,0.0,28.0,48.666666666666664,52.0,-5.1866666666666665,-2.98,4.0,0.0,1.1199999999999999,0.72,-1.2566666666666666,-1.23,6352.666666666667,6392.0
4725.0,-0.28333333333323196,216.33333333333334,217.66666666666666,0.0,0.0,39.0,47.666666666666664,-5.703333333333333,-3.65,4.0,4.0,1.0566666666666666,0.82,-1.0766666666666667,-1.1966666666666665,6260.333333333333,6295.333333333333
4730.0,-0.28333333333307564,214.0,214.33333333333334,0.0,0.0,19.0,38.0,-6.04,-4.406666666666666,4.0,4.0,1.25,0.93,-0.74,-1.04,6263.0,6226.333333333333
4735.0,-0.2833333333331467,212.33333333333334,211.0,0.0,0.0,1.0,22.0,-6.933333333333334,-4.9,4.0,4.0,1.2733333333333332,1.12,-0.39,-0.78,6256.666666666667,6188.0
4740.0,-0.28333333333323196,211.66666666666666,210.0,1.3333333333333333,0.0,0.0,3.0,-8.073333333333334,-5.0,4.0,4.0,1.3900000000000001,1.1,-0.34,-0.4,6237.333333333333,6181.333333333333
4745.0,-0.28333333333307564,210.0,208.66666666666666,23.0,0.0,0.0,0.0,-9.06,-5.5,4.0,4.0,1.58,1.1966666666666668,-0.21,-0.32,6254.0,6153.0
4750.0,-0.2833333333331467,209.33333333333334,207.0,35.333333333333336,0.0,0.0,0.0,-10.166666666666666,-5.92,4.0,4.0,1.0033333333333334,1.28,-0.14333333333333334,-0.31,6261.333333333333,6125.0
4755.0,-0.26666666666658045,209.0,206.0,43.0,0.0,0.0,0.0,-10.91,-6.73,4.0,4.0,1.07,0.86,-0.07666666666666667,-0.28,6256.666666666667,6078.0
4760.0,-0.2833333333331467,209.0,205.33333333333334,54.666666666666664,3.333333333333333,0.0,0.0,-11.013333333333334,-7.226666666666667,4.0,4.0,1.0666666666666667,1.0566666666666666,-0.03333333333333333,-0.2366666666666667,6288.333333333333,6073.666666666667
4765.0,-0.28333333333307564,208.0,204.66666666666666,66.0,8.0,0.0,0.0,-10.46,-7.203333333333333,4.0,4.0,1.9,1.5133333333333334,-0.01,-0.22000000000000003,6240.0,6066.333333333333
4770.0,-0.2833333333331467,208.0,204.0,70.0,10.0,0.0,0.0,-9.816666666666666,-7.09,4.0,4.0,2.03,0.91,-0.023333333333333334,-0.2,6234.0,6059.0
4775.0,-0.2666666666664952,208.0,203.0,66.33333333333333,7.0,0.0,0.0,-9.006666666666666,-6.98,4.0,4.0,2.0366666666666666,1.88,-0.03333333333333334,-0.26,6252.666666666667,6044.0
4780.0,-0.26666666666642413,208.0,201.33333333333334,74.0,0.33333333333333337,0.0,0.0,-8.44,-6.626666666666667,4.0,4.0,2.28,2.1133333333333333,0.06,-0.3233333333333333,6231.0,5935.0
4785.0,-0.2749999999996362,208.0,200.5,87.0,5.0,0.0,0.0,-7.29,-6.1850000000000005,4.0,4.0,1.6,1.87,0.12,-0.265,6302.0,5928.5
4790.0,-0.26666666666658045,208.0,199.66666666666666,88.33333333333333,22.0,0.0,0.0,-6.0,-5.726666666666667,4.0,4.0,1.5533333333333332,1.0966666666666667,0.16333333333333333,-0.14333333333333334,6360.0,5946.0
4795.0,-0.2666666666664952,208.0,199.0,96.66666666666667,37.0,0.0,0.0,-3.9266666666666667,-5.74,4.0,4.0,1.8299999999999998,2.2,0.21333333333333335,-0.11,6353.666666666667,5927.0
4800.0,-0.24999999999954525,208.0,198.0,100.0,45.0,0.0,0.0,-1.24,-4.68,4.0,4.0,1.57,1.54,0.27,-0.05,6378.0,5919.0
4805.0,-0.24999999999992895,209.0,198.0,82.0,50.0,0.0,0.0,0.22000000000000003,-3.546666666666667,4.0,4.0,1.2566666666666666,1.2533333333333334,0.21000000000000002,-0.030000000000000006,6368.333333333333,5918.0
4810.0,-0.24999999999992895,209.0,198.0,17.0,53.666666666666664,3.333333333333333,0.0,0.8966666666666666,-2.94,4.0,4.0,1.21,1.03,-0.07333333333333336,-0.01666666666666667,6214.666666666667,5925.333333333333
4815.0,-0.24166666666629055,207.33333333333334,198.0,0.0,47.0,41.0,0.0,1.4133333333333333,-2.22,4.0,4.0,0.63,1.0,-0.91,0.005,6085.666666666667,5909.0
4820.0,-0.2333333333333485,205.0,197.66666666666666,0.0,19.333333333333336,57.0,9.333333333333332,2.3,-0.8833333333333334,4.0,4.0,0.1,0.7766666666666666,-1.17,-0.21999999999999997,5945.0,5851.0
4825.0,-0.25,199.0,195.0,0.0,0.0,73.0,60.0,2.53,0.73,4.0,4.0,-0.45,0.32,-1.54,-1.19,5776.0,5652.0
4830.0,-0.23333333333305006,195.0,190.0,23.0,0.0,74.66666666666667,86.0,2.25,1.34,0.0,4.0,-0.54,0.13,-1.47,-1.81,6566.666666666667,5501.0
4835.0,-0.23333333333319217,189.0,183.0,0.0,0.0,73.66666666666667,88.0,2.1366666666666667,1.29,3.0,0.0,-0.5933333333333334,-0.12,-1.5999999999999999,-1.67,6534.666666666667,6441.0
4840.0,-0.22499999999968168,184.0,178.0,0.0,0.0,68.5,89.0,2.025,1.52,3.0,3.0,-0.85,-0.19,-1.565,-1.88,6498.0,6051.0
4845.0,-0.22499999999990905,179.0,171.0,0.0,0.0,66.0,88.0,2.4050000000000002,2.34,3.0,3.0,-0.61,-0.47,-1.375,-1.85,6294.5,6000.0
4850.0,-0.2083333333331865,174.0,163.33333333333334,0.0,0.0,61.0,84.66666666666667,3.5250000000000004,3.893333333333333,3.0,3.0,-0.77,-0.42000000000000004,-1.495,-1.53,6081.0,5591.333333333333
4855.0,-0.2083333333330728,168.66666666666666,157.5,0.0,34.5,53.0,77.0,3.756666666666667,5.01,3.0,0.0,-0.81,-0.785,-1.22,-1.56,5987.666666666667,6371.0
4860.0,-0.1999999999998181,164.0,152.0,69.0,0.0,48.0,57.0,4.36,5.44,0.0,2.0,-1.05,-0.89,-1.02,-1.21,6928.0,6597.0
4865.0,-0.17499999999961346,160.0,147.0,0.0,0.0,44.0,38.0,5.42,7.075,2.0,2.0,-0.93,-1.165,-0.99,-0.96,6971.0,6377.0
4870.0,-0.17499999999995453,156.0,143.0,0.0,0.0,40.0,36.0,6.85,8.71,2.0,2.0,-1.2149999999999999,-1.1,-1.005,-0.85,6719.0,6229.0
4875.0,-0.17499999999961346,151.0,139.0,0.0,0.0,35.0,35.0,9.07,10.684999999999999,2.0,2.0,-1.44,-1.435,-0.88,-0.895,6570.0,5998.0
4880.0,-0.15000000000009095,148.0,135.0,0.0,0.0,29.0,27.0,10.46,11.17,2.0,2.0,-1.49,-1.49,-0.74,-0.71,6443.0,5835.0
4885.0,-0.12499999999977263,145.0,131.0,0.0,0.0,3.5,0.0,12.29,11.72,2.0,2.0,-1.67,-1.78,-0.38,-0.27,6372.0,5803.0
4890.0,-0.14999999999986358,143.0,130.0,8.5,3.0,0.0,0.0,13.36,12.0,2.0,2.0,-1.895,-1.66,-0.195,-0.22,6359.0,5759.5
4895.0,-0.12499999999965894,142.0,129.0,26.0,27.5,0.0,0.0,14.49,11.45,2.0,2.0,-2.15,-1.69,-0.11,-0.015,6380.0,5797.5
4900.0,-0.12499999999977263,141.5,129.0,43.5,51.0,0.0,0.0,15.635000000000002,10.54,2.0,2.0,-1.805,-1.7,-0.015,0.1,6377.5,5841.0
4905.0,-0.09999999999968168,141.0,129.0,53.0,60.0,0.0,0.0,15.74,10.5,2.0,2.0,-1.86,-1.47,0.07,0.12,6429.0,5835.0
4910.0,-0.0749999999998181,141.0,130.0,63.5,56.0,0.0,0.0,15.59,10.62,2.0,2.0,-2.065,-1.49,0.085,0.16,6419.5,5900.0
4915.0,-0.07499999999970441,141.0,130.0,76.0,57.5,0.0,0.0,14.76,10.93,2.0,2.0,-1.75,-1.52,0.12,0.09000000000000001,6460.0,5950.0
4920.0,-0.04999999999984084,141.0,131.0,79.0,50.5,0.0,0.0,12.915,9.445,2.0,2.0,-1.93,-1.59,0.22,0.04999999999999999,6515.5,6322.0
4925.0,-0.04999999999972715,142.0,131.0,79.0,46.0,0.0,0.0,9.34,8.08,2.0,2.0,-1.97,-1.46,0.31,0.07,6565.0,6366.0
4930.0,-0.024999999999863576,143.0,131.0,85.0,49.0,0.0,0.0,6.07,5.53,2.0,2.0,-1.6400000000000001,-1.25,0.325,0.04,6640.0,6518.0
4935.0,-0.024999999999636202,145.0,132.0,93.0,55.0,0.0,0.0,3.29,0.5450000000000002,2.0,2.0,-1.57,-1.41,0.43,0.21,6703.0,6441.5
4940.0,1.1368683772161603e-13,146.5,133.0,96.0,52.0,0.0,0.0,1.875,-3.795,2.0,2.0,-1.385,-1.15,0.46499999999999997,0.385,6809.5,6386.0
4945.0,4.547473508864641e-13,148.0,134.0,100.0,59.0,0.0,0.0,0.28,-3.42,2.0,2.0,-1.13,-0.77,0.52,0.41,6853.0,6294.0
4950.0,1.1368683772161603e-13,150.5,136.0,50.0,67.5,0.0,0.0,-0.7050000000000001,-3.825,2.0,2.0,-0.615,-0.51,0.305,0.395,6938.0,6221.5
4955.0,0.02500000000043201,151.0,138.0,100.0,72.0,0.0,0.0,-1.93,-3.73,3.0,2.0,-0.12,0.375,0.78,0.44,6036.0,6369.0
4960.0,0.03333333333337407,153.33333333333334,140.0,100.0,72.0,0.0,0.0,-2.87,-3.82,3.0,2.0,0.25,0.56,0.4666666666666667,0.38,5733.333333333333,6363.0
4965.0,0.050000000000295586,154.5,141.5,89.0,72.5,0.0,0.0,-3.45,-4.51,3.0,2.0,0.53,0.685,0.4,0.38,5752.0,6491.0
4970.0,0.049999999999954525,155.0,143.0,11.0,73.0,35.0,0.0,-4.42,-4.22,3.0,2.0,0.71,0.73,-0.5,0.42,5572.0,6546.0
4975.0,0.050000000000295586,149.5,144.5,0.0,72.5,69.5,0.0,-5.145,-4.550000000000001,3.0,2.0,0.8200000000000001,0.78,-1.4300000000000002,0.37,5207.5,6614.0
4980.0,0.049999999999954525,143.0,146.0,0.0,62.0,73.0,0.0,-5.56,-4.48,3.0,2.0,0.98,0.78,-1.54,0.26,4968.0,6649.0
4985.0,0.050000000000295586,136.0,147.0,48.0,17.5,70.0,3.0,-6.495,-4.26,0.0,2.0,1.2,0.905,-1.435,0.015000000000000013,5758.5,6567.0
4990.0,0.049999999999954525,130.0,145.0,0.0,0.0,67.0,36.0,-7.12,-5.05,2.0,2.0,1.23,0.96,-1.4,-0.85,5481.0,6397.0
4995.0,0.02500000000043201,121.0,139.0,0.0,0.0,64.0,58.5,-7.87,-5.535,2.0,2.0,0.95,1.1400000000000001,-1.41,-1.35,5185.0,6068.5
5000.0,2.2737367544323206e-13,115.0,134.0,69.0,0.0,62.0,62.0,-8.26,-5.85,0.0,2.0,1.16,0.8,-1.39,-1.26,4884.0,5841.0
5005.0,-0.024999999999863576,108.0,127.0,0.0,0.0,46.0,63.0,-9.135,-7.6,1.0,2.0,1.165,1.01,-1.045,-1.42,5587.0,5160.0
5010.0,-0.04999999999972715,102.0,120.0,0.0,0.0,33.0,53.0,-11.97,-7.68,1.0,1.0,1.27,0.95,-0.76,-1.12,5345.0,6320.0
5015.0,-0.0749999999998181,96.0,114.0,0.0,0.0,29.0,41.0,-14.15,-9.01,1.0,1.0,1.51,1.14,-0.835,-0.91,5049.0,6032.0
5020.0,-0.09999999999979536,91.0,108.0,0.0,0.0,0.0,36.5,-16.46,-11.26,1.0,1.0,1.63,1.34,-0.28500000000000003,-0.96,5050.0,5624.5
5025.0,-0.15000000000009095,87.0,103.0,6.0,0.0,0.0,13.0,-16.37,-13.54,1.0,1.0,1.62,1.61,-0.13,-0.59,4994.0,5555.0
5030.0,-0.17499999999984084,85.0,99.0,7.0,0.0,0.0,0.0,-16.53,-16.439999999999998,1.0,1.0,1.64,1.645,-0.1,-0.27,4885.0,5494.5
5035.0,-0.19999999999959073,83.0,96.0,6.0,0.0,0.0,0.0,-21.52,-17.89,1.0,1.0,1.59,1.52,-0.1,-0.25,4763.0,5297.0
5040.0,-0.22499999999968168,80.5,92.0,9.0,0.0,0.0,0.0,-24.585,-12.3,1.0,1.0,1.605,1.58,-0.095,-0.23,4662.5,5063.0
5045.0,-0.25,80.0,89.0,39.0,0.0,0.0,0.0,-20.91,-0.92,1.0,1.0,1.34,1.57,0.13,-0.19,4725.0,4879.0
5050.0,-0.2749999999998636,82.5,86.0,64.5,0.0,0.0,0.0,-14.620000000000001,1.0,1.0,1.0,1.17,1.39,0.355,-0.16,4914.0,4722.0
5055.0,-0.29999999999972715,86.0,83.0,88.0,0.0,0.0,0.0,-4.58,-3.73,1.0,1.0,0.73,1.56,0.55,-0.19,5119.0,4599.0
5060.0,-0.25,90.0,80.0,87.0,0.0,0.0,0.0,-1.87,-6.3,1.0,1.0,0.32,1.33,0.57,-0.21,5518.0,4458.0
5065.0,-0.22499999999979536,95.0,78.0,78.0,0.0,0.0,0.0,-1.9,-14.615,1.0,1.0,0.36,1.155,0.73,-0.21,5964.0,4414.5
5070.0,-0.17499999999972715,99.5,76.0,84.0,0.0,0.0,0.0,1.2100000000000002,-16.93,1.0,1.0,0.44,0.77,0.8,-0.19,6095.0,4341.0
5075.0,-0.09999999999968168,104.0,76.0,32.0,18.0,0.0,0.0,10.39,-9.49,1.0,1.0,-0.45,0.81,0.51,0.11,5998.0,4353.0
5080.0,-0.024999999999863576,103.0,78.0,0.0,36.0,0.0,0.0,17.950000000000003,-0.85,1.0,1.0,-1.365,0.09,-0.245,0.26,5830.5,4498.0
5085.0,4.547473508864641e-13,101.0,79.0,0.0,37.0,0.0,0.0,20.21,7.37,1.0,1.0,-1.49,-0.47,-0.25,0.25,5737.0,4601.0
5090.0,0.0500000000001819,99.0,81.0,0.0,34.0,0.0,0.0,20.75,16.69,1.0,1.0,-1.66,-0.75,-0.26,0.26,5617.0,4719.0
5095.0,0.09999999999990905,97.0,82.0,0.0,25.0,0.0,0.0,20.82,22.62,1.0,1.0,-1.64,-1.04,-0.25,0.2,5509.0,4862.0
5100.0,0.1250000000001137,96.0,83.0,22.0,23.0,0.0,0.0,20.77,24.415,1.0,1.0,-1.33,-1.24,0.1,0.11,5622.0,4861.0
5105.0,0.15000000000031832,96.0,84.0,36.0,22.0,0.0,0.0,20.33,24.79,1.0,1.0,-1.21,-1.53,0.0,0.09,6264.0,4896.0
5110.0,0.1750000000001819,98.0,84.0,54.0,21.0,0.0,0.0,19.939999999999998,24.87,1.0,1.0,-1.6600000000000001,-1.43,0.38,0.1,6037.5,4945.0
5115.0,0.20000000000004547,100.0,85.0,57.0,20.0,0.0,0.0,19.6,25.1,1.0,1.0,-1.64,-1.49,0.24,0.09,5905.0,4942.0
5120.0,0.2500000000002274,102.0,85.0,52.0,8.0,0.0,0.0,18.24,26.08,1.0,1.0,-1.81,-1.61,0.39,-0.05,6152.0,4887.0
5125.0,0.3000000000001819,104.0,85.0,50.0,25.0,0.0,0.0,17.19,23.77,1.0,1.0,-1.7,-1.7,0.46,0.1,6299.0,4968.0
5130.0,0.3000000000001819,106.0,86.0,52.0,50.0,0.0,0.0,12.47,17.45,1.0,1.0,-1.77,-1.36,0.46,0.34,6436.0,5128.0
5135.0,0.3500000000001364,108.0,89.0,63.0,88.0,0.0,0.0,5.82,10.95,1.0,1.0,-1.62,-1.13,0.56,0.63,6685.0,5369.0
5140.0,0.3750000000002274,110.5,94.0,75.0,90.0,0.0,0.0,0.365,7.05,1.0,1.0,-1.455,-1.01,0.6,0.7,6868.0,5642.0
5145.0,0.4250000000001819,113.5,99.0,76.0,88.0,0.0,0.0,-1.315,6.03,1.0,1.0,-1.315,-0.88,0.63,0.74,7043.5,6010.0
5150.0,0.4250000000001819,116.0,103.5,0.0,86.0,0.0,0.0,-1.6,5.775,0.0,1.0,-1.37,-0.925,0.0,0.635,6869.0,6329.5
5155.0,0.4500000000000455,119.0,108.0,95.0,86.0,0.0,0.0,-1.01,4.33,2.0,1.0,-0.89,-0.98,0.78,0.61,5570.0,6545.0
5160.0,0.4500000000000455,123.0,111.0,100.0,92.0,0.0,0.0,-0.13,2.75,2.0,1.0,-0.3,-1.0,0.67,0.71,5684.0,6666.0
5165.0,0.4750000000001364,125.5,116.0,100.0,99.0,0.0,0.0,0.54,1.23,2.0,1.0,-0.2,-0.75,0.69,0.82,5792.0,6901.0
5170.0,0.4750000000001364,129.5,119.0,100.0,98.0,0.0,0.0,1.245,1.06,2.0,1.0,-0.185,-0.39,0.66,0.77,5982.0,7151.0
5175.0,0.5000000000004547,133.0,123.0,100.0,100.0,0.0,0.0,1.25,1.13,2.0,1.0,-0.23,-0.3,0.64,0.56,6096.0,7207.0
5180.0,0.5000000000002274,136.0,124.0,100.0,0.0,0.0,0.0,1.08,1.84,2.0,0.0,-0.25,-0.28,0.65,-0.02,6240.0,6875.0
5185.0,0.5250000000003183,138.5,128.0,100.0,100.0,0.0,0.0,0.825,1.84,2.0,2.0,-0.225,-0.29,0.63,0.62,6389.0,5915.0
5190.0,0.5500000000001819,142.0,131.0,100.0,100.0,0.0,0.0,0.81,1.84,2.0,2.0,-0.22,-0.37,0.61,0.67,6461.0,6058.0
5195.0,0.5500000000002956,144.5,134.5,100.0,100.0,0.0,0.0,0.79,1.8250000000000002,2.0,2.0,-0.185,-0.44,0.62,0.665,6619.5,6187.0
5200.0,0.5500000000001819,147.0,137.0,100.0,100.0,0.0,0.0,0.79,1.66,2.0,2.0,-0.23,-0.42,0.69,0.62,6739.0,6317.0
5205.0,0.5750000000002728,149.5,140.0,100.0,98.0,0.0,0.0,0.6599999999999999,1.11,2.0,2.0,-0.175,-0.31,0.525,0.42,6886.0,6611.0
5210.0,0.5750000000002728,152.0,143.5,100.0,100.0,0.0,0.0,0.45,0.625,2.0,2.0,-0.19,-0.355,0.59,0.595,6932.0,6563.0
5215.0,0.5833333333336412,153.33333333333334,146.0,100.0,100.0,0.0,0.0,0.43,0.33,3.0,2.0,-0.12666666666666668,-0.22,0.43,0.6,6202.666666666667,6753.0
5220.0,0.5750000000000455,155.5,148.0,100.0,100.0,0.0,0.0,0.33999999999999997,0.29,3.0,2.0,-0.13,-0.18,0.5800000000000001,0.58,5787.0,6763.0
5225.0,0.5750000000003865,158.0,150.5,100.0,100.0,0.0,0.0,0.29,0.24,3.0,2.0,-0.1,-0.11499999999999999,0.55,0.56,5846.0,6925.0
5230.0,0.599999999999909,160.0,153.0,100.0,100.0,0.0,0.0,0.15,0.22,3.0,2.0,-0.06,-0.11,0.5,0.58,5943.0,6988.0
5235.0,0.6000000000002501,162.0,155.5,100.0,100.0,0.0,0.0,0.195,0.19,3.0,2.0,-0.04,-0.07500000000000001,0.505,0.53,6015.0,7103.0
5240.0,0.6000000000000227,163.5,157.5,100.0,100.0,0.0,0.0,0.21,0.08,3.0,2.0,-0.04,-0.055,0.535,0.485,6089.0,7166.0
5245.0,0.6000000000001364,166.0,159.0,100.0,0.0,0.0,0.0,0.19,-0.57,3.0,0.0,-0.04,0.01,0.51,-0.25,6153.0,7210.0
5250.0,0.6000000000001364,168.0,160.0,100.0,100.0,0.0,0.0,0.14,-1.19,3.0,3.0,-0.04,0.09,0.49,0.89,6222.0,6301.0
5255.0,0.6250000000003411,170.0,162.5,100.0,100.0,0.0,0.0,0.05,-1.27,3.0,3.0,-0.02,0.21000000000000002,0.5,0.495,6294.0,6029.0
5260.0,0.6083333333336185,171.33333333333334,164.5,100.0,100.0,0.0,0.0,-0.33999999999999997,-1.26,3.0,3.0,0.016666666666666666,0.28,0.4633333333333333,0.48,6346.333333333333,6099.0
5265.0,0.6333333333335105,173.33333333333334,166.0,100.0,100.0,0.0,0.0,-0.5333333333333333,-1.25,3.0,3.0,0.08666666666666667,0.37,0.5033333333333333,0.53,6443.333333333333,6169.0
5270.0,0.6333333333335105,175.0,168.0,100.0,100.0,0.0,0.0,-0.52,-1.11,3.0,3.0,0.13666666666666666,0.34,0.48,0.4,6466.333333333333,6246.0
5275.0,0.625,176.5,170.0,100.0,100.0,0.0,0.0,-0.525,-0.89,3.0,3.0,0.15,0.38,0.48,0.53,6541.5,6309.0
5280.0,0.6416666666668789,178.5,171.33333333333334,100.0,100.0,0.0,0.0,-0.675,-0.87,3.0,3.0,0.18,0.33999999999999997,0.455,0.4766666666666666,6604.0,6364.666666666667
5285.0,0.6416666666668789,179.5,173.33333333333334,100.0,100.0,0.0,0.0,-0.9450000000000001,-0.8766666666666667,3.0,3.0,0.225,0.31333333333333335,0.45,0.4633333333333333,6666.0,6429.333333333333
5290.0,0.6416666666668789,181.5,175.33333333333334,100.0,100.0,0.0,0.0,-1.145,-0.89,3.0,3.0,0.27,0.32333333333333336,0.445,0.47,6734.5,6483.666666666667
5295.0,0.6500000000002046,183.0,176.5,100.0,100.0,0.0,0.0,-1.31,-1.165,3.0,3.0,0.365,0.31,0.44,0.455,6769.0,6574.5
5300.0,0.650000000000091,184.5,178.5,100.0,100.0,0.0,0.0,-1.33,-1.6600000000000001,3.0,3.0,0.395,0.41500000000000004,0.45,0.46499999999999997,6823.0,6618.0
5305.0,0.658333333333573,186.33333333333334,180.0,100.0,100.0,0.0,0.0,-1.6266666666666667,-1.73,3.0,3.0,0.43666666666666665,0.485,0.42,0.45,6871.333333333333,6665.5
5310.0,0.658333333333573,187.33333333333334,181.5,100.0,100.0,0.0,0.0,-2.1166666666666667,-1.5899999999999999,3.0,3.0,0.5066666666666667,0.51,0.42,0.45,6937.666666666667,6718.0
5315.0,0.6583333333334878,189.33333333333334,183.5,100.0,100.0,0.0,0.0,-2.1966666666666668,-1.07,3.0,3.0,0.6233333333333333,0.45499999999999996,0.42666666666666664,0.43,6984.333333333333,6776.0
5320.0,0.6666666666667425,190.0,184.33333333333334,100.0,100.0,0.0,0.0,-2.19,-0.6466666666666666,3.0,3.0,0.65,0.38333333333333336,0.41,0.44,7032.0,6843.333333333333
5325.0,0.6666666666668135,191.0,186.33333333333334,0.0,100.0,0.0,0.0,-2.19,-0.5333333333333333,0.0,3.0,0.67,0.33999999999999997,-0.08,0.43666666666666665,6775.0,6873.333333333333
5330.0,0.6666666666669698,192.0,187.33333333333334,100.0,100.0,0.0,0.0,-2.08,-0.64,4.0,3.0,0.78,0.26666666666666666,0.42,0.41333333333333333,5819.0,6932.333333333333
5335.0,0.6833333333335503,193.0,189.33333333333334,100.0,100.0,0.0,0.0,-1.7966666666666666,-1.1933333333333334,4.0,3.0,0.7266666666666667,0.31333333333333335,0.4033333333333333,0.41666666666666663,5847.0,6998.0
5340.0,0.6666666666668135,194.66666666666666,190.0,100.0,100.0,0.0,0.0,-1.4533333333333334,-1.3,4.0,3.0,0.73,0.37,0.36,0.41,5861.666666666667,7017.0
5345.0,0.6750000000001819,196.0,192.0,100.0,100.0,0.0,0.0,-1.245,-1.3,4.0,3.0,0.645,0.41,0.37,0.39,5891.5,7077.0
5350.0,0.6833333333335503,197.0,193.0,100.0,100.0,0.0,0.0,-1.0533333333333335,-1.3,4.0,3.0,0.53,0.46,0.35000000000000003,0.38,5940.0,7101.0
5355.0,0.683333333333394,198.0,194.0,100.0,33.33333333333334,0.0,0.0,-0.79,-1.3,4.0,3.0,0.46,0.4766666666666666,0.35,0.15333333333333335,5963.0,7091.0
5360.0,0.683333333333394,199.0,194.66666666666666,100.0,66.66666666666666,0.0,0.0,-0.75,-1.3,4.0,0.0,0.4,0.44666666666666666,0.36,0.41999999999999993,6015.0,6152.666666666667
5365.0,0.6833333333335361,200.66666666666666,195.33333333333334,100.0,100.0,0.0,0.0,-0.75,-1.3,4.0,4.0,0.33666666666666667,0.45666666666666667,0.33666666666666667,0.38333333333333336,6046.666666666667,5924.0
5370.0,0.6833333333335503,201.66666666666666,197.0,100.0,100.0,0.0,0.0,-0.75,-1.3,4.0,4.0,0.32,0.4866666666666667,0.36,0.35666666666666663,6080.333333333333,5932.0
5375.0,0.683333333333465,202.33333333333334,198.0,100.0,100.0,0.0,0.0,-0.75,-1.31,4.0,4.0,0.29333333333333333,0.45,0.33,0.32,6108.333333333333,5990.0
5380.0,0.7000000000002728,203.0,199.0,100.0,100.0,0.0,0.0,-0.72,-1.31,4.0,4.0,0.3,0.5,0.35,0.35,6131.0,5989.0
5385.0,0.6833333333336213,205.0,200.0,100.0,100.0,0.0,0.0,-0.26,-1.3,4.0,4.0,0.23,0.48,0.34,0.3466666666666667,6175.0,6042.666666666667
5390.0,0.691666666666876,205.66666666666666,201.0,100.0,100.0,0.0,0.0,0.14666666666666667,-1.255,4.0,4.0,0.14333333333333334,0.485,0.32333333333333336,0.325,6205.333333333333,6067.0
5395.0,0.7000000000002018,206.33333333333334,202.0,100.0,100.0,0.0,0.0,0.20666666666666667,-0.9933333333333334,4.0,4.0,0.08333333333333334,0.44333333333333336,0.3233333333333333,0.33333333333333337,6227.0,6102.0
5400.0,0.7000000000002728,208.0,203.0,100.0,100.0,0.0,0.0,0.18,-0.68,4.0,4.0,0.0,0.43,0.29,0.35,6262.0,6120.0
5405.0,0.7000000000002728,209.0,204.0,100.0,100.0,0.0,0.0,0.11,0.08,4.0,4.0,-0.03,0.29,0.32,0.38,6293.0,6161.0
5410.0,0.7000000000001165,209.66666666666666,205.0,100.0,100.0,0.0,0.0,0.043333333333333335,0.28,4.0,4.0,-0.06,0.12333333333333334,0.31666666666666665,0.29666666666666663,6306.666666666667,6193.333333333333
5415.0,0.7000000000002018,210.33333333333334,206.33333333333334,100.0,100.0,0.0,0.0,0.10999999999999999,0.2733333333333334,4.0,4.0,-0.06333333333333334,0.02666666666666667,0.29666666666666663,0.29333333333333333,6326.0,6215.666666666667
5420.0,0.7000000000002728,211.0,207.0,100.0,100.0,0.0,0.0,0.42,0.27,4.0,4.0,-0.1,-0.03,0.29,0.32,6368.0,6226.0
5425.0,0.716666666666768,212.0,208.0,100.0,100.0,0.0,0.0,0.7833333333333333,0.97,4.0,4.0,-0.15666666666666668,-0.14,0.2866666666666667,0.29,6398.0,6265.0
5430.0,0.7166666666668533,213.0,209.0,100.0,100.0,0.0,0.0,0.9166666666666666,1.23,4.0,4.0,-0.24666666666666667,-0.26,0.29666666666666663,0.30333333333333334,6421.0,6301.666666666667
5435.0,0.7166666666669954,214.0,210.0,100.0,100.0,0.0,0.0,0.74,1.2866666666666666,4.0,4.0,-0.28,-0.35,0.28,0.29333333333333333,6447.0,6330.0
5440.0,0.716666666666768,215.0,211.0,100.0,100.0,0.0,0.0,0.73,1.47,4.0,4.0,-0.30333333333333334,-0.46,0.28,0.29,6475.666666666667,6355.0
5445.0,0.7166666666668533,216.0,211.66666666666666,100.0,100.0,0.0,0.0,0.7633333333333333,1.7,4.0,4.0,-0.31333333333333335,-0.5233333333333333,0.2833333333333333,0.29333333333333333,6490.0,6383.333333333333
5450.0,0.7166666666669954,216.0,212.33333333333334,100.0,100.0,0.0,0.0,1.05,1.78,4.0,4.0,-0.29,-0.61,0.25,0.2833333333333333,6542.0,6400.333333333333
5455.0,0.716666666666768,217.0,213.0,100.0,100.0,0.0,0.0,1.3666666666666667,1.64,4.0,4.0,-0.41,-0.59,0.3,0.29,6558.0,6437.0
5460.0,0.7333333333335048,218.33333333333334,214.0,100.0,100.0,0.0,0.0,1.38,1.63,4.0,4.0,-0.4666666666666667,-0.59,0.28,0.28,6565.333333333333,6496.0
5465.0,0.7333333333337322,219.0,215.0,100.0,100.0,0.0,0.0,1.38,1.45,4.0,4.0,-0.46,-0.6766666666666666,0.28,0.3,6601.0,6484.666666666667
5470.0,0.7333333333334195,219.66666666666666,216.0,100.0,100.0,0.0,0.0,1.3666666666666667,1.2533333333333334,4.0,4.0,-0.43666666666666665,-0.5966666666666667,0.26666666666666666,0.27,6648.333333333333,6513.0
5475.0,0.7333333333335048,220.33333333333334,217.0,100.0,100.0,0.0,0.0,1.3233333333333335,1.23,4.0,4.0,-0.5166666666666666,-0.51,0.29666666666666663,0.28,6677.0,6545.0
5480.0,0.7333333333337322,221.0,217.66666666666666,100.0,100.0,0.0,0.0,1.11,1.17,4.0,4.0,-0.56,-0.4866666666666667,0.28,0.27,6663.0,6603.0
5485.0,0.7333333333334195,222.0,218.33333333333334,100.0,100.0,0.0,0.0,0.87,0.8833333333333333,4.0,4.0,-0.48,-0.5533333333333333,0.26666666666666666,0.31333333333333335,6699.333333333333,6583.666666666667
5490.0,0.7333333333335048,223.0,219.0,100.0,100.0,0.0,0.0,0.7533333333333333,0.45,4.0,4.0,-0.44666666666666666,-0.44,0.27,0.29,6712.333333333333,6595.0
5495.0,0.7166666666669954,224.0,220.0,100.0,100.0,0.0,0.0,0.74,0.15666666666666668,4.0,4.0,-0.36,-0.35,0.27,0.27,6748.0,6634.0
5500.0,0.7250000000001364,224.5,221.0,100.0,100.0,0.0,0.0,0.735,0.05,4.0,4.0,-0.345,-0.25,0.275,0.29,6772.0,6644.0
5505.0,0.7333333333335759,225.0,221.66666666666666,100.0,100.0,0.0,0.0,0.6,0.09666666666666666,4.0,4.0,-0.37,-0.15333333333333335,0.28,0.27,6773.0,6687.333333333333
5510.0,0.7333333333335759,226.0,222.33333333333334,100.0,100.0,0.0,0.0,0.18666666666666665,0.29333333333333333,4.0,4.0,-0.29333333333333333,-0.12333333333333334,0.25666666666666665,0.2866666666666667,6783.0,6701.666666666667
5515.0,0.7333333333335048,227.0,223.0,100.0,100.0,0.0,0.0,-0.18000000000000002,0.35,4.0,4.0,-0.14666666666666667,-0.14,0.24333333333333332,0.27,6836.0,6700.0
5520.0,0.7333333333335759,228.0,223.66666666666666,100.0,100.0,0.0,0.0,-0.16,0.2633333333333333,4.0,4.0,-0.09,-0.12333333333333334,0.27,0.26333333333333336,6846.0,6737.333333333333
5525.0,0.741666666666859,228.0,224.33333333333334,100.0,100.0,0.0,0.0,-0.015,0.17333333333333334,4.0,4.0,-0.055,-0.11333333333333334,0.255,0.26333333333333336,6853.5,6760.333333333333
5530.0,0.7375000000002387,229.0,225.0,100.0,100.0,0.0,0.0,0.18,0.012499999999999997,4.0,4.0,-0.04,-0.07250000000000001,0.25,0.245,6890.0,6779.5
5535.0,0.7333333333335048,229.66666666666666,226.0,100.0,100.0,0.0,0.0,0.29,-0.20666666666666667,4.0,4.0,-0.06333333333333334,-0.010000000000000002,0.38666666666666666,0.26666666666666666,6929.0,6799.0
5540.0,0.7375000000000682,230.25,227.0,100.0,100.0,0.0,0.0,-0.1825,-0.36,4.0,4.0,0.0125,0.03,0.225,0.25,6921.5,6837.0
5545.0,0.7500000000002984,231.0,227.66666666666666,100.0,100.0,0.0,0.0,-0.5766666666666667,-0.3466666666666667,4.0,4.0,0.07,0.07666666666666666,0.23666666666666666,0.2733333333333334,6939.333333333333,6854.333333333333
5550.0,0.7458333333334082,232.0,228.25,100.0,100.0,0.0,0.0,-0.8266666666666667,-0.3025,4.0,4.0,0.13333333333333333,0.1125,0.25666666666666665,0.2575,6977.0,6870.25
5555.0,0.7333333333333485,233.0,229.0,100.0,100.0,0.0,0.0,-0.84,-0.3566666666666667,4.0,4.0,0.21,0.12,0.23,0.25666666666666665,6994.0,6893.333333333333
5560.0,0.7500000000003837,233.0,230.0,100.0,100.0,0.0,0.0,-0.84,-0.67,4.0,4.0,0.25666666666666665,0.15666666666666668,0.24666666666666667,0.25333333333333335,7023.666666666667,6926.333333333333
5565.0,0.75,234.0,231.0,100.0,100.0,0.0,0.0,-0.84,-0.99,4.0,4.0,0.36,0.22,0.27,0.25,7015.0,6944.0
5570.0,0.7500000000001137,234.5,231.5,100.0,100.0,0.0,0.0,-0.84,-1.21,4.0,4.0,0.33,0.33999999999999997,0.225,0.265,7047.0,6963.5
5575.0,0.7500000000004547,235.0,232.0,100.0,100.0,0.0,0.0,-0.84,-1.21,4.0,4.0,0.37,0.41,0.24,0.26,7064.0,6972.0
5580.0,0.750000000000071,235.66666666666666,232.66666666666666,100.0,100.0,0.0,0.0,-0.8733333333333333,-1.21,4.0,4.0,0.37,0.42333333333333334,0.23333333333333334,0.23,7086.333333333333,7005.0
5585.0,0.7500000000002274,236.0,233.0,100.0,100.0,0.0,0.0,-1.05,-1.21,4.0,4.0,0.38,0.47,0.2,0.23,7111.0,7013.0
5590.0,0.7500000000003126,237.0,234.0,100.0,100.0,0.0,0.0,-1.3933333333333333,-1.21,4.0,4.0,0.49333333333333335,0.48333333333333334,0.22333333333333333,0.24000000000000002,7116.0,7040.333333333333
5595.0,0.7541666666668334,237.25,234.33333333333334,100.0,100.0,0.0,0.0,-1.4275,-1.35,4.0,4.0,0.52,0.5266666666666666,0.205,0.21666666666666667,7126.5,7064.666666666667
5600.0,0.7541666666668192,238.0,235.0,33.33333333333334,100.0,0.0,0.0,-1.42,-1.6724999999999999,4.0,4.0,0.5333333333333333,0.615,-0.036666666666666625,0.2175,7029.333333333333,7071.5
5605.0,0.7541666666667908,238.0,236.0,25.0,100.0,0.0,0.0,-1.43,-1.79,0.0,4.0,0.5650000000000001,0.62,-0.08750000000000001,0.20666666666666667,6525.25,7087.666666666667
5610.0,0.7541666666669613,238.0,236.0,100.0,100.0,0.0,0.0,-1.4233333333333333,-1.79,5.0,4.0,0.5966666666666667,0.6125,0.21333333333333332,0.2075,6092.333333333333,7109.5
5615.0,0.750000000000071,239.0,237.0,100.0,66.66666666666667,0.0,0.0,-1.4233333333333333,-1.79,5.0,4.0,0.44666666666666666,0.7133333333333333,0.22,0.09333333333333334,6116.333333333333,7062.0
5620.0,0.7625000000000455,239.0,236.0,100.0,0.0,0.0,0.0,-1.475,-1.79,5.0,0.0,0.40249999999999997,0.71,0.255,-0.18,6173.5,6659.0
5625.0,0.7500000000003837,240.0,237.0,100.0,100.0,0.0,0.0,-1.9200000000000002,-1.79,5.0,5.0,0.6833333333333333,0.48333333333333334,0.21,0.15333333333333335,6146.333333333333,6116.333333333333
5630.0,0.7625000000000455,240.75,238.0,100.0,100.0,0.0,0.0,-2.08,-1.82,5.0,5.0,0.84,0.61,0.2175,0.27,6135.25,6135.0
5635.0,0.7500000000001563,241.0,238.0,100.0,100.0,0.0,0.0,-2.08,-1.9633333333333332,5.0,5.0,0.7233333333333334,0.8233333333333334,0.19666666666666668,0.24,6162.666666666667,6089.666666666667
5640.0,0.7625000000003865,241.75,239.0,100.0,100.0,0.0,0.0,-2.0725,-2.23,5.0,5.0,0.815,0.81,0.2575,0.22,6239.0,6098.0
5645.0,0.7583333333334821,242.33333333333334,239.5,100.0,100.0,0.0,0.0,-2.18,-2.075,5.0,5.0,1.1099999999999999,0.665,0.22,0.20500000000000002,6175.666666666667,6153.5
5650.0,0.7625000000001592,243.0,240.0,100.0,100.0,0.0,0.0,-2.44,-1.44,5.0,5.0,0.9724999999999999,1.04,0.2,0.34,6190.75,6149.0
5655.0,0.7625000000001592,243.25,240.5,100.0,100.0,0.0,0.0,-2.46,-0.815,5.0,5.0,0.7525,0.925,0.195,0.225,6246.0,6126.5
5660.0,0.7666666666669499,244.0,241.0,100.0,100.0,0.0,0.0,-2.42,-0.68,5.0,5.0,0.85,0.59,0.21,0.21,6253.0,6173.0
5665.0,0.7625000000000455,244.25,241.5,100.0,100.0,0.0,0.0,-2.005,-0.765,5.0,5.0,0.955,0.535,0.215,0.22,6257.75,6200.5
5670.0,0.7666666666667226,245.0,242.0,100.0,100.0,0.0,0.0,-1.6666666666666665,-0.67,5.0,5.0,0.9133333333333333,0.48,0.22666666666666666,0.22,6264.0,6196.0
5675.0,0.775000000000432,245.0,243.0,96.0,100.0,0.0,0.0,-1.67,-0.45499999999999996,5.0,5.0,0.88,0.405,0.22,0.22999999999999998,6262.0,6211.5
5680.0,0.7666666666667226,245.33333333333334,244.0,28.666666666666668,100.0,10.0,0.0,-1.6966666666666665,-0.73,5.0,5.0,0.7133333333333334,0.38,-0.11333333333333331,0.25,6194.666666666667,6226.0
5685.0,0.7666666666668789,244.0,244.0,0.0,100.0,41.0,0.0,-1.83,-1.3266666666666667,5.0,5.0,0.67,0.4066666666666667,-0.82,0.22333333333333333,6058.0,6226.666666666667
5690.0,0.7666666666670352,241.66666666666666,245.0,0.0,100.0,46.333333333333336,0.0,-1.8533333333333335,-2.16,5.0,5.0,0.7233333333333333,0.42,-1.0133333333333334,0.22,6007.0,6266.0
5695.0,0.7666666666668789,240.0,245.0,0.0,100.0,50.0,0.0,-1.86,-2.546666666666667,5.0,5.0,0.75,0.6133333333333334,-1.12,0.23333333333333334,5952.0,6292.333333333333
5700.0,0.7541666666668192,235.66666666666666,245.75,0.0,100.0,50.0,0.0,-1.8733333333333333,-2.8575,5.0,5.0,0.7333333333333333,0.8475,-1.1066666666666667,0.2125,5849.0,6282.0
5705.0,0.7541666666667908,232.5,246.0,17.25,88.66666666666667,52.0,0.0,-2.3125,-2.93,5.0,5.0,0.7024999999999999,1.01,-1.1124999999999998,0.19333333333333333,5942.75,6279.333333333333
5710.0,0.7541666666669613,229.66666666666666,246.75,23.0,69.0,52.0,0.0,-2.85,-2.93,0.0,5.0,0.7833333333333333,0.9824999999999999,-1.06,0.1225,6622.333333333333,6278.5
5715.0,0.7458333333334082,226.33333333333334,247.0,0.0,44.25,52.0,0.0,-3.3766666666666665,-2.975,4.0,5.0,1.1166666666666667,0.995,-1.21,0.065,6583.666666666667,6277.25
5720.0,0.7333333333333485,223.0,247.0,0.0,11.0,52.0,0.0,-3.96,-3.51,4.0,5.0,1.09,1.1566666666666667,-1.14,-0.06666666666666667,6505.0,6214.333333333333
5725.0,0.729166666666984,218.66666666666666,245.75,0.0,0.0,52.0,8.75,-4.53,-4.859999999999999,4.0,5.0,1.16,1.4375,-1.2033333333333334,-0.38249999999999995,6341.0,6168.25
5730.0,0.716666666666768,215.33333333333334,244.33333333333334,0.0,0.0,50.333333333333336,24.333333333333332,-4.57,-5.386666666666667,4.0,5.0,1.3766666666666667,1.33,-1.1266666666666667,-0.5933333333333334,6259.666666666667,6117.0
5735.0,0.7000000000000455,212.0,243.0,0.0,0.0,43.0,35.0,-4.65,-5.77,4.0,5.0,1.12,1.47,-0.97,-0.82,6143.0,6031.0
5740.0,0.7000000000002728,208.66666666666666,239.66666666666666,0.0,0.0,34.333333333333336,50.0,-5.173333333333333,-5.796666666666666,4.0,5.0,1.3833333333333333,1.4500000000000002,-0.91,-0.9833333333333334,6056.333333333333,5940.333333333333
5745.0,0.6958333333334537,206.66666666666666,236.5,0.0,0.0,23.0,56.0,-4.876666666666667,-5.935,4.0,5.0,1.4366666666666668,1.3025,-0.6633333333333333,-1.1125,6039.333333333333,5763.0
5750.0,0.6666666666668135,204.66666666666666,233.66666666666666,0.0,0.0,9.666666666666666,55.333333333333336,-4.85,-5.95,4.0,5.0,1.3533333333333333,1.5166666666666668,-0.38666666666666666,-1.1833333333333333,6007.666666666667,5697.0
5755.0,0.6666666666668135,203.0,229.66666666666666,0.0,69.0,9.0,50.666666666666664,-6.37,-5.6866666666666665,4.0,0.0,1.66,1.3766666666666667,-0.38,-0.9766666666666667,5985.0,6277.0
5760.0,0.6666666666668988,202.33333333333334,227.0,0.0,0.0,3.666666666666667,42.0,-7.859999999999999,-5.47,4.0,4.0,1.62,1.7,-0.30000000000000004,-1.08,5963.0,6560.0
5765.0,0.6333333333335958,201.33333333333334,224.33333333333334,0.0,0.0,0.0,42.0,-9.743333333333334,-6.44,4.0,4.0,1.8133333333333335,1.7933333333333334,-0.22333333333333333,-1.0,5937.0,6511.0
5770.0,0.6333333333333684,200.66666666666666,221.0,3.3333333333333335,0.0,0.0,43.0,-10.68,-8.88,4.0,4.0,2.1066666666666665,1.58,-0.22333333333333333,-1.02,5931.333333333333,6399.0
5775.0,0.6333333333336668,200.0,217.66666666666666,13.0,0.0,0.0,44.666666666666664,-11.39,-10.433333333333334,4.0,4.0,2.15,2.0933333333333333,-0.14,-1.0733333333333335,5920.0,6310.0
5780.0,0.6166666666670153,199.0,214.0,21.0,0.0,0.0,45.333333333333336,-12.2,-11.633333333333333,4.0,4.0,2.39,2.2866666666666666,-0.12,-1.0966666666666667,5914.0,6197.333333333333
5785.0,0.6166666666666316,198.0,210.0,35.0,0.0,0.0,40.0,-11.793333333333333,-12.24,4.0,4.0,2.263333333333333,2.23,-0.08000000000000002,-1.03,5903.666666666667,6057.0
5790.0,0.616666666666859,197.33333333333334,207.0,52.666666666666664,0.0,0.0,25.0,-10.636666666666667,-13.02,4.0,4.0,2.0033333333333334,2.59,-0.006666666666666668,-0.77,5911.666666666667,6001.0
5795.0,0.6083333333335759,197.0,204.33333333333334,65.0,0.0,0.0,3.0,-9.39,-13.313333333333334,4.0,4.0,2.135,2.276666666666667,0.05,-0.37333333333333335,5916.0,5975.666666666667
5800.0,0.6000000000000512,197.0,203.0,75.33333333333333,16.333333333333332,0.0,0.0,-8.113333333333333,-13.32,4.0,4.0,2.3266666666666667,2.06,0.07666666666666667,-0.14333333333333334,5904.333333333333,6011.333333333333
5805.0,0.6166666666667879,197.0,202.0,79.0,46.666666666666664,0.0,0.0,-8.51,-13.976666666666667,4.0,4.0,2.07,2.433333333333333,0.08,-0.060000000000000005,5904.0,6030.0
5810.0,0.6000000000001364,197.0,201.0,86.0,67.0,0.0,0.0,-10.63,-15.71,4.0,4.0,2.13,2.55,0.13,0.0,5927.0,6020.0
5815.0,0.6166666666669443,197.0,201.0,87.0,83.0,0.0,0.0,-11.02,-18.09,4.0,4.0,1.57,2.05,0.17333333333333334,0.02,5951.666666666667,6032.0
5820.0,0.6000000000002927,197.66666666666666,201.0,81.0,85.33333333333333,0.0,0.0,-10.486666666666666,-18.77,4.0,4.0,1.6833333333333331,2.0733333333333333,0.2366666666666667,0.06999999999999999,6059.0,6039.0
5825.0,0.591666666666697,198.0,201.0,85.5,85.33333333333333,0.0,0.0,-9.135,-18.763333333333335,4.0,4.0,2.2800000000000002,1.5666666666666667,0.29000000000000004,0.11,5979.5,6058.333333333333
5830.0,0.6000000000002927,198.33333333333334,201.0,87.33333333333333,82.33333333333333,0.0,0.0,-7.706666666666666,-18.003333333333334,4.0,4.0,1.8,2.1533333333333333,0.23,0.12666666666666668,6022.666666666667,6078.0
5835.0,0.6000000000003638,199.0,201.0,92.0,84.0,0.0,0.0,-6.1,-16.69,4.0,4.0,1.66,2.13,0.31,0.18,6071.0,6066.0
5840.0,0.5833333333332575,200.0,201.0,100.0,78.0,0.0,0.0,-3.99,-14.743333333333332,4.0,4.0,1.88,1.95,0.33,0.19,6097.0,6120.333333333333
5845.0,0.6000000000002075,200.66666666666666,201.0,100.0,77.0,0.0,0.0,-2.5033333333333334,-12.233333333333333,4.0,4.0,1.68,1.9933333333333334,0.32,0.18666666666666668,6072.333333333333,6113.333333333333
5850.0,0.5916666666669244,201.5,201.33333333333334,100.0,76.66666666666667,0.0,0.0,-1.3849999999999998,-9.51,4.0,4.0,1.225,1.98,0.345,0.20333333333333334,6092.5,6134.0
5855.0,0.6000000000000512,202.33333333333334,202.0,100.0,87.0,0.0,0.0,-0.8033333333333333,-6.4366666666666665,4.0,4.0,0.7899999999999999,1.5666666666666667,0.33,0.24666666666666667,6156.333333333333,6171.0
5860.0,0.6000000000001364,203.0,202.0,100.0,92.0,0.0,0.0,-0.59,-4.57,4.0,4.0,0.62,1.49,0.31,0.27,6188.0,6216.0
5865.0,0.5833333333334849,204.0,203.0,100.0,100.0,0.0,0.0,-0.52,-2.4699999999999998,4.0,4.0,0.59,1.5433333333333334,0.36,0.3566666666666667,6159.0,6206.666666666667
5870.0,0.6000000000002217,205.66666666666666,204.0,100.0,100.0,0.0,0.0,-0.52,-1.65,4.0,4.0,0.42000000000000004,1.4133333333333333,0.33666666666666667,0.38666666666666666,6197.333333333333,6295.333333333333
5875.0,0.6000000000002075,206.33333333333334,205.0,100.0,100.0,0.0,0.0,-0.47333333333333333,-1.5799999999999998,4.0,4.0,0.3466666666666667,1.39,0.32333333333333336,0.31666666666666665,6214.0,6200.0
5880.0,0.6000000000001364,207.0,206.0,100.0,100.0,0.0,0.0,-0.29,-0.91,4.0,4.0,0.26,1.13,0.31,0.36,6252.0,6208.0
5885.0,0.5833333333336412,208.0,206.66666666666666,100.0,100.0,0.0,0.0,-0.25,0.7233333333333333,4.0,4.0,0.2,0.6266666666666667,0.33,0.31666666666666665,6284.0,6230.0
5890.0,0.6000000000002927,209.66666666666666,207.66666666666666,100.0,100.0,0.0,0.0,-0.3733333333333333,1.4166666666666665,4.0,4.0,0.17333333333333334,0.14666666666666667,0.31,0.31666666666666665,6319.0,6259.666666666667
5895.0,0.6000000000000654,210.0,208.33333333333334,62.66666666666667,100.0,6.0,0.0,-0.9366666666666666,0.9433333333333334,4.0,4.0,0.21666666666666667,-0.026666666666666665,0.12666666666666668,0.31666666666666665,6302.0,6291.666666666667
5900.0,0.6000000000003638,210.0,210.0,10.0,100.0,40.0,0.0,-1.56,-0.05,4.0,4.0,0.33,-0.1,-0.69,0.31,6169.0,6338.0
5905.0,0.6000000000002927,206.0,210.66666666666666,0.0,100.0,55.333333333333336,0.0,-1.8166666666666667,-0.21000000000000002,4.0,4.0,0.37,-0.09333333333333334,-1.1466666666666667,0.33666666666666667,6020.666666666667,6356.333333333333
5910.0,0.5833333333333286,202.0,211.33333333333334,46.0,98.66666666666667,70.66666666666667,0.0,-1.8266666666666667,0.03333333333333333,4.0,4.0,0.4066666666666667,-0.08,-1.47,0.32,6372.666666666667,6366.666666666667
5915.0,0.5833333333336412,197.66666666666666,212.0,46.0,76.0,74.0,11.0,-1.6866666666666668,0.2,0.0,4.0,0.5866666666666667,-0.05,-1.5766666666666667,0.13,7003.666666666667,6379.0
5920.0,0.5833333333336412,191.33333333333334,210.0,0.0,16.0,75.66666666666667,84.0,-1.0166666666666666,0.12,3.0,4.0,0.45666666666666667,-0.06,-1.59,-1.39,6706.0,6124.0
5925.0,0.5833333333332575,187.0,205.0,0.0,0.0,76.0,94.33333333333333,-0.77,0.01666666666666667,3.0,4.0,0.53,-0.06,-1.76,-1.8766666666666667,6578.0,5901.666666666667
5930.0,0.5666666666668334,180.0,199.0,0.0,63.333333333333336,76.0,96.66666666666667,-0.76,-0.04,3.0,0.0,0.33,-0.03,-1.56,-1.8066666666666666,6361.0,6515.333333333333
5935.0,0.5666666666668334,176.0,191.66666666666666,0.0,0.0,75.0,97.0,-0.76,-0.3733333333333333,3.0,3.0,0.29,-0.05,-1.56,-2.0733333333333333,6111.0,6746.0
5940.0,0.5500000000001819,169.0,185.66666666666666,23.0,0.0,72.0,96.66666666666667,-1.3666666666666667,-0.9566666666666667,3.0,3.0,0.33666666666666667,0.06,-1.4833333333333334,-1.8866666666666665,6201.333333333333,6385.333333333333
5945.0,0.5416666666669698,164.0,178.66666666666666,34.5,23.0,64.5,96.33333333333333,-2.39,-1.2366666666666666,0.0,3.0,0.45,0.13999999999999999,-1.355,-1.9899999999999998,7138.0,6149.0
5950.0,0.5333333333334593,159.0,171.33333333333334,0.0,46.0,60.666666666666664,96.66666666666667,-3.0233333333333334,-1.38,2.0,0.0,0.5266666666666667,0.22,-1.26,-1.8366666666666667,6839.0,7203.333333333333
5955.0,0.525000000000432,153.0,165.5,0.0,0.0,57.0,97.0,-4.13,-1.605,2.0,2.0,0.79,0.235,-1.28,-1.76,6660.0,6991.5
5960.0,0.5083333333334394,148.5,158.0,0.0,0.0,54.5,97.0,-5.265,-2.7266666666666666,2.0,2.0,0.895,0.3133333333333333,-1.2149999999999999,-1.8533333333333333,6443.5,6318.333333333333
5965.0,0.5000000000004547,143.0,150.0,0.0,0.0,47.0,97.0,-6.27,-4.39,2.0,2.0,1.06,0.48,-1.05,-1.83,6215.0,6184.0
5970.0,0.5000000000001137,139.5,142.5,0.0,0.0,23.5,90.5,-7.46,-5.365,2.0,2.0,1.19,0.6599999999999999,-0.65,-1.605,6120.0,5828.5
5975.0,0.5000000000004547,136.0,135.0,0.0,0.0,24.0,72.0,-9.87,-6.41,2.0,2.0,1.45,1.05,-0.65,-1.46,5997.0,5793.0
5980.0,0.5000000000002274,133.0,128.0,0.0,0.0,24.0,56.0,-12.63,-8.56,2.0,2.0,1.68,1.09,-0.65,-1.18,5830.0,5546.0
5985.0,0.5250000000003183,129.5,122.0,0.0,0.0,21.0,47.0,-14.995000000000001,-10.86,2.0,2.0,1.905,1.37,-0.66,-1.1,5663.0,5300.0
5990.0,0.525000000000091,125.5,116.0,0.0,0.0,16.5,30.0,-17.255000000000003,-12.74,2.0,2.0,2.0949999999999998,1.41,-0.6000000000000001,-0.81,5499.0,5066.0
5995.0,0.525000000000091,122.5,112.0,0.0,0.0,0.5,22.0,-19.310000000000002,-15.08,2.0,2.0,2.215,1.6,-0.31999999999999995,-0.63,5404.0,4912.0
6000.0,0.5500000000002956,120.5,108.5,6.5,0.0,0.0,5.5,-20.05,-17.25,2.0,2.0,2.01,1.745,-0.21000000000000002,-0.385,5352.0,4791.0
6005.0,0.5750000000000455,119.0,107.0,25.5,0.0,0.0,0.0,-21.195,-19.6,2.0,2.0,2.135,1.71,-0.025,-0.25,5393.5,4708.0
6010.0,0.5750000000002728,118.0,105.0,35.0,0.0,0.0,0.0,-24.695,-22.39,2.0,2.0,1.875,1.81,-0.025,-0.27,5386.0,4628.0
6015.0,0.6250000000002274,118.0,102.0,45.5,0.0,0.0,0.0,-26.005,-25.58,2.0,2.0,1.76,1.84,0.03,-0.28,5396.5,4509.0
6020.0,0.650000000000091,118.0,99.5,53.5,2.0,0.0,0.0,-24.51,-25.795,2.0,2.0,1.835,1.81,0.115,-0.25,5399.5,4409.0
6025.0,0.6500000000003183,118.0,99.0,57.0,52.0,0.0,0.0,-20.46,-23.39,2.0,2.0,1.95,1.65,0.21,0.11,5469.0,4550.0
6030.0,0.7000000000002728,119.0,99.0,60.0,82.0,0.0,0.0,-12.38,-18.01,2.0,2.0,1.71,1.64,0.25,0.25,5530.0,4641.0
6035.0,0.7000000000002728,120.0,100.0,79.0,83.0,0.0,0.0,-5.3,-12.72,2.0,2.0,1.5,1.56,0.37,0.29,5657.0,4693.0
6040.0,0.75,122.0,103.0,80.0,88.0,0.0,0.0,-1.84,-4.81,2.0,2.0,1.39,1.22,0.52,0.48,5867.0,4800.0
6045.0,0.775000000000091,123.5,106.0,75.5,94.0,0.0,0.0,0.22500000000000003,-0.89,2.0,2.0,1.25,0.79,0.46499999999999997,0.62,6121.0,4911.0
6050.0,0.8000000000002956,126.0,109.5,78.0,99.5,0.0,0.0,3.4000000000000004,-0.38,2.0,2.0,1.17,0.395,0.495,0.6499999999999999,6114.0,5064.5
6055.0,0.8250000000000455,128.5,113.0,78.0,95.0,0.0,0.0,9.120000000000001,-0.55,2.0,2.0,0.915,0.16,0.525,0.57,6070.0,5284.0
6060.0,0.8500000000003638,131.0,117.0,83.0,100.0,0.0,0.0,12.13,-0.22,2.0,2.0,-0.06,0.12,0.56,0.58,5977.0,5416.0
6065.0,0.8500000000003638,133.0,120.0,58.0,100.0,0.0,0.0,10.68,1.25,2.0,2.0,-0.99,0.0,0.4,0.62,6116.0,5602.0
6070.0,0.8750000000002274,135.0,124.0,49.0,100.0,0.0,0.0,8.865,1.61,2.0,2.0,-1.1749999999999998,-0.12,0.35,0.62,6221.5,5720.0
6075.0,0.9000000000003183,136.0,127.0,57.0,100.0,0.0,0.0,6.58,3.53,2.0,2.0,-1.1,-0.3,0.34,0.59,6313.0,5858.0
6080.0,0.8750000000001137,138.0,129.5,74.0,99.0,0.0,0.0,5.09,4.145,2.0,2.0,-1.08,-0.53,0.44,0.62,6467.0,6066.5
6085.0,0.9000000000002046,140.0,132.5,83.0,94.0,0.0,0.0,6.005,6.015000000000001,2.0,2.0,-0.96,-0.675,0.45999999999999996,0.5549999999999999,6591.0,6197.5
6090.0,0.900000000000091,142.0,135.0,85.0,88.0,0.0,0.0,7.3,7.74,2.0,2.0,-1.56,-0.9,0.61,0.55,6640.0,6296.0
6095.0,0.9000000000002046,144.0,137.5,88.5,84.5,0.0,0.0,7.21,7.390000000000001,2.0,2.0,-1.545,-0.9650000000000001,0.525,0.495,6645.5,6463.0
6100.0,0.9250000000001819,146.0,139.5,89.0,80.5,0.0,0.0,6.83,7.27,2.0,2.0,-1.51,-1.47,0.52,0.52,6755.0,6574.5
6105.0,0.9250000000001819,148.0,142.0,91.5,86.0,0.0,0.0,5.574999999999999,6.25,2.0,2.0,-1.37,-1.63,0.51,0.5,6842.5,6575.0
6110.0,0.9250000000001819,150.0,143.5,96.0,87.0,0.0,0.0,4.57,5.025,2.0,2.0,-1.27,-1.54,0.54,0.52,6954.0,6688.0
6115.0,0.9333333333335503,152.0,145.0,93.66666666666667,91.0,0.0,0.0,4.0,3.89,2.0,2.0,-1.0866666666666667,-1.49,0.5166666666666667,0.49,7128.666666666667,6769.0
6120.0,0.9500000000002728,153.5,147.0,94.5,95.5,0.0,0.0,3.5300000000000002,2.62,2.0,2.0,-1.2850000000000001,-1.3399999999999999,0.45999999999999996,0.555,7165.0,6860.5
6125.0,0.9500000000002728,154.0,149.0,100.0,94.0,0.0,0.0,3.49,1.47,3.0,2.0,-1.32,-1.04,-0.02,0.53,6580.0,7036.0
6130.0,0.9333333333335503,156.33333333333334,151.0,99.33333333333333,96.0,0.0,0.0,2.74,0.78,3.0,2.0,-1.1,-1.05,0.5466666666666666,0.5,5926.333333333333,7076.0
6135.0,0.9500000000001592,158.5,153.5,100.0,100.0,0.0,0.0,1.175,0.54,3.0,2.0,-1.045,-1.03,0.525,0.565,5892.0,7048.5
6140.0,0.9500000000002728,161.0,155.0,100.0,0.0,0.0,0.0,0.42,0.54,3.0,0.0,-0.64,-0.7,0.55,-0.04,5957.0,6756.0
6145.0,0.966666666666697,163.0,156.33333333333334,100.0,100.0,0.0,0.0,0.46,0.010000000000000009,3.0,3.0,-0.38,-0.3866666666666667,0.53,0.59,6061.0,5790.333333333333
6150.0,0.9583333333334423,164.33333333333334,158.5,100.0,100.0,0.0,0.0,1.1466666666666667,0.35000000000000003,3.0,3.0,-0.31666666666666665,-0.20500000000000002,0.5166666666666667,0.53,6119.333333333333,5901.5
6155.0,0.9750000000001364,166.5,161.0,100.0,100.0,0.0,0.0,1.8199999999999998,2.23,3.0,3.0,-0.33999999999999997,-0.28,0.52,0.51,6206.0,6005.0
6160.0,0.9750000000001364,168.5,163.0,100.0,100.0,0.0,0.0,1.75,2.88,3.0,3.0,-0.405,-0.47,0.505,0.51,6283.5,6053.0
6165.0,0.9666666666669954,170.66666666666666,165.0,100.0,100.0,0.0,0.0,1.23,2.11,3.0,3.0,-0.43333333333333335,-0.51,0.5066666666666667,0.49,6320.333333333333,6134.0
6170.0,0.9750000000002501,172.0,166.5,100.0,100.0,0.0,0.0,1.19,0.9650000000000001,3.0,3.0,-0.22,-0.49,0.44,0.51,6476.0,6232.5
6175.0,0.9750000000003638,174.0,168.5,96.0,100.0,0.0,0.0,1.01,0.835,3.0,3.0,-0.25,-0.44,0.57,0.505,6858.0,6264.5
6180.0,0.9833333333333485,176.0,170.66666666666666,100.0,100.0,0.0,0.0,0.67,1.2533333333333334,3.0,3.0,-0.36,-0.24,0.47,0.44666666666666666,6640.0,6388.666666666667
6185.0,0.9833333333333485,177.0,171.66666666666666,100.0,97.66666666666667,0.0,0.0,0.68,2.23,3.0,3.0,-0.56,-0.3,0.59,0.58,6600.0,6737.0
6190.0,1.0000000000002274,180.0,174.0,100.0,100.0,0.0,0.0,0.69,2.11,3.0,3.0,-0.43,-0.45,0.5,0.38,6633.0,6605.0
6195.0,1.0000000000002274,181.0,176.0,42.0,100.0,0.0,0.0,1.0,1.92,3.0,3.0,-0.36,-0.76,0.34,0.61,6648.0,6582.0
6200.0,1.0000000000004547,179.0,178.0,0.0,84.0,49.0,0.0,1.8,1.47,3.0,3.0,-0.4,-0.75,-0.91,0.44,6399.0,6543.0
6205.0,1.0,175.0,178.0,0.0,24.0,64.0,29.0,1.82,1.18,3.0,3.0,-0.49,-0.61,-1.29,-0.17,6179.0,6480.0
6210.0,0.9833333333334195,169.33333333333334,174.0,0.0,0.0,73.0,73.0,2.27,0.97,3.0,3.0,-0.39,-0.44,-1.2966666666666666,-1.38,5775.0,6149.0
6215.0,0.9750000000001364,164.5,170.0,0.0,0.0,73.0,80.0,2.8949999999999996,0.75,3.0,3.0,-0.6499999999999999,-0.4,-1.5150000000000001,-1.59,5715.0,5846.0
6220.0,1.0000000000001137,158.5,163.5,34.5,0.0,73.0,83.0,3.125,1.0250000000000001,3.0,0.0,-0.65,-0.255,-1.33,-1.4049999999999998,5796.5,6779.0
6225.0,0.9750000000002501,154.0,157.5,0.0,0.0,68.0,81.5,3.5,1.1549999999999998,2.0,2.0,-0.7,-0.30000000000000004,-1.17,-1.645,6652.0,6528.5
6230.0,0.9750000000001364,147.5,150.0,0.0,0.0,60.5,79.0,4.1450000000000005,1.14,2.0,2.0,-0.785,-0.37,-1.185,-1.56,6375.0,6357.0
6235.0,0.9750000000002501,142.0,144.0,0.0,0.0,54.0,76.5,5.54,1.645,2.0,2.0,-0.95,-0.395,-1.08,-1.41,6164.0,6096.0
6240.0,0.9750000000001364,138.0,138.0,0.0,0.0,52.0,73.0,6.925,2.42,2.0,2.0,-0.9199999999999999,-0.46,-0.99,-1.34,5957.5,5934.0
6245.0,1.0000000000002274,133.0,131.0,0.0,0.0,50.0,66.0,7.95,3.56,2.0,1.0,-1.14,-0.58,-0.93,-1.13,5793.0,7244.0
6250.0,0.9750000000000227,129.0,125.5,69.0,0.0,46.0,63.5,8.83,4.865,0.0,1.0,-1.15,-0.625,-0.81,-1.26,6899.0,6923.0
6255.0,0.9750000000000227,123.0,119.5,0.0,0.0,45.0,55.5,10.25,6.895,1.0,1.0,-1.22,-0.8200000000000001,-0.83,-1.085,6823.0,6647.5
6260.0,1.0000000000004547,119.0,113.0,0.0,0.0,37.0,42.0,11.32,9.28,1.0,1.0,-1.6,-1.07,-0.86,-0.79,6555.0,6324.0
6265.0,1.0000000000002274,114.0,109.0,0.0,0.0,35.0,38.0,13.0,10.73,1.0,1.0,-1.47,-1.18,-0.67,-0.74,6308.0,6057.0
6270.0,1.0250000000002046,110.0,105.5,0.0,0.0,27.0,18.0,14.03,12.04,1.0,1.0,-1.8,-1.395,-0.69,-0.44,6090.0,5911.0
6275.0,1.0250000000003183,107.0,103.0,0.0,0.0,0.0,6.0,15.815,14.37,1.0,1.0,-1.9249999999999998,-1.44,-0.16499999999999998,-0.23,6038.0,5827.0
6280.0,1.0250000000002046,106.0,102.0,0.0,0.0,0.0,0.0,17.77,17.415,1.0,1.0,-1.79,-1.625,-0.16,-0.14500000000000002,5982.0,5776.5
6285.0,1.025000000000091,104.0,101.0,0.0,0.0,0.0,0.0,20.560000000000002,20.16,1.0,1.0,-1.7850000000000001,-1.62,-0.16,-0.15,5908.5,5713.0
6290.0,1.025000000000432,103.0,100.0,6.0,25.5,0.0,0.0,22.86,21.915,1.0,1.0,-1.98,-1.685,-0.09,0.095,5900.0,5802.0
6295.0,1.025000000000091,103.0,101.0,29.0,42.0,0.0,0.0,23.46,22.75,1.0,1.0,-2.05,-1.84,0.10500000000000001,0.2,5960.5,5890.0
6300.0,1.0499999999999545,103.0,102.0,45.0,42.0,0.0,0.0,21.93,22.89,1.0,1.0,-1.9,-1.77,0.17,0.26,6022.0,5952.0
6305.0,1.0250000000003183,104.5,103.0,58.0,42.0,0.0,0.0,19.35,22.98,1.0,1.0,-1.8900000000000001,-1.68,0.29000000000000004,0.24,6122.0,6048.0
6310.0,1.050000000000182,106.0,105.0,62.0,50.0,0.0,0.0,16.55,22.95,1.0,1.0,-1.65,-1.94,0.36,0.3,6266.0,6146.0
6315.0,1.0499999999999545,108.0,106.0,61.0,50.0,0.0,0.0,14.04,22.5,1.0,1.0,-1.48,-1.85,0.39,0.31,6407.0,6300.0
6320.0,1.0500000000002956,110.0,108.0,63.0,58.0,0.0,0.0,10.934999999999999,21.025,1.0,1.0,-1.7349999999999999,-1.78,0.45499999999999996,0.37,6584.5,6451.0
6325.0,1.050000000000182,112.0,110.0,68.0,61.0,0.0,0.0,10.27,18.44,1.0,1.0,-1.55,-1.74,0.52,0.48,6697.0,6657.0
6330.0,1.0499999999999545,115.0,112.0,70.0,60.0,0.0,0.0,9.42,14.55,1.0,1.0,-1.72,-1.54,0.63,0.48,6839.0,6867.0
6335.0,1.0500000000004093,118.0,114.0,70.0,65.0,0.0,0.0,8.8,8.89,1.0,1.0,-1.31,-1.79,0.57,0.58,7073.0,7056.0
6340.0,1.0750000000002728,120.0,116.0,70.0,68.0,0.0,0.0,8.59,2.5300000000000002,1.0,1.0,-1.38,-1.93,0.48,0.525,7173.0,7187.5
6345.0,1.0750000000001592,122.0,118.0,64.0,68.0,0.0,0.0,6.52,-5.355,2.0,1.0,-1.08,-1.62,0.52,0.5249999999999999,6127.0,7169.5
6350.0,1.0750000000001592,125.0,119.0,76.0,29.5,0.0,0.0,5.02,-9.504999999999999,2.0,0.0,-1.25,-1.375,0.57,0.495,5864.0,6593.0
6355.0,1.0749999999999318,128.0,121.5,86.0,85.0,0.0,0.0,3.33,-15.36,2.0,2.0,-0.93,-0.675,0.59,0.6799999999999999,6069.0,5692.5
6360.0,1.1000000000002501,129.5,125.5,77.5,100.0,0.0,0.0,1.885,-0.6000000000000001,2.0,2.0,-0.98,0.14,0.5,0.74,6497.5,5813.5
6365.0,1.0750000000000455,132.5,129.0,80.0,98.0,0.0,0.0,-0.585,6.75,2.0,2.0,-1.62,-0.17,0.7,0.72,6355.5,5963.0
6370.0,1.1000000000003638,135.0,132.0,88.0,83.0,0.0,0.0,-2.3,7.08,2.0,2.0,-1.36,-0.52,0.58,0.42,6382.0,6245.0
6375.0,1.1000000000001364,137.5,134.5,88.0,83.5,0.0,0.0,-4.68,5.65,2.0,2.0,-1.07,-1.055,0.685,0.5800000000000001,6474.0,6412.5
6380.0,1.1000000000002501,141.5,137.5,99.0,90.5,0.0,0.0,-7.550000000000001,1.315,2.0,2.0,-0.05499999999999999,-1.665,0.69,0.725,6473.0,6407.0
6385.0,1.1000000000003638,144.0,140.0,100.0,89.0,0.0,0.0,-3.74,-1.94,2.0,2.0,0.49,-0.92,0.66,0.49,6638.0,6645.0
6390.0,1.1000000000002501,146.5,142.5,100.0,95.0,0.0,0.0,-1.44,-3.1950000000000003,2.0,2.0,0.615,-0.9099999999999999,0.655,0.635,6728.5,6673.5
6395.0,1.1166666666669443,149.66666666666666,145.0,100.0,100.0,0.0,0.0,-1.4166666666666665,-3.4,2.0,2.0,0.4766666666666667,-0.5,0.6566666666666667,0.65,6809.666666666667,6711.0
6400.0,1.125000000000341,152.0,148.0,100.0,100.0,0.0,0.0,-1.85,-2.135,2.0,2.0,0.4,0.009999999999999995,0.58,0.645,6974.0,6781.5
6405.0,1.1250000000002274,154.5,151.0,100.0,100.0,0.0,0.0,-2.95,-0.88,2.0,2.0,0.545,0.21,0.595,0.62,7059.0,6900.0
6410.0,1.1000000000003638,156.0,154.0,0.0,100.0,0.0,0.0,-3.01,-0.23,0.0,2.0,0.64,0.16,0.0,0.58,6969.0,7009.0
6415.0,1.125,158.0,155.5,100.0,50.0,0.0,0.0,-3.01,-0.22999999999999998,3.0,2.0,0.66,0.13,0.82,0.295,5796.0,7027.5
6420.0,1.1250000000002274,160.5,157.0,100.0,100.0,0.0,0.0,-3.14,-0.62,3.0,3.0,0.715,0.11,0.545,0.63,5988.0,5806.0
6425.0,1.125,162.0,159.0,100.0,100.0,0.0,0.0,-2.885,-1.07,3.0,3.0,0.785,0.16,0.545,0.56,6041.0,5941.0
6430.0,1.1250000000001137,165.0,161.5,100.0,100.0,0.0,0.0,-1.75,-1.96,3.0,3.0,0.67,0.31,0.55,0.535,6153.0,6020.5
6435.0,1.1250000000001137,166.0,163.5,100.0,100.0,0.0,0.0,-1.54,-2.665,3.0,3.0,0.63,0.43999999999999995,0.55,0.53,6221.0,6088.0
6440.0,1.1333333333336668,168.0,165.66666666666666,100.0,100.0,0.0,0.0,-1.55,-3.5766666666666667,3.0,3.0,0.64,0.6266666666666667,0.56,0.5133333333333333,6264.0,6174.0
6445.0,1.1333333333335958,170.33333333333334,168.0,100.0,100.0,0.0,0.0,-1.3633333333333333,-3.79,3.0,3.0,0.5466666666666667,0.69,0.53,0.51,6310.333333333333,6269.0
6450.0,1.1250000000002274,172.5,170.0,100.0,100.0,0.0,0.0,-1.32,-3.11,3.0,3.0,0.41000000000000003,0.94,0.5,0.57,6390.5,6341.0
6455.0,1.1250000000002274,174.5,171.0,100.0,100.0,0.0,0.0,-1.7650000000000001,-1.92,3.0,3.0,0.475,0.94,0.55,0.45,6490.5,6372.0
6460.0,1.1416666666667226,176.0,173.33333333333334,100.0,100.0,0.0,0.0,-2.585,-1.09,3.0,3.0,0.525,0.73,0.5,0.5333333333333333,6527.5,6438.333333333333
6465.0,1.1416666666668789,177.5,175.33333333333334,100.0,100.0,0.0,0.0,-2.6,-1.03,3.0,3.0,0.55,0.54,0.475,0.5233333333333333,6646.5,6516.333333333333
6470.0,1.1500000000002046,179.5,177.0,100.0,100.0,0.0,0.0,-1.82,-1.105,3.0,3.0,0.765,0.495,0.5349999999999999,0.5,6645.5,6546.5
6475.0,1.1500000000002046,181.5,178.5,100.0,100.0,0.0,0.0,-1.475,-1.9050000000000002,3.0,3.0,0.645,0.42,0.485,0.46,6701.0,6656.5
6480.0,1.1500000000002046,183.0,180.5,100.0,100.0,0.0,0.0,-1.7999999999999998,-3.6,3.0,3.0,0.56,0.74,0.48,0.51,6787.5,6712.5
6485.0,1.150000000000091,184.5,182.5,100.0,100.0,0.0,0.0,-2.64,-4.335,3.0,3.0,0.66,0.935,0.49,0.455,6833.5,6734.0
6490.0,1.1416666666668789,186.5,184.0,100.0,100.0,0.0,0.0,-3.64,-4.359999999999999,3.0,3.0,0.735,0.9633333333333333,0.45,0.46,6908.5,6825.0
6495.0,1.1500000000002473,187.33333333333334,185.33333333333334,100.0,100.0,0.0,0.0,-4.326666666666666,-3.9633333333333334,3.0,3.0,0.9466666666666667,1.0566666666666666,0.4766666666666666,0.43666666666666665,6966.0,6887.0
6500.0,1.150000000000162,189.33333333333334,187.0,100.0,100.0,0.0,0.0,-3.9933333333333336,-3.4933333333333336,3.0,3.0,0.9933333333333334,1.0966666666666667,0.44333333333333336,0.44666666666666666,7015.0,6934.666666666667
6505.0,1.1666666666667425,191.0,188.33333333333334,93.0,100.0,0.0,0.0,-3.68,-3.56,3.0,3.0,0.99,1.0166666666666666,0.42,0.45,7103.0,7008.666666666667
6510.0,1.150000000000091,192.0,189.0,53.0,96.0,0.0,0.0,-3.8,-3.6,3.0,3.0,1.18,1.16,0.26,0.47,7029.0,7012.0
6515.0,1.1500000000003183,192.0,191.0,0.0,84.0,0.0,0.0,-5.06,-3.6,3.0,3.0,1.22,0.97,-0.18,0.34,6926.0,7077.0
6520.0,1.1500000000003183,191.0,192.0,0.0,72.0,0.0,0.0,-6.3,-3.75,3.0,3.0,1.27,1.06,-0.18,0.3,6874.0,7073.0
6525.0,1.1500000000000767,190.33333333333334,193.0,0.0,51.0,0.0,0.0,-6.583333333333333,-4.66,3.0,3.0,1.3566666666666667,1.1433333333333333,-0.17,0.23333333333333334,6848.333333333333,7070.0
6530.0,1.150000000000162,189.33333333333334,193.0,0.0,31.333333333333336,0.0,0.0,-6.713333333333333,-5.6499999999999995,3.0,3.0,1.33,1.2033333333333334,-0.17333333333333334,0.16333333333333333,6824.0,7073.0
6535.0,1.1500000000002046,189.0,194.0,0.0,18.0,0.0,0.0,-7.754999999999999,-6.09,3.0,3.0,1.4,1.2149999999999999,-0.16999999999999998,0.07,6793.0,7055.5
6540.0,1.1416666666668789,188.0,194.0,0.0,15.333333333333334,0.0,0.0,-9.46,-6.086666666666667,3.0,3.0,1.545,1.3933333333333333,-0.16999999999999998,0.03666666666666667,6766.5,7045.666666666667
6545.0,1.150000000000162,187.0,194.0,0.0,18.333333333333332,0.0,0.0,-10.71,-7.04,3.0,3.0,1.3366666666666667,1.24,-0.15666666666666668,0.043333333333333335,6729.0,7059.666666666667
6550.0,1.1333333333333684,186.66666666666666,194.0,0.0,19.0,0.0,0.0,-11.783333333333333,-8.41,3.0,3.0,1.59,1.53,-0.16666666666666666,0.03,6698.333333333333,7063.0
6555.0,1.1333333333335958,185.66666666666666,194.0,0.0,19.0,0.0,0.0,-12.333333333333334,-10.42,3.0,3.0,1.91,1.28,-0.18,0.01,6672.333333333333,7052.0
6560.0,1.1333333333335815,185.0,194.0,8.666666666666666,20.0,0.0,0.0,-13.263333333333334,-11.9,3.0,3.0,1.45,1.43,-0.07666666666666667,0.03,6700.666666666667,7063.0
6565.0,1.116666666666788,184.0,193.33333333333334,30.666666666666668,20.0,0.0,0.0,-13.88,-12.926666666666668,3.0,3.0,2.6266666666666665,1.7466666666666666,-0.05,0.010000000000000002,6708.666666666667,7058.666666666667
6570.0,1.1250000000001137,184.0,193.0,46.0,19.5,0.0,0.0,-13.87,-13.795,3.0,3.0,2.99,1.505,0.03,0.02,6683.0,7032.0
6575.0,1.116666666666788,183.0,193.0,54.0,20.666666666666668,0.0,0.0,-13.05,-14.75,3.0,3.0,2.58,2.07,0.05,0.04,6707.0,7065.666666666667
6580.0,1.1166666666670153,183.0,191.66666666666666,62.0,26.0,0.0,0.0,-11.09,-14.95,3.0,3.0,2.32,2.9566666666666666,0.13,-0.27,6712.0,6980.333333333333
6585.0,1.1166666666670153,183.0,191.0,77.0,36.666666666666664,0.0,0.0,-8.56,-14.936666666666666,3.0,3.0,2.43,2.5733333333333333,0.21,-0.06666666666666668,6715.0,6968.0
6590.0,1.099999999999909,184.0,191.0,99.0,51.0,0.0,0.0,-5.67,-14.51,3.0,3.0,1.46,2.54,0.32,0.08,6792.0,6965.0
6595.0,1.1000000000001364,185.0,190.0,100.0,58.0,0.0,0.0,-2.59,-13.11,3.0,3.0,1.44,2.67,0.4,0.13,7033.0,7002.0
6600.0,1.1000000000001364,187.0,190.0,100.0,66.0,0.0,0.0,0.52,-11.28,3.0,3.0,1.25,2.59,0.48,0.15,6905.0,6985.0
6605.0,1.083333333333627,188.0,191.0,100.0,71.33333333333333,0.0,0.0,1.81,-8.026666666666667,3.0,3.0,0.85,1.4166666666666667,0.54,0.18666666666666668,7010.0,7123.0
6610.0,1.1000000000002785,189.0,191.0,100.0,92.0,0.0,0.0,2.0,-4.87,3.0,3.0,0.31666666666666665,2.006666666666667,0.4433333333333333,0.36,6972.666666666667,7159.333333333333
6615.0,1.0999999999999943,190.66666666666666,192.0,100.0,33.33333333333334,0.0,0.0,2.013333333333333,-1.5300000000000002,3.0,3.0,-0.04666666666666667,1.52,0.14,0.08333333333333337,7292.666666666667,7080.666666666667
6620.0,1.091666666666896,191.66666666666666,192.5,100.0,50.0,0.0,0.0,2.046666666666667,0.06999999999999995,3.0,0.0,-0.2533333333333333,1.635,0.42,0.27999999999999997,7149.333333333333,6329.0
6625.0,1.0916666666669244,193.0,194.0,100.0,100.0,0.0,0.0,2.48,2.1333333333333333,3.0,4.0,-0.455,0.4866666666666667,0.395,0.26,7175.5,6050.333333333333
6630.0,1.0833333333333428,194.33333333333334,194.0,66.66666666666667,94.0,0.0,0.0,2.666666666666667,4.09,3.0,4.0,-0.7766666666666666,0.29,0.21,0.43,7121.666666666667,6546.0
6635.0,1.1000000000001364,195.0,196.0,0.0,100.0,0.0,0.0,2.81,6.28,0.0,4.0,-0.79,-0.04,-0.06,0.62,6784.0,5944.0
6640.0,1.1000000000001364,196.0,198.0,100.0,100.0,0.0,0.0,3.82,6.46,4.0,4.0,-1.03,-1.02,0.48,0.44,5921.0,5979.0
6645.0,1.083333333333627,198.0,198.66666666666666,100.0,100.0,0.0,0.0,4.87,5.64,4.0,4.0,-1.35,-1.4066666666666667,0.39,0.39,5954.0,5998.333333333333
6650.0,1.0916666666669528,198.66666666666666,200.0,100.0,100.0,0.0,0.0,5.053333333333334,5.720000000000001,4.0,4.0,-1.12,-1.3,0.37666666666666665,0.355,6009.0,6077.0
6655.0,1.091666666666697,199.5,201.0,99.5,99.0,0.0,0.0,4.390000000000001,6.61,4.0,4.0,-1.22,-1.7233333333333334,0.37,0.39333333333333337,6140.0,6117.0
6660.0,1.083333333333627,201.0,202.0,100.0,98.0,0.0,0.0,3.006666666666667,6.75,4.0,4.0,-1.4933333333333334,-1.69,0.41333333333333333,0.39,6089.0,6124.0
6665.0,1.1000000000003638,202.0,203.0,100.0,89.0,0.0,0.0,2.43,6.41,4.0,4.0,-1.3,-1.39,0.36,0.31,6130.0,6277.0
6670.0,1.0833333333332575,203.0,203.66666666666666,100.0,96.66666666666667,0.0,0.0,2.27,4.993333333333333,4.0,4.0,-1.07,-2.07,0.39,0.3933333333333333,6213.0,6217.0
6675.0,1.0833333333335702,204.66666666666666,204.33333333333334,100.0,100.0,0.0,0.0,1.5133333333333332,3.64,4.0,4.0,-1.1466666666666667,-1.8633333333333333,0.4,0.37,6163.333333333333,6215.333333333333
6680.0,1.083333333333627,205.33333333333334,205.0,100.0,100.0,0.0,0.0,1.6966666666666665,2.56,4.0,4.0,-0.94,-1.35,0.37,0.36,6191.333333333333,6294.0
6685.0,1.099999999999909,207.0,207.0,100.0,100.0,0.0,0.0,3.26,0.6,4.0,4.0,-0.76,-1.61,0.38,0.38,6246.0,6258.0
6690.0,1.083333333333485,208.0,207.66666666666666,100.0,100.0,0.0,0.0,4.8,-0.003333333333333341,4.0,4.0,-0.86,-1.2533333333333332,0.38,0.38666666666666666,6337.0,6257.333333333333
6695.0,1.0833333333335702,208.66666666666666,208.33333333333334,100.0,100.0,0.0,0.0,4.973333333333334,0.6533333333333333,4.0,4.0,-1.18,-0.8200000000000001,0.36333333333333334,0.36333333333333334,6331.0,6301.0
6700.0,1.0833333333333428,210.0,210.0,100.0,100.0,0.0,0.0,4.746666666666666,2.18,4.0,4.0,-1.2966666666666666,-0.55,0.36666666666666664,0.34,6357.333333333333,6338.0
6705.0,1.1000000000001364,211.0,211.0,73.0,100.0,0.0,0.0,4.0,4.61,4.0,4.0,-1.16,-0.8,0.3,0.4,6355.0,6410.0
6710.0,1.1000000000002217,211.0,212.0,13.666666666666668,73.66666666666667,0.0,0.0,3.5166666666666666,5.93,4.0,4.0,-1.0999999999999999,-1.1333333333333333,-0.023333333333333345,0.2866666666666667,6256.0,6373.333333333333
6715.0,1.1000000000000796,211.0,212.33333333333334,0.0,38.0,2.333333333333333,0.0,3.546666666666667,5.843333333333334,4.0,4.0,-1.23,-1.2033333333333334,-0.19,0.14333333333333334,6210.666666666667,6364.666666666667
6720.0,1.0833333333335702,209.33333333333334,213.0,0.0,2.0,25.0,0.0,4.376666666666667,5.05,4.0,4.0,-1.13,-1.11,-0.5966666666666667,-0.01,6130.666666666667,6294.0
6725.0,1.083333333333485,207.0,211.33333333333334,0.0,0.0,30.0,12.0,5.14,4.22,4.0,4.0,-1.16,-1.3066666666666666,-0.66,-0.33999999999999997,6039.0,6221.333333333333
6730.0,1.083333333333485,205.33333333333334,209.33333333333334,0.0,0.0,33.666666666666664,40.666666666666664,5.6433333333333335,3.8133333333333335,4.0,4.0,-1.4766666666666666,-1.2266666666666666,-0.8033333333333333,-0.8333333333333334,5994.666666666667,6095.666666666667
6735.0,1.0750000000002728,202.0,207.0,0.0,0.0,35.5,42.0,5.845,3.08,4.0,4.0,-1.6400000000000001,-1.14,-0.825,-0.94,5901.0,5989.0
6740.0,1.0833333333333997,199.33333333333334,203.0,0.0,0.0,35.0,39.0,5.983333333333333,2.6,4.0,4.0,-1.3933333333333333,-1.36,-0.7733333333333333,-0.9,5807.0,5926.0
6745.0,1.083333333333627,197.0,200.66666666666666,0.0,0.0,36.0,38.666666666666664,6.41,3.033333333333333,4.0,4.0,-1.17,-1.4066666666666665,-0.8,-0.9033333333333333,5698.0,5860.333333333333
6750.0,1.0750000000003865,194.0,197.5,69.0,0.0,36.0,37.5,6.88,4.055,0.0,4.0,-1.7,-1.2650000000000001,-0.78,-0.86,6877.0,5782.5
6755.0,1.066666666666606,191.0,195.33333333333334,0.0,69.0,33.0,34.333333333333336,6.88,4.336666666666667,3.0,0.0,-1.78,-1.0466666666666666,-0.8,-0.6900000000000001,6802.0,6271.666666666667
6760.0,1.0833333333335702,188.33333333333334,192.66666666666666,0.0,0.0,25.0,31.333333333333332,6.926666666666667,4.526666666666666,3.0,3.0,-1.4366666666666668,-1.1266666666666667,-0.66,-0.7133333333333333,6662.666666666667,6843.0
6765.0,1.0666666666669187,186.33333333333334,190.0,0.0,0.0,19.0,30.0,7.1033333333333335,5.0,3.0,3.0,-1.9533333333333334,-1.35,-0.5766666666666667,-0.71,6661.0,6802.0
6770.0,1.0666666666667481,184.33333333333334,188.0,0.0,0.0,12.666666666666666,29.0,8.09,6.33,3.0,3.0,-1.8933333333333333,-1.2,-0.42666666666666664,-0.66,6596.0,6711.0
6775.0,1.0666666666669755,182.33333333333334,185.0,0.0,0.0,7.333333333333333,29.0,9.236666666666666,7.6,3.0,3.0,-1.6933333333333334,-1.64,-0.32,-0.74,6551.333333333333,6593.0
6780.0,1.0666666666666913,181.33333333333334,182.0,0.0,0.0,1.6666666666666667,29.0,9.813333333333334,8.88,3.0,3.0,-1.8333333333333333,-1.86,-0.23333333333333334,-0.72,6513.0,6496.0
6785.0,1.0666666666669187,180.33333333333334,180.0,0.0,0.0,0.0,29.0,10.040000000000001,9.5,3.0,3.0,-2.0833333333333335,-1.76,-0.20333333333333334,-0.69,6488.0,6388.0
6790.0,1.0666666666669187,179.0,177.0,0.0,0.0,0.0,27.0,10.783333333333333,9.55,3.0,3.0,-1.8366666666666667,-1.72,-0.19,-0.72,6446.666666666667,6278.0
6795.0,1.0666666666667481,178.33333333333334,174.0,0.0,0.0,0.0,13.0,12.106666666666666,9.96,3.0,3.0,-1.1433333333333333,-2.09,-0.15333333333333332,-0.46,6400.0,6211.0
6800.0,1.0666666666669755,177.33333333333334,173.0,0.0,0.0,0.0,10.0,13.636666666666667,11.14,3.0,3.0,-1.6733333333333333,-2.26,-0.18666666666666668,-0.35,6365.666666666667,6172.0
6805.0,1.0833333333333428,177.0,170.66666666666666,24.666666666666664,0.0,0.0,18.333333333333332,13.88,12.123333333333333,3.0,3.0,-1.82,-1.4533333333333334,-0.03666666666666667,-0.43,6436.0,6016.666666666667
6810.0,1.091666666666896,177.0,168.5,59.0,0.0,0.0,13.5,13.66,13.0,3.0,3.0,-1.5733333333333333,-1.35,0.07666666666666667,-0.44499999999999995,6509.333333333333,5880.0
6815.0,1.0750000000001592,177.0,166.5,85.0,0.0,0.0,0.0,12.25,13.195,3.0,3.0,-2.13,-1.995,0.18,-0.22000000000000003,6496.0,5941.0
6820.0,1.083333333333627,177.0,166.0,83.0,29.333333333333332,0.0,0.0,11.94,12.65,3.0,3.0,-1.8,-1.5166666666666666,0.19,0.03,6546.0,6054.666666666667
6825.0,1.1000000000003638,178.0,165.0,84.0,61.0,0.0,0.0,12.04,10.2,3.0,3.0,-1.88,-2.21,0.24,0.18,6556.0,6101.0
6830.0,1.099999999999909,178.0,166.0,81.0,84.0,0.0,0.0,12.18,7.53,3.0,3.0,-1.93,-1.8,0.25,0.21,6624.0,6120.0
6835.0,1.116666666666788,179.0,166.0,83.0,91.66666666666667,0.0,0.0,12.44,6.77,3.0,3.0,-1.87,-1.76,0.33,0.31333333333333335,6646.0,6160.666666666667
6840.0,1.1250000000001137,180.0,167.5,80.0,94.5,0.0,0.0,12.52,7.295,3.0,3.0,-1.96,-1.4849999999999999,0.33,0.345,6707.0,6211.5
6845.0,1.125000000000341,180.0,168.5,80.0,92.5,0.0,0.0,12.52,8.52,3.0,3.0,-2.37,-1.505,0.34,0.4,6723.0,6247.5
6850.0,1.1333333333336668,181.0,169.66666666666666,82.0,88.0,0.0,0.0,12.52,9.986666666666666,3.0,3.0,-2.9,-1.4566666666666668,0.36,0.42666666666666664,6701.0,6353.333333333333
6855.0,1.150000000000091,182.0,171.0,81.0,88.0,0.0,0.0,12.52,10.33,3.0,3.0,-2.17,-2.15,0.28,0.46,6744.0,6370.0
6860.0,1.150000000000091,182.0,172.0,78.0,95.0,0.0,0.0,12.59,10.33,3.0,3.0,-1.97,-2.12,0.36,0.04,6780.0,6506.0
6865.0,1.150000000000091,183.0,173.0,76.0,80.0,0.0,0.0,12.88,10.29,3.0,3.0,-2.47,-1.43,0.34,0.35,6883.0,6589.0
6870.0,1.1500000000003183,183.0,173.0,79.0,64.0,0.0,0.0,12.88,9.65,3.0,3.0,-2.74,-2.08,0.28,0.56,6768.0,7247.0
6875.0,1.1500000000003183,183.0,174.0,77.0,78.0,0.0,0.0,12.83,9.35,3.0,3.0,-1.99,-2.01,0.23,0.26,6843.0,6489.0
6880.0,1.1666666666667425,183.0,175.0,76.0,77.0,0.0,0.0,12.04,9.56,4.0,3.0,-1.84,-2.5966666666666667,0.39,0.35,5863.0,6507.333333333333
6885.0,1.1666666666667425,184.0,176.0,76.0,82.0,0.0,0.0,10.46,8.343333333333334,4.0,3.0,-1.73,-2.1433333333333335,0.27,0.31333333333333335,5675.0,6533.333333333333
6890.0,1.1833333333335645,184.0,177.0,77.66666666666667,86.33333333333333,0.0,0.0,9.693333333333333,7.47,4.0,3.0,-1.8966666666666667,-1.8066666666666666,0.30666666666666664,0.36333333333333334,5635.0,6610.0
6895.0,1.183333333333536,185.0,177.33333333333334,78.33333333333333,87.66666666666667,0.0,0.0,9.34,7.493333333333333,4.0,3.0,-1.5533333333333332,-1.6066666666666667,0.2466666666666667,0.36666666666666664,5643.333333333333,6647.0
6900.0,1.1916666666668618,185.66666666666666,178.5,78.66666666666667,84.0,0.0,0.0,9.323333333333334,8.44,4.0,3.0,-1.51,-1.5750000000000002,0.2733333333333334,0.33999999999999997,5694.666666666667,6694.5
6905.0,1.191666666666805,186.0,179.5,81.0,84.0,0.0,0.0,9.133333333333335,9.505,4.0,3.0,-1.5733333333333333,-1.6600000000000001,0.29333333333333333,0.335,5693.666666666667,6712.5
6910.0,1.2000000000001592,187.0,180.5,84.0,82.0,0.0,0.0,8.655000000000001,9.46,4.0,3.0,-1.73,-1.505,0.3,0.31000000000000005,5698.5,6766.5
6915.0,1.2000000000002728,187.5,181.0,89.0,80.5,0.0,0.0,8.055,9.015,4.0,3.0,-1.67,-1.475,0.31,0.30000000000000004,5699.0,6813.0
6920.0,1.2083333333334565,188.33333333333334,182.0,91.0,83.5,0.0,0.0,7.59,8.015,4.0,3.0,-1.34,-1.705,0.32333333333333336,0.325,5747.333333333333,6827.5
6925.0,1.2000000000001307,189.33333333333334,183.0,93.0,88.0,0.0,0.0,7.176666666666667,6.986666666666666,4.0,3.0,-1.53,-1.6966666666666665,0.3333333333333333,0.3466666666666667,5780.0,6846.333333333333
6930.0,1.2000000000001876,190.33333333333334,184.0,94.0,92.66666666666667,0.0,0.0,6.766666666666667,6.273333333333333,4.0,3.0,-1.0033333333333334,-1.53,0.31,0.38,5864.333333333333,6872.333333333333
6935.0,1.2166666666669244,191.0,185.0,92.0,93.66666666666667,0.0,0.0,6.49,5.89,4.0,3.0,-1.83,-1.6433333333333333,0.44,0.37,5924.0,6951.666666666667
6940.0,1.2166666666670096,192.0,186.0,100.0,97.66666666666667,0.0,0.0,6.02,5.359999999999999,4.0,3.0,-0.6,-1.22,-0.1,0.3333333333333333,6361.0,6970.0
6945.0,1.216666666666697,193.0,187.0,99.0,96.66666666666667,0.0,0.0,5.3,4.5600000000000005,4.0,3.0,-1.93,-1.1766666666666665,0.4,0.44666666666666666,5898.0,7154.0
6950.0,1.2166666666667822,194.66666666666666,188.0,100.0,100.0,0.0,0.0,3.7800000000000002,3.58,4.0,3.0,-1.5133333333333332,-1.0,0.4033333333333333,0.46,5946.0,6928.0
6955.0,1.2166666666670096,195.66666666666666,188.0,100.0,100.0,0.0,0.0,2.0100000000000002,2.58,4.0,3.0,-0.9866666666666667,-1.55,0.37666666666666665,0.35,6022.0,7156.0
6960.0,1.2333333333334338,196.33333333333334,190.0,100.0,100.0,0.0,0.0,0.8866666666666667,0.92,4.0,3.0,-1.0066666666666666,-1.23,0.35333333333333333,0.44,6045.0,7019.0
6965.0,1.2333333333334338,198.0,191.0,100.0,100.0,0.0,0.0,-0.41,0.23,4.0,3.0,-1.1066666666666667,-0.55,0.45,0.34,6001.666666666667,7102.0
6970.0,1.2333333333335759,199.0,192.0,100.0,100.0,0.0,0.0,-1.01,0.24333333333333335,4.0,3.0,-0.68,-0.42333333333333334,0.4,0.35666666666666663,5998.0,7164.333333333333
6975.0,1.2333333333335759,200.0,192.66666666666666,100.0,66.66666666666666,0.0,0.0,-1.02,0.23,4.0,0.0,-0.13,-0.31000000000000005,0.4,0.4433333333333333,6057.0,6450.0
6980.0,1.24166666666693,201.66666666666666,194.0,100.0,100.0,0.0,0.0,-0.9533333333333334,0.23,4.0,4.0,0.06,-0.195,0.38333333333333336,0.41500000000000004,6078.0,5878.0
6985.0,1.250000000000142,202.33333333333334,195.33333333333334,100.0,100.0,0.0,0.0,-0.6266666666666667,0.23,4.0,4.0,0.16,-0.13,0.39333333333333337,0.3833333333333333,6124.666666666667,5908.333333333333
6990.0,1.2333333333334906,204.0,196.0,100.0,100.0,0.0,0.0,-0.13,0.25,4.0,4.0,0.18666666666666668,-0.1,0.38,0.42,6149.0,5930.0
6995.0,1.2500000000004547,205.0,198.0,100.0,100.0,0.0,0.0,0.0,0.3,4.0,4.0,0.12,-0.07,0.35,0.39,6184.0,5987.0
7000.0,1.2666666666667368,206.0,199.0,100.0,100.0,0.0,0.0,-0.01,0.33,4.0,4.0,0.07666666666666667,-0.08,0.37,0.39,6249.666666666667,6015.0
7005.0,1.2583333333334394,207.5,200.66666666666666,100.0,100.0,0.0,0.0,0.16,0.26333333333333336,4.0,4.0,0.05,-0.07,0.385,0.38333333333333336,6255.5,6036.333333333333
7010.0,1.2500000000003695,208.33333333333334,201.33333333333334,100.0,100.0,0.0,0.0,0.8366666666666667,0.5933333333333333,4.0,4.0,-0.056666666666666664,-0.08666666666666667,0.36333333333333334,0.37666666666666665,6299.333333333333,6103.666666666667
7015.0,1.2666666666666515,210.0,203.0,100.0,100.0,0.0,0.0,1.09,1.9866666666666666,4.0,4.0,-0.15,-0.26,0.35,0.39333333333333337,6313.0,6135.0
7020.0,1.2666666666667368,210.66666666666666,204.0,100.0,100.0,0.0,0.0,0.8566666666666667,2.98,4.0,4.0,-0.20666666666666667,-0.46,0.33666666666666667,0.36,6360.0,6154.0
7025.0,1.266666666667021,212.0,205.0,100.0,100.0,0.0,0.0,0.6366666666666667,3.0,4.0,4.0,-0.24333333333333332,-0.71,0.35333333333333333,0.37,6391.666666666667,6197.0
7030.0,1.2749999999999773,213.0,206.0,100.0,100.0,0.0,0.0,0.68,2.5549999999999997,4.0,4.0,-0.26,-0.755,0.37,0.37,6411.0,6230.0
7035.0,1.2833333333334735,213.66666666666666,207.33333333333334,100.0,100.0,0.0,0.0,0.69,1.8566666666666667,4.0,4.0,-0.24,-0.7933333333333333,0.35333333333333333,0.36666666666666664,6452.0,6298.0
7040.0,1.2833333333336725,215.0,208.0,100.0,100.0,0.0,0.0,0.59,1.72,4.0,4.0,-0.23666666666666666,-0.85,0.3433333333333333,0.35,6484.333333333333,6275.0
7045.0,1.283333333333303,216.0,209.0,62.0,100.0,0.0,0.0,0.46,1.68,4.0,4.0,-0.22,-0.6966666666666667,0.23,0.33666666666666667,6461.0,6333.333333333333
7050.0,1.2833333333334735,215.33333333333334,210.33333333333334,5.0,100.0,31.0,0.0,0.5266666666666667,1.3533333333333333,4.0,4.0,-0.21,-0.6,-0.6399999999999999,0.29333333333333333,6333.0,6375.0
7055.0,1.2750000000003183,212.0,211.0,0.0,100.0,53.5,0.0,0.675,0.49,4.0,4.0,-0.195,-0.55,-1.12,0.34,6193.5,6372.0
7060.0,1.2833333333333883,208.0,212.0,0.0,49.0,73.66666666666667,9.0,0.69,-0.76,4.0,4.0,-0.20333333333333334,-0.23,-1.5133333333333332,0.11,6018.333333333333,6357.0
7065.0,1.2833333333334451,203.0,210.66666666666666,0.0,7.333333333333334,78.0,47.33333333333333,0.8,-0.5700000000000001,4.0,4.0,-0.21,-0.05666666666666667,-1.54,-0.9233333333333333,5840.0,6198.666666666667
7070.0,1.2666666666668789,197.0,207.0,0.0,0.0,82.0,69.66666666666667,1.55,0.07,4.0,4.0,-0.34,0.006666666666666667,-1.63,-1.4433333333333334,5680.0,5996.666666666667
7075.0,1.2666666666667936,192.66666666666666,202.0,46.0,0.0,81.33333333333333,81.0,1.98,0.78,4.0,4.0,-0.3433333333333333,-0.02,-1.5466666666666666,-1.52,6124.333333333333,5810.0
7080.0,1.266666666667021,187.0,196.0,11.333333333333336,46.0,79.66666666666667,84.0,2.416666666666667,1.31,0.0,0.0,-0.46,-0.14,-1.6533333333333333,-1.63,6439.0,6938.0
7085.0,1.2583333333334394,182.0,191.33333333333334,0.0,0.0,76.0,83.33333333333333,2.5,1.5833333333333333,3.0,3.0,-0.59,-0.24333333333333335,-1.5350000000000001,-1.6866666666666665,6412.0,6740.333333333333
7090.0,1.2583333333334394,177.0,185.66666666666666,0.0,0.0,67.5,81.0,2.51,2.0,3.0,3.0,-0.5700000000000001,-0.2566666666666667,-1.3599999999999999,-1.5533333333333335,6208.5,6414.666666666667
7095.0,1.2500000000003126,171.66666666666666,180.0,0.0,0.0,58.666666666666664,74.33333333333333,2.77,2.31,3.0,3.0,-0.69,-0.54,-1.2566666666666666,-1.56,6049.0,6263.666666666667
7100.0,1.2333333333335759,167.0,175.0,69.0,46.0,54.0,72.0,3.08,2.32,0.0,3.0,-0.74,-0.5866666666666667,-1.05,-1.35,7044.0,6250.333333333333
7105.0,1.2500000000004547,163.0,170.0,0.0,0.0,52.0,70.0,4.38,2.52,2.0,2.0,-0.57,-0.46,-1.05,-1.24,6906.0,7168.0
7110.0,1.2333333333334338,159.0,165.0,0.0,0.0,48.333333333333336,70.0,5.29,2.79,2.0,2.0,-0.9666666666666667,-0.63,-1.04,-1.33,6903.666666666667,7105.0
7115.0,1.2416666666668732,155.0,158.66666666666666,0.0,0.0,39.5,66.66666666666667,6.255000000000001,4.116666666666667,2.0,2.0,-0.8200000000000001,-0.48,-0.815,-1.1433333333333333,6659.5,6760.666666666667
7120.0,1.2250000000000227,152.0,154.0,0.0,0.0,29.0,62.0,7.57,5.555,2.0,2.0,-1.24,-0.79,-0.73,-1.3450000000000002,6613.0,6492.5
7125.0,1.2250000000001364,149.0,149.0,0.0,0.0,7.0,52.0,8.4,7.01,2.0,2.0,-1.25,-0.82,-0.3,-0.87,6543.5,6369.0
7130.0,1.2250000000000227,148.0,145.5,0.0,0.0,0.0,30.5,9.22,7.75,2.0,2.0,-1.36,-1.22,-0.16,-0.815,6528.0,6276.5
7135.0,1.2250000000001364,147.0,143.0,0.0,0.0,0.0,7.0,10.535,7.75,2.0,2.0,-1.6099999999999999,-1.31,-0.175,-0.29,6484.5,6278.0
7140.0,1.2250000000000227,146.0,142.0,0.0,0.0,17.0,0.0,10.33,8.765,2.0,2.0,-1.47,-1.355,-0.42,-0.14,6383.0,6261.5
7145.0,1.2250000000001364,142.0,141.0,0.0,0.0,42.5,0.0,8.47,10.18,2.0,2.0,-1.605,-1.45,-0.905,-0.15,6187.0,6228.0
7150.0,1.2250000000000227,138.0,140.0,0.0,0.0,52.0,0.0,5.51,9.620000000000001,2.0,2.0,-1.28,-1.395,-1.03,-0.15,5836.0,6195.5
7155.0,1.2500000000002274,132.5,139.0,0.0,0.0,50.5,3.0,2.8449999999999998,7.005,2.0,2.0,-1.355,-1.52,-1.05,-0.2,5618.0,6148.0
7160.0,1.2250000000001364,127.0,137.0,0.0,0.0,52.5,18.0,0.14500000000000002,4.08,2.0,2.0,-0.9550000000000001,-1.13,-1.005,-0.46,5285.5,6051.0
7165.0,1.2000000000002728,121.0,135.0,34.5,0.0,53.0,26.0,-3.5,2.215,2.0,2.0,-0.7749999999999999,-0.825,-1.0899999999999999,-0.595,5159.5,5932.5
7170.0,1.2000000000001592,116.0,130.0,0.0,0.0,53.0,55.5,-5.15,0.3,1.0,2.0,-0.045,-0.32,-1.02,-1.0750000000000002,6409.0,5673.5
7175.0,1.175000000000182,110.0,125.0,0.0,0.0,52.0,71.0,-5.02,-0.15,1.0,2.0,0.475,-0.12,-1.005,-1.33,6072.5,5411.0
7180.0,1.1500000000003183,104.0,117.0,0.0,69.0,50.0,82.0,-6.95,-0.29,1.0,0.0,0.67,0.03,-0.9,-1.3,5646.0,5464.0
7185.0,1.1250000000001137,97.0,109.5,0.0,0.0,37.0,79.0,-11.18,-1.085,1.0,1.0,0.96,0.11,-0.76,-1.25,5390.0,5592.0
7190.0,1.1250000000002274,94.5,102.0,0.0,0.0,4.5,67.0,-15.375,-2.65,1.0,1.0,1.295,0.29,-0.235,-1.22,5344.5,5123.0
7195.0,1.1250000000001137,93.0,95.0,0.0,0.0,0.0,59.5,-20.87,-6.9399999999999995,1.0,1.0,1.35,0.5700000000000001,-0.14,-1.0150000000000001,5294.0,4783.5
7200.0,1.125000000000341,92.0,88.5,0.0,0.0,0.0,38.0,-28.08,-12.115,1.0,1.0,2.11,1.225,-0.22,-0.8200000000000001,5209.0,4731.0
7205.0,1.150000000000091,90.0,84.0,0.0,0.0,0.0,0.0,-32.67,-17.8,1.0,1.0,2.22,1.6,-0.26,-0.13,5097.0,4766.0
7210.0,1.1500000000003183,88.0,83.0,0.0,10.0,0.0,0.0,-35.0,-22.14,1.0,1.0,2.24,1.57,-0.28,-0.14,4954.0,4751.0
7215.0,1.1250000000002274,84.5,84.0,0.0,24.0,0.0,0.0,-36.59,-21.39,1.0,1.0,2.1100000000000003,1.55,-0.26,0.13,4782.0,4840.0
7220.0,1.150000000000091,82.0,85.0,0.0,27.0,0.0,0.0,-36.8,-26.3,1.0,1.0,2.05,1.77,-0.26,0.1,4611.0,4943.0
7225.0,1.150000000000091,80.0,86.0,14.0,13.0,0.0,0.0,-36.8,-31.32,1.0,1.0,1.92,2.04,0.0,-0.02,4643.0,4932.0
7230.0,1.1000000000001364,80.0,85.0,34.0,6.0,0.0,0.0,-36.31,-35.35,1.0,1.0,1.91,2.08,0.07,-0.15,4690.0,4879.0
7235.0,1.1000000000003638,81.0,84.0,46.0,5.0,0.0,0.0,-30.17,-36.24,1.0,1.0,1.6,1.94,0.22,-0.12,4814.0,4799.0
7240.0,1.1000000000003638,84.0,82.0,56.0,9.0,0.0,0.0,-21.56,-36.32,1.0,1.0,1.55,2.03,0.37,-0.11,4998.0,4738.0
7245.0,1.1000000000001364,86.0,81.0,75.0,19.0,0.0,0.0,-10.71,-34.32,1.0,1.0,1.37,1.72,0.55,0.06,5202.0,4757.0
7250.0,1.1500000000003183,91.0,82.0,89.0,43.0,0.0,0.0,-4.42,-25.26,1.0,1.0,0.9,1.59,0.7,0.24,5449.0,4860.0
7255.0,1.150000000000091,96.0,84.0,88.0,55.0,0.0,0.0,-2.41,-19.54,1.0,1.0,0.66,1.53,0.78,0.33,5847.0,4976.0
7260.0,1.175000000000182,101.0,86.0,93.5,65.0,0.0,0.0,2.5,-12.35,1.0,1.0,0.295,1.24,0.905,0.46,6089.0,5169.0
7265.0,1.2000000000000455,106.0,90.0,94.0,66.0,0.0,0.0,9.14,-4.9,1.0,1.0,-0.54,1.1,0.79,0.55,6334.0,5389.0
7270.0,1.25,111.0,94.0,80.0,74.0,0.0,0.0,13.17,2.18,1.0,1.0,-1.05,0.41,0.66,0.71,6555.0,5567.0
7275.0,1.2750000000003183,114.5,99.0,71.0,73.0,0.0,0.0,13.715,9.23,1.0,1.0,-1.375,-0.63,0.615,0.7,6812.5,5906.0
7280.0,1.300000000000182,117.5,103.5,66.0,71.5,0.0,0.0,12.57,12.09,1.0,1.0,-1.58,-0.99,0.56,0.6799999999999999,6900.5,6157.0
7285.0,1.3250000000000455,119.0,107.0,31.5,64.0,0.0,0.0,12.62,15.44,1.0,1.0,-1.475,-1.36,0.23500000000000001,0.59,6962.5,6387.0
7290.0,1.3250000000002728,120.5,110.0,62.5,62.0,0.0,0.0,12.35,16.21,2.0,1.0,-1.0150000000000001,-1.58,0.405,0.52,5738.0,6539.0
7295.0,1.3500000000001364,123.5,113.5,59.5,59.5,0.0,0.0,12.32,15.655000000000001,2.0,1.0,-1.62,-1.64,0.565,0.495,5658.0,6718.0
7300.0,1.3500000000002501,125.5,115.5,59.5,62.5,0.0,0.0,11.855,12.02,2.0,1.0,-1.565,-1.5150000000000001,0.46499999999999997,0.475,5915.0,6894.0
7305.0,1.3500000000002501,127.0,118.0,63.0,34.0,0.0,0.0,8.89,8.45,2.0,1.0,-1.6949999999999998,-1.5750000000000002,0.46499999999999997,0.31,5947.0,7023.0
7310.0,1.3750000000001137,129.0,119.5,69.0,74.0,0.0,0.0,4.17,7.17,2.0,2.0,-1.37,-1.375,0.49,0.685,6029.0,5817.0
7315.0,1.3750000000001137,131.0,121.5,67.0,80.5,0.0,0.0,-0.76,6.4399999999999995,2.0,2.0,-1.24,-1.605,0.64,0.5800000000000001,6242.0,5752.0
7320.0,1.400000000000091,133.0,124.5,72.5,84.0,0.0,0.0,-1.52,2.525,2.0,2.0,-1.04,-1.21,0.475,0.5449999999999999,6316.0,5907.0
7325.0,1.4000000000002046,135.5,127.5,91.0,83.0,0.0,0.0,1.8199999999999998,-1.275,2.0,2.0,-1.07,-1.06,0.595,0.5800000000000001,6409.5,6106.5
7330.0,1.400000000000091,138.0,130.0,96.0,83.0,0.0,0.0,2.42,-0.87,2.0,2.0,-1.09,-1.05,0.63,0.56,6497.0,6234.0
7335.0,1.425000000000182,141.5,133.0,99.5,90.0,0.0,0.0,1.95,2.33,2.0,2.0,-0.97,-1.19,0.66,0.63,6559.5,6288.0
7340.0,1.4250000000000682,144.0,135.5,100.0,91.5,0.0,0.0,1.69,1.46,2.0,2.0,-0.75,-1.0950000000000002,0.62,0.62,6624.0,6383.5
7345.0,1.4500000000001592,146.5,138.5,100.0,97.5,0.0,0.0,1.75,0.47,2.0,2.0,-0.585,-1.01,0.625,0.65,6775.5,6447.0
7350.0,1.4500000000000455,150.0,141.0,100.0,100.0,0.0,0.0,1.72,1.34,2.0,2.0,-0.54,-0.79,0.61,0.64,6849.0,6504.0
7355.0,1.4500000000001592,152.5,144.5,100.0,100.0,0.0,0.0,2.3049999999999997,1.2,2.0,2.0,-0.55,-0.5549999999999999,0.615,0.63,6975.0,6656.0
7360.0,1.4666666666667822,154.66666666666666,147.0,100.0,100.0,0.0,0.0,2.7466666666666666,1.1,2.0,2.0,-0.66,-0.47,0.5866666666666667,0.6,7112.333333333333,6748.0
7365.0,1.4750000000000227,157.0,149.5,0.0,100.0,0.0,0.0,1.81,1.1,0.0,2.0,-0.68,-0.37,-0.39,0.605,7075.0,6858.5
7370.0,1.4500000000001592,158.5,151.5,100.0,100.0,0.0,0.0,1.18,0.9,3.0,2.0,-0.47,-0.35,0.69,0.625,6003.5,6996.0
7375.0,1.4750000000001364,160.5,154.0,100.0,100.0,0.0,0.0,0.99,0.23,3.0,2.0,-0.485,-0.26,0.59,0.59,5961.0,7045.0
7380.0,1.4750000000002501,163.0,157.0,100.0,100.0,0.0,0.0,0.02,0.16999999999999998,3.0,2.0,-0.24,-0.15000000000000002,0.56,0.535,6059.0,7189.0
7385.0,1.4750000000002501,164.0,157.5,100.0,50.0,0.0,0.0,-0.13,0.16499999999999998,3.0,0.0,-0.15,-0.1,0.56,0.445,6144.0,6545.0
7390.0,1.5000000000004547,167.0,160.0,100.0,100.0,0.0,0.0,0.21,0.36,3.0,3.0,-0.1,-0.07,0.55,0.54,6181.0,5971.0
7395.0,1.4833333333334338,169.0,162.0,100.0,100.0,0.0,0.0,0.18333333333333332,0.75,3.0,3.0,-0.07333333333333333,-0.11,0.55,0.56,6270.0,6059.0
7400.0,1.5000000000002274,171.0,164.5,100.0,100.0,0.0,0.0,0.315,1.4249999999999998,3.0,3.0,-0.08,-0.22999999999999998,0.525,0.545,6331.0,6120.0
7405.0,1.5000000000001137,172.5,166.5,100.0,100.0,0.0,0.0,0.425,1.065,3.0,3.0,-0.095,-0.27,0.54,0.535,6420.5,6188.0
7410.0,1.5083333333334394,174.5,168.66666666666666,100.0,100.0,0.0,0.0,0.305,0.4366666666666667,3.0,3.0,-0.10500000000000001,-0.23333333333333334,0.53,0.5233333333333333,6493.0,6246.0
7415.0,1.5166666666669641,176.66666666666666,171.0,100.0,100.0,0.0,0.0,0.06666666666666667,0.43,3.0,3.0,-0.08333333333333333,-0.17,0.51,0.52,6534.666666666667,6352.0
7420.0,1.5166666666667936,178.66666666666666,173.0,100.0,100.0,0.0,0.0,0.37666666666666665,0.52,3.0,3.0,-0.06666666666666667,-0.17,0.49,0.53,6625.0,6426.0
7425.0,1.516666666667021,180.0,174.0,100.0,100.0,0.0,0.0,0.9066666666666666,0.52,3.0,3.0,-0.10999999999999999,-0.16,0.49,0.52,6693.333333333333,6454.0
7430.0,1.5166666666667368,181.66666666666666,176.0,100.0,100.0,0.0,0.0,0.74,0.65,3.0,3.0,-0.16333333333333333,-0.15,0.5,0.5,6735.0,6560.0
7435.0,1.5166666666667368,183.66666666666666,178.0,100.0,100.0,0.0,0.0,0.11000000000000001,0.81,3.0,3.0,-0.14666666666666667,-0.17,0.48333333333333334,0.52,6804.333333333333,6636.0
7440.0,1.5166666666669641,185.66666666666666,180.0,100.0,100.0,0.0,0.0,-0.25,0.7,3.0,3.0,-0.06,-0.2,0.49,0.48,6882.333333333333,6661.0
7445.0,1.525000000000091,186.5,181.0,100.0,100.0,0.0,0.0,-0.08,0.45,3.0,3.0,-0.035,-0.17,0.46499999999999997,0.44,6919.0,6742.0
7450.0,1.5250000000003183,188.5,183.0,100.0,100.0,0.0,0.0,0.27,0.36,3.0,3.0,-0.025,-0.12,0.445,0.44,6994.0,6800.0
7455.0,1.5333333333334451,190.33333333333334,185.0,100.0,100.0,0.0,0.0,0.3233333333333333,0.36,3.0,3.0,-0.03666666666666667,-0.12,0.45666666666666667,0.48,7038.0,6842.0
7460.0,1.5333333333334451,191.33333333333334,187.0,66.66666666666667,100.0,0.0,0.0,0.6233333333333334,0.18,3.0,3.0,-0.08666666666666667,-0.08,0.32,0.44,6989.666666666667,6967.0
7465.0,1.5500000000004093,192.0,188.0,100.0,100.0,0.0,0.0,0.86,0.14,4.0,3.0,-0.15,-0.04,0.29,0.49,6426.0,6970.0
7470.0,1.533333333333303,194.0,189.66666666666666,100.0,100.0,0.0,0.0,0.44,0.26333333333333336,4.0,3.0,-0.17,-0.043333333333333335,0.43,0.4666666666666667,5853.0,6997.333333333333
7475.0,1.5333333333334451,195.0,191.0,100.0,100.0,0.0,0.0,0.21,0.32666666666666666,4.0,3.0,-0.14,-0.056666666666666664,0.43,0.4166666666666667,5890.0,7066.333333333333
7480.0,1.5500000000002672,196.66666666666666,192.66666666666666,100.0,100.0,0.0,0.0,0.2566666666666667,0.43,4.0,3.0,-0.12333333333333334,-0.06,0.41333333333333333,0.41,5926.333333333333,7113.666666666667
7485.0,1.5416666666667709,197.66666666666666,194.0,100.0,100.0,0.0,0.0,0.6966666666666665,0.75,4.0,3.0,-0.14333333333333334,-0.11,0.41333333333333333,0.395,5990.666666666667,7152.0
7490.0,1.5500000000002672,199.33333333333334,195.33333333333334,100.0,100.0,0.0,0.0,1.21,0.83,4.0,3.0,-0.22333333333333333,-0.16,0.41666666666666663,0.38,6001.333333333333,7189.333333333333
7495.0,1.5333333333334451,200.33333333333334,196.0,100.0,0.0,0.0,0.0,1.7166666666666668,0.98,4.0,0.0,-0.3333333333333333,-0.2,0.3933333333333333,0.0,6062.333333333333,7168.0
7500.0,1.550000000000182,202.0,197.0,100.0,100.0,0.0,0.0,2.21,1.37,4.0,4.0,-0.47,-0.33,0.4,0.73,6099.0,5900.0
7505.0,1.550000000000324,202.66666666666666,198.0,100.0,100.0,0.0,0.0,2.6033333333333335,1.7133333333333334,4.0,4.0,-0.6133333333333334,-0.39666666666666667,0.38,0.42333333333333334,6130.0,5974.666666666667
7510.0,1.558333333333394,204.5,199.0,100.0,100.0,0.0,0.0,2.9699999999999998,1.8933333333333333,4.0,4.0,-0.845,-0.5033333333333333,0.4,0.39666666666666667,6161.5,6029.666666666667
7515.0,1.550000000000182,205.33333333333334,200.33333333333334,100.0,100.0,0.0,0.0,3.35,2.3233333333333333,4.0,4.0,-0.9633333333333333,-0.61,0.38666666666666666,0.37666666666666665,6200.0,6064.333333333333
7520.0,1.5666666666670608,206.0,202.0,100.0,100.0,0.0,0.0,3.42,2.9866666666666664,4.0,4.0,-0.96,-0.8266666666666667,0.38,0.39666666666666667,6209.0,6096.0
7525.0,1.5666666666666913,207.66666666666666,203.0,100.0,100.0,0.0,0.0,3.0966666666666667,3.59,4.0,4.0,-0.7766666666666667,-1.01,0.3733333333333333,0.38,6323.666666666667,6145.0
7530.0,1.550000000000182,208.66666666666666,204.0,100.0,100.0,0.0,0.0,2.783333333333333,3.4133333333333336,4.0,4.0,-1.1133333333333333,-0.9266666666666666,0.39666666666666667,0.33333333333333337,6317.333333333333,6170.333333333333
7535.0,1.5666666666669755,210.0,205.66666666666666,100.0,100.0,0.0,0.0,2.75,2.9233333333333333,4.0,4.0,-0.8300000000000001,-0.8533333333333333,0.35,0.38,6353.666666666667,6260.0
7540.0,1.566666666666606,211.0,206.33333333333334,100.0,100.0,0.0,0.0,3.83,2.52,4.0,4.0,-0.53,-1.1666666666666665,0.27,0.41,6514.0,6248.0
7545.0,1.5666666666669187,211.66666666666666,208.0,100.0,100.0,0.0,0.0,5.256666666666667,2.1,4.0,4.0,-0.9033333333333333,-0.85,0.4266666666666667,0.37,6496.333333333333,6279.0
7550.0,1.5666666666669755,213.33333333333334,208.66666666666666,100.0,100.0,0.0,0.0,5.2700000000000005,2.3766666666666665,4.0,4.0,-1.1733333333333333,-0.5866666666666667,0.36666666666666664,0.35,6503.666666666667,6471.0
7555.0,1.5749999999999318,214.0,210.0,100.0,100.0,0.0,0.0,4.36,3.665,4.0,4.0,-1.39,-0.7949999999999999,0.41,0.435,6461.0,6395.0
7560.0,1.5833333333335702,215.0,211.33333333333334,100.0,100.0,0.0,0.0,3.413333333333333,4.463333333333334,4.0,4.0,-1.5266666666666668,-1.0999999999999999,0.4066666666666667,0.3666666666666667,6502.333333333333,6418.333333333333
7565.0,1.583333333333627,216.0,212.0,100.0,100.0,0.0,0.0,3.26,4.28,4.0,4.0,-1.6733333333333333,-1.12,0.38333333333333336,0.41,6481.333333333333,6394.0
7570.0,1.5833333333332575,217.0,213.0,100.0,100.0,0.0,0.0,3.01,4.09,4.0,4.0,-1.25,-1.44,0.34,0.39666666666666667,6527.0,6450.333333333333
7575.0,1.5833333333335702,218.0,214.33333333333334,99.33333333333333,100.0,0.0,0.0,2.27,3.1633333333333336,4.0,4.0,-0.9233333333333333,-1.5699999999999998,0.3433333333333333,0.36666666666666664,6613.333333333333,6439.666666666667
7580.0,1.583333333333627,219.0,215.0,55.66666666666667,100.0,0.0,0.0,2.183333333333333,2.35,4.0,4.0,-1.09,-1.19,0.24000000000000002,0.35,6559.0,6479.0
7585.0,1.5833333333332575,219.0,216.0,0.0,100.0,13.0,0.0,1.73,2.026666666666667,4.0,4.0,-1.08,-0.9266666666666667,-0.26,0.3666666666666667,6400.0,6559.0
7590.0,1.5833333333335702,216.66666666666666,217.33333333333334,0.0,100.0,47.33333333333333,0.0,0.9400000000000001,2.32,4.0,4.0,-0.6433333333333333,-1.0533333333333335,-0.97,0.38,6293.0,6566.333333333333
7595.0,1.583333333333627,213.33333333333334,218.0,0.0,100.0,61.666666666666664,0.0,0.47,2.13,4.0,4.0,-0.5633333333333334,-1.07,-1.31,0.38,6143.0,6572.0
7600.0,1.5833333333332575,209.0,219.66666666666666,0.0,100.0,72.0,0.0,-0.05,1.7166666666666666,4.0,4.0,-0.46,-0.7933333333333333,-1.49,0.36333333333333334,6070.0,6633.666666666667
7605.0,1.5666666666668334,204.0,220.33333333333334,69.0,79.0,78.0,2.333333333333333,-0.06,1.2466666666666666,0.0,4.0,-0.15,-0.81,-1.55,0.2666666666666667,6717.0,6636.333333333333
7610.0,1.5666666666669187,199.0,220.0,0.0,27.0,78.0,43.0,0.043333333333333335,0.54,0.0,4.0,-0.12666666666666668,-0.72,-1.7,-0.59,6911.333333333333,6507.0
7615.0,1.558333333333394,193.5,216.0,0.0,0.0,78.0,85.33333333333333,-0.27,-0.19,3.0,4.0,-0.035,-0.27,-1.6,-1.5,6845.0,6098.0
7620.0,1.5416666666669698,188.5,211.66666666666666,0.0,23.0,77.0,93.66666666666667,-0.265,-0.52,3.0,4.0,0.035,-0.21333333333333335,-1.5150000000000001,-1.96,6640.5,5834.333333333333
7625.0,1.525000000000091,183.0,206.0,0.0,29.0,76.0,94.0,-0.045000000000000005,-0.99,3.0,0.0,0.04,-0.17,-1.415,-1.84,6424.5,7283.0
7630.0,1.5083333333334394,177.5,200.0,0.0,0.0,74.5,94.33333333333333,-0.125,-1.3533333333333333,3.0,3.0,0.08,0.10333333333333332,-1.44,-1.8466666666666667,6261.5,7005.0
7635.0,1.5083333333336668,173.0,194.66666666666666,69.0,0.0,69.0,93.0,-0.19,-1.4466666666666665,0.0,3.0,0.09,0.21333333333333332,-1.275,-1.6566666666666667,7195.0,6716.333333333333
7640.0,1.5000000000001137,168.0,187.5,0.0,0.0,66.5,92.0,-0.5700000000000001,-2.07,2.0,3.0,0.11499999999999999,0.41500000000000004,-1.335,-1.83,7270.5,6533.5
7645.0,1.4750000000003638,162.0,182.5,0.0,0.0,62.0,90.0,-1.22,-2.585,2.0,3.0,0.2,0.585,-1.28,-1.6600000000000001,7047.0,6389.0
7650.0,1.4750000000000227,158.0,176.0,0.0,34.5,57.0,85.0,-2.04,-2.615,2.0,3.0,0.33,0.64,-1.19,-1.5499999999999998,6876.0,6504.5
7655.0,1.458333333333485,153.0,170.66666666666666,0.0,15.333333333333336,51.0,79.33333333333333,-3.45,-2.56,2.0,0.0,0.5449999999999999,0.7999999999999999,-1.045,-1.63,6672.5,7234.333333333333
7660.0,1.4500000000000455,149.0,164.0,0.0,0.0,48.0,63.0,-4.75,-1.92,2.0,2.0,0.82,0.66,-1.05,-1.32,6479.0,7129.0
7665.0,1.425000000000182,144.5,160.0,0.0,0.0,37.0,59.0,-5.855,-2.13,2.0,2.0,0.96,0.68,-0.825,-1.18,6317.0,6970.0
7670.0,1.4250000000000682,141.0,155.0,0.0,0.0,22.0,56.5,-7.46,-3.38,2.0,2.0,1.16,0.755,-0.55,-1.1549999999999998,6203.0,6724.0
7675.0,1.425000000000182,139.0,150.0,0.0,0.0,12.0,56.0,-9.6,-4.42,2.0,2.0,1.3,0.8,-0.38,-1.14,6111.5,6521.0
7680.0,1.400000000000091,137.0,146.0,0.0,0.0,9.0,57.0,-12.24,-4.73,2.0,2.0,1.45,0.89,-0.35,-1.12,6047.0,6333.0
7685.0,1.4000000000003183,136.0,140.0,0.0,0.0,0.0,55.0,-14.23,-5.77,2.0,2.0,1.74,0.97,-0.18,-1.09,5989.0,6026.0
7690.0,1.4000000000002046,134.5,135.0,0.0,0.0,0.0,55.5,-15.879999999999999,-7.095000000000001,2.0,2.0,1.8450000000000002,0.97,-0.19,-1.05,5928.0,5827.0
7695.0,1.4000000000003183,134.0,130.0,15.0,0.0,0.0,54.0,-17.34,-8.34,2.0,2.0,1.8,1.28,-0.04,-1.18,5980.0,5547.0
7700.0,1.4000000000003183,133.0,125.0,25.0,0.0,0.0,44.0,-19.46,-10.02,2.0,2.0,1.87,1.42,0.0,-0.95,5988.0,5365.0
7705.0,1.425000000000182,132.5,120.0,27.0,0.0,0.0,34.0,-21.045,-12.79,2.0,2.0,1.995,1.52,0.0,-0.79,5970.0,5150.0
7710.0,1.425000000000182,132.0,117.0,40.0,0.0,0.0,0.0,-21.23,-15.91,2.0,2.0,1.82,1.83,0.055,-0.19,5980.5,5157.0
7715.0,1.4500000000002728,132.0,116.0,51.0,39.0,0.0,0.0,-20.06,-18.93,2.0,2.0,2.06,1.82,0.15,0.07,6004.0,5281.0
7720.0,1.4500000000000455,132.0,117.0,51.0,58.0,0.0,0.0,-18.54,-20.76,2.0,2.0,1.83,1.59,0.19,0.16,6017.0,5321.0
7725.0,1.5000000000001137,133.0,117.5,45.5,58.0,0.0,0.0,-18.54,-20.58,2.0,2.0,2.035,1.82,0.15,0.225,6028.5,5377.0
7730.0,1.525000000000091,133.0,118.5,43.0,59.0,0.0,0.0,-18.52,-19.15,2.0,2.0,1.74,1.775,0.18,0.29000000000000004,6059.0,5466.0
7735.0,1.5249999999999773,134.0,119.5,41.0,69.0,0.0,0.0,-18.22,-16.805,2.0,2.0,1.71,1.8250000000000002,0.2,0.375,6129.0,5535.5
7740.0,1.5500000000002956,134.0,121.5,36.0,76.5,0.0,0.0,-16.68,-13.309999999999999,2.0,2.0,1.76,1.58,0.20500000000000002,0.47,6121.5,5716.5
7745.0,1.5500000000000682,134.0,123.5,31.5,70.0,0.0,0.0,-14.725000000000001,-9.77,2.0,2.0,1.79,1.5,0.175,0.495,6138.5,5944.5
7750.0,1.5750000000003865,135.0,125.5,35.0,71.0,0.0,0.0,-13.68,-5.375,2.0,2.0,1.93,1.665,0.24,0.5,6147.0,6006.0
7755.0,1.5750000000000455,135.5,127.0,45.0,72.0,0.0,0.0,-11.6,-2.13,2.0,2.0,1.585,1.67,0.275,0.54,6227.0,6162.0
7760.0,1.5750000000002728,136.5,129.0,63.5,72.0,0.0,0.0,-8.21,1.41,2.0,2.0,1.7799999999999998,1.73,0.405,0.52,6286.0,6135.0
7765.0,1.6000000000003638,138.0,131.0,78.0,72.0,0.0,0.0,-5.55,0.9,2.0,2.0,1.02,1.43,0.26,0.53,6496.0,6294.0
7770.0,1.6000000000002501,139.5,132.0,78.5,70.5,0.0,0.0,-3.3,-1.185,2.0,2.0,1.495,1.35,0.35500000000000004,0.45999999999999996,6995.5,6477.5
7775.0,1.6000000000003638,140.0,133.0,76.0,70.0,0.0,0.0,-3.11,-0.03,2.0,2.0,1.21,1.59,0.28,0.48,7238.0,6566.0
7780.0,1.6250000000002274,141.5,135.0,90.0,68.0,0.0,0.0,-3.05,5.11,2.0,2.0,1.28,1.49,0.525,0.48,6798.0,6453.0
7785.0,1.625000000000341,144.0,136.5,91.0,64.0,0.0,0.0,-2.32,7.165,2.0,2.0,1.0,1.28,0.47,0.475,6820.0,6604.0
7790.0,1.6250000000002274,146.5,138.0,91.5,63.0,0.0,0.0,-3.085,9.53,2.0,2.0,1.205,1.46,0.63,0.55,6911.5,6613.0
7795.0,1.6500000000003183,149.0,140.0,93.0,64.0,0.0,0.0,-3.69,12.57,2.0,2.0,1.25,0.93,0.6,0.45,6997.0,6680.0
7800.0,1.6500000000002046,151.0,141.5,98.5,37.5,0.0,0.0,-3.685,12.055,2.0,2.0,1.255,0.765,0.63,0.41000000000000003,7008.0,6421.5
7805.0,1.6500000000003183,153.0,143.0,95.0,34.0,0.0,0.0,-3.68,5.96,2.0,2.0,0.99,-0.68,0.5,0.3,7178.0,6517.0
7810.0,1.6583333333335588,155.33333333333334,144.0,66.66666666666667,35.5,0.0,0.0,-3.68,0.28500000000000003,2.0,2.0,1.1966666666666665,-0.16,0.3733333333333334,0.12,7090.666666666667,6593.5
7815.0,1.675000000000182,156.0,144.0,49.0,37.0,0.0,0.0,-3.675,-2.72,0.0,2.0,1.135,-0.09,0.365,0.02,6384.5,7310.0
7820.0,1.6750000000002956,159.0,143.5,100.0,39.5,0.0,0.0,-4.0,-3.9400000000000004,3.0,2.0,1.35,-0.025000000000000005,0.59,-0.28500000000000003,5883.0,7345.0
7825.0,1.7000000000000455,161.0,142.0,100.0,39.0,0.0,0.0,-4.91,-2.05,3.0,2.0,1.22,-0.02,0.51,-1.12,5930.0,6454.0
7830.0,1.7083333333334565,162.33333333333334,141.5,100.0,36.5,0.0,0.0,-4.84,-2.95,3.0,2.0,1.08,0.51,0.5066666666666667,0.515,6013.0,6491.5
7835.0,1.7250000000001364,164.5,142.0,100.0,33.0,0.0,0.0,-4.965,-4.93,3.0,2.0,1.21,0.89,0.46499999999999997,0.26,6107.0,6367.0
7840.0,1.7416666666667595,166.0,143.0,100.0,35.0,0.0,0.0,-5.623333333333333,-4.445,3.0,2.0,1.4166666666666667,0.605,0.4533333333333333,0.12,6141.333333333333,6586.0
7845.0,1.7500000000002274,168.0,144.0,100.0,43.0,0.0,0.0,-6.06,-3.88,3.0,2.0,1.45,0.66,0.41,0.11,6203.0,6711.0
7850.0,1.7750000000002046,169.0,143.5,81.0,57.0,0.0,0.0,-5.29,-7.130000000000001,3.0,2.0,1.42,1.8050000000000002,0.36,-0.54,6214.0,6468.5
7855.0,1.8000000000004093,170.0,144.0,8.0,56.0,6.0,0.0,-3.46,-8.58,3.0,2.0,1.22,1.04,-0.06,0.13,6108.0,6782.0
7860.0,1.8083333333333655,166.0,145.5,0.0,60.0,53.666666666666664,0.0,0.6699999999999998,-8.469999999999999,3.0,2.0,0.6766666666666667,1.7349999999999999,-1.3733333333333333,0.29000000000000004,5903.0,6611.0
7865.0,1.8250000000002728,160.0,147.0,34.5,52.0,59.0,0.0,3.8449999999999998,-6.95,3.0,2.0,-0.07,1.42,-1.5350000000000001,0.23,5869.0,6695.0
7870.0,1.8249999999999318,153.0,147.5,0.0,39.5,58.0,0.0,5.99,-3.81,2.0,2.0,-0.8,1.52,-1.38,0.195,6680.0,6654.0
7875.0,1.8333333333335702,148.33333333333334,147.0,0.0,0.0,44.333333333333336,0.0,7.82,1.38,2.0,2.0,-1.0566666666666666,0.55,-1.1733333333333333,-0.4,6489.333333333333,6501.0
7880.0,1.8249999999999318,144.0,145.5,0.0,0.0,27.0,0.0,10.52,5.109999999999999,2.0,2.0,-0.9,-0.385,-0.82,-0.35,6192.0,6469.5
7885.0,1.8250000000002728,140.0,144.0,0.0,0.0,22.0,18.0,12.015,7.35,2.0,2.0,-1.9,-0.87,-0.845,-0.64,6119.5,6348.0
7890.0,1.8249999999999318,137.0,140.0,0.0,0.0,10.0,35.5,12.26,9.825,2.0,2.0,-1.64,-1.02,-0.62,-1.01,6022.0,5907.0
7895.0,1.8250000000002728,134.5,136.0,0.0,0.0,0.0,35.0,12.925,10.68,2.0,2.0,-1.52,-1.65,-0.355,-0.94,5918.5,5921.0
7900.0,1.8250000000000455,132.0,131.0,3.0,0.0,0.0,3.0,13.3,11.44,2.0,2.0,-1.67,-1.4,-0.3,-0.45,5862.5,5774.0
7905.0,1.8250000000003865,131.0,129.5,12.0,0.0,0.0,0.0,14.74,11.42,2.0,2.0,-1.81,-1.63,-0.19,-0.345,5862.0,5706.5
7910.0,1.8250000000002728,129.0,127.5,13.0,6.5,0.0,0.0,17.57,12.995000000000001,2.0,2.0,-2.0,-1.4249999999999998,-0.21,-0.195,5778.0,5685.0
7915.0,1.8500000000002501,128.0,126.0,14.5,7.0,0.0,0.0,18.975,16.36,2.0,2.0,-2.08,-1.975,-0.2,-0.23,5744.0,5607.5
7920.0,1.8250000000002728,126.5,125.0,26.5,11.0,0.0,0.0,18.689999999999998,16.97,2.0,2.0,-2.115,-1.79,-0.15,-0.21,5718.5,5579.0
7925.0,1.8250000000000455,125.5,123.0,42.0,24.0,0.0,0.0,17.365000000000002,16.89,2.0,2.0,-2.565,-2.1,-0.045,-0.13,5683.0,5546.0
7930.0,1.8250000000002728,125.0,122.0,51.5,38.0,0.0,0.0,13.7,15.9,2.0,2.0,-2.255,-2.14,-0.0050000000000000044,-0.07,5729.5,5564.0
7935.0,1.849999999999909,125.0,122.0,64.0,50.0,0.0,0.0,9.58,14.0,2.0,2.0,-1.75,-2.19,0.14,0.02,5699.0,5542.0
7940.0,1.8500000000003638,125.0,122.0,74.0,48.0,0.0,0.0,4.41,11.26,2.0,2.0,-1.56,-1.94,0.3,0.08,6014.0,5611.0
7945.0,1.8500000000003638,126.0,122.0,79.0,45.0,0.0,0.0,1.43,8.14,2.0,2.0,-1.15,-1.37,0.21,0.03,6160.0,5806.0
7950.0,1.8500000000001364,128.0,122.0,80.0,55.0,0.0,0.0,-3.46,4.25,2.0,2.0,-1.19,-1.31,0.44,0.16,6099.0,5733.0
7955.0,1.8750000000002274,128.5,123.0,75.5,66.0,0.0,0.0,-3.855,1.53,2.0,2.0,-1.015,-1.54,0.32499999999999996,0.33,6539.5,5962.0
7960.0,1.875,130.5,125.0,85.0,67.0,0.0,0.0,-2.415,1.32,2.0,2.0,-1.125,-1.11,0.475,0.12,6270.0,6228.0
7965.0,1.8750000000001137,132.0,125.5,83.0,67.0,0.0,0.0,-0.96,-0.8049999999999999,2.0,2.0,-0.78,-1.3900000000000001,0.43,0.445,6416.0,6251.0
7970.0,1.875,135.0,127.0,96.0,61.5,0.0,0.0,-2.04,-6.72,2.0,2.0,-1.1,-0.99,0.6,0.38,6258.0,6263.0
7975.0,1.9000000000002046,137.0,129.0,97.0,71.5,0.0,0.0,-1.9449999999999998,-8.15,2.0,2.0,-0.46499999999999997,-1.17,0.43,0.495,6418.5,6241.5
7980.0,1.900000000000091,139.0,131.0,100.0,91.0,0.0,0.0,-2.08,-6.78,2.0,2.0,-0.18,-0.85,0.53,0.46,6391.0,6060.0
7985.0,1.925000000000182,141.5,133.0,100.0,100.0,0.0,0.0,-0.52,-4.28,2.0,2.0,0.035,0.1,0.52,0.6,6488.5,6202.0
7990.0,1.9250000000000682,144.0,135.5,100.0,100.0,0.0,0.0,2.36,-0.495,2.0,2.0,-0.09,0.255,0.46,0.515,6646.0,6257.0
7995.0,1.925000000000182,145.5,138.0,99.0,100.0,0.0,0.0,2.57,3.76,2.0,2.0,-0.385,-0.11,0.515,0.49,6900.5,6328.0
8000.0,1.9500000000000455,148.0,140.0,99.0,90.0,0.0,0.0,2.32,3.66,2.0,2.0,-0.43,-0.43,0.36,0.31,6970.0,6838.0
8005.0,1.9500000000001592,150.0,142.5,100.0,99.0,0.0,0.0,1.2850000000000001,1.28,2.0,2.0,-0.735,-0.645,0.48,0.4,6920.0,6627.5
8010.0,1.9500000000000455,152.0,144.0,100.0,98.0,0.0,0.0,0.6,0.18,2.0,2.0,-0.59,-0.75,0.46,0.57,6952.0,6824.0
8015.0,1.9583333333334565,153.0,146.5,0.0,100.0,0.0,0.0,0.6,0.1,0.0,2.0,-0.37,-0.7050000000000001,-0.09333333333333332,0.495,6842.666666666667,6744.0
8020.0,1.958333333333485,154.5,148.66666666666666,97.0,100.0,0.0,0.0,0.6,-0.41666666666666663,3.0,2.0,-0.225,-0.3766666666666667,0.5800000000000001,0.47333333333333333,5920.5,6812.333333333333
8025.0,1.9500000000000455,156.0,150.0,100.0,100.0,0.0,0.0,0.62,-1.06,3.0,2.0,-0.26,-0.07,0.49,0.43,5808.0,6901.0
8030.0,1.9583333333335133,158.33333333333334,152.5,100.0,100.0,0.0,0.0,0.62,-0.08499999999999996,3.0,2.0,-0.19333333333333333,0.025,0.4333333333333333,0.52,6027.666666666667,7068.0
8035.0,1.9750000000001364,160.0,155.0,100.0,100.0,0.0,0.0,0.64,1.29,3.0,2.0,-0.22,-0.04,0.42,0.4,5974.5,7116.0
8040.0,1.9666666666670096,161.66666666666666,156.0,100.0,100.0,0.0,0.0,0.65,1.15,3.0,2.0,-0.22,-0.15,0.43,0.48,5999.0,7146.0
8045.0,1.9750000000002501,163.0,157.5,100.0,100.0,0.0,0.0,0.65,1.0050000000000001,3.0,2.0,-0.19,-0.235,0.43,0.42,6093.0,7202.0
8050.0,2.0000000000004547,165.0,158.0,100.0,99.0,0.0,0.0,0.67,0.53,3.0,3.0,-0.16,-0.16,0.39,0.67,6140.0,6250.0
8055.0,1.9833333333334338,166.33333333333334,160.0,100.0,100.0,0.0,0.0,0.5,0.47,3.0,3.0,-0.17333333333333334,-0.18,0.49333333333333335,0.46,6252.333333333333,5945.0
8060.0,1.9916666666668732,168.5,161.33333333333334,100.0,100.0,0.0,0.0,0.04000000000000001,0.54,3.0,3.0,-0.14,-0.15666666666666668,0.43,0.44,6290.0,6122.333333333333
8065.0,1.9916666666667595,169.66666666666666,163.0,100.0,100.0,0.0,0.0,-0.31333333333333335,0.45999999999999996,3.0,3.0,-0.08000000000000002,-0.185,0.4433333333333333,0.43000000000000005,6319.0,6096.5
8070.0,2.0000000000000853,171.66666666666666,164.66666666666666,100.0,100.0,0.0,0.0,0.32666666666666666,0.04000000000000001,3.0,3.0,-0.06666666666666667,-0.13333333333333333,0.44,0.48333333333333334,6387.333333333333,6172.666666666667
8075.0,2.0000000000002274,173.0,167.0,100.0,100.0,0.0,0.0,0.73,0.03,3.0,3.0,-0.1,-0.07,0.41,0.42,6449.0,6239.0
8080.0,2.0000000000002274,175.0,168.0,100.0,100.0,0.0,0.0,0.4,0.21,3.0,3.0,-0.11,-0.06,0.43,0.45,6494.0,6256.0
8085.0,2.0000000000004547,176.0,170.0,100.0,100.0,0.0,0.0,0.16,0.3,3.0,3.0,-0.11,-0.06,0.4,0.44,6545.0,6340.0
8090.0,2.0166666666666515,178.0,172.0,100.0,100.0,0.0,0.0,0.02,0.28,3.0,3.0,-0.07,-0.08333333333333333,0.41,0.44333333333333336,6598.0,6383.333333333333
8095.0,2.025000000000091,179.0,173.5,100.0,100.0,0.0,0.0,0.02,0.22,3.0,3.0,-0.05,-0.08,0.42,0.425,6642.0,6451.0
8100.0,2.0250000000002046,181.0,174.5,100.0,100.0,0.0,0.0,0.02,0.17,3.0,3.0,-0.02,-0.065,0.42,0.43,6727.0,6501.0
8105.0,2.0250000000002046,182.0,176.5,100.0,100.0,0.0,0.0,0.14,0.17,3.0,3.0,-0.02,-0.055,0.42,0.415,6764.0,6549.5
8110.0,2.025000000000432,184.0,178.0,100.0,100.0,0.0,0.0,0.18,0.18,3.0,3.0,-0.03,-0.04,0.41,0.435,6869.0,6623.5
8115.0,2.0249999999999773,185.0,179.5,100.0,100.0,0.0,0.0,0.19,0.20500000000000002,3.0,3.0,-0.04,-0.045,0.44,0.41,6887.0,6670.0
8120.0,2.025000000000091,186.0,180.5,100.0,100.0,0.0,0.0,0.19,0.36,3.0,3.0,-0.04,-0.065,0.4,0.4,6910.0,6750.0
8125.0,2.0250000000002046,188.0,182.5,100.0,100.0,0.0,0.0,0.31,0.47,3.0,3.0,-0.06,-0.10500000000000001,0.41,0.42,6956.0,6766.0
8130.0,2.041666666666771,188.66666666666666,183.5,100.0,100.0,0.0,0.0,0.6633333333333333,0.455,3.0,3.0,-0.1,-0.135,0.3666666666666667,0.4,7023.333333333333,6824.0
8135.0,2.0416666666669983,190.66666666666666,185.5,100.0,100.0,0.0,0.0,0.8766666666666667,0.36,3.0,3.0,-0.16666666666666666,-0.135,0.39666666666666667,0.425,7065.666666666667,6863.5
8140.0,2.0416666666667425,191.5,186.33333333333334,100.0,100.0,0.0,0.0,0.815,0.33,3.0,3.0,-0.22,-0.12,0.39,0.37666666666666665,7095.5,6940.333333333333
8145.0,2.050000000000182,193.0,188.0,100.0,100.0,0.0,0.0,0.7066666666666667,0.33,3.0,3.0,-0.23333333333333334,-0.14,0.38,0.42,7146.333333333333,6959.666666666667
8150.0,2.050000000000324,194.33333333333334,189.33333333333334,66.66666666666667,100.0,0.0,0.0,0.7,0.30666666666666664,3.0,3.0,-0.25333333333333335,-0.12333333333333334,0.12666666666666668,0.4033333333333333,7144.333333333333,7038.333333333333
8155.0,2.0499999999999545,195.0,191.0,0.0,100.0,0.0,0.0,0.69,0.3,0.0,3.0,-0.24,-0.13,-0.1,0.41,6813.0,7057.0
8160.0,2.050000000000182,196.0,192.0,100.0,100.0,0.0,0.0,0.53,0.33,4.0,3.0,-0.22,-0.13,0.39,0.38,5921.0,7100.0
8165.0,2.050000000000182,197.0,193.0,100.0,100.0,0.0,0.0,0.53,0.35,4.0,3.0,-0.22,-0.13,0.37,0.37,5956.0,7142.0
8170.0,2.0500000000000966,198.0,194.66666666666666,100.0,100.0,0.0,0.0,0.37,0.37666666666666665,4.0,3.0,-0.2,-0.14,0.38666666666666666,0.35000000000000003,5988.666666666667,7175.0
8175.0,2.0583333333336213,199.5,195.0,100.0,33.33333333333334,0.0,0.0,0.14500000000000002,0.8,4.0,3.0,-0.15500000000000003,-0.18666666666666668,0.375,0.040000000000000036,6017.0,6947.333333333333
8180.0,2.0583333333334224,200.33333333333334,196.0,100.0,100.0,0.0,0.0,0.18333333333333332,0.93,4.0,4.0,-0.12333333333333334,-0.245,0.36666666666666664,0.53,6052.333333333333,5971.0
8185.0,2.0666666666669187,202.0,197.33333333333334,100.0,100.0,0.0,0.0,0.46,0.93,4.0,4.0,-0.13,-0.28,0.36,0.38666666666666666,6068.0,5960.333333333333
8190.0,2.0500000000004093,203.0,198.0,100.0,100.0,0.0,0.0,0.9,0.93,4.0,4.0,-0.2,-0.33,0.36,0.38,6120.0,5975.0
8195.0,2.0666666666666913,204.0,200.0,100.0,100.0,0.0,0.0,0.9,0.93,4.0,4.0,-0.20666666666666667,-0.33,0.36333333333333334,0.36,6164.333333333333,6005.0
8200.0,2.0666666666668903,205.33333333333334,200.66666666666666,100.0,100.0,0.0,0.0,0.9,0.93,4.0,4.0,-0.27666666666666667,-0.31666666666666665,0.3433333333333333,0.34,6221.333333333333,6055.666666666667
8205.0,2.0750000000003865,206.0,202.0,100.0,100.0,0.0,0.0,0.9,0.93,4.0,4.0,-0.37,-0.29000000000000004,0.36,0.33499999999999996,6200.0,6136.5
8210.0,2.066666666666606,207.0,203.0,100.0,100.0,0.0,0.0,0.9,0.93,4.0,4.0,-0.34,-0.41,0.32,0.38333333333333336,6246.0,6129.0
8215.0,2.0666666666669187,208.66666666666666,204.0,100.0,100.0,0.0,0.0,0.9,0.93,4.0,4.0,-0.36666666666666664,-0.38,0.35333333333333333,0.33,6268.666666666667,6140.0
8220.0,2.083333333333627,209.33333333333334,205.0,100.0,100.0,0.0,0.0,0.9,0.93,4.0,4.0,-0.3466666666666667,-0.37,0.30333333333333334,0.32,6306.333333333333,6191.0
8225.0,2.0833333333332575,210.0,206.0,100.0,100.0,0.0,0.0,0.9,0.9166666666666667,4.0,4.0,-0.34,-0.37,0.31,0.33,6333.0,6211.333333333333
8230.0,2.08333333333357,211.0,207.33333333333334,100.0,100.0,0.0,0.0,0.8400000000000001,0.6633333333333333,4.0,4.0,-0.34,-0.32333333333333336,0.3,0.3,6357.666666666667,6249.333333333333
8235.0,2.083333333333627,212.0,208.0,100.0,100.0,0.0,0.0,0.59,0.38,4.0,4.0,-0.2733333333333334,-0.28,0.29000000000000004,0.31,6407.0,6268.0
8240.0,2.0666666666666913,213.0,209.0,100.0,100.0,0.0,0.0,0.30333333333333334,0.31,4.0,4.0,-0.29,-0.21000000000000002,0.32,0.30333333333333334,6404.0,6306.666666666667
8245.0,2.083333333333485,214.0,210.0,100.0,100.0,0.0,0.0,0.09,0.29000000000000004,4.0,4.0,-0.18,-0.19,0.29,0.33999999999999997,6429.0,6349.0
8250.0,2.08333333333357,215.0,211.0,100.0,100.0,0.0,0.0,0.06,0.17666666666666667,4.0,4.0,-0.12000000000000001,-0.15,0.2833333333333333,0.29666666666666663,6477.333333333333,6343.0
8255.0,2.083333333333343,215.33333333333334,212.0,100.0,100.0,0.0,0.0,0.12333333333333334,0.11,4.0,4.0,-0.07666666666666667,-0.09,0.2833333333333333,0.26,6500.666666666667,6369.0
8260.0,2.083333333333485,216.0,212.66666666666666,100.0,100.0,0.0,0.0,0.14,0.020000000000000004,4.0,4.0,-0.05,-0.05666666666666667,0.28,0.2833333333333333,6507.0,6417.666666666667
8265.0,2.08333333333357,217.0,214.0,100.0,100.0,0.0,0.0,0.12000000000000001,0.03,4.0,4.0,-0.043333333333333335,-0.023333333333333334,0.26666666666666666,0.29333333333333333,6533.333333333333,6436.666666666667
8270.0,2.083333333333343,218.0,214.0,100.0,100.0,0.0,0.0,0.16,0.05,4.0,4.0,-0.03333333333333333,-0.02,0.24333333333333335,0.25,6588.333333333333,6448.0
8275.0,2.083333333333485,219.0,215.0,100.0,100.0,0.0,0.0,0.06,0.03666666666666667,4.0,4.0,-0.03,0.0,0.27,0.2633333333333333,6580.0,6476.333333333333
8280.0,2.08333333333357,219.66666666666666,216.0,100.0,100.0,0.0,0.0,0.020000000000000004,0.07666666666666667,4.0,4.0,-0.03333333333333333,0.0,0.25,0.24333333333333332,6591.0,6527.666666666667
8285.0,2.0874999999999773,220.25,217.0,100.0,100.0,0.0,0.0,-0.05,0.03,4.0,4.0,0.0025,0.0,0.25,0.26,6624.75,6508.0
8290.0,2.1000000000002217,221.0,217.66666666666666,100.0,100.0,0.0,0.0,0.06,-0.12333333333333334,4.0,4.0,0.003333333333333334,0.02333333333333333,0.25666666666666665,0.24333333333333332,6656.0,6547.333333333333
8295.0,2.1000000000002785,221.33333333333334,218.33333333333334,100.0,100.0,0.0,0.0,0.20333333333333334,-0.14333333333333334,4.0,4.0,-0.013333333333333332,0.03333333333333333,0.22666666666666668,0.24666666666666667,6654.333333333333,6580.333333333333
8300.0,2.099999999999909,222.0,219.0,100.0,100.0,0.0,0.0,0.26,-0.03,4.0,4.0,-0.03,0.05,0.21,0.26,6700.0,6580.0
8305.0,2.1000000000002217,223.0,219.66666666666666,100.0,100.0,0.0,0.0,0.25,0.05666666666666667,4.0,4.0,-0.04,0.03,0.20666666666666667,0.21666666666666667,6734.0,6616.666666666667
8310.0,2.1000000000002785,223.33333333333334,220.33333333333334,100.0,100.0,0.0,0.0,0.21,0.07,4.0,4.0,-0.06333333333333334,0.023333333333333334,0.21666666666666667,0.22333333333333333,6758.333333333333,6641.0
8315.0,2.099999999999909,224.0,221.0,100.0,100.0,0.0,0.0,0.22,0.05,4.0,4.0,-0.07,0.01,0.2,0.21,6762.0,6698.0
8320.0,2.1000000000002217,225.0,221.66666666666666,100.0,100.0,0.0,0.0,0.26,-0.12333333333333332,4.0,4.0,-0.05333333333333334,0.016666666666666666,0.20666666666666667,0.22,6801.333333333333,6696.666666666667
8325.0,2.1166666666670153,225.0,222.33333333333334,100.0,100.0,0.0,0.0,0.25,-0.15,4.0,4.0,-0.04,0.03333333333333333,0.23,0.22333333333333333,6847.0,6715.333333333333
8330.0,2.104166666666657,226.0,223.0,100.0,100.0,0.0,0.0,-0.04666666666666666,-0.15,4.0,4.0,-0.05,0.0475,0.22666666666666666,0.16499999999999998,6857.0,6783.5
8335.0,2.1000000000002785,227.0,223.33333333333334,100.0,100.0,0.0,0.0,-0.53,-0.15,4.0,4.0,-1.734723475976807e-18,0.04666666666666667,0.22333333333333333,0.26,6823.0,6798.333333333333
8340.0,2.100000000000364,227.0,224.0,100.0,100.0,0.0,0.0,-0.73,-0.13,4.0,4.0,0.08,0.06,0.2,0.27,6862.0,6757.0
8345.0,2.1083333333333485,228.0,225.0,100.0,100.0,0.0,0.0,-0.82,0.05666666666666664,4.0,4.0,0.165,0.043333333333333335,0.255,0.24666666666666667,6896.0,6775.333333333333
8350.0,2.1166666666670153,229.0,225.33333333333334,100.0,100.0,0.0,0.0,-0.78,0.5066666666666666,4.0,4.0,0.26,0.010000000000000002,0.23,0.23333333333333334,6889.0,6824.333333333333
8355.0,2.11666666666693,229.0,227.0,100.0,100.0,0.0,0.0,-0.7866666666666667,0.68,4.0,4.0,0.2866666666666667,-0.09,0.23,0.26,6898.333333333333,6825.0
8360.0,2.100000000000051,230.0,227.0,100.0,100.0,0.0,0.0,-0.82,0.43000000000000005,4.0,4.0,0.31333333333333335,-0.11,0.23333333333333334,0.23333333333333334,6952.666666666667,6834.666666666667
8365.0,2.1125000000002956,230.75,228.0,100.0,100.0,0.0,0.0,-0.835,-0.14,4.0,4.0,0.355,-0.08,0.255,0.23,6935.75,6858.0
8370.0,2.116666666666873,231.33333333333334,228.66666666666666,100.0,100.0,0.0,0.0,-1.0366666666666666,-0.3566666666666667,4.0,4.0,0.36333333333333334,-0.03,0.23,0.2566666666666667,6957.666666666667,6892.333333333333
8375.0,2.116666666666788,232.0,229.0,100.0,100.0,0.0,0.0,-1.66,-0.39,4.0,4.0,0.43,0.02333333333333333,0.22,0.23,6983.0,6889.666666666667
8380.0,2.112500000000182,232.5,229.75,100.0,100.0,0.0,0.0,-2.125,-0.665,4.0,4.0,0.5249999999999999,0.11,0.20500000000000002,0.215,7013.5,6914.0
8385.0,2.116666666666788,233.0,230.33333333333334,100.0,100.0,0.0,0.0,-2.49,-1.1466666666666667,4.0,4.0,0.68,0.19999999999999998,0.25,0.23333333333333334,7027.0,6938.0
8390.0,2.116666666666873,233.66666666666666,231.0,100.0,100.0,0.0,0.0,-3.063333333333333,-1.84,4.0,4.0,0.84,0.35,0.19666666666666666,0.21,7045.333333333333,6973.0
8395.0,2.125,234.0,231.5,100.0,100.0,0.0,0.0,-3.6,-2.71,4.0,4.0,1.0,0.54,0.19,0.22,7052.0,6978.0
8400.0,2.116666666666873,235.0,232.0,100.0,100.0,0.0,0.0,-4.096666666666667,-3.82,4.0,4.0,1.01,0.84,0.17,0.21,7084.666666666667,6994.0
8405.0,2.1208333333336213,235.0,232.66666666666666,100.0,100.0,0.0,0.0,-4.0825,-4.526666666666666,4.0,4.0,1.2375,1.0033333333333334,0.195,0.19666666666666666,7084.25,7011.666666666667
8410.0,2.116666666666646,235.66666666666666,233.0,100.0,100.0,0.0,0.0,-3.88,-5.11,4.0,4.0,1.2833333333333334,1.23,0.17333333333333334,0.21,7098.666666666667,7058.0
8415.0,2.11666666666693,236.0,233.66666666666666,100.0,100.0,0.0,0.0,-4.07,-5.11,4.0,4.0,1.3733333333333333,1.4033333333333333,0.20333333333333334,0.19999999999999998,7109.333333333333,7039.333333333333
8420.0,2.129166666666947,236.0,234.0,25.0,100.0,0.0,0.0,-4.7575,-5.41,4.0,4.0,1.1825,1.5166666666666666,-0.12000000000000002,0.18333333333333332,6917.0,7064.0
8425.0,2.1208333333333655,236.0,234.0,100.0,100.0,0.0,0.0,-5.636666666666667,-5.9475,5.0,4.0,1.3766666666666667,1.4549999999999998,-0.05666666666666667,0.17500000000000002,6392.0,7070.5
8430.0,2.1166666666670153,236.0,235.0,100.0,97.66666666666667,0.0,0.0,-6.37,-6.723333333333334,5.0,4.0,1.72,1.2033333333333334,0.24,0.1366666666666667,6045.0,7124.666666666667
8435.0,2.1333333333335247,237.0,235.0,98.66666666666667,95.0,0.0,0.0,-6.633333333333334,-7.64,5.0,4.0,1.7333333333333334,2.01,0.16,0.15,6064.666666666667,7075.0
8440.0,2.116666666666788,237.0,235.0,99.0,95.0,0.0,0.0,-6.66,-7.753333333333333,5.0,4.0,2.0,1.9266666666666667,0.21,0.14,6067.0,7072.333333333333
8445.0,2.1333333333335247,237.0,235.0,100.0,0.0,0.0,0.0,-6.656666666666667,-7.76,5.0,0.0,2.203333333333333,1.88,0.16999999999999998,-0.25,6061.0,7043.0
8450.0,2.1250000000001137,237.0,234.0,99.0,45.5,0.0,0.0,-6.51,-7.76,5.0,0.0,1.72,2.31,0.14,0.040000000000000036,6091.0,6300.5
8455.0,2.1250000000002274,238.0,235.0,97.5,93.0,0.0,0.0,-6.09,-7.74,5.0,5.0,2.19,2.08,0.135,0.14,6101.5,5982.0
8460.0,2.133333333333354,237.0,235.0,100.0,90.33333333333333,0.0,0.0,-5.41,-7.336666666666667,5.0,5.0,2.69,2.0100000000000002,-0.35,0.13,6047.0,6037.666666666667
8465.0,2.1250000000002274,237.0,235.0,100.0,94.0,0.0,0.0,-4.255,-6.88,5.0,5.0,1.65,2.68,0.12000000000000001,0.18,6094.0,6010.0
8470.0,2.133333333333667,237.0,234.0,100.0,99.66666666666667,0.0,0.0,-4.07,-6.013333333333334,5.0,5.0,1.6,2.3666666666666667,0.21,0.023333333333333317,6104.0,5983.333333333333
8475.0,2.1291666666666913,238.0,234.25,100.0,100.0,0.0,0.0,-4.036666666666666,-5.0024999999999995,5.0,5.0,1.69,1.7025000000000001,0.19333333333333333,0.135,6091.666666666667,6028.25
8480.0,2.133333333333667,238.0,235.0,100.0,100.0,0.0,0.0,-3.52,-4.14,5.0,5.0,0.81,1.7033333333333334,0.14,0.16999999999999998,6126.0,6063.0
8485.0,2.1333333333335815,238.0,235.0,99.33333333333333,100.0,0.0,0.0,-2.6966666666666668,-3.4333333333333336,5.0,5.0,0.9533333333333334,1.6866666666666665,0.20999999999999996,0.20666666666666667,6422.0,6015.333333333333
8490.0,2.1375000000001023,239.0,235.0,100.0,99.25,0.0,0.0,-1.75,-3.0825,5.0,5.0,1.58,0.9175,0.27,0.044999999999999984,6132.0,6194.0
8495.0,2.1333333333335815,239.66666666666666,236.0,100.0,100.0,0.0,0.0,-0.22999999999999998,-2.81,5.0,5.0,0.9500000000000001,1.4133333333333333,0.16666666666666669,0.42000000000000004,6181.0,6200.0
8500.0,2.150000000000091,240.0,236.0,100.0,100.0,0.0,0.0,0.27,-1.91,5.0,5.0,0.94,1.13,0.25,0.18,6150.0,6056.0
8505.0,2.1333333333335247,240.66666666666666,237.0,100.0,100.0,0.0,0.0,0.3,-1.0033333333333334,5.0,5.0,0.63,1.0733333333333333,0.19333333333333333,0.18,6138.333333333333,6130.666666666667
8510.0,2.150000000000091,241.0,237.0,100.0,100.0,0.0,0.0,0.3,-0.23,5.0,5.0,0.24,1.05,0.17,0.22,6187.0,6064.0
8515.0,2.1333333333335247,241.0,238.0,100.0,100.0,0.0,0.0,-0.19666666666666668,0.24333333333333335,5.0,5.0,0.17666666666666667,0.6766666666666666,0.18999999999999997,0.19333333333333333,6465.333333333333,6081.0
8520.0,2.1500000000003183,242.0,238.0,100.0,100.0,0.0,0.0,-0.61,0.54,5.0,5.0,0.24,0.17,0.29,0.03,6166.0,6251.0
8525.0,2.1416666666667368,243.0,238.5,100.0,100.0,0.0,0.0,-0.69,0.61,5.0,5.0,0.21,0.21000000000000002,0.20333333333333334,0.27,6201.666666666667,6295.0
8530.0,2.1500000000003183,243.0,240.0,100.0,100.0,0.0,0.0,-0.97,0.8,5.0,5.0,0.28,0.0,0.21,0.23,6245.0,6116.0
8535.0,2.1416666666669073,244.0,240.0,100.0,100.0,0.0,0.0,-0.7733333333333333,-0.12500000000000006,5.0,5.0,0.29333333333333333,-0.015,0.19,0.23,6237.0,6151.0
8540.0,2.150000000000091,244.0,241.0,100.0,100.0,0.0,0.0,-0.48,-0.81,5.0,5.0,0.32,0.0,0.2,0.24,6265.0,6141.0
8545.0,2.1500000000002046,245.0,241.5,92.5,99.5,0.0,0.0,-0.095,-0.7949999999999999,5.0,5.0,0.29000000000000004,0.10500000000000001,0.19,0.21,6240.5,6193.5
8550.0,2.150000000000091,245.0,242.0,46.0,81.0,23.0,0.0,0.2,-0.5,5.0,5.0,0.16,0.18,-0.24,0.18,6191.0,6157.0
8555.0,2.1500000000002046,243.0,241.0,3.0,32.0,55.0,47.0,0.29500000000000004,-0.020000000000000004,5.0,5.0,0.055,0.15500000000000003,-1.075,-0.75,6030.0,6055.0
8560.0,2.150000000000091,239.0,238.0,69.0,0.0,74.0,69.0,0.06,0.2,0.0,5.0,0.0,0.06,-1.49,-1.53,6139.0,5920.0
8565.0,2.1416666666668505,234.33333333333334,233.5,23.0,0.0,80.33333333333333,88.0,-0.07333333333333332,0.275,0.0,5.0,-0.049999999999999996,0.01,-1.7233333333333334,-1.725,6800.666666666667,5697.5
8570.0,2.1500000000003183,231.0,229.0,0.0,0.0,82.0,92.0,-0.31,0.33,4.0,5.0,-0.04,-0.04,-1.66,-1.99,6693.0,5565.0
8575.0,2.150000000000091,225.33333333333334,223.0,0.0,46.0,85.0,93.0,-0.5233333333333333,0.07333333333333336,4.0,5.0,0.0,-0.10333333333333333,-1.8499999999999999,-1.8900000000000001,6427.666666666667,5884.666666666667
8580.0,2.150000000000233,220.0,217.0,0.0,15.333333333333334,85.0,93.0,-0.4666666666666667,-0.6,4.0,0.0,0.02333333333333333,-0.03333333333333333,-1.7833333333333334,-1.7533333333333334,6345.333333333333,6182.666666666667
8585.0,2.1500000000003183,215.0,213.0,0.0,0.0,84.0,92.0,-0.03,-0.75,4.0,4.0,0.03,-0.03,-1.71,-1.95,6120.0,5961.0
8590.0,2.150000000000091,209.33333333333334,206.0,46.0,0.0,84.0,91.33333333333333,0.71,-0.6033333333333334,4.0,4.0,-0.06333333333333334,0.026666666666666665,-1.7033333333333334,-1.71,6106.0,5865.333333333333
8595.0,2.1583333333335304,205.0,200.33333333333334,51.5,0.0,82.5,90.33333333333333,1.0350000000000001,-0.06333333333333335,0.0,4.0,-0.15500000000000003,0.04,-1.59,-1.81,7020.0,5618.666666666667
8600.0,2.158333333333559,199.0,194.5,0.0,34.5,75.33333333333333,89.5,0.9033333333333333,0.345,3.0,0.0,-0.21666666666666667,-0.04,-1.54,-1.675,6952.0,6526.5
8605.0,2.1666666666667425,195.0,189.33333333333334,0.0,0.0,73.0,87.0,0.53,0.37666666666666665,3.0,3.0,-0.3,-0.06,-1.57,-1.5966666666666667,6884.0,6610.0
8610.0,2.1666666666667425,189.0,183.0,0.0,0.0,73.0,83.66666666666667,0.09,0.41,3.0,3.0,-0.09,-0.12,-1.28,-1.65,6614.0,6349.333333333333
8615.0,2.1666666666668277,185.0,178.0,0.0,0.0,73.0,78.33333333333333,0.62,0.35333333333333333,3.0,3.0,-0.11,-0.12333333333333334,-1.6,-1.4933333333333334,6176.0,6284.333333333333
8620.0,2.1750000000002956,178.0,172.5,0.0,0.0,72.0,74.5,1.0,0.685,3.0,3.0,-0.37,-0.07500000000000001,-1.51,-1.4449999999999998,6301.0,5781.0
8625.0,2.1750000000002956,174.0,167.0,0.0,0.0,72.0,72.0,1.13,1.0150000000000001,3.0,3.0,-0.41,-0.175,-1.5,-1.565,6169.0,5784.0
8630.0,2.183333333333394,169.0,161.66666666666666,69.0,23.0,71.0,71.66666666666667,1.81,1.0666666666666667,0.0,0.0,-0.34,-0.31,-1.23,-1.3366666666666667,7031.0,6870.0
8635.0,2.175000000000182,163.0,156.0,0.0,0.0,71.0,67.0,3.7199999999999998,1.49,2.0,2.0,-0.46,-0.36,-1.5,-1.36,6700.5,6769.0
8640.0,2.200000000000159,156.5,150.0,0.0,0.0,71.5,63.0,4.715,2.755,2.0,2.0,-0.925,-0.345,-1.51,-1.2650000000000001,6758.0,6318.5
8645.0,2.2000000000000455,150.0,145.0,0.0,0.0,65.0,59.0,5.5,4.17,2.0,2.0,-1.04,-0.77,-1.3,-1.26,6506.0,6311.0
8650.0,2.200000000000159,145.0,139.0,0.0,0.0,57.0,53.5,5.99,5.710000000000001,2.0,2.0,-1.025,-0.96,-1.21,-1.1349999999999998,6236.5,6057.5
8655.0,2.2000000000000455,141.0,135.0,0.0,0.0,42.0,50.0,5.99,6.66,2.0,2.0,-1.02,-0.98,-0.96,-1.08,6093.0,5878.0
8660.0,2.2250000000001364,136.0,129.0,0.0,0.0,28.5,40.0,7.1899999999999995,7.6,2.0,2.0,-1.32,-1.09,-0.7250000000000001,-0.91,5959.5,5613.0
8665.0,2.2250000000001364,132.5,125.0,0.0,0.0,26.0,22.0,9.43,8.23,2.0,2.0,-1.42,-1.24,-0.67,-0.57,5808.0,5469.0
8670.0,2.2250000000000227,130.0,122.5,0.0,0.0,20.0,11.0,10.91,8.805,2.0,2.0,-1.58,-1.355,-0.6,-0.395,5689.0,5404.0
8675.0,2.225000000000364,127.0,121.0,0.0,0.0,4.0,0.0,12.86,10.14,2.0,2.0,-1.83,-1.4049999999999998,-0.33,-0.19,5609.0,5363.0
8680.0,2.22500000000025,125.0,120.0,0.0,5.5,0.0,0.0,15.22,11.875,2.0,2.0,-1.69,-1.4249999999999998,-0.24,-0.12000000000000001,5544.0,5347.5
8685.0,2.22500000000025,124.0,119.5,0.0,21.0,0.0,0.0,16.97,13.735,2.0,2.0,-1.66,-1.5,-0.23,-0.009999999999999998,5474.0,5360.5
8690.0,2.275000000000091,122.5,119.0,13.5,29.0,0.0,0.0,18.21,15.06,2.0,2.0,-1.735,-1.51,-0.10500000000000001,0.03,5498.0,5391.0
8695.0,2.275000000000091,122.0,120.0,44.5,33.0,0.0,0.0,18.77,15.03,2.0,2.0,-1.69,-1.54,0.08,0.09,5548.0,5401.0
8700.0,2.2750000000003183,122.5,120.0,58.0,39.0,0.0,0.0,19.630000000000003,13.77,2.0,2.0,-1.495,-1.59,0.135,0.12,5614.0,5417.0
8705.0,2.275000000000091,123.0,120.0,70.5,42.0,0.0,0.0,19.86,12.12,2.0,2.0,-1.9699999999999998,-1.32,0.22999999999999998,0.15,5657.0,5471.0
8710.0,2.2750000000003183,124.0,121.0,70.5,45.0,0.0,0.0,19.865000000000002,12.3,2.0,2.0,-1.915,-1.48,0.26,0.19,5686.5,5531.0
8715.0,2.275000000000091,124.5,122.0,70.0,46.0,0.0,0.0,19.865000000000002,13.38,2.0,2.0,-1.99,-1.6,0.28500000000000003,0.22,5753.5,5541.0
8720.0,2.2750000000002046,126.0,123.0,67.0,47.5,0.0,0.0,19.67,14.045,2.0,2.0,-2.09,-1.775,0.32,0.24,5870.0,5577.5
8725.0,2.275000000000091,127.0,124.0,66.0,50.0,0.0,0.0,18.92,14.125,2.0,2.0,-2.2,-1.7349999999999999,0.38,0.255,5915.0,5637.0
8730.0,2.2749999999999773,128.0,125.0,65.0,49.0,0.0,0.0,17.69,14.725,2.0,2.0,-2.36,-1.935,0.44,0.315,5960.0,5696.0
8735.0,2.275000000000432,129.0,126.5,64.0,45.5,0.0,0.0,14.91,15.485,2.0,2.0,-2.42,-1.895,0.37,0.295,6054.0,5788.0
8740.0,2.275000000000091,130.0,127.0,68.5,37.0,0.0,0.0,11.774999999999999,15.69,2.0,2.0,-2.4749999999999996,-2.0,0.415,0.24,6041.5,5807.0
8745.0,2.2750000000003183,131.5,128.0,77.0,35.0,0.0,0.0,8.485,15.68,2.0,2.0,-2.245,-2.43,0.47,0.21,6134.0,5823.0
8750.0,2.300000000000182,133.0,129.0,80.0,39.0,0.0,0.0,6.78,14.71,2.0,2.0,-1.86,-1.96,0.46,0.18,6253.0,5889.0
8755.0,2.3000000000002956,134.5,129.5,80.5,36.5,0.0,0.0,6.5649999999999995,14.47,2.0,2.0,-1.83,-1.9,0.48,0.2,6330.0,5960.5
8760.0,2.300000000000182,136.5,130.0,83.0,31.5,0.0,0.0,6.285,14.43,2.0,2.0,-1.67,-1.935,0.4,0.195,6417.5,6035.0
8765.0,2.300000000000182,138.0,130.0,86.0,31.0,0.0,0.0,5.29,13.73,2.0,2.0,-1.79,-1.93,0.48,0.19,6422.0,6025.0
8770.0,2.325000000000273,139.5,130.0,86.5,30.0,0.0,0.0,4.265,11.32,2.0,2.0,-1.375,-1.82,0.38,0.21,6589.5,6051.0
8775.0,2.3500000000001364,142.0,131.0,93.0,36.0,0.0,0.0,2.98,7.27,2.0,2.0,-1.61,-1.73,0.53,0.18,6603.0,6117.0
8780.0,2.35000000000025,143.0,131.0,93.0,41.5,0.0,0.0,2.525,5.005000000000001,2.0,2.0,-1.095,-1.875,0.42500000000000004,0.27,6706.5,6083.5
8785.0,2.3500000000001364,145.0,132.0,98.0,53.0,0.0,0.0,2.84,3.74,2.0,2.0,-1.56,-1.4,0.61,0.32,6744.0,6132.0
8790.0,2.3750000000002274,147.5,134.0,98.0,86.0,0.0,0.0,3.395,3.09,2.0,2.0,-1.13,-1.65,0.44999999999999996,0.53,6848.5,6298.0
8795.0,2.3750000000001137,149.0,135.5,100.0,91.0,0.0,0.0,3.37,2.7199999999999998,2.0,2.0,-1.1,-1.3199999999999998,0.5,0.475,6863.0,6349.0
8800.0,2.4000000000002046,151.5,137.5,100.0,93.5,0.0,0.0,3.465,3.0549999999999997,2.0,2.0,-1.105,-1.355,0.515,0.5449999999999999,7025.5,6421.5
8805.0,2.400000000000091,153.0,140.0,99.0,93.0,0.0,0.0,3.64,2.75,2.0,2.0,-1.18,-1.04,0.45,0.47,7166.0,6603.0
8810.0,2.4250000000002956,155.0,142.0,100.0,96.5,0.0,0.0,3.63,2.58,2.0,2.0,-1.18,-1.28,0.45,0.495,7095.0,6669.0
8815.0,2.425000000000182,155.5,144.0,0.0,100.0,0.0,0.0,3.61,2.0,0.0,2.0,-0.95,-1.27,-0.18,0.54,6877.5,6633.0
8820.0,2.4250000000002956,157.0,146.5,100.0,100.0,0.0,0.0,3.55,1.435,3.0,2.0,-1.05,-0.795,0.46,0.475,5952.0,6801.5
8825.0,2.450000000000273,159.0,148.0,100.0,100.0,0.0,0.0,3.28,1.13,3.0,2.0,-1.22,-0.66,0.46,0.45,5942.0,6875.0
8830.0,2.450000000000159,160.5,150.5,99.5,100.0,0.0,0.0,2.75,0.77,3.0,2.0,-0.605,-0.635,0.31000000000000005,0.515,6075.5,6887.5
8835.0,2.450000000000159,161.5,152.5,99.5,100.0,0.0,0.0,2.595,0.73,3.0,2.0,-0.925,-0.385,0.54,0.475,6225.0,6948.5
8840.0,2.4500000000000455,164.0,154.0,100.0,100.0,0.0,0.0,1.22,0.73,3.0,2.0,-1.09,-0.29,0.44,0.36,6056.0,7182.0
8845.0,2.4750000000000227,165.0,156.0,100.0,100.0,0.0,0.0,0.83,0.7,3.0,2.0,-0.66,-0.35,0.41,0.46499999999999997,6126.0,7108.5
8850.0,2.47500000000025,167.0,157.0,100.0,50.0,0.0,0.0,0.86,0.7,3.0,2.0,-0.44,-0.24,0.41,0.135,6181.0,7015.0
8855.0,2.4833333333334906,168.0,158.0,100.0,100.0,0.0,0.0,0.86,0.49,3.0,3.0,-0.2733333333333333,-0.22,0.37,0.49,6282.666666666667,5877.0
8860.0,2.4916666666670153,169.5,160.33333333333334,100.0,100.0,0.0,0.0,0.62,0.47,3.0,3.0,-0.28500000000000003,-0.13,0.41000000000000003,0.37666666666666665,6330.5,6001.666666666667
8865.0,2.5000000000001137,171.0,161.5,100.0,100.0,0.0,0.0,0.039999999999999994,0.47,3.0,3.0,-0.21500000000000002,-0.15000000000000002,0.38,0.435,6350.0,6061.0
8870.0,2.500000000000284,172.66666666666666,163.66666666666666,100.0,100.0,0.0,0.0,-0.20666666666666667,0.14333333333333334,3.0,3.0,-0.10333333333333333,-0.10333333333333333,0.35000000000000003,0.41,6410.333333333333,6067.333333333333
8875.0,2.5166666666667368,173.66666666666666,165.0,100.0,100.0,0.0,0.0,-0.21,0.2,3.0,3.0,-0.043333333333333335,-0.06,0.38666666666666666,0.4,6436.666666666667,6146.0
8880.0,2.5,175.0,166.0,100.0,100.0,0.0,0.0,-0.29,0.42,3.0,3.0,0.02,-0.08,0.38,0.41,6528.0,6178.0
8885.0,2.516666666666879,177.0,168.33333333333334,100.0,100.0,0.0,0.0,-0.25,0.42,3.0,3.0,0.04,-0.07333333333333333,0.38,0.39666666666666667,6548.0,6247.666666666667
8890.0,2.5250000000002046,178.0,169.5,100.0,100.0,0.0,0.0,-0.27,0.385,3.0,3.0,0.05,-0.095,0.36,0.39,6578.0,6304.5
8895.0,2.525000000000432,179.0,170.5,100.0,100.0,0.0,0.0,-0.3,0.165,3.0,3.0,0.07,-0.08499999999999999,0.31,0.41000000000000003,6667.0,6327.0
8900.0,2.5249999999999773,180.0,172.5,100.0,100.0,0.0,0.0,-0.3,-0.06,3.0,3.0,0.09,-0.03,0.37,0.355,6691.0,6409.5
8905.0,2.533333333333445,182.0,173.66666666666666,100.0,100.0,0.0,0.0,-0.3,-0.21666666666666667,3.0,3.0,0.09,-0.003333333333333334,0.35,0.38,6723.0,6461.666666666667
8910.0,2.5333333333335304,183.0,175.0,100.0,100.0,0.0,0.0,-0.3,-0.28,3.0,3.0,0.09,0.026666666666666665,0.37,0.37333333333333335,6778.0,6492.333333333333
8915.0,2.550000000000182,184.0,176.0,100.0,100.0,0.0,0.0,-0.3,-0.34,3.0,3.0,0.07,0.07,0.35,0.35,6791.0,6584.0
8920.0,2.5500000000004093,185.0,178.0,100.0,100.0,0.0,0.0,-0.29,-0.33,3.0,3.0,0.08,0.08,0.38,0.37,6838.0,6574.0
8925.0,2.5666666666666913,186.0,179.0,100.0,100.0,0.0,0.0,-0.3,-0.23,3.0,3.0,0.08333333333333333,0.07,0.29666666666666663,0.27,6904.0,6676.0
8930.0,2.5666666666669187,187.66666666666666,180.0,100.0,100.0,0.0,0.0,-0.3,-0.15,3.0,3.0,0.10333333333333333,0.07,0.33,0.33,6952.333333333333,6681.0
8935.0,2.5666666666669187,188.66666666666666,182.0,100.0,100.0,0.0,0.0,-0.30666666666666664,-0.15,3.0,3.0,0.12333333333333334,0.07,0.33666666666666667,0.37,6977.0,6743.0
8940.0,2.5750000000000455,190.0,183.0,100.0,100.0,0.0,0.0,-0.585,-0.15,3.0,3.0,0.175,0.07,0.315,0.35,7019.0,6807.0
8945.0,2.5666666666669187,191.0,184.0,100.0,100.0,0.0,0.0,-0.59,-0.16999999999999998,3.0,3.0,0.20333333333333334,0.07,0.33333333333333337,0.3466666666666667,7038.0,6811.0
8950.0,2.566666666666748,192.0,185.66666666666666,100.0,100.0,0.0,0.0,-0.59,-0.26666666666666666,3.0,3.0,0.20666666666666667,0.08333333333333333,0.28,0.35,7092.333333333333,6848.666666666667
8955.0,2.583333333333627,193.0,186.66666666666666,100.0,100.0,0.0,0.0,-0.59,-0.48,3.0,3.0,0.23,0.10666666666666667,0.28,0.31666666666666665,7104.0,6884.333333333333
8960.0,2.5833333333337123,193.0,187.66666666666666,0.0,100.0,0.0,0.0,-0.63,-0.5633333333333334,0.0,3.0,0.2,0.15666666666666668,-0.2,0.34,6619.0,6940.333333333333
8965.0,2.574999999999932,194.0,189.0,100.0,100.0,0.0,0.0,-0.76,-0.59,4.0,3.0,0.22,0.17,0.32,0.325,5874.0,6958.0
8970.0,2.591666666666896,194.66666666666666,189.5,100.0,100.0,0.0,0.0,-0.76,-0.655,4.0,3.0,0.24666666666666667,0.175,0.3,0.28,5887.666666666667,7050.5
8975.0,2.58333333333357,195.66666666666666,191.0,100.0,100.0,0.0,0.0,-0.76,-0.68,4.0,3.0,0.25333333333333335,0.21333333333333332,0.27666666666666667,0.3,5926.333333333333,7060.0
8980.0,2.5916666666667822,196.5,192.0,100.0,100.0,0.0,0.0,-0.8400000000000001,-0.68,4.0,3.0,0.22999999999999998,0.23,0.26,0.31,5949.5,7096.666666666667
8985.0,2.58333333333357,197.33333333333334,193.0,100.0,100.0,0.0,0.0,-1.44,-0.68,4.0,3.0,0.3,0.22,0.32666666666666666,0.29,6042.333333333333,7111.0
8990.0,2.6000000000001364,198.0,192.0,100.0,100.0,0.0,0.0,-1.54,-0.7,4.0,4.0,0.34,0.18,0.24,-0.17,6020.0,6519.0
8995.0,2.600000000000364,199.0,194.0,100.0,100.0,0.0,0.0,-1.35,-0.73,4.0,4.0,0.48,0.24,0.28,0.31,6051.0,5891.0
9000.0,2.6000000000002785,200.0,194.66666666666666,100.0,100.0,0.0,0.0,-1.1300000000000001,-0.6866666666666666,4.0,4.0,0.5,0.25333333333333335,0.26666666666666666,0.33666666666666667,6060.333333333333,5943.333333333333
9005.0,2.5999999999999943,201.0,195.66666666666666,100.0,100.0,0.0,0.0,-0.9233333333333333,-0.68,4.0,4.0,0.49333333333333335,0.29,0.29,0.30666666666666664,6088.0,5934.666666666667
9010.0,2.6000000000002785,202.0,197.0,100.0,100.0,0.0,0.0,-0.79,-0.68,4.0,4.0,0.45666666666666667,0.29333333333333333,0.2733333333333334,0.30333333333333334,6097.0,5952.0
9015.0,2.6166666666670153,203.0,198.0,100.0,100.0,0.0,0.0,-0.78,-0.68,4.0,4.0,0.42,0.2866666666666667,0.3,0.29333333333333333,6116.0,5977.0
9020.0,2.599999999999909,204.0,199.0,100.0,100.0,0.0,0.0,-0.7,-0.68,4.0,4.0,0.35,0.3,0.31,0.32,6180.0,6000.0
9025.0,2.616666666666873,204.66666666666666,200.0,100.0,100.0,0.0,0.0,-0.7,-0.68,4.0,4.0,0.33666666666666667,0.26,0.28,0.29,6171.666666666667,6032.0
9030.0,2.61666666666693,205.33333333333334,200.66666666666666,100.0,100.0,0.0,0.0,-0.7166666666666667,-0.68,4.0,4.0,0.32,0.2733333333333334,0.2866666666666667,0.3,6196.0,6064.333333333333
9035.0,2.6000000000000796,206.33333333333334,201.33333333333334,100.0,100.0,0.0,0.0,-1.0,-0.68,4.0,4.0,0.33,0.28,0.2733333333333334,0.29333333333333333,6224.0,6075.0
9040.0,2.616666666666788,207.0,202.33333333333334,100.0,100.0,0.0,0.0,-1.38,-0.7,4.0,4.0,0.42,0.27666666666666667,0.28,0.29333333333333333,6243.0,6108.0
9045.0,2.616666666666873,208.0,203.0,100.0,100.0,0.0,0.0,-1.3133333333333332,-0.76,4.0,4.0,0.41333333333333333,0.3,0.23666666666666666,0.28,6273.0,6135.0
9050.0,2.616666666666788,209.0,204.0,100.0,100.0,0.0,0.0,-0.9233333333333333,-1.15,4.0,4.0,0.42666666666666664,0.3466666666666667,0.26333333333333336,0.25,6299.0,6149.0
9055.0,2.6333333333334394,210.0,205.0,100.0,100.0,0.0,0.0,-0.65,-1.5866666666666667,4.0,4.0,0.43,0.41,0.25,0.24333333333333335,6304.0,6191.0
9060.0,2.616666666666788,210.0,206.0,100.0,100.0,0.0,0.0,-1.04,-1.7633333333333334,4.0,4.0,0.35,0.49666666666666665,0.21,0.25333333333333335,6346.0,6206.666666666667
9065.0,2.61666666666693,211.0,207.0,100.0,100.0,0.0,0.0,-1.7233333333333334,-1.79,4.0,4.0,0.49,0.53,0.25333333333333335,0.25,6365.666666666667,6219.0
9070.0,2.616666666666873,212.0,207.66666666666666,100.0,100.0,0.0,0.0,-2.1666666666666665,-1.81,4.0,4.0,0.4633333333333333,0.6566666666666666,0.18333333333333335,0.26,6399.666666666667,6247.333333333333
9075.0,2.6333333333334394,212.0,208.0,100.0,100.0,0.0,0.0,-2.39,-1.8033333333333335,4.0,4.0,0.54,0.5466666666666666,0.28,0.21000000000000002,6538.0,6292.0
9080.0,2.6333333333335815,213.0,209.0,100.0,100.0,0.0,0.0,-2.336666666666667,-1.8,4.0,4.0,0.8866666666666666,0.5333333333333333,0.23,0.22,6445.333333333333,6373.0
9085.0,2.6333333333335247,214.0,210.0,100.0,100.0,0.0,0.0,-1.9966666666666668,-1.8,4.0,4.0,0.88,0.8,0.22,0.26,6445.666666666667,6341.0
9090.0,2.6333333333334394,214.0,210.0,100.0,100.0,0.0,0.0,-1.86,-1.8,4.0,4.0,0.81,0.8066666666666666,0.21,0.23,6479.0,6343.666666666667
9095.0,2.6333333333335815,215.0,211.0,100.0,100.0,0.0,0.0,-1.86,-1.8,4.0,4.0,0.7833333333333333,0.7233333333333333,0.20333333333333334,0.22,6485.666666666667,6368.333333333333
9100.0,2.6333333333335247,215.33333333333334,211.0,100.0,100.0,0.0,0.0,-1.8633333333333335,-1.8,4.0,4.0,0.8033333333333333,0.71,0.20333333333333334,0.23,6506.0,6387.0
9105.0,2.650000000000091,216.0,212.0,100.0,100.0,0.0,0.0,-1.99,-1.8,4.0,4.0,0.81,0.73,0.19,0.21,6510.0,6419.0
9110.0,2.650000000000233,217.0,213.0,100.0,100.0,0.0,0.0,-2.28,-1.9166666666666667,4.0,4.0,0.8066666666666666,0.7733333333333333,0.20333333333333334,0.23,6537.333333333333,6413.666666666667
9115.0,2.650000000000176,217.0,213.33333333333334,100.0,100.0,0.0,0.0,-2.34,-2.38,4.0,4.0,0.8566666666666667,0.7733333333333333,0.21333333333333335,0.22,6546.333333333333,6445.0
9120.0,2.650000000000091,218.0,214.0,100.0,100.0,0.0,0.0,-2.34,-2.71,4.0,4.0,0.86,0.87,0.21,0.21,6574.0,6459.0
9125.0,2.650000000000233,218.66666666666666,214.66666666666666,100.0,100.0,0.0,0.0,-2.333333333333333,-2.9233333333333333,4.0,4.0,0.8333333333333333,0.9066666666666667,0.2,0.20666666666666667,6603.0,6481.666666666667
9130.0,2.650000000000176,219.0,215.0,100.0,100.0,0.0,0.0,-2.5500000000000003,-2.95,4.0,4.0,0.84,0.9433333333333334,0.18333333333333332,0.19333333333333333,6621.333333333333,6515.333333333333
9135.0,2.650000000000091,220.0,216.0,100.0,100.0,0.0,0.0,-2.73,-2.95,4.0,4.0,0.89,0.93,0.18,0.19,6632.0,6531.0
9140.0,2.650000000000233,220.0,216.0,100.0,100.0,0.0,0.0,-2.5733333333333333,-2.95,4.0,4.0,0.9233333333333333,1.0066666666666666,0.19,0.19,6642.0,6549.333333333333
9145.0,2.650000000000176,221.0,217.0,100.0,100.0,0.0,0.0,-2.486666666666667,-2.9433333333333334,4.0,4.0,1.03,1.07,0.2,0.20333333333333334,6660.0,6555.0
9150.0,2.650000000000091,221.0,217.0,100.0,100.0,0.0,0.0,-2.5,-2.82,4.0,4.0,1.01,1.04,0.2,0.17,6663.0,6580.0
9155.0,2.650000000000233,221.66666666666666,218.0,100.0,100.0,0.0,0.0,-2.5,-2.2,4.0,4.0,0.99,1.0233333333333334,0.19333333333333333,0.20666666666666667,6682.666666666667,6577.0
9160.0,2.6541666666668107,222.0,219.0,100.0,100.0,0.0,0.0,-2.7575000000000003,-1.95,4.0,4.0,0.7999999999999999,0.9966666666666667,0.155,0.2,6711.25,6601.0
9165.0,2.6666666666668277,222.66666666666666,219.0,100.0,100.0,0.0,0.0,-3.1566666666666667,-1.97,4.0,4.0,0.76,0.86,0.18333333333333335,0.22,6781.333333333333,6604.0
9170.0,2.6666666666668277,223.0,219.66666666666666,100.0,100.0,0.0,0.0,-3.4033333333333333,-2.4,4.0,4.0,0.88,0.7133333333333334,0.20666666666666667,0.21666666666666667,6783.666666666667,6696.333333333333
9175.0,2.6666666666667425,224.0,220.0,100.0,100.0,0.0,0.0,-3.27,-2.87,4.0,4.0,1.04,0.7866666666666667,0.21,0.22,6807.0,6684.666666666667
9180.0,2.6666666666668277,224.0,221.0,100.0,100.0,0.0,0.0,-2.8466666666666667,-2.93,4.0,4.0,1.1400000000000001,0.88,0.21666666666666667,0.19,6767.0,6717.0
9185.0,2.658333333333502,225.0,221.5,100.0,100.0,0.0,0.0,-2.82,-2.8499999999999996,4.0,4.0,1.0366666666666666,1.05,0.2,0.245,6798.333333333333,6689.5
9190.0,2.650000000000091,225.0,222.0,100.0,100.0,0.0,0.0,-2.91,-2.85,4.0,4.0,1.1,1.0,0.21,0.2,6802.0,6694.0
9195.0,2.6583333333335304,226.0,222.66666666666666,100.0,100.0,0.0,0.0,-2.975,-2.85,4.0,4.0,1.025,1.0033333333333334,0.22499999999999998,0.23333333333333334,6810.5,6731.0
9200.0,2.6666666666667425,226.0,223.0,100.0,100.0,0.0,0.0,-2.97,-2.8666666666666667,4.0,4.0,1.04,0.99,0.22,0.20333333333333334,6839.0,6733.666666666667
9205.0,2.6666666666668277,227.0,224.0,100.0,100.0,0.0,0.0,-2.97,-2.88,4.0,4.0,1.0666666666666667,0.95,0.21000000000000002,0.2,6834.666666666667,6765.0
9210.0,2.6666666666668846,227.33333333333334,224.0,100.0,100.0,0.0,0.0,-3.2466666666666666,-2.86,4.0,4.0,1.0366666666666666,1.04,0.22666666666666668,0.20333333333333334,6864.0,6761.666666666667
9215.0,2.6666666666667425,228.0,225.0,100.0,100.0,0.0,0.0,-3.83,-2.973333333333333,4.0,4.0,1.08,1.0233333333333334,0.23,0.20333333333333334,6893.0,6786.0
9220.0,2.6708333333335474,228.33333333333334,225.0,100.0,100.0,0.0,0.0,-4.1,-3.4050000000000002,4.0,4.0,1.1766666666666665,1.0025,0.22,0.18,6905.0,6807.25
9225.0,2.66666666666697,229.0,226.0,100.0,100.0,0.0,0.0,-4.12,-3.816666666666667,4.0,4.0,1.21,1.0433333333333334,0.2,0.20666666666666667,6929.0,6830.333333333333
9230.0,2.6666666666668277,229.66666666666666,226.0,100.0,100.0,0.0,0.0,-4.343333333333334,-4.3,4.0,4.0,1.1866666666666665,1.13,0.2,0.25,6939.666666666667,6838.0
9235.0,2.6833333333336213,230.0,227.0,100.0,100.0,0.0,0.0,-5.05,-4.33,4.0,4.0,1.34,1.0966666666666667,0.22,0.22666666666666668,6980.0,6864.0
9240.0,2.679166666666873,230.0,227.25,100.0,100.0,0.0,0.0,-5.29,-4.33,4.0,4.0,1.6533333333333333,1.19,0.22333333333333333,0.2025,6943.333333333333,6901.5
9245.0,2.6666666666667993,231.0,228.0,100.0,100.0,0.0,0.0,-5.236666666666666,-4.33,4.0,4.0,1.7166666666666668,1.5566666666666666,0.22333333333333333,0.24666666666666667,6953.0,6883.333333333333
9250.0,2.66666666666697,231.0,228.33333333333334,100.0,100.0,0.0,0.0,-4.8,-4.33,4.0,4.0,1.6,1.62,0.17,0.20333333333333334,6979.0,6885.333333333333
9255.0,2.6833333333334792,231.33333333333334,229.0,100.0,100.0,0.0,0.0,-4.69,-4.33,4.0,4.0,1.8566666666666667,1.53,0.20666666666666667,0.21,6979.333333333333,6894.0
9260.0,2.675000000000182,232.0,229.0,100.0,100.0,0.0,0.0,-4.69,-4.335,4.0,4.0,1.76,1.625,0.16,0.21,6990.0,6910.0
9265.0,2.675000000000182,232.0,230.0,100.0,100.0,0.0,0.0,-4.69,-4.38,4.0,4.0,1.7149999999999999,1.52,0.185,0.2,7014.0,6925.0
9270.0,2.683333333333394,233.0,230.0,100.0,100.0,0.0,0.0,-4.69,-4.38,4.0,4.0,1.81,1.5066666666666666,0.18,0.18666666666666668,7000.0,6944.333333333333
9275.0,2.6833333333335645,233.0,230.33333333333334,100.0,100.0,0.0,0.0,-4.69,-4.38,4.0,4.0,1.6966666666666665,1.7533333333333334,0.18666666666666668,0.21,7021.333333333333,6950.333333333333
9280.0,2.675000000000125,233.0,231.0,100.0,100.0,0.0,0.0,-4.680000000000001,-4.38,4.0,4.0,1.7525,1.7075,0.17,0.1825,7019.75,6952.5
9285.0,2.6833333333334792,233.66666666666666,231.33333333333334,100.0,100.0,0.0,0.0,-4.476666666666667,-4.38,4.0,4.0,1.7166666666666666,1.6833333333333333,0.17,0.17666666666666667,7029.0,6971.0
9290.0,2.683333333333536,234.0,232.0,100.0,100.0,0.0,0.0,-4.073333333333333,-4.38,4.0,4.0,1.56,1.68,0.17,0.18,7049.666666666667,6979.0
9295.0,2.6875000000001137,234.0,232.0,100.0,100.0,0.0,0.0,-3.905,-4.32,4.0,4.0,1.5150000000000001,1.535,0.1625,0.185,7067.75,6991.0
9300.0,2.683333333333536,235.0,232.0,66.66666666666667,100.0,0.0,0.0,-3.9,-4.22,4.0,4.0,1.5666666666666667,1.4,0.07333333333333333,0.16,7046.666666666667,7031.0
9305.0,2.6833333333336213,234.0,233.0,0.0,100.0,0.0,0.0,-3.9,-4.22,0.0,4.0,1.46,1.66,-0.26,0.20333333333333334,6697.0,7019.666666666667
9310.0,2.683333333333536,234.33333333333334,233.0,100.0,100.0,0.0,0.0,-3.84,-4.22,5.0,4.0,1.5266666666666666,1.64,0.21000000000000002,0.19,6079.333333333333,7021.0
9315.0,2.6833333333336213,235.0,233.66666666666666,100.0,100.0,0.0,0.0,-3.44,-4.096666666666667,5.0,4.0,1.43,1.5166666666666666,0.16,0.17333333333333334,5993.0,7051.0
9320.0,2.6875000000001705,235.0,234.0,100.0,100.0,0.0,0.0,-2.7199999999999998,-3.895,5.0,4.0,1.275,1.565,0.15000000000000002,0.18,6018.5,7040.0
9325.0,2.683333333333536,235.0,234.0,100.0,100.0,0.0,0.0,-2.51,-3.663333333333333,5.0,4.0,1.27,1.4000000000000001,0.18,0.15,6036.0,7060.333333333333
9330.0,2.683333333333536,236.0,234.0,100.0,33.33333333333333,0.0,0.0,-2.5166666666666666,-3.61,5.0,0.0,1.2166666666666666,1.4566666666666666,0.16333333333333333,-0.16999999999999998,6023.666666666667,6742.666666666667
9335.0,2.7000000000000455,236.0,234.0,100.0,100.0,0.0,0.0,-2.52,-3.6,5.0,5.0,1.17,1.37,0.15,0.33,6028.0,5928.0
9340.0,2.6833333333335645,236.0,234.0,100.0,100.0,0.0,0.0,-2.52,-3.45,5.0,5.0,1.1266666666666667,1.48,0.14666666666666667,0.15666666666666668,6043.333333333333,6005.333333333333
9345.0,2.6875000000001137,237.0,235.0,100.0,100.0,0.0,0.0,-2.52,-3.0,5.0,5.0,1.27,1.36,0.1475,0.13,6040.75,6001.0
9350.0,2.691666666666805,237.0,235.0,100.0,100.0,0.0,0.0,-2.513333333333333,-2.785,5.0,5.0,1.1866666666666665,1.41,0.13333333333333333,0.155,6048.0,6012.0
9355.0,2.6875000000002274,237.25,235.0,100.0,100.0,0.0,0.0,-2.2825,-2.77,5.0,5.0,1.03,1.38,0.13,0.13,6074.0,6002.0
9360.0,2.7000000000001307,238.0,235.66666666666666,100.0,100.0,0.0,0.0,-1.8933333333333333,-2.77,5.0,5.0,0.96,1.1933333333333334,0.14333333333333334,0.15,6088.333333333333,6026.666666666667
9365.0,2.683333333333536,238.0,236.0,100.0,100.0,0.0,0.0,-1.74,-2.77,5.0,5.0,0.8733333333333333,1.07,0.1366666666666667,0.14,6105.0,6050.0
9370.0,2.695833333333553,238.0,236.0,100.0,100.0,0.0,0.0,-1.74,-2.6366666666666667,5.0,5.0,0.86,1.0833333333333335,0.1375,0.14666666666666667,6106.5,6057.666666666667
9375.0,2.683333333333536,239.0,237.0,100.0,100.0,0.0,0.0,-1.72,-2.39,5.0,5.0,0.8066666666666668,1.11,0.14666666666666667,0.15,6110.666666666667,6067.0
9380.0,2.695833333333553,239.0,237.0,100.0,100.0,0.0,0.0,-1.5375,-2.1133333333333333,5.0,5.0,0.7925,1.0433333333333334,0.1475,0.14666666666666667,6121.75,6063.0
9385.0,2.695833333333468,239.33333333333334,237.0,100.0,100.0,0.0,0.0,-1.2133333333333334,-1.78,5.0,5.0,0.76,0.865,0.14,0.1325,6119.0,6086.0
9390.0,2.6958333333335815,240.0,237.66666666666666,100.0,100.0,0.0,0.0,-1.25,-1.78,5.0,5.0,0.7275,0.9199999999999999,0.14,0.16,6128.75,6087.666666666667
9395.0,2.695833333333468,240.0,238.0,100.0,100.0,0.0,0.0,-1.4266666666666667,-1.78,5.0,5.0,0.7033333333333333,0.92,0.14,0.1525,6132.0,6084.75
9400.0,2.6958333333334394,240.75,238.66666666666666,100.0,100.0,0.0,0.0,-1.8599999999999999,-1.78,5.0,5.0,0.7475,0.8866666666666667,0.14,0.12333333333333334,6142.75,6091.0
9405.0,2.700000000000273,241.0,239.0,100.0,100.0,0.0,0.0,-2.0533333333333332,-1.78,5.0,5.0,0.8,0.8933333333333333,0.13333333333333333,0.14666666666666667,6147.0,6102.333333333333
9410.0,2.7000000000001023,241.0,239.0,100.0,100.0,0.0,0.0,-2.06,-1.75,5.0,5.0,0.8225,0.8725,0.16499999999999998,0.14,6164.5,6103.75
9415.0,2.7000000000001876,242.0,239.33333333333334,100.0,100.0,0.0,0.0,-2.4266666666666667,-1.65,5.0,5.0,0.9333333333333333,0.8133333333333334,0.13333333333333333,0.14666666666666667,6171.333333333333,6117.0
9420.0,2.700000000000216,242.0,240.0,100.0,100.0,0.0,0.0,-2.7575000000000003,-1.5775000000000001,5.0,5.0,0.9924999999999999,0.7925,0.1325,0.1475,6172.0,6130.5
9425.0,2.7000000000001876,242.0,240.0,100.0,100.0,0.0,0.0,-2.7733333333333334,-1.3566666666666667,5.0,5.0,1.0833333333333333,0.8166666666666667,0.10666666666666666,0.14,6194.0,6131.333333333333
9430.0,2.700000000000216,242.75,240.75,100.0,100.0,0.0,0.0,-2.4375,-1.09,5.0,5.0,1.2375,0.715,0.11750000000000001,0.125,6180.0,6151.75
9435.0,2.7000000000001307,243.0,241.0,100.0,100.0,0.0,0.0,-1.9766666666666666,-1.03,5.0,5.0,1.1333333333333333,0.74,0.1,0.13,6189.0,6152.0
9440.0,2.700000000000273,243.0,241.0,100.0,100.0,0.0,0.0,-1.8075,-1.0525,5.0,5.0,0.9775,0.73,0.1,0.115,6215.25,6142.25
9445.0,2.7000000000001307,243.0,241.33333333333334,100.0,100.0,0.0,0.0,-1.8366666666666667,-1.29,5.0,5.0,0.8466666666666667,0.63,0.1366666666666667,0.12000000000000001,6232.333333333333,6168.333333333333
9450.0,2.7000000000001023,243.0,242.0,100.0,100.0,0.0,0.0,-2.1824999999999997,-1.5625,5.0,5.0,0.4875,0.6025,0.05499999999999999,0.1075,6304.5,6183.75
9455.0,2.704166666666964,243.25,242.0,100.0,100.0,0.0,0.0,-2.7600000000000002,-1.8333333333333333,5.0,5.0,0.4625,0.45666666666666667,0.115,0.07,6456.75,6223.0
9460.0,2.7041666666667936,244.0,242.0,100.0,100.0,0.0,0.0,-2.586666666666667,-2.095,5.0,5.0,1.0266666666666666,0.3125,0.21000000000000002,-0.04500000000000001,6299.666666666667,6524.25
9465.0,2.704166666666879,244.0,242.33333333333334,100.0,100.0,0.0,0.0,-1.7125,-2.1,5.0,5.0,1.0999999999999999,0.72,0.1325,0.24666666666666667,6244.25,6345.333333333333
9470.0,2.7041666666668505,244.66666666666666,243.0,100.0,100.0,0.0,0.0,-1.3133333333333332,-1.6775,5.0,5.0,0.9366666666666666,0.98,0.13,0.14750000000000002,6263.0,6239.5
9475.0,2.700000000000216,245.0,243.0,100.0,100.0,0.0,0.0,-1.26,-1.2275,5.0,5.0,0.8674999999999999,0.9775,0.1475,0.1225,6271.75,6219.75
9480.0,2.7000000000001876,245.0,243.66666666666666,100.0,100.0,0.0,0.0,-1.1866666666666665,-1.16,5.0,5.0,0.8266666666666667,0.8633333333333333,0.14,0.1366666666666667,6260.666666666667,6229.333333333333
9485.0,2.712500000000034,246.0,244.0,100.0,100.0,0.0,0.0,-0.74,-1.1225,5.0,5.0,0.56,0.7925,0.12,0.14,6275.0,6240.0
9490.0,2.700000000000273,246.0,244.0,100.0,100.0,0.0,0.0,-0.5466666666666667,-0.7833333333333334,5.0,5.0,0.36666666666666664,0.67,0.10999999999999999,0.13333333333333333,6355.0,6238.333333333333
9495.0,2.712500000000034,246.0,245.0,100.0,100.0,0.0,0.0,-0.54,-0.27999999999999997,5.0,5.0,0.49,0.38,0.21,0.0925,6325.0,6281.5
9500.0,2.708333333333485,247.0,245.0,100.0,100.0,0.0,0.0,-0.43,-0.21333333333333332,5.0,5.0,0.405,0.36,0.135,0.16,6305.5,6302.666666666667
9505.0,2.700000000000273,247.0,245.0,100.0,100.0,0.0,0.0,0.05,-0.21,5.0,5.0,0.26,0.35,0.14,0.16,6348.0,6270.0
9510.0,2.716666666666839,247.33333333333334,246.0,100.0,100.0,0.0,0.0,0.47333333333333333,-0.21,5.0,5.0,0.15666666666666668,0.22333333333333333,0.15,0.14666666666666667,6353.666666666667,6307.0
9515.0,2.700000000000273,248.0,246.0,100.0,100.0,0.0,0.0,0.62,-0.18,5.0,5.0,0.04,0.14,0.18,0.13,6475.0,6304.0
9520.0,2.7083333333334565,248.0,246.0,100.0,100.0,0.0,0.0,0.61,-0.27,5.0,5.0,-0.03,0.075,0.22,0.05500000000000001,6359.666666666667,6449.0
9525.0,2.7125000000003183,248.75,247.0,100.0,100.0,0.0,0.0,0.4275,-0.22,5.0,5.0,-0.1075,0.15,0.17250000000000001,0.32,6337.75,6406.0
9530.0,2.712500000000091,249.0,247.5,100.0,100.0,0.0,0.0,-0.045,-0.12,5.0,5.0,-0.0525,0.16,0.1325,0.165,6360.25,6312.0
9535.0,2.7166666666667822,249.66666666666666,248.0,100.0,100.0,0.0,0.0,-0.19333333333333333,-0.05,5.0,5.0,-0.01666666666666667,0.13,0.15333333333333335,0.16,6404.0,6327.0
9540.0,2.7166666666670096,250.0,248.0,100.0,100.0,0.0,0.0,-0.18,-0.06333333333333334,5.0,5.0,-0.01,0.11666666666666667,0.19,0.15,6388.0,6353.666666666667
9545.0,2.7041666666667936,250.66666666666666,248.75,100.0,100.0,0.0,0.0,-0.27666666666666667,-0.105,5.0,5.0,0.03333333333333333,0.125,0.16,0.195,6404.666666666667,6373.25
9550.0,2.7125000000002615,251.0,249.0,100.0,100.0,0.0,0.0,-0.69,-0.11,5.0,5.0,0.1,0.11249999999999999,0.18,0.165,6424.0,6356.5
9555.0,2.708333333333485,251.5,249.66666666666666,100.0,100.0,0.0,0.0,-1.0350000000000001,-0.22333333333333336,5.0,5.0,0.22500000000000003,0.09666666666666666,0.16999999999999998,0.15,6411.5,6389.333333333333
9560.0,2.7125000000002615,252.0,250.0,100.0,100.0,0.0,0.0,-1.06,-0.5025,5.0,5.0,0.31,0.14750000000000002,0.17,0.1825,6421.0,6390.75
9565.0,2.7166666666667822,252.0,250.0,100.0,100.0,0.0,0.0,-1.06,-0.5033333333333333,5.0,5.0,0.4033333333333333,0.19,0.16333333333333333,0.16,6433.333333333333,6386.0
9570.0,2.712500000000091,252.75,251.0,100.0,100.0,0.0,0.0,-1.0825,-0.49,5.0,5.0,0.4775,0.21,0.155,0.17,6436.0,6399.0
9575.0,2.7125000000003183,253.0,251.0,100.0,100.0,0.0,0.0,-1.2525,-0.5,5.0,5.0,0.52,0.25,0.14250000000000002,0.155,6453.25,6407.0
9580.0,2.7166666666667822,253.0,252.0,100.0,100.0,0.0,0.0,-1.5999999999999999,-0.5,5.0,5.0,0.6266666666666667,0.28,0.14333333333333334,0.14,6463.333333333333,6422.0
9585.0,2.7166666666669244,254.0,252.0,100.0,100.0,0.0,0.0,-1.87,-0.6166666666666667,5.0,5.0,0.71,0.3233333333333333,0.14,0.14333333333333334,6466.0,6430.333333333333
9590.0,2.712500000000148,254.0,252.0,100.0,100.0,0.0,0.0,-2.1,-0.995,5.0,5.0,0.8049999999999999,0.39999999999999997,0.135,0.135,6473.5,6436.0
9595.0,2.7125000000002615,254.0,253.0,100.0,100.0,0.0,0.0,-2.32,-1.645,5.0,5.0,0.92,0.5075,0.09,0.1375,6487.0,6447.0
9600.0,2.7166666666667822,255.0,253.0,100.0,100.0,0.0,0.0,-2.4,-2.12,5.0,5.0,0.9833333333333334,0.6799999999999999,0.08666666666666667,0.12333333333333334,6487.666666666667,6456.666666666667
9605.0,2.712500000000091,255.0,253.0,100.0,100.0,0.0,0.0,-2.4,-2.26,5.0,5.0,1.0675000000000001,0.86,0.095,0.14,6511.25,6458.0
9610.0,2.725000000000364,255.0,254.0,100.0,100.0,0.0,0.0,-2.4,-2.275,5.0,5.0,1.07,0.915,0.1,0.11499999999999999,6496.0,6482.5
9615.0,2.7250000000001364,255.0,254.0,100.0,100.0,0.0,0.0,-2.51,-2.29,5.0,5.0,0.8500000000000001,1.06,0.09,0.12,6549.0,6478.0
9620.0,2.7166666666669244,256.0,254.0,100.0,100.0,0.0,0.0,-3.08,-2.29,5.0,5.0,1.1,0.8966666666666667,0.17,0.11333333333333333,6553.0,6511.666666666667
9625.0,2.720833333333445,256.0,254.75,100.0,100.0,0.0,0.0,-3.5666666666666664,-2.4025,5.0,5.0,1.1866666666666665,0.835,0.13999999999999999,0.1275,6537.0,6560.75
9630.0,2.725000000000307,256.0,255.0,100.0,100.0,0.0,0.0,-4.1875,-3.1575,5.0,5.0,1.25,1.2075,0.10500000000000001,0.1175,6554.75,6514.75
9635.0,2.7208333333334167,256.0,255.0,100.0,100.0,0.0,0.0,-4.8725,-4.1866666666666665,5.0,5.0,1.4575,1.2066666666666666,0.11,0.11666666666666667,6552.5,6536.666666666667
9640.0,2.7166666666667822,256.0,255.0,100.0,100.0,0.0,0.0,-5.08,-4.69,5.0,5.0,1.7533333333333334,1.34,0.08,0.12,6544.0,6542.0
9645.0,2.725000000000364,257.0,255.5,100.0,100.0,0.0,0.0,-5.09,-5.01,5.0,5.0,1.98,1.605,0.1,0.09,6536.0,6532.0
9650.0,2.712500000000148,257.0,256.0,100.0,100.0,0.0,0.0,-5.035,-5.01,5.0,5.0,1.825,1.9375,0.085,0.0975,6549.0,6520.5
9655.0,2.7250000000001933,257.0,256.0,100.0,100.0,0.0,0.0,-4.949999999999999,-5.012499999999999,5.0,5.0,1.62,1.9874999999999998,0.04,0.1075,6572.25,6516.75
9660.0,2.7208333333334167,257.0,256.0,100.0,100.0,0.0,0.0,-4.92,-5.066666666666666,5.0,5.0,2.0549999999999997,1.7533333333333334,0.1075,0.10666666666666667,6566.25,6542.333333333333
9665.0,2.7166666666670096,257.0,256.0,100.0,100.0,0.0,0.0,-4.92,-5.16,5.0,5.0,2.1833333333333336,1.93,0.07666666666666667,0.11,6545.0,6567.0
9670.0,2.7250000000000227,257.0,256.0,100.0,100.0,0.0,0.0,-4.92,-5.16,5.0,5.0,1.61,2.175,0.07,0.1,6553.0,6531.5
9675.0,2.7250000000001364,257.0,256.0,98.0,100.0,0.0,0.0,-4.85,-5.16,5.0,5.0,1.26,1.99,0.07,0.08,6707.5,6531.0
9680.0,2.7166666666670096,257.0,256.0,100.0,98.66666666666667,0.0,0.0,-4.42,-5.16,5.0,5.0,2.64,1.2833333333333334,-0.09,0.04666666666666667,6552.0,6608.0
9685.0,2.7250000000001933,256.0,256.0,100.0,99.0,0.0,0.0,-3.805,-5.0775,5.0,5.0,1.9725,2.3025,0.065,0.1325,6517.5,6585.5
9690.0,2.716666666666839,256.0,256.0,100.0,100.0,0.0,0.0,-3.3699999999999997,-4.91,5.0,5.0,1.1933333333333334,2.72,0.030000000000000002,-0.74,6606.333333333333,6520.0
9695.0,2.7250000000000227,256.0,255.0,100.0,100.0,0.0,0.0,-3.0,-4.35,5.0,5.0,1.45,1.37,0.09,0.015,6591.0,6561.0
9700.0,2.725000000000364,256.0,255.0,100.0,100.0,0.0,0.0,-2.67,-4.07,5.0,5.0,1.595,1.37,0.11499999999999999,0.23,6550.0,6631.0
9705.0,2.716666666666697,257.0,255.0,100.0,100.0,0.0,0.0,-2.26,-3.87,5.0,5.0,1.39,1.7433333333333334,0.13,0.11333333333333333,6552.0,6546.333333333333
9710.0,2.720833333333502,257.0,255.0,100.0,100.0,0.0,0.0,-1.8766666666666667,-3.3925,5.0,5.0,1.23,1.7975,0.10333333333333333,0.1,6553.0,6531.25
9715.0,2.72500000000025,257.0,255.0,100.0,100.0,0.0,0.0,-1.7475,-3.0324999999999998,5.0,5.0,1.1575,1.68,0.105,0.11249999999999999,6556.75,6524.0
9720.0,2.733333333333576,257.0,255.66666666666666,100.0,100.0,0.0,0.0,-1.74,-2.8066666666666666,5.0,5.0,1.11,1.4066666666666667,0.11,0.08333333333333333,6551.0,6532.0
9725.0,2.7250000000001364,257.0,256.0,100.0,100.0,0.0,0.0,-1.685,-2.76,5.0,5.0,1.0350000000000001,1.4,0.08,0.12,6556.5,6537.0
9730.0,2.7250000000000227,257.0,256.0,100.0,100.0,0.0,0.0,-1.49,-2.46,5.0,5.0,0.75,1.365,0.09,0.07,6569.0,6531.0
9735.0,2.733333333333718,258.0,256.0,100.0,100.0,0.0,0.0,-1.3266666666666667,-1.86,5.0,5.0,0.64,1.16,0.06333333333333332,0.1,6654.666666666667,6522.0
9740.0,2.7250000000000796,258.0,256.0,100.0,100.0,0.0,0.0,-0.98,-1.3525,5.0,5.0,0.8725,0.8,0.11499999999999999,0.095,6593.25,6595.75
9745.0,2.7208333333335304,258.0,256.0,100.0,100.0,0.0,0.0,-0.185,-0.97,5.0,5.0,0.59,1.0899999999999999,0.07250000000000001,0.11666666666666667,6585.25,6588.666666666667
9750.0,2.7250000000001364,258.0,256.0,100.0,100.0,0.0,0.0,0.39,-0.6,5.0,5.0,0.445,1.07,0.09,0.08,6606.5,6531.0
9755.0,2.72500000000025,259.0,257.0,100.0,100.0,0.0,0.0,1.19,0.14500000000000002,5.0,5.0,0.22,0.615,0.11,0.08499999999999999,6611.0,6559.5
9760.0,2.7333333333334338,259.0,257.0,100.0,100.0,0.0,0.0,1.3033333333333335,0.88,5.0,5.0,-0.03666666666666667,0.38,0.09666666666666666,0.11,6597.666666666667,6576.0
9765.0,2.7291666666667425,259.0,257.0,100.0,100.0,0.0,0.0,0.905,1.3366666666666667,5.0,5.0,-0.2,0.1866666666666667,0.0975,0.11333333333333333,6621.5,6565.333333333333
9770.0,2.7375000000004093,259.0,257.0,100.0,100.0,0.0,0.0,0.69,1.8250000000000002,5.0,5.0,-0.36,-0.165,0.1,0.0925,6608.0,6575.25
9775.0,2.7250000000001364,259.5,258.0,100.0,100.0,0.0,0.0,0.8300000000000001,1.8,5.0,5.0,-0.42000000000000004,-0.43,0.08,0.09,6616.0,6588.0
9780.0,2.72500000000025,260.0,258.0,100.0,100.0,0.0,0.0,1.0,1.705,5.0,5.0,-0.53,-0.6599999999999999,0.13,0.105,6639.0,6576.0
9785.0,2.737500000000068,260.0,258.0,100.0,100.0,0.0,0.0,1.07,1.52,5.0,5.0,-0.505,-0.71,0.0675,0.05,6624.5,6585.0
9790.0,2.733333333333661,260.0,258.0,100.0,100.0,0.0,0.0,1.3566666666666667,1.13,5.0,5.0,-0.4966666666666667,-0.7733333333333333,0.06333333333333332,0.1,6688.666666666667,6594.0
9795.0,2.7375000000000114,260.0,258.75,100.0,100.0,0.0,0.0,1.41,0.9075,5.0,5.0,-0.7,-0.555,0.09,0.020000000000000004,6635.0,6638.5
9800.0,2.7250000000001364,260.5,259.0,100.0,100.0,0.0,0.0,1.35,0.9,5.0,5.0,-0.71,-0.61,0.09,0.1,6641.5,6659.0
9805.0,2.725000000000364,261.0,259.0,100.0,100.0,0.0,0.0,1.1,0.91,5.0,5.0,-0.74,-0.6699999999999999,0.09,0.08499999999999999,6651.0,6596.0
9810.0,2.737500000000182,261.0,259.0,100.0,100.0,0.0,0.0,1.0525,0.94,5.0,5.0,-0.735,-0.63,0.095,0.08,6644.25,6618.0
9815.0,2.7333333333334906,261.0,259.0,100.0,100.0,0.0,0.0,1.1133333333333333,1.0566666666666666,5.0,5.0,-0.6433333333333333,-0.65,0.06666666666666667,0.10333333333333333,6657.666666666667,6610.666666666667
9820.0,2.7375000000000114,261.0,259.75,100.0,100.0,0.0,0.0,1.15,1.1949999999999998,5.0,5.0,-0.64,-0.6425000000000001,0.07,0.0825,6680.0,6613.25
9825.0,2.733333333333718,261.3333333333333,260.0,100.0,100.0,0.0,0.0,1.15,1.32,5.0,5.0,-0.7566666666666667,-0.57,0.10333333333333333,0.07,6653.0,6628.0
9830.0,2.737500000000068,262.0,260.0,100.0,100.0,0.0,0.0,1.15,1.35,5.0,5.0,-0.6475,-0.71,0.0675,0.07500000000000001,6661.75,6647.0
9835.0,2.737500000000182,262.0,260.0,100.0,100.0,0.0,0.0,1.1675,1.35,5.0,5.0,-0.5475,-0.68,0.0575,0.06,6701.0,6622.0
9840.0,2.737500000000182,262.0,260.0,100.0,100.0,0.0,0.0,1.23,1.35,5.0,5.0,-0.635,-0.6375,0.075,0.057499999999999996,6697.5,6649.75
9845.0,2.733333333333576,262.0,260.0,100.0,100.0,0.0,0.0,1.21,1.35,5.0,5.0,-0.8,-0.69,0.07,0.08333333333333334,6672.0,6662.666666666667
9850.0,2.737500000000068,262.0,261.0,100.0,100.0,0.0,0.0,1.1675,1.35,5.0,5.0,-0.725,-0.82,0.07250000000000001,0.08,6669.25,6659.0
9855.0,2.7416666666667595,262.0,261.0,100.0,100.0,0.0,0.0,1.1666666666666665,1.25,5.0,5.0,-0.5433333333333333,-0.8300000000000001,0.043333333333333335,0.07500000000000001,6711.666666666667,6641.5
9860.0,2.7375000000004093,262.0,261.0,100.0,100.0,0.0,0.0,1.17,1.14,5.0,5.0,-0.63,-0.6425,0.1,0.042499999999999996,6726.0,6655.25
9865.0,2.737500000000125,263.0,261.0,100.0,100.0,0.0,0.0,1.16,1.13,5.0,5.0,-0.6799999999999999,-0.635,0.07500000000000001,0.09,6691.5,6685.25
9870.0,2.737500000000182,263.0,261.0,100.0,100.0,0.0,0.0,1.16,1.13,5.0,5.0,-0.6325000000000001,-0.715,0.05500000000000001,0.08,6703.75,6661.0
9875.0,2.737500000000068,263.0,261.0,100.0,100.0,0.0,0.0,1.1549999999999998,1.13,5.0,5.0,-0.6675,-0.63,0.0625,0.06,6700.75,6667.0
9880.0,2.7416666666670153,263.0,261.3333333333333,100.0,100.0,0.0,0.0,1.1,1.1199999999999999,5.0,5.0,-0.645,-0.6333333333333333,0.060000000000000005,0.06999999999999999,6700.0,6674.666666666667
9885.0,2.7375000000000114,263.0,262.0,100.0,100.0,0.0,0.0,0.94,1.0550000000000002,5.0,5.0,-0.49,-0.6924999999999999,0.05,0.0825,6723.0,6667.5
9890.0,2.737500000000182,263.0,262.0,100.0,100.0,0.0,0.0,0.8099999999999999,0.78,5.0,5.0,-0.4875,-0.53,0.0575,0.04,6743.25,6674.0
9895.0,2.74166666666693,263.0,262.0,100.0,100.0,0.0,0.0,0.61,0.595,5.0,5.0,-0.5466666666666667,-0.435,0.08333333333333334,0.055,6723.666666666667,6705.5
9900.0,2.7375000000002387,264.0,262.0,100.0,100.0,0.0,0.0,0.42,0.5375,5.0,5.0,-0.5,-0.44,0.07,0.06,6711.0,6700.0
9905.0,2.737500000000125,264.0,262.0,100.0,100.0,0.0,0.0,0.22000000000000003,0.3125,5.0,5.0,-0.395,-0.4425,0.06,0.07,6721.0,6689.5
9910.0,2.745833333333394,264.0,262.0,100.0,100.0,0.0,0.0,0.1525,-0.10333333333333332,5.0,5.0,-0.3025,-0.3133333333333333,0.0675,0.06333333333333334,6720.25,6684.0
9915.0,2.7375000000004093,264.0,263.0,100.0,100.0,0.0,0.0,0.15,-0.36,5.0,5.0,-0.2025,-0.19,0.04,0.06,6723.25,6697.0
9920.0,2.741666666666788,264.0,263.0,100.0,100.0,0.0,0.0,0.185,-0.33666666666666667,5.0,5.0,-0.125,-0.06333333333333332,0.04,0.06666666666666667,6751.0,6691.666666666667
9925.0,2.7375000000002387,264.0,263.0,100.0,100.0,0.0,0.0,0.15,0.009999999999999981,5.0,5.0,-0.11,-0.0025000000000000005,0.08,0.045,6776.0,6712.5
9930.0,2.737500000000068,264.25,263.0,100.0,100.0,0.0,0.0,0.01,0.24,5.0,5.0,-0.09,0.0,0.07250000000000001,0.05,6731.5,6734.0
9935.0,2.741666666666987,265.0,263.0,100.0,100.0,0.0,0.0,0.01,0.43999999999999995,5.0,5.0,-0.06333333333333334,-0.01,0.05,0.060000000000000005,6738.666666666667,6714.5
9940.0,2.75,265.0,263.0,100.0,100.0,0.0,0.0,0.01,0.47,5.0,5.0,-0.05,-0.09,0.04,0.05,6758.0,6701.0
9945.0,2.7458333333334792,265.0,263.0,100.0,100.0,0.0,0.0,0.16,0.4225,5.0,5.0,-0.05333333333333334,-0.10500000000000001,0.056666666666666664,0.0475,6755.333333333333,6715.5
9950.0,2.7458333333336498,265.0,263.6666666666667,100.0,100.0,0.0,0.0,0.2525,0.13666666666666666,5.0,5.0,-0.0675,-0.14666666666666667,0.0425,0.07333333333333333,6753.25,6735.0
9955.0,2.7500000000002274,265.0,264.0,100.0,100.0,0.0,0.0,0.25,-0.01,5.0,5.0,-0.07,-0.12,0.04,0.04,6760.0,6715.0
9960.0,2.741666666666788,265.0,264.0,100.0,100.0,0.0,0.0,0.2,-0.01,5.0,5.0,-0.085,-0.08,0.05,0.05,6773.0,6727.0
9965.0,2.750000000000057,265.0,264.0,100.0,100.0,0.0,0.0,-0.16500000000000006,0.004999999999999999,5.0,5.0,-0.07,-0.065,0.05500000000000001,0.065,6760.25,6747.5
9970.0,2.7375000000004093,265.25,264.0,100.0,100.0,0.0,0.0,-0.5925,0.09,5.0,5.0,0.0225,-0.05,0.03,0.05,6769.5,6728.0
9975.0,2.7500000000001137,266.0,264.0,100.0,100.0,0.0,0.0,-0.54,0.10500000000000001,5.0,5.0,0.075,-0.04,0.02,0.04,6791.0,6740.5
9980.0,2.7375000000002387,266.0,264.0,100.0,100.0,0.0,0.0,-0.18,0.185,5.0,5.0,0.08,-0.04,0.05,0.0425,6805.0,6753.75
9985.0,2.7500000000001137,266.0,264.0,100.0,100.0,0.0,0.0,0.4625,0.8400000000000001,5.0,5.0,0.037500000000000006,-0.11000000000000001,0.057499999999999996,0.0625,6778.5,6764.25
9990.0,2.750000000000341,266.0,264.5,100.0,100.0,0.0,0.0,0.53,1.0,5.0,5.0,-0.01,-0.175,0.05,0.060000000000000005,6777.0,6756.5
9995.0,2.75,266.0,265.0,100.0,100.0,0.0,0.0,0.51,0.91,5.0,5.0,-0.06,-0.27,0.03,0.04,6809.0,6757.0
10000.0,2.7500000000001705,266.0,265.0,100.0,100.0,0.0,0.0,0.45499999999999996,0.7125,5.0,5.0,-0.14250000000000002,-0.2525,0.07250000000000001,0.035,6795.5,6760.5
10005.0,2.750000000000284,266.0,265.0,100.0,100.0,0.0,0.0,0.3433333333333333,0.63,5.0,5.0,-0.17333333333333334,-0.3066666666666667,0.05,0.06,6783.666666666667,6770.333333333333
10010.0,2.7500000000002274,267.0,265.0,100.0,100.0,0.0,0.0,0.23,0.63,5.0,5.0,-0.15,-0.34,0.04,0.04,6799.0,6749.0
10015.0,2.7500000000000853,267.0,265.0,100.0,100.0,0.0,0.0,0.30333333333333334,0.6433333333333333,5.0,5.0,-0.19666666666666666,-0.33666666666666667,0.07,0.030000000000000002,6804.0,6756.666666666667
10020.0,2.750000000000057,267.0,265.0,100.0,100.0,0.0,0.0,0.35,0.67,5.0,5.0,-0.21,-0.3175,0.0475,0.0025000000000000005,6789.75,6780.75
10025.0,2.7500000000004547,267.0,265.0,100.0,100.0,0.0,0.0,0.35,0.67,5.0,5.0,-0.21,-0.35,0.04,0.05,6799.0,6758.0
10030.0,2.7500000000001137,267.0,265.0,100.0,100.0,0.0,0.0,0.415,0.67,5.0,5.0,-0.2,-0.345,0.04,0.03,6807.5,6772.5
10035.0,2.7500000000001705,267.0,265.75,100.0,100.0,0.0,0.0,0.69,0.7375,5.0,5.0,-0.245,-0.3625,0.0475,0.045,6819.25,6773.5
10040.0,2.7500000000001137,267.0,266.0,100.0,100.0,0.0,0.0,1.08,0.9075,5.0,5.0,-0.355,-0.3925,0.055,0.04,6808.25,6774.0
10045.0,2.750000000000341,267.0,266.0,100.0,100.0,0.0,0.0,1.2349999999999999,1.1800000000000002,5.0,5.0,-0.44,-0.475,0.035,0.045,6807.5,6775.5
10050.0,2.7625000000000455,267.0,266.0,100.0,100.0,0.0,0.0,1.24,1.25,5.0,5.0,-0.4575,-0.52,0.0225,0.05,6830.0,6765.0
10055.0,2.7500000000001705,268.0,266.0,100.0,100.0,0.0,0.0,1.2275,1.225,5.0,5.0,-0.5974999999999999,-0.4875,0.055,0.02,6823.75,6795.5
10060.0,2.7583333333335815,268.0,266.0,100.0,100.0,0.0,0.0,1.22,1.17,5.0,5.0,-0.62,-0.5666666666666667,0.035,0.04,6817.0,6808.666666666667
10065.0,2.7500000000002274,268.0,266.0,100.0,100.0,0.0,0.0,1.21,1.1,5.0,5.0,-0.63,-0.66,0.04,0.04,6823.0,6784.0
10070.0,2.7541666666667197,268.0,266.0,100.0,100.0,0.0,0.0,1.19,1.1,5.0,5.0,-0.6325000000000001,-0.66,0.0375,0.03333333333333333,6826.75,6783.0
10075.0,2.7625000000001023,268.0,266.0,100.0,100.0,0.0,0.0,1.1749999999999998,1.1,5.0,5.0,-0.6799999999999999,-0.6325000000000001,0.035,0.0325,6825.0,6788.75
10080.0,2.7500000000004547,268.0,266.0,100.0,100.0,0.0,0.0,1.07,1.1,5.0,5.0,-0.74,-0.59,0.03,0.02,6813.0,6790.0
10085.0,2.762500000000159,268.0,266.0,100.0,100.0,0.0,0.0,0.9275,1.08,5.0,5.0,-0.625,-0.66,0.0175,0.045,6818.25,6792.5
10090.0,2.754166666666805,268.0,266.75,100.0,100.0,0.0,0.0,0.86,1.02,5.0,5.0,-0.5533333333333333,-0.655,0.03,0.0325,6850.0,6780.25
10095.0,2.75,268.0,267.0,100.0,100.0,0.0,0.0,0.86,0.86,5.0,5.0,-0.64,-0.49,0.01,-0.01,6828.0,6802.0
10100.0,2.7583333333336952,268.0,267.0,100.0,100.0,0.0,0.0,0.86,0.86,5.0,5.0,-0.6,-0.55,0.0,0.03,6820.0,6810.5
10105.0,2.750000000000057,268.0,267.0,100.0,100.0,0.0,0.0,0.86,0.8525,5.0,5.0,-0.4875,-0.6,0.0,0.0275,6834.75,6786.5
10110.0,2.762500000000216,268.0,267.0,100.0,100.0,0.0,0.0,0.86,0.7975000000000001,5.0,5.0,-0.45,-0.5025,0.01,0.0,6851.0,6791.75
10115.0,2.7583333333335247,268.0,267.0,100.0,100.0,0.0,0.0,0.8433333333333333,0.71,5.0,5.0,-0.5633333333333334,-0.44499999999999995,0.02,0.01,6828.333333333333,6806.5
10120.0,2.762500000000273,268.0,267.0,100.0,100.0,0.0,0.0,0.8,0.62,5.0,5.0,-0.54,-0.46,0.015,0.04,6818.25,6816.0
10125.0,2.7624999999999886,268.0,267.0,100.0,100.0,0.0,0.0,0.74,0.5525,5.0,5.0,-0.39,-0.46249999999999997,-0.01,0.0175,6835.0,6788.25
10130.0,2.7583333333334394,268.0,267.0,100.0,100.0,0.0,0.0,0.735,0.45666666666666667,5.0,5.0,-0.395,-0.37666666666666665,0.02,0.01,6871.5,6788.333333333333
10135.0,2.7625000000003865,268.0,267.0,100.0,100.0,0.0,0.0,0.6775,0.44,5.0,5.0,-0.45999999999999996,-0.25,0.0175,-0.02,6838.25,6824.0
10140.0,2.762500000000216,268.0,267.0,100.0,100.0,0.0,0.0,0.63,0.45,5.0,5.0,-0.37,-0.28,-0.02,0.035,6839.0,6828.0
10145.0,2.7583333333334394,268.0,267.0,100.0,100.0,0.0,0.0,0.63,0.4966666666666667,5.0,5.0,-0.32,-0.27,-0.03,0.02,6867.0,6805.0
10150.0,2.7625000000000455,268.0,267.0,100.0,100.0,0.0,0.0,0.63,0.68,5.0,5.0,-0.33999999999999997,-0.24,0.0,-0.02,6848.5,6825.0
10155.0,2.754166666667061,268.0,267.0,100.0,100.0,0.0,0.0,0.6525,1.1033333333333333,5.0,5.0,-0.315,-0.30666666666666664,-0.005,0.02,6866.5,6832.666666666667
10160.0,2.7625000000001023,268.0,267.0,100.0,100.0,0.0,0.0,0.7849999999999999,1.3125,5.0,5.0,-0.315,-0.365,-0.005000000000000001,-0.015,6863.0,6837.0
10165.0,2.7500000000002274,268.0,267.0,100.0,100.0,0.0,0.0,1.16,1.32,5.0,5.0,-0.37,-0.41,0.01,0.0,6856.0,6829.0
10170.0,2.762500000000159,268.0,267.0,100.0,100.0,0.0,0.0,1.47,1.365,5.0,5.0,-0.46499999999999997,-0.485,0.0125,0.015,6852.5,6833.5
10175.0,2.7625000000003297,268.0,267.0,100.0,100.0,0.0,0.0,1.71,1.5724999999999998,5.0,5.0,-0.59,-0.605,0.025,0.01,6841.0,6828.25
10180.0,2.75,268.0,267.0,100.0,100.0,0.0,0.0,1.92,1.92,5.0,5.0,-0.61,-0.75,-0.02,0.02,6857.0,6816.0
10185.0,2.762500000000159,268.25,267.0,100.0,100.0,0.0,0.0,2.16,1.99,5.0,5.0,-0.6900000000000001,-0.735,0.0175,0.005,6864.25,6813.5
10190.0,2.7541666666669755,269.0,267.0,100.0,100.0,0.0,0.0,2.5933333333333333,2.0,5.0,5.0,-0.8366666666666667,-0.74,0.05666666666666667,0.015,6862.333333333333,6831.25
10195.0,2.762500000000216,269.0,267.0,100.0,100.0,0.0,0.0,2.84,2.13,5.0,5.0,-0.98,-0.83,0.03,0.0125,6872.0,6828.75
10200.0,2.7625000000000455,269.0,267.0,100.0,100.0,0.0,0.0,2.87,2.415,5.0,5.0,-1.07,-0.88,0.0075,0.030000000000000002,6851.25,6830.5
10205.0,2.7666666666667368,269.0,267.0,100.0,100.0,0.0,0.0,2.87,2.55,5.0,5.0,-1.1266666666666667,-1.03,0.023333333333333334,0.02,6854.333333333333,6819.0
10210.0,2.7625000000004434,268.0,267.0,100.0,100.0,0.0,0.0,2.88,2.495,5.0,5.0,-1.14,-1.0675000000000001,0.01,0.05,6865.0,6822.0
10215.0,2.7666666666667936,268.0,267.0,100.0,100.0,0.0,0.0,2.9,2.493333333333333,5.0,5.0,-1.2,-1.1033333333333335,0.013333333333333332,0.02,6854.333333333333,6826.0
10220.0,2.762500000000159,268.0,267.0,100.0,100.0,0.0,0.0,2.9475000000000002,2.5,5.0,5.0,-1.1824999999999999,-1.08,-0.0024999999999999988,0.01,6868.25,6830.0
10225.0,2.7625000000000455,268.0,267.0,100.0,100.0,0.0,0.0,2.95,2.465,5.0,5.0,-1.33,-1.125,0.04,0.0275,6850.0,6825.5
10230.0,2.766666666667021,268.0,267.0,100.0,100.0,0.0,0.0,2.9833333333333334,2.313333333333333,5.0,5.0,-1.2166666666666666,-1.1199999999999999,0.03333333333333333,0.04,6850.666666666667,6838.666666666667
10235.0,2.7625000000000455,268.0,267.0,100.0,100.0,0.0,0.0,3.2224999999999997,2.16,5.0,5.0,-1.4224999999999999,-1.08,0.0425,0.03,6850.5,6821.0
10240.0,2.766666666666879,268.0,267.0,100.0,100.0,0.0,0.0,3.46,1.89,5.0,5.0,-1.51,-1.1133333333333333,0.01,0.03333333333333333,6833.0,6836.333333333333
10245.0,2.762500000000273,268.0,267.0,100.0,100.0,0.0,0.0,3.7199999999999998,1.8475000000000001,5.0,5.0,-1.49,-1.2,0.015,0.04,6840.5,6812.75
10250.0,2.762500000000273,268.0,267.0,100.0,100.0,0.0,0.0,3.7475,1.86,5.0,5.0,-1.375,-1.13,0.03,0.05,6846.5,6809.0
10255.0,2.7749999999999773,268.0,267.0,100.0,100.0,0.0,0.0,3.74,2.2199999999999998,5.0,5.0,-1.36,-1.025,0.0,0.035,6862.0,6822.0
10260.0,2.7625000000001023,268.0,267.0,100.0,100.0,0.0,0.0,3.74,2.625,5.0,5.0,-1.4849999999999999,-0.955,0.02,0.03,6856.0,6829.5
10265.0,2.775000000000375,268.0,267.0,100.0,100.0,0.0,0.0,3.7475,3.5775,5.0,5.0,-1.42,-1.2325,0.005000000000000001,0.0325,6846.5,6842.0
10270.0,2.762500000000159,268.0,267.0,100.0,100.0,0.0,0.0,3.7475,3.91,5.0,5.0,-1.4775,-1.295,0.03,0.04,6858.25,6823.0
10275.0,2.7625000000001023,268.0,267.0,100.0,100.0,0.0,0.0,3.74,4.01,5.0,5.0,-1.7349999999999999,-1.2225,0.045,-0.012500000000000004,6831.5,6859.5
10280.0,2.775000000000091,268.0,267.0,100.0,100.0,0.0,0.0,3.74,4.0125,5.0,5.0,-1.565,-1.5175,0.0225,0.0475,6828.0,6852.5
10285.0,2.7625000000003865,268.0,267.0,100.0,100.0,0.0,0.0,3.74,3.92,5.0,5.0,-1.48,-1.85,-0.0025000000000000005,0.019999999999999997,6856.25,6813.0
10290.0,2.775000000000091,268.0,267.0,100.0,100.0,0.0,0.0,3.74,3.88,5.0,5.0,-1.7799999999999998,-1.46,0.03,0.0,6834.5,6829.0
10295.0,2.762500000000216,268.0,267.0,100.0,100.0,0.0,0.0,3.74,3.9175,5.0,5.0,-1.82,-1.5775,0.0,0.03,6813.0,6850.75
10300.0,2.7708333333335133,268.0,267.0,100.0,100.0,0.0,0.0,3.74,3.9766666666666666,5.0,5.0,-1.435,-2.08,0.0075,-0.016666666666666663,6830.5,6811.666666666667
10305.0,2.766666666666964,267.3333333333333,267.0,100.0,100.0,0.0,0.0,3.7533333333333334,3.98,5.0,5.0,-1.1166666666666667,-1.8,0.013333333333333332,0.04,6871.666666666667,6804.0
10310.0,2.7624999999999886,267.0,267.0,100.0,100.0,0.0,0.0,3.76,3.98,5.0,5.0,-0.98,-1.15,0.03,0.005,6870.0,6839.0
10315.0,2.770833333333485,267.0,267.0,100.0,100.0,0.0,0.0,3.6574999999999998,3.993333333333333,5.0,5.0,-1.3575,-0.84,0.0275,0.03666666666666666,6888.0,6889.0
10320.0,2.766666666667021,267.6666666666667,267.0,100.0,100.0,0.0,0.0,3.3000000000000003,4.03,5.0,5.0,-1.4233333333333333,-0.84,0.030000000000000002,0.0,6822.666666666667,6859.0
10325.0,2.766666666666879,267.0,267.0,100.0,100.0,0.0,0.0,2.9,3.7466666666666666,5.0,5.0,-1.25,-1.3933333333333333,0.01,0.08333333333333334,6820.0,6816.0
10330.0,2.7708333333333997,267.0,267.0,100.0,100.0,0.0,0.0,2.36,2.8600000000000003,5.0,5.0,-1.5266666666666666,-1.1925,-0.019999999999999997,0.0225,6813.333333333333,6801.25
10335.0,2.7625000000000455,267.0,267.0,100.0,100.0,0.0,0.0,2.0575,2.52,5.0,5.0,-1.49,-1.19,-0.21500000000000002,0.03,6790.25,6814.0
10340.0,2.775000000000432,267.0,267.0,100.0,100.0,0.0,0.0,1.77,2.09,5.0,5.0,-1.03,-1.425,0.0,-0.09000000000000001,6812.0,6779.5
10345.0,2.7625000000001023,267.0,266.25,100.0,100.0,0.0,0.0,1.22,1.94,5.0,5.0,-0.95,-1.105,0.03,-0.07249999999999998,6808.5,6783.5
10350.0,2.775000000000148,267.0,266.0,100.0,100.0,0.0,0.0,0.8125,1.7850000000000001,5.0,5.0,-0.6575,-1.0,0.005000000000000001,0.0325,6819.75,6805.5
10355.0,2.775000000000091,267.0,266.0,100.0,100.0,0.0,0.0,0.65,1.56,5.0,5.0,-0.37,-0.915,-0.05,0.025,6875.0,6797.5
10360.0,2.7750000000003183,267.0,266.0,100.0,100.0,0.0,0.0,0.32499999999999996,1.13,5.0,5.0,-0.44000000000000006,-0.44,0.06500000000000002,-0.02,6896.5,6856.0
10365.0,2.775000000000034,267.0,266.0,100.0,100.0,0.0,0.0,-0.42249999999999993,1.0375,5.0,5.0,-0.43000000000000005,-0.3325,0.065,0.04,6807.5,7003.25
10370.0,2.762500000000159,267.0,266.5,100.0,100.0,0.0,0.0,-1.5299999999999998,0.79,5.0,5.0,-0.115,-0.745,0.02,0.085,6813.5,6907.0
10375.0,2.7750000000003183,267.0,267.0,100.0,100.0,0.0,0.0,-1.9,-0.1,5.0,5.0,0.19,-0.65,0.03,0.05,6822.5,6796.0
10380.0,2.762500000000216,268.0,267.0,100.0,100.0,0.0,0.0,-1.81,-0.9325000000000001,5.0,5.0,0.46,-0.325,0.03,0.0225,6824.0,6813.75
10385.0,2.7708333333333712,268.0,267.0,100.0,100.0,0.0,0.0,-1.8225,-1.3666666666666667,5.0,5.0,0.5975,-0.11666666666666667,0.0375,0.049999999999999996,6831.75,6805.333333333333
10390.0,2.775000000000091,268.0,267.0,100.0,100.0,0.0,0.0,-1.83,-1.3,5.0,5.0,0.8200000000000001,0.15,0.045,0.04,6826.0,6813.0
10395.0,2.7666666666671063,268.0,267.0,100.0,100.0,0.0,0.0,-1.83,-1.23,5.0,5.0,0.92,0.35,0.03,0.039999999999999994,6818.0,6819.666666666667
10400.0,2.775000000000148,268.0,267.0,100.0,100.0,0.0,0.0,-1.7850000000000001,-1.4125,5.0,5.0,0.8775000000000001,0.5675,0.035,0.0375,6830.75,6807.0
10405.0,2.7666666666667936,268.0,267.0,100.0,100.0,0.0,0.0,-1.69,-1.57,5.0,5.0,0.7766666666666667,0.65,0.026666666666666665,0.05,6856.666666666667,6810.0
10410.0,2.775000000000091,268.0,267.0,100.0,100.0,0.0,0.0,-1.68,-1.95,5.0,5.0,0.89,0.645,0.04,0.015,6845.0,6836.5
10415.0,2.770833333333684,268.0,267.0,100.0,100.0,0.0,0.0,-1.6199999999999999,-2.02,5.0,5.0,0.93,0.7475,0.04666666666666667,0.045,6835.0,6846.75
10420.0,2.7625000000000455,268.0,268.0,100.0,100.0,0.0,0.0,-1.5875000000000001,-2.03,5.0,5.0,0.9675,0.95,0.045,0.05,6826.25,6833.0
10425.0,2.7750000000002046,268.0,268.0,100.0,100.0,0.0,0.0,-1.59,-2.03,5.0,5.0,0.98,1.0499999999999998,0.03,0.045,6822.0,6825.0
10430.0,2.77083333333357,268.0,268.0,100.0,100.0,0.0,0.0,-1.5933333333333335,-2.03,5.0,5.0,0.8466666666666667,1.1175000000000002,0.016666666666666666,0.0275,6832.0,6817.5
10435.0,2.7750000000002615,268.0,268.0,100.0,100.0,0.0,0.0,-1.585,-1.98,5.0,5.0,0.8075000000000001,1.0425,0.0325,0.04,6849.5,6823.5
10440.0,2.7749999999999773,268.0,268.0,100.0,100.0,0.0,0.0,-1.57,-1.665,5.0,5.0,0.87,0.875,0.03,0.025,6843.0,6849.5
10445.0,2.7625000000001023,268.0,268.0,100.0,100.0,0.0,0.0,-1.35,-1.4849999999999999,5.0,5.0,0.86,0.9775,0.035,0.0625,6835.5,6852.25
10450.0,2.775000000000375,268.0,268.0,100.0,100.0,0.0,0.0,-1.1175000000000002,-1.5125,5.0,5.0,0.81,1.0350000000000001,0.015000000000000001,0.0475,6837.0,6829.75
10455.0,2.7750000000002046,268.0,268.0,100.0,100.0,0.0,0.0,-1.06,-1.615,5.0,5.0,0.77,0.985,0.04,0.025,6830.0,6826.5
10460.0,2.775000000000091,268.0,268.0,100.0,96.0,0.0,0.0,-1.01,-1.71,5.0,5.0,0.66,0.97,0.03,0.04,6851.0,6821.0
10465.0,2.775000000000091,268.75,268.0,100.0,93.5,0.0,0.0,-0.6825,-1.635,5.0,5.0,0.63,0.89,0.0375,0.005,6843.25,6824.5
10470.0,2.7708333333337123,269.0,268.0,100.0,88.0,0.0,0.0,-0.2825,-1.3233333333333333,5.0,5.0,0.4875,0.86,0.035,0.006666666666666668,6853.5,6822.666666666667
10475.0,2.775000000000091,269.0,268.0,100.0,83.0,0.0,0.0,-0.2,-1.25,5.0,5.0,0.44,0.73,0.035,-0.04,6856.5,6820.0
10480.0,2.775000000000148,269.0,268.0,100.0,79.5,0.0,0.0,-0.2225,-1.3575,5.0,5.0,0.3925,0.7275,0.0425,-0.0225,6842.25,6831.75
10485.0,2.7708333333335133,269.0,268.0,100.0,72.33333333333333,0.0,0.0,-0.54,-1.8333333333333333,5.0,5.0,0.3125,0.8666666666666667,0.0375,-0.023333333333333334,6851.75,6809.666666666667
10490.0,2.7750000000003183,269.0,268.0,99.0,57.0,0.0,0.0,-1.025,-2.07,5.0,5.0,0.38,0.94,0.04,-0.07,6845.0,6788.0
10495.0,2.7666666666666515,269.0,267.0,74.0,19.0,0.0,0.0,-1.8,-2.0,5.0,5.0,0.51,0.9833333333333333,-0.03,-0.18,6817.0,6742.0
10500.0,2.775000000000148,268.75,266.25,17.5,0.25,2.75,27.0,-2.7575000000000003,-2.0675,5.0,5.0,0.5675,1.1025,-0.22999999999999998,-0.7,6787.75,6654.75
10505.0,2.7750000000003183,267.5,264.0,0.5,0.0,16.5,44.0,-2.995,-2.46,5.0,5.0,0.79,0.94,-0.505,-0.95,6714.0,6597.0
10510.0,2.7750000000002046,266.0,260.5,0.0,0.0,32.0,54.0,-2.97,-2.91,5.0,5.0,1.03,0.725,-0.79,-1.01,6637.0,6398.0
10515.0,2.775000000000034,263.75,258.25,0.0,0.0,41.25,54.0,-2.99,-2.91,5.0,5.0,1.1749999999999998,1.1324999999999998,-0.9475,-1.2775,6555.5,6401.25
10520.0,2.7791666666667822,261.6666666666667,253.75,0.0,0.0,42.0,55.5,-2.9966666666666666,-2.8925,5.0,5.0,1.38,1.275,-1.0033333333333334,-1.36,6514.333333333333,6262.25
10525.0,2.7833333333337578,259.0,251.0,0.0,0.0,41.0,52.666666666666664,-3.0,-2.52,5.0,5.0,1.51,1.4533333333333334,-1.05,-1.3566666666666667,6451.0,6213.333333333333
10530.0,2.7875000000000796,256.0,246.5,0.0,0.0,38.0,49.0,-3.0,-1.4725000000000001,5.0,5.0,1.5150000000000001,1.3824999999999998,-1.0550000000000002,-1.2375,6382.5,6126.5
10535.0,2.7833333333335304,253.0,243.0,0.0,0.0,38.0,48.333333333333336,-3.0,-1.0633333333333332,5.0,5.0,1.27,1.27,-0.91,-1.2566666666666666,6305.0,6046.0
10540.0,2.7958333333336043,250.66666666666666,240.5,57.333333333333336,56.0,36.666666666666664,47.25,-3.5766666666666667,-1.0875,0.0,0.0,0.71,1.065,-0.9033333333333333,-1.1475,7226.333333333333,6579.5
10545.0,2.795833333333576,248.5,237.66666666666666,8.5,5.666666666666668,34.5,45.0,-4.4875,-1.5866666666666667,0.0,0.0,0.985,0.9266666666666666,-0.8875,-1.2066666666666668,7241.0,6961.0
10550.0,2.795833333333377,244.66666666666666,233.75,0.0,0.0,34.0,43.0,-5.426666666666667,-2.5324999999999998,4.0,4.0,1.3099999999999998,0.8425,-0.9666666666666667,-1.11,7150.333333333333,6787.0
10555.0,2.7958333333334906,242.5,231.66666666666666,0.0,0.0,34.0,39.666666666666664,-5.692500000000001,-3.0833333333333335,4.0,4.0,1.205,0.9666666666666667,-1.0,-1.0666666666666667,7064.5,6765.0
10560.0,2.800000000000324,238.66666666666666,228.66666666666666,0.0,0.0,32.666666666666664,21.666666666666668,-5.93,-4.09,4.0,4.0,1.77,1.1933333333333334,-0.9666666666666667,-0.7833333333333333,6979.666666666667,6709.666666666667
10565.0,2.8125,237.25,227.0,0.0,0.0,30.5,0.0,-5.95,-4.31,4.0,4.0,1.6325,1.59,-0.9075,-0.38,6875.0,6694.0
10570.0,2.8166666666668903,234.33333333333334,226.0,0.0,0.0,24.0,0.0,-5.943333333333333,-4.21,4.0,4.0,1.9433333333333331,1.4300000000000002,-0.7966666666666666,-0.37333333333333335,6812.0,6670.0
10575.0,2.8000000000004093,231.0,225.0,0.0,19.0,25.0,0.0,-6.41,-4.21,4.0,4.0,2.12,1.29,-0.82,-0.26,6731.0,6683.0
10580.0,2.816666666666748,229.33333333333334,224.0,0.0,29.666666666666668,26.666666666666668,0.0,-7.279999999999999,-4.333333333333333,4.0,4.0,2.0766666666666667,1.5233333333333334,-0.8866666666666667,-0.20666666666666667,6639.666666666667,6664.333333333333
10585.0,2.8166666666669187,226.0,223.66666666666666,0.0,37.0,28.0,0.0,-8.09,-4.61,4.0,4.0,1.76,1.4433333333333334,-0.83,-0.17666666666666667,6496.0,6653.666666666667
10590.0,2.8166666666669755,222.66666666666666,223.0,0.0,34.0,14.666666666666668,0.0,-7.286666666666666,-4.89,4.0,4.0,2.1933333333333334,1.44,-0.74,-0.17,6464.333333333333,6624.0
10595.0,2.816666666666748,220.66666666666666,222.0,0.0,25.666666666666668,1.3333333333333335,0.0,-6.383333333333333,-5.333333333333334,4.0,4.0,2.43,1.4533333333333334,-0.43666666666666665,-0.19666666666666668,6464.666666666667,6613.0
10600.0,2.8166666666669187,219.0,221.0,0.0,17.666666666666668,0.0,0.0,-7.0,-6.323333333333333,4.0,4.0,1.98,1.8866666666666667,-0.36,-0.23666666666666666,6417.0,6566.0
10605.0,2.8166666666669755,217.33333333333334,220.0,0.0,15.0,0.0,0.0,-9.99,-7.18,4.0,4.0,2.08,1.93,-0.38333333333333336,-0.28,6383.0,6536.0
10610.0,2.816666666666748,216.0,219.33333333333334,30.333333333333332,12.0,0.0,0.0,-12.873333333333333,-7.933333333333334,4.0,4.0,2.7600000000000002,1.6633333333333333,-0.29000000000000004,-0.2966666666666667,6414.666666666667,6534.333333333333
10615.0,2.8166666666669187,215.0,218.0,78.0,11.333333333333334,0.0,0.0,-14.76,-8.950000000000001,4.0,4.0,2.61,1.0633333333333335,-0.18,-0.30333333333333334,6395.0,6537.0
10620.0,2.8166666666669755,214.0,217.0,82.33333333333333,13.0,0.0,0.0,-14.836666666666666,-9.05,4.0,4.0,2.256666666666667,1.91,-0.14666666666666667,-0.23,6431.333333333333,6543.0
10625.0,2.816666666666748,213.0,216.0,82.0,18.333333333333332,0.0,0.0,-14.016666666666666,-8.926666666666666,4.0,4.0,2.1933333333333334,2.4266666666666667,-0.08,-0.30666666666666664,6409.0,6401.666666666667
10630.0,2.8166666666669187,213.0,214.66666666666666,81.0,30.0,0.0,0.0,-12.6,-8.93,4.0,4.0,2.27,2.473333333333333,-0.07,-0.31666666666666665,6396.0,6376.666666666667
10635.0,2.8166666666669755,212.0,214.0,78.66666666666667,45.0,0.0,0.0,-11.236666666666666,-8.93,4.0,4.0,1.9333333333333333,1.49,-0.030000000000000002,-0.19,6400.0,6372.0
10640.0,2.816666666666748,212.0,213.0,78.0,66.0,0.0,0.0,-10.03,-8.95,4.0,4.0,1.83,1.98,-0.006666666666666668,-0.11000000000000001,6420.0,6390.0
10645.0,2.8166666666669187,211.0,212.0,78.0,79.66666666666667,0.0,0.0,-9.19,-8.95,4.0,4.0,1.79,1.8466666666666667,0.03,-0.060000000000000005,6435.0,6376.333333333333
10650.0,2.8000000000004093,211.0,212.0,82.0,82.0,0.0,0.0,-8.69,-9.09,4.0,4.0,1.93,1.56,0.13,-0.05,6397.0,6390.0
10655.0,2.80000000000004,211.0,211.33333333333334,85.66666666666667,84.33333333333333,0.0,0.0,-8.17,-10.123333333333333,4.0,4.0,1.8599999999999999,1.8633333333333333,0.12333333333333334,-0.003333333333333334,6417.333333333333,6373.0
10660.0,2.800000000000182,211.0,211.0,87.0,82.0,0.0,0.0,-8.01,-10.6,4.0,4.0,1.7833333333333334,1.8066666666666666,0.10666666666666666,-0.003333333333333334,6418.666666666667,6376.0
10665.0,2.8000000000004093,212.0,211.0,90.0,70.0,0.0,0.0,-7.89,-10.72,4.0,4.0,1.68,1.79,0.13,0.01,6406.0,6362.0
10670.0,2.8166666666666913,212.0,211.0,92.66666666666667,55.0,0.0,0.0,-7.253333333333333,-10.72,4.0,4.0,1.8599999999999999,1.79,0.15333333333333335,0.01,6426.333333333333,6358.0
10675.0,2.8166666666668903,212.0,210.33333333333334,98.0,53.333333333333336,0.0,0.0,-6.41,-10.72,4.0,4.0,1.7733333333333334,1.8833333333333333,0.15666666666666668,0.0,6420.0,6372.333333333333
10680.0,2.816666666667061,212.0,210.0,99.0,53.666666666666664,0.0,0.0,-5.52,-10.716666666666667,4.0,4.0,1.68,1.9733333333333334,0.18,-0.02,6457.0,6330.0
10685.0,2.8166666666666913,213.0,210.0,100.0,54.0,0.0,0.0,-4.6433333333333335,-10.66,4.0,4.0,1.54,1.88,0.16666666666666669,-0.01,6457.333333333333,6347.0
10690.0,2.800000000000182,213.0,209.33333333333334,100.0,62.0,0.0,0.0,-3.8,-10.203333333333333,4.0,4.0,1.55,1.8666666666666667,0.22333333333333333,0.03,6476.0,6337.666666666667
10695.0,2.800000000000324,213.33333333333334,209.0,100.0,72.33333333333333,0.0,0.0,-3.19,-9.453333333333333,4.0,4.0,1.4966666666666668,1.5433333333333332,0.19333333333333333,0.029999999999999992,6449.333333333333,6388.333333333333
10700.0,2.816666666666606,214.0,209.0,100.0,81.33333333333333,0.0,0.0,-2.62,-8.143333333333333,4.0,4.0,1.25,1.9200000000000002,0.19,0.12333333333333334,6470.0,6360.333333333333
10705.0,2.8166666666669187,214.66666666666666,209.0,100.0,91.0,0.0,0.0,-2.1833333333333336,-6.83,4.0,4.0,1.1566666666666665,1.96,0.21333333333333335,0.16,6483.666666666667,6347.0
10710.0,2.8166666666669755,215.0,209.0,100.0,93.66666666666667,0.0,0.0,-1.8633333333333333,-6.036666666666667,4.0,4.0,1.02,1.62,0.18000000000000002,0.15,6487.666666666667,6390.0
10715.0,2.816666666666606,215.0,210.0,100.0,97.66666666666667,0.0,0.0,-1.79,-5.536666666666667,4.0,4.0,0.91,1.7933333333333334,0.2,0.19333333333333333,6491.0,6382.0
10720.0,2.8166666666669187,216.0,210.0,100.0,100.0,0.0,0.0,-1.79,-5.3,4.0,4.0,0.6533333333333333,1.83,0.15666666666666668,0.19,6553.666666666667,6369.0
10725.0,2.8166666666669755,216.33333333333334,210.0,100.0,98.0,0.0,0.0,-1.79,-5.1033333333333335,4.0,4.0,0.6166666666666666,1.17,0.18,0.14,6606.0,6464.0
10730.0,2.824999999999932,217.0,211.0,100.0,100.0,0.0,0.0,-1.79,-4.585,4.0,4.0,0.83,1.135,0.19,0.2,6566.0,6479.0
10735.0,2.83333333333357,218.0,211.33333333333334,100.0,100.0,0.0,0.0,-1.79,-3.8233333333333333,4.0,4.0,0.6866666666666666,1.5633333333333332,0.18000000000000002,0.26,6580.666666666667,6461.666666666667
10740.0,2.833333333333627,218.0,212.0,100.0,100.0,0.0,0.0,-1.79,-2.69,4.0,4.0,0.6233333333333333,1.35,0.20666666666666667,0.2,6636.0,6408.0
10745.0,2.8333333333332575,219.0,212.0,100.0,100.0,0.0,0.0,-1.79,-1.96,4.0,4.0,0.75,0.9633333333333333,0.22,0.17333333333333334,6628.0,6544.0
10750.0,2.83333333333357,219.0,213.0,100.0,100.0,0.0,0.0,-1.7366666666666666,-1.2666666666666666,4.0,4.0,0.7666666666666667,1.1500000000000001,0.20666666666666667,0.28,6623.666666666667,6506.666666666667
10755.0,2.833333333333627,220.0,213.0,100.0,100.0,0.0,0.0,-1.56,-0.43,4.0,4.0,0.72,1.02,0.19,0.18,6636.0,6445.0
10760.0,2.8333333333332575,221.0,214.0,100.0,100.0,0.0,0.0,-1.34,0.026666666666666672,4.0,4.0,0.74,0.7833333333333333,0.23,0.21,6648.0,6459.666666666667
10765.0,2.8416666666669244,221.0,214.33333333333334,100.0,100.0,0.0,0.0,-1.3450000000000002,0.27,4.0,4.0,0.6699999999999999,0.49000000000000005,0.2,0.21333333333333335,6655.0,6476.666666666667
10770.0,2.850000000000364,222.0,215.0,100.0,100.0,0.0,0.0,-1.35,0.42,4.0,4.0,0.53,0.24,0.17,0.21,6689.0,6477.0
10775.0,2.8499999999999943,222.0,215.66666666666666,100.0,100.0,0.0,0.0,-1.3566666666666667,0.4666666666666667,4.0,4.0,0.6133333333333334,0.09333333333333334,0.19999999999999998,0.21,6699.666666666667,6501.666666666667
10780.0,2.8500000000002785,223.0,216.33333333333334,100.0,100.0,0.0,0.0,-1.36,0.29666666666666663,4.0,4.0,0.5766666666666667,-0.009999999999999998,0.17,0.21,6704.333333333333,6538.333333333333
10785.0,2.850000000000364,223.0,217.0,100.0,100.0,0.0,0.0,-1.38,-0.34,4.0,4.0,0.52,0.0,0.19,0.21,6744.0,6535.0
10790.0,2.8499999999999943,224.0,217.66666666666666,100.0,100.0,0.0,0.0,-1.6233333333333333,-0.57,4.0,4.0,0.64,0.04666666666666667,0.19333333333333333,0.19333333333333333,6741.333333333333,6568.0
10795.0,2.8500000000002785,224.33333333333334,218.33333333333334,100.0,100.0,0.0,0.0,-1.65,-0.6,4.0,4.0,0.62,0.10666666666666666,0.18333333333333335,0.20666666666666667,6757.666666666667,6584.333333333333
10800.0,2.8625000000002956,225.0,219.0,100.0,100.0,0.0,0.0,-1.65,-0.67,4.0,4.0,0.5650000000000001,0.17,0.1925,0.17,6795.25,6595.0
10805.0,2.8666666666667027,225.33333333333334,219.66666666666666,100.0,100.0,0.0,0.0,-1.6366666666666665,-0.71,4.0,4.0,0.7033333333333334,0.20333333333333334,0.20666666666666667,0.20333333333333334,6804.0,6620.666666666667
10810.0,2.8666666666670153,226.0,220.0,100.0,100.0,0.0,0.0,-1.58,-0.7233333333333333,4.0,4.0,0.73,0.24666666666666667,0.17,0.19333333333333333,6784.0,6653.333333333333
10815.0,2.86666666666693,226.0,221.0,100.0,100.0,0.0,0.0,-1.49,-0.71,4.0,4.0,0.67,0.31,0.18333333333333335,0.21,6820.666666666667,6632.0
10820.0,2.8666666666667027,227.0,221.0,100.0,100.0,0.0,0.0,-1.3833333333333333,-0.71,4.0,4.0,0.6166666666666667,0.2733333333333334,0.16333333333333333,0.18333333333333332,6835.0,6659.333333333333
10825.0,2.879166666666947,227.0,222.0,100.0,100.0,0.0,0.0,-1.2775,-0.7266666666666667,4.0,4.0,0.595,0.29000000000000004,0.1625,0.20333333333333334,6845.75,6689.666666666667
10830.0,2.8833333333335247,228.0,222.0,100.0,100.0,0.0,0.0,-1.07,-0.97,4.0,4.0,0.5933333333333334,0.32,0.18333333333333335,0.19,6860.0,6705.0
10835.0,2.8750000000001137,228.0,223.0,100.0,100.0,0.0,0.0,-0.89,-1.3599999999999999,4.0,4.0,0.46,0.41000000000000003,0.17,0.2,6877.0,6717.5
10840.0,2.86666666666693,229.0,223.0,100.0,100.0,0.0,0.0,-0.8533333333333333,-1.57,4.0,4.0,0.38,0.44,0.16666666666666666,0.17,6957.666666666667,6720.0
10845.0,2.8833333333334394,229.0,224.0,100.0,100.0,0.0,0.0,-0.85,-1.5633333333333335,4.0,4.0,0.47,0.44333333333333336,0.2,0.19,6939.0,6796.333333333333
10850.0,2.8833333333335247,230.0,224.33333333333334,100.0,100.0,0.0,0.0,-0.5066666666666667,-1.56,4.0,4.0,0.46,0.5033333333333333,0.18,0.20666666666666667,6909.666666666667,6800.333333333333
10855.0,2.8833333333335247,230.33333333333334,225.0,100.0,100.0,0.0,0.0,-0.09666666666666666,-1.4,4.0,4.0,0.3466666666666667,0.67,0.18666666666666668,0.2,6922.333333333333,6785.0
10860.0,2.8833333333334394,231.0,225.66666666666666,100.0,100.0,0.0,0.0,-0.1,-0.9166666666666667,4.0,4.0,0.26,0.6666666666666667,0.18,0.19333333333333333,6924.0,6785.0
10865.0,2.89583333333357,231.0,226.0,100.0,100.0,0.0,0.0,-0.20666666666666667,-0.6699999999999999,4.0,4.0,0.16666666666666669,0.5875,0.16,0.1875,6945.0,6789.25
10870.0,2.883333333333354,232.0,226.66666666666666,100.0,100.0,0.0,0.0,-0.89,-0.58,4.0,4.0,0.18,0.4633333333333333,0.16,0.18,6983.0,6803.0
10875.0,2.891666666666879,232.0,227.0,100.0,100.0,0.0,0.0,-1.4100000000000001,-0.58,4.0,4.0,0.315,0.3666666666666667,0.175,0.16666666666666666,6979.5,6834.333333333333
10880.0,2.9000000000003183,233.0,227.0,100.0,100.0,0.0,0.0,-1.54,-0.58,4.0,4.0,0.42,0.33,0.15,0.19,6982.0,6848.0
10885.0,2.8916666666667368,233.0,228.0,100.0,100.0,0.0,0.0,-1.54,-0.585,4.0,4.0,0.51,0.34,0.15333333333333332,0.18,6996.0,6847.0
10890.0,2.887500000000273,233.25,228.0,100.0,100.0,0.0,0.0,-1.54,-0.59,4.0,4.0,0.55,0.32,0.14,0.14,7020.5,6858.0
10895.0,2.900000000000233,234.0,229.0,100.0,100.0,0.0,0.0,-1.54,-0.63,4.0,4.0,0.5433333333333333,0.2733333333333334,0.12000000000000001,0.13666666666666666,7047.666666666667,6881.666666666667
10900.0,2.900000000000091,234.0,229.0,100.0,100.0,0.0,0.0,-1.5333333333333334,-0.9533333333333334,4.0,4.0,0.6433333333333333,0.29333333333333333,0.1366666666666667,0.14666666666666667,7059.333333333333,6905.0
10905.0,2.9000000000002615,234.75,229.75,100.0,100.0,0.0,0.0,-1.475,-1.2475,4.0,4.0,0.725,0.3675,0.16749999999999998,0.1625,7045.5,6923.5
10910.0,2.900000000000176,235.0,230.0,100.0,100.0,0.0,0.0,-1.19,-1.3166666666666667,4.0,4.0,0.6,0.4533333333333333,0.11333333333333333,0.15333333333333335,7065.666666666667,6917.0
10915.0,2.900000000000091,235.0,230.0,100.0,100.0,0.0,0.0,-0.87,-1.3,4.0,4.0,0.49,0.49,0.1,0.14,7099.0,6924.0
10920.0,2.9166666666668277,235.33333333333334,231.0,100.0,100.0,0.0,0.0,-0.5866666666666667,-0.8300000000000001,4.0,4.0,0.5166666666666667,0.4166666666666667,0.13,0.12333333333333334,7095.333333333333,6971.666666666667
10925.0,2.900000000000091,236.0,231.0,0.0,100.0,0.0,0.0,-0.25,-0.08,0.0,4.0,0.4,0.42,-0.15,0.16,6895.0,6973.0
10930.0,2.9083333333335304,235.0,231.66666666666666,50.0,100.0,0.0,0.0,-0.25,0.4533333333333333,0.0,4.0,0.315,0.29000000000000004,0.0,0.14,6303.5,6966.666666666667
10935.0,2.9166666666667425,236.0,232.0,100.0,100.0,0.0,0.0,-0.23,0.7233333333333334,5.0,4.0,0.23,0.09333333333333334,0.13,0.14333333333333334,6043.0,6991.333333333333
10940.0,2.904166666666839,236.0,232.0,100.0,100.0,0.0,0.0,-0.2,0.6174999999999999,5.0,4.0,0.12666666666666668,-0.0049999999999999975,0.08000000000000002,0.145,6081.0,7000.5
10945.0,2.91666666666697,236.0,233.0,100.0,100.0,0.0,0.0,0.02,0.4766666666666667,5.0,4.0,0.11,-0.03666666666666667,0.21,0.08333333333333334,6191.0,7035.0
10950.0,2.9166666666668277,237.0,233.0,100.0,100.0,0.0,0.0,0.11333333333333333,0.1,5.0,4.0,0.07333333333333333,-0.05,0.053333333333333344,0.22,6119.666666666667,7192.0
10955.0,2.91666666666697,237.0,233.0,99.0,100.0,0.0,0.0,0.38,-0.20666666666666667,5.0,4.0,0.02,0.006666666666666666,-0.05,-0.043333333333333335,6610.0,7105.666666666667
10960.0,2.9166666666668846,237.66666666666666,233.0,98.0,100.0,0.0,0.0,0.9899999999999999,-0.38,5.0,4.0,-0.039999999999999994,0.03,0.31666666666666665,-0.14,6212.333333333333,7418.0
10965.0,2.9208333333334906,238.0,233.0,100.0,100.0,0.0,0.0,2.15,-0.013333333333333336,5.0,4.0,-0.3325,0.11666666666666667,0.185,0.12666666666666665,6064.0,7108.333333333333
10970.0,2.9166666666668846,238.66666666666666,234.0,100.0,100.0,0.0,0.0,2.8566666666666665,0.67,5.0,4.0,-0.41333333333333333,0.12,0.033333333333333354,0.15,6152.333333333333,6993.0
10975.0,2.920833333333462,239.0,234.0,100.0,100.0,0.0,0.0,3.325,1.4866666666666668,5.0,4.0,-0.8275,-0.07999999999999999,0.2675,0.16,6153.75,7028.0
10980.0,2.929166666666873,239.0,234.25,100.0,100.0,0.0,0.0,3.49,1.665,5.0,4.0,-1.0233333333333334,-0.2475,0.15666666666666668,-0.017499999999999988,6119.333333333333,7155.0
10985.0,2.920833333333462,240.0,235.0,100.0,100.0,0.0,0.0,3.49,2.32,5.0,4.0,-1.1175000000000002,-0.5733333333333334,0.135,0.14,6151.5,7059.333333333333
10990.0,2.9333333333334792,240.0,235.0,100.0,93.33333333333333,0.0,0.0,3.49,3.556666666666667,5.0,4.0,-1.3499999999999999,-0.76,0.15,0.12666666666666668,6135.666666666667,7075.333333333333
10995.0,2.9250000000002387,240.0,235.0,100.0,74.5,0.0,0.0,3.495,5.0075,5.0,4.0,-1.1875,-1.13,0.1275,0.0675,6151.5,7062.5
11000.0,2.9333333333334792,240.66666666666666,235.0,99.33333333333333,41.333333333333336,0.0,0.0,3.65,5.816666666666666,5.0,4.0,-1.0733333333333335,-1.3633333333333333,0.13999999999999999,-0.02333333333333333,6183.333333333333,7027.666666666667
11005.0,2.9375000000002274,241.0,235.0,83.75,1.0,0.0,0.0,4.4,6.15,5.0,4.0,-1.4100000000000001,-1.27,0.14,-0.22,6165.5,6957.0
11010.0,2.933333333333536,241.0,233.66666666666666,47.333333333333336,0.0,0.0,0.0,5.6866666666666665,6.91,5.0,4.0,-1.4833333333333334,-1.4766666666666668,0.010000000000000002,-0.32666666666666666,6118.333333333333,6892.333333333333
11015.0,2.9375000000002274,240.75,233.0,12.0,0.0,0.0,0.0,7.2625,7.57,5.0,4.0,-1.0525,-1.94,-0.1575,-0.36,6067.5,6858.0
11020.0,2.941666666666862,240.0,231.5,0.0,0.0,0.0,0.0,9.003333333333334,7.925,5.0,4.0,-0.48,-1.3900000000000001,-0.27,-0.345,6001.666666666667,6823.0
11025.0,2.9333333333334792,238.66666666666666,231.0,0.0,0.0,0.0,0.0,11.3,8.64,5.0,4.0,-1.1,-0.66,-0.30666666666666664,-0.29,5961.333333333333,6775.0
11030.0,2.9458333333335815,238.0,229.33333333333334,0.0,0.0,0.0,0.0,11.790000000000001,9.593333333333334,5.0,4.0,-1.5325,-0.9233333333333333,-0.3275,-0.31,5967.75,6717.0
11035.0,2.9500000000001307,236.66666666666666,228.66666666666666,0.0,18.333333333333332,0.0,0.0,11.790000000000001,9.42,5.0,4.0,-2.006666666666667,-1.75,-0.3433333333333333,-0.2366666666666667,5939.666666666667,6799.333333333333
11040.0,2.9500000000001023,236.0,228.0,0.0,48.5,0.0,0.0,11.74,9.3675,5.0,4.0,-1.995,-1.2650000000000001,-0.335,-0.14250000000000002,5908.25,6861.25
11045.0,2.950000000000273,234.66666666666666,227.0,0.0,79.33333333333333,0.0,0.0,11.68,9.2,5.0,4.0,-1.5766666666666667,-1.3233333333333333,-0.30666666666666664,0.013333333333333336,5870.666666666667,6982.666666666667
11050.0,2.9500000000000455,234.0,227.0,0.0,79.0,0.0,0.0,11.62,9.3,5.0,4.0,-2.31,-0.51,-0.32,-0.13,5845.0,7298.0
11055.0,2.958333333333485,231.5,226.33333333333334,0.0,77.66666666666667,0.0,0.0,11.215,9.553333333333333,5.0,4.0,-2.8150000000000004,-1.0166666666666666,-0.365,-0.22333333333333333,5802.0,7295.666666666667
11060.0,2.9666666666670096,230.0,225.66666666666666,15.0,88.66666666666667,0.0,0.0,10.82,8.673333333333334,5.0,4.0,-2.97,-3.0166666666666666,-0.37,-0.03333333333333333,5806.0,6777.666666666667
11065.0,2.9541666666667936,229.33333333333334,225.0,57.33333333333333,94.75,0.0,0.0,10.336666666666668,8.067499999999999,5.0,4.0,-2.5866666666666664,-2.3525,-0.14333333333333337,0.11000000000000001,5809.666666666667,6735.0
11070.0,2.954166666666879,228.75,225.0,79.5,94.66666666666667,0.0,0.0,9.9175,7.41,5.0,4.0,-2.325,-2.1666666666666665,-0.052500000000000005,0.15333333333333335,5825.75,6773.333333333333
11075.0,2.966666666666839,228.0,225.0,84.0,100.0,0.0,0.0,9.496666666666666,6.38,5.0,4.0,-2.55,-1.96,0.0,0.15,5820.0,6794.0
11080.0,2.966666666666839,228.0,225.0,86.33333333333333,100.0,0.0,0.0,8.860000000000001,5.53,5.0,4.0,-2.3533333333333335,-2.06,-1.734723475976807e-18,0.17333333333333334,5802.333333333333,6803.333333333333
11085.0,2.9666666666669244,228.0,226.0,86.0,100.0,0.0,0.0,8.12,5.37,5.0,4.0,-1.85,-2.0933333333333333,0.05,0.16666666666666669,5827.0,6787.0
11090.0,2.9541666666668505,228.0,226.0,91.66666666666667,100.0,0.0,0.0,7.36,5.37,5.0,4.0,-2.0566666666666666,-1.825,0.1,0.13,5837.666666666667,6818.75
11095.0,2.9666666666669244,228.0,226.0,98.0,100.0,0.0,0.0,6.34,5.046666666666667,5.0,4.0,-1.92,-1.6466666666666667,0.15,0.12666666666666668,5833.0,6834.0
11100.0,2.966666666666839,228.0,226.0,100.0,100.0,0.0,0.0,4.903333333333333,4.26,5.0,4.0,-1.67,-1.8,0.13999999999999999,0.19,5856.333333333333,6835.0
11105.0,2.9666666666667822,228.0,227.0,100.0,100.0,0.0,0.0,3.31,3.1766666666666667,5.0,4.0,-1.3533333333333335,-1.4433333333333334,0.16,0.17333333333333334,5864.666666666667,6853.333333333333
11110.0,2.9666666666669244,228.0,227.0,100.0,100.0,0.0,0.0,1.74,2.8966666666666665,5.0,4.0,-1.16,-1.2833333333333332,0.15,0.15,5851.0,6869.0
11115.0,2.970833333333445,228.33333333333334,227.0,100.0,100.0,0.0,0.0,1.0,2.805,5.0,4.0,-1.1666666666666665,-1.0750000000000002,0.15666666666666668,0.165,5876.0,6899.5
11120.0,2.966666666666697,229.0,228.0,100.0,100.0,0.0,0.0,0.25,2.5833333333333335,5.0,4.0,-0.98,-1.0433333333333334,0.18,0.12666666666666668,5826.0,6882.0
11125.0,2.9666666666670096,229.66666666666666,228.0,100.0,100.0,0.0,0.0,0.13333333333333333,2.26,5.0,4.0,-0.4866666666666667,-1.23,0.13,0.16,5855.333333333333,6863.0
11130.0,2.9708333333334167,230.0,228.66666666666666,100.0,100.0,0.0,0.0,0.1825,1.9366666666666668,5.0,4.0,-0.305,-1.05,0.0875,0.14,5939.75,6859.333333333333
11135.0,2.9666666666667822,230.0,229.0,100.0,100.0,0.0,0.0,0.18333333333333332,1.8,5.0,4.0,-0.33666666666666667,-0.57,0.22666666666666668,0.08,5869.0,6910.0
11140.0,2.966666666666981,231.0,229.0,100.0,100.0,0.0,0.0,0.09333333333333334,1.5766666666666667,5.0,4.0,-0.19666666666666666,-1.0299999999999998,0.14666666666666667,0.11666666666666667,5890.0,6985.666666666667
11145.0,2.966666666666697,231.0,229.33333333333334,100.0,100.0,0.0,0.0,-0.1,1.23,5.0,4.0,-0.1,-1.0066666666666668,0.15,0.16333333333333333,5916.0,6878.0
11150.0,2.9833333333334906,232.0,230.0,100.0,100.0,0.0,0.0,-0.19,0.88,5.0,4.0,-0.053333333333333344,-0.71,0.13333333333333333,0.12,5930.666666666667,6937.0
11155.0,2.9666666666670096,232.0,230.33333333333334,100.0,100.0,0.0,0.0,-0.38,0.69,5.0,4.0,0.02,-0.5466666666666666,0.17,0.16,5941.0,6957.0
11160.0,2.9666666666667822,232.66666666666666,231.0,100.0,100.0,0.0,0.0,-0.41,0.38,5.0,4.0,0.12,-0.43,0.15333333333333332,0.07,5932.0,6994.0
11165.0,2.983333333333576,233.0,231.0,100.0,100.0,0.0,0.0,-0.45,-0.6166666666666666,5.0,4.0,0.13,-0.29666666666666663,0.13,0.16333333333333333,5947.0,6946.333333333333
11170.0,2.966666666666839,233.0,232.0,100.0,100.0,0.0,0.0,-0.6666666666666666,-1.27,5.0,4.0,0.20333333333333334,-0.01,0.15,0.15,5967.333333333333,6958.0
11175.0,2.9708333333335304,234.0,232.0,100.0,100.0,0.0,0.0,-0.74,-1.35,5.0,4.0,0.265,0.15333333333333332,0.14,0.13,5967.5,6993.0
11180.0,2.9833333333334906,234.0,232.33333333333334,100.0,100.0,0.0,0.0,-0.8533333333333334,-1.4000000000000001,5.0,4.0,0.3066666666666667,0.35333333333333333,0.13333333333333333,0.16,5977.333333333333,6996.333333333333
11185.0,2.970833333333445,234.33333333333334,233.0,100.0,100.0,0.0,0.0,-1.4866666666666666,-1.5550000000000002,5.0,4.0,0.4,0.5,0.14,0.1475,5988.0,7009.0
11190.0,2.97916666666697,235.0,233.33333333333334,100.0,100.0,0.0,0.0,-2.4124999999999996,-1.6,5.0,4.0,0.5125000000000001,0.5466666666666666,0.11750000000000001,0.14333333333333334,6013.0,7018.0
11195.0,2.9833333333334338,235.0,234.0,72.33333333333333,100.0,3.333333333333333,0.0,-2.77,-1.6,5.0,4.0,0.75,0.57,0.05666666666666667,0.14,5993.666666666667,7037.0
11200.0,2.966666666666697,235.0,234.0,11.0,100.0,31.0,0.0,-2.52,-1.92,5.0,4.0,0.89,0.6833333333333333,-0.47,0.14666666666666667,5883.0,7058.333333333333
11205.0,2.983333333333718,232.33333333333334,234.0,0.0,99.0,54.333333333333336,0.0,-2.033333333333333,-2.64,5.0,4.0,0.7566666666666667,0.86,-0.9766666666666667,0.14,5759.333333333333,7046.0
11210.0,2.9750000000000227,229.0,234.5,0.0,51.5,57.0,0.0,-1.38,-2.625,5.0,4.0,0.93,0.79,-1.22,-0.015000000000000001,5658.0,7014.0
11215.0,2.9666666666667822,225.0,234.0,0.0,4.0,57.0,48.0,-0.6533333333333333,-2.45,5.0,4.0,0.9366666666666666,0.85,-1.2766666666666666,-0.68,5594.666666666667,6869.0
11220.0,2.966666666666981,221.33333333333334,229.0,46.0,0.0,59.333333333333336,87.33333333333333,-0.6233333333333334,-1.7366666666666668,0.0,4.0,0.6699999999999999,0.9933333333333333,-1.2333333333333334,-1.63,6417.666666666667,6659.0
11225.0,2.966666666666697,218.0,225.0,0.0,0.0,60.0,91.0,-1.02,-1.39,4.0,4.0,0.49,0.9133333333333333,-1.37,-1.8666666666666667,6333.0,6525.666666666667
11230.0,2.9666666666667822,213.33333333333334,219.0,0.0,0.0,60.0,89.0,-1.0966666666666667,-1.35,4.0,4.0,0.3466666666666667,0.59,-1.3733333333333333,-1.76,6174.333333333333,6240.0
11235.0,2.966666666666981,209.33333333333334,213.66666666666666,0.0,69.0,60.0,82.0,-1.3666666666666667,-1.35,4.0,0.0,0.3233333333333333,0.38333333333333336,-1.3366666666666667,-1.56,6051.666666666667,7149.666666666667
11240.0,2.966666666666697,206.0,209.33333333333334,0.0,0.0,60.0,76.0,-1.93,-1.35,4.0,3.0,0.41,0.26666666666666666,-1.32,-1.6333333333333333,5968.0,7137.666666666667
11245.0,2.9500000000000455,201.0,204.0,0.0,0.0,60.0,76.0,-2.36,-1.35,4.0,3.0,0.32,0.33,-1.22,-1.79,5709.0,6979.0
11250.0,2.9666666666670096,197.66666666666666,198.0,69.0,0.0,60.0,76.0,-2.2800000000000002,-1.35,0.0,3.0,0.54,0.14,-1.4033333333333333,-1.48,6486.666666666667,6602.0
11255.0,2.958333333333485,192.0,195.0,0.0,0.0,60.0,76.66666666666667,-1.195,-1.41,3.0,3.0,0.625,0.13666666666666666,-1.4,-1.5633333333333332,6836.5,6208.666666666667
11260.0,2.950000000000159,188.0,189.0,0.0,69.0,60.0,76.0,-0.38,-1.5,3.0,0.0,0.435,0.385,-1.3450000000000002,-1.775,6667.5,6879.5
11265.0,2.950000000000159,183.0,182.5,0.0,0.0,60.0,76.0,0.08000000000000002,-1.5,3.0,2.0,0.26,0.455,-1.335,-1.7200000000000002,6483.0,7702.5
11270.0,2.950000000000159,178.0,177.5,0.0,0.0,60.0,74.0,0.8500000000000001,-1.5,3.0,2.0,0.07,0.415,-1.3450000000000002,-1.545,6342.0,7604.5
11275.0,2.958333333333627,173.5,170.0,0.0,0.0,62.5,71.33333333333333,1.085,-1.2666666666666666,3.0,2.0,-0.07500000000000001,0.48,-1.335,-1.5933333333333335,6143.0,7377.0
11280.0,2.9750000000001364,168.5,165.0,34.5,0.0,61.5,71.0,1.08,-0.58,3.0,2.0,-0.2,0.33,-1.315,-1.54,6359.0,7122.0
11285.0,2.950000000000273,163.0,159.0,0.0,0.0,59.0,69.0,1.18,0.13,2.0,2.0,-0.31,0.15,-1.34,-1.54,7099.0,6767.0
11290.0,2.9750000000000227,158.0,152.5,0.0,0.0,55.0,67.5,1.22,0.8,2.0,2.0,-0.18,-0.02,-1.14,-1.51,6809.0,6592.5
11295.0,2.9750000000001364,153.0,146.0,0.0,0.0,50.0,66.0,2.12,1.12,2.0,2.0,-0.365,-0.1,-1.145,-1.27,6483.0,6273.0
11300.0,2.9750000000000227,148.0,141.0,0.0,0.0,49.0,63.0,2.91,2.26,2.0,2.0,-0.64,-0.19,-1.09,-1.26,6456.0,5835.0
11305.0,2.9750000000001364,143.5,134.0,0.0,0.0,45.5,63.0,4.109999999999999,3.84,2.0,2.0,-0.6950000000000001,-0.59,-1.01,-1.42,6249.5,5580.0
11310.0,3.0,139.0,128.0,0.0,69.0,44.0,60.0,5.26,4.98,2.0,0.0,-0.81,-0.76,-1.04,-1.21,6066.0,6385.0
11315.0,3.0250000000003183,134.5,121.0,69.0,0.0,38.5,49.0,6.36,5.33,0.0,1.0,-0.9,-0.76,-0.7949999999999999,-1.12,6438.0,6717.0
11320.0,3.025000000000091,129.5,116.0,0.0,0.0,40.0,34.0,8.375,5.43,1.0,1.0,-1.095,-0.77,-0.9450000000000001,-0.88,7055.0,6483.0
11325.0,3.0500000000004093,125.0,111.0,0.0,0.0,42.0,28.0,10.15,7.7,1.0,1.0,-1.5,-0.86,-1.15,-0.71,6889.0,6235.0
11330.0,3.075000000000273,120.0,107.0,0.0,0.0,41.0,29.0,12.3,10.25,1.0,1.0,-1.44,-1.1099999999999999,-0.91,-0.75,6589.0,5998.0
11335.0,3.1000000000001364,115.0,102.0,0.0,0.0,25.0,21.0,13.85,12.02,1.0,1.0,-1.8,-1.18,-0.76,-0.63,6293.0,5783.0
11340.0,3.10000000000025,110.5,100.0,0.0,0.0,5.0,0.0,16.095,14.125,1.0,1.0,-1.83,-1.415,-0.38,-0.26,6151.5,5685.5
11345.0,3.100000000000364,107.0,98.0,0.0,0.0,0.0,0.0,17.59,16.71,1.0,1.0,-2.29,-1.34,-0.35,-0.25,5980.0,5574.0
11350.0,3.150000000000091,104.0,96.0,0.0,0.0,0.0,0.0,18.35,19.44,1.0,1.0,-2.01,-1.7,-0.3,-0.28,5847.0,5460.0
11355.0,3.125000000000341,102.0,94.5,12.0,0.0,0.0,0.0,19.03,21.29,1.0,1.0,-1.65,-1.81,-0.12,-0.3,5848.0,5352.5
11360.0,3.1500000000002046,100.5,93.0,16.5,34.5,0.0,0.0,21.095,21.42,1.0,1.0,-1.7149999999999999,-1.44,-0.06,0.08,5819.0,5438.0
11365.0,3.150000000000091,100.0,93.0,10.0,36.0,0.0,0.0,22.37,20.48,1.0,1.0,-1.68,-1.56,-0.11,0.1,5722.0,5484.0
11370.0,3.150000000000091,98.0,93.0,0.0,33.0,0.0,0.0,22.57,18.05,1.0,1.0,-1.66,-1.72,-0.3,0.06,5531.0,5480.0
11375.0,3.175000000000182,95.5,94.0,0.0,37.0,0.0,0.0,22.55,16.93,1.0,1.0,-1.885,-1.46,-0.315,0.13,5400.0,5496.0
11380.0,3.200000000000273,93.0,94.0,0.0,32.0,0.0,0.0,21.95,18.0,1.0,1.0,-1.7,-1.6,-0.29,0.09,5240.0,5505.0
11385.0,3.2000000000000455,92.0,95.0,36.0,25.0,0.0,0.0,19.96,18.42,1.0,1.0,-1.69,-1.58,0.09,0.04,5431.0,5534.0
11390.0,3.175000000000182,93.0,95.0,50.0,21.0,0.0,0.0,17.65,18.42,1.0,1.0,-1.49,-1.5150000000000001,0.17,0.025,5537.0,5520.0
11395.0,3.1500000000003183,94.0,95.0,56.0,21.0,0.0,0.0,14.68,18.38,1.0,1.0,-1.51,-1.31,0.21,0.03,5543.0,5575.0
11400.0,3.150000000000091,95.0,95.0,66.0,26.0,0.0,0.0,10.95,17.22,1.0,1.0,-1.31,-1.59,0.36,0.05,5689.0,5623.0
11405.0,3.175000000000182,97.5,96.0,72.0,33.0,0.0,0.0,10.05,14.92,1.0,1.0,-1.2,-1.24,0.43999999999999995,0.17,5842.0,5647.0
11410.0,3.200000000000273,100.0,97.0,78.0,45.0,0.0,0.0,10.0,12.19,1.0,1.0,-1.22,-1.32,0.52,0.33,6064.0,5747.0
11415.0,3.1500000000003183,104.0,99.0,81.0,53.0,0.0,0.0,8.28,9.54,1.0,1.0,-1.3,-1.19,0.61,0.35,6426.0,5843.0
11420.0,3.200000000000273,107.0,102.0,82.0,67.0,0.0,0.0,6.66,7.92,1.0,1.0,-1.35,-1.05,0.62,0.51,6535.0,6028.0
11425.0,3.200000000000159,110.5,105.0,83.0,72.0,0.0,0.0,5.3149999999999995,8.870000000000001,1.0,1.0,-1.3450000000000002,-1.025,0.635,0.545,6738.0,6236.5
11430.0,3.2250000000001364,113.5,108.0,82.5,71.0,0.0,0.0,4.305,9.3,1.0,1.0,-1.1749999999999998,-1.13,0.6,0.53,6973.0,6509.0
11435.0,3.200000000000273,117.0,111.0,87.0,67.0,0.0,0.0,4.0,9.23,1.0,1.0,-1.45,-1.33,0.64,0.48,7055.0,6694.0
11440.0,3.200000000000273,120.0,113.0,90.0,67.0,0.0,0.0,4.1,7.84,1.0,1.0,-1.18,-1.47,0.54,0.44,7179.0,6803.0
11445.0,3.2250000000000227,122.0,115.5,0.0,76.5,0.0,0.0,4.46,5.215,0.0,1.0,-1.14,-1.33,-0.06,0.515,7045.0,7031.0
11450.0,3.2250000000000227,124.0,118.5,98.0,87.5,0.0,0.0,5.18,3.885,2.0,1.0,-0.99,-1.315,0.57,0.565,5746.0,7148.5
11455.0,3.2500000000002274,127.5,120.0,99.5,94.0,0.0,0.0,5.16,3.735,2.0,2.0,-1.03,-1.21,0.62,0.55,5842.5,6091.0
11460.0,3.2500000000001137,130.5,123.5,94.0,98.5,0.0,0.0,4.984999999999999,3.545,2.0,2.0,-0.9450000000000001,-0.8400000000000001,0.575,0.595,6104.0,5701.5
11465.0,3.275000000000432,133.0,126.5,100.0,100.0,0.0,0.0,4.66,3.19,2.0,2.0,-1.04,-0.885,0.58,0.64,6076.0,5826.5
11470.0,3.2500000000002274,135.0,129.0,99.0,100.0,0.0,0.0,4.06,3.03,2.0,2.0,-0.78,-0.67,0.56,0.56,6282.0,5925.0
11475.0,3.2750000000003183,138.0,132.0,100.0,99.0,0.0,0.0,3.3,4.32,2.0,2.0,-0.915,-0.65,0.58,0.56,6391.5,6124.0
11480.0,3.2750000000002046,140.0,134.5,100.0,100.0,0.0,0.0,2.94,4.345000000000001,2.0,2.0,-0.79,-0.895,0.52,0.61,6450.0,6192.5
11485.0,3.3000000000002956,143.0,137.5,100.0,100.0,0.0,0.0,2.615,3.7350000000000003,2.0,2.0,-0.7649999999999999,-0.895,0.565,0.58,6549.0,6377.0
11490.0,3.300000000000182,145.0,140.0,100.0,100.0,0.0,0.0,2.27,3.16,2.0,2.0,-0.58,-0.8,0.51,0.51,6730.0,6429.0
11495.0,3.3000000000002956,147.5,142.0,100.0,100.0,0.0,0.0,1.7650000000000001,2.76,2.0,2.0,-0.6699999999999999,-0.805,0.51,0.555,6747.0,6574.0
11500.0,3.300000000000182,149.0,144.0,100.0,100.0,0.0,0.0,0.99,2.19,2.0,2.0,-0.47,-0.89,0.49,0.56,6813.0,6592.0
11505.0,3.3000000000002956,151.5,146.5,100.0,100.0,0.0,0.0,0.655,1.77,2.0,2.0,-0.275,-0.595,0.45499999999999996,0.5,6959.0,6688.5
11510.0,3.316666666666748,153.66666666666666,149.0,100.0,100.0,0.0,0.0,0.17333333333333334,1.41,2.0,2.0,-0.20333333333333334,-0.55,0.5066666666666667,0.6,6977.0,6854.0
11515.0,3.3250000000003865,156.0,150.5,100.0,100.0,0.0,0.0,0.06,0.65,2.0,2.0,-0.09,-0.375,0.43,0.49,7100.0,6854.0
11520.0,3.300000000000068,156.5,152.5,50.0,100.0,0.0,0.0,-0.08499999999999999,-0.39499999999999996,0.0,2.0,-0.025,-0.15000000000000002,0.28,0.45999999999999996,6297.5,6957.0
11525.0,3.325000000000273,157.5,154.0,100.0,100.0,0.0,0.0,-0.26,-1.27,3.0,2.0,0.01,0.05,0.44,0.39,5867.0,7022.0
11530.0,3.324999999999932,159.0,156.5,100.0,100.0,0.0,0.0,-0.67,-1.4249999999999998,3.0,2.0,0.06,0.215,0.35,0.35,6008.0,7112.0
11535.0,3.325000000000159,161.0,157.5,100.0,100.0,0.0,0.0,-1.09,-1.4249999999999998,3.0,2.0,0.15,0.265,0.36,0.24,5975.0,7201.0
11540.0,3.3250000000000455,162.5,158.0,100.0,97.0,0.0,0.0,-1.1,-1.42,3.0,3.0,0.115,0.25,0.30000000000000004,0.5,6133.0,6106.0
11545.0,3.325000000000273,163.5,159.0,92.0,100.0,0.0,0.0,-1.435,-1.4,3.0,3.0,0.16999999999999998,0.19,0.265,0.37,6494.0,5984.0
11550.0,3.325000000000159,166.0,160.5,100.0,96.0,0.0,0.0,-0.6,-1.2200000000000002,3.0,3.0,0.45,0.38,0.45,0.44,6149.0,6206.0
11555.0,3.333333333333627,167.0,162.66666666666666,100.0,100.0,0.0,0.0,0.5,-0.22666666666666668,3.0,3.0,0.27,0.51,0.4,0.3933333333333333,6165.0,6031.666666666667
11560.0,3.350000000000364,168.0,164.0,100.0,100.0,0.0,0.0,1.06,0.33,3.0,3.0,0.04,0.25,0.34,0.4,6263.0,6059.0
11565.0,3.333333333333343,170.33333333333334,165.0,100.0,100.0,0.0,0.0,-0.03666666666666665,-0.18,3.0,3.0,-0.07,0.11,0.5533333333333333,0.26,6325.666666666667,6392.0
11570.0,3.3500000000002217,171.33333333333334,167.33333333333334,100.0,100.0,0.0,0.0,-0.8433333333333333,-0.6666666666666666,3.0,3.0,0.016666666666666666,0.17333333333333334,0.36666666666666664,0.37666666666666665,6386.333333333333,6181.666666666667
11575.0,3.3500000000000227,173.0,168.5,100.0,100.0,0.0,0.0,-0.43000000000000005,-0.7,3.0,3.0,0.1,0.19,0.43,0.41500000000000004,6401.5,6302.5
11580.0,3.35000000000025,174.5,170.0,100.0,100.0,0.0,0.0,-0.07500000000000001,-0.655,3.0,3.0,0.09,0.225,0.37,0.385,6449.5,6284.5
11585.0,3.358333333333576,175.5,171.66666666666666,100.0,100.0,0.0,0.0,-0.10500000000000001,-0.2866666666666667,3.0,3.0,0.065,0.16,0.37,0.38666666666666666,6524.0,6362.0
11590.0,3.3500000000001933,177.0,173.0,100.0,100.0,0.0,0.0,-0.31,-0.2,3.0,3.0,0.07,0.12666666666666668,0.3433333333333333,0.36666666666666664,6572.666666666667,6409.0
11595.0,3.36666666666693,178.66666666666666,174.0,100.0,100.0,0.0,0.0,-0.16333333333333333,-0.18,3.0,3.0,0.06666666666666667,0.09,0.38,0.34,6602.0,6499.0
11600.0,3.366666666666646,179.66666666666666,176.0,100.0,100.0,0.0,0.0,0.016666666666666663,-0.18,3.0,3.0,0.043333333333333335,0.08,0.35,0.37,6675.666666666667,6487.0
11605.0,3.366666666666873,181.0,177.0,100.0,100.0,0.0,0.0,0.04,-0.18,3.0,3.0,0.026666666666666665,0.07,0.36,0.37,6707.666666666667,6586.0
11610.0,3.366666666666873,182.66666666666666,178.0,100.0,100.0,0.0,0.0,0.08666666666666667,-0.18,3.0,3.0,0.0,0.06,0.35666666666666663,0.36,6766.0,6625.0
11615.0,3.36666666666693,183.66666666666666,179.0,100.0,100.0,0.0,0.0,0.13333333333333333,0.13,3.0,3.0,0.0,0.03,0.32666666666666666,0.33,6788.333333333333,6650.0
11620.0,3.36666666666693,184.66666666666666,181.0,100.0,100.0,0.0,0.0,0.29333333333333333,0.78,3.0,3.0,-0.03666666666666667,-0.04,0.36333333333333334,0.29,6890.666666666667,6721.0
11625.0,3.375,186.0,182.0,100.0,100.0,0.0,0.0,0.425,0.92,3.0,3.0,-0.08,-0.14,0.325,0.44,6848.0,6745.0
11630.0,3.3750000000002274,187.0,183.0,100.0,100.0,0.0,0.0,0.7250000000000001,0.88,3.0,3.0,-0.12000000000000001,-0.22,0.335,0.34,6905.5,6760.0
11635.0,3.3833333333335815,188.33333333333334,184.0,100.0,100.0,0.0,0.0,1.1733333333333333,0.87,3.0,3.0,-0.21333333333333335,-0.24,0.3333333333333333,0.32,6960.666666666667,6810.0
11640.0,3.3833333333335247,189.33333333333334,185.0,100.0,100.0,0.0,0.0,1.3266666666666667,0.9,3.0,3.0,-0.26666666666666666,-0.24,0.31666666666666665,0.29,7019.0,6871.0
11645.0,3.3833333333335247,190.0,187.0,0.0,100.0,0.0,0.0,1.4166666666666665,1.4,0.0,3.0,-0.43,-0.34,-0.26,0.3,6833.0,6927.0
11650.0,3.3833333333334394,190.0,187.66666666666666,100.0,100.0,0.0,0.0,1.27,1.7233333333333334,4.0,3.0,-0.44,-0.45999999999999996,0.54,0.31,5799.0,6939.0
11655.0,3.383333333333667,191.0,188.66666666666666,100.0,100.0,0.0,0.0,0.91,1.6466666666666665,4.0,3.0,-0.26,-0.4666666666666667,0.19,0.32,5824.0,6953.333333333333
11660.0,3.375000000000341,192.0,189.5,100.0,100.0,0.0,0.0,0.73,1.645,4.0,3.0,-0.47,-0.44999999999999996,0.31,0.28,5797.0,7024.5
11665.0,3.3916666666667368,193.0,190.5,75.33333333333334,100.0,8.666666666666666,0.0,0.68,1.615,4.0,3.0,-0.3566666666666667,-0.545,0.10666666666666669,0.295,5797.0,7047.5
11670.0,3.3833333333335247,192.33333333333334,192.0,7.333333333333334,92.66666666666667,45.333333333333336,0.0,0.77,1.2533333333333334,4.0,3.0,-0.25,-0.49,-0.8433333333333333,0.26,5628.666666666667,7073.0
11675.0,3.391666666666879,189.0,192.0,0.0,33.0,54.0,6.333333333333333,1.1,1.1,4.0,3.0,-0.275,-0.44333333333333336,-1.1600000000000001,0.01333333333333335,5488.0,7008.333333333333
11680.0,3.3750000000002274,184.0,191.0,34.5,0.0,64.0,57.0,0.8049999999999999,1.1,4.0,3.0,-0.305,-0.38,-1.38,-1.12,5826.5,6787.0
11685.0,3.3750000000002274,180.0,185.0,0.0,0.0,68.5,85.0,0.53,0.68,0.0,3.0,-0.255,-0.4,-1.44,-1.75,6371.0,6528.0
11690.0,3.375,173.5,180.0,0.0,0.0,69.5,88.0,0.455,0.35,3.0,3.0,-0.22,-0.28,-1.5350000000000001,-1.65,6085.5,6282.0
11695.0,3.366666666666873,168.66666666666666,173.0,0.0,0.0,71.33333333333333,90.0,0.36333333333333334,0.78,3.0,3.0,-0.21000000000000002,-0.25,-1.5466666666666666,-1.97,5970.0,5782.0
11700.0,3.366666666666788,161.0,165.66666666666666,41.0,46.0,74.0,88.33333333333333,0.41,0.5700000000000001,0.0,0.0,-0.09,-0.37666666666666665,-1.44,-1.79,7004.0,6913.666666666667
11705.0,3.375000000000341,157.0,158.5,0.0,0.0,75.0,84.0,0.75,0.25,2.0,2.0,-0.09,-0.16499999999999998,-1.68,-1.655,6636.0,6753.5
11710.0,3.3750000000002274,149.0,152.0,0.0,0.0,71.5,82.0,1.165,0.33,2.0,2.0,-0.025,-0.08,-1.46,-1.54,6126.5,6179.0
11715.0,3.375000000000341,143.0,144.0,0.0,0.0,66.0,76.5,1.11,0.385,2.0,2.0,-0.01,0.03,-1.41,-1.6400000000000001,6113.0,5873.0
11720.0,3.3750000000002274,137.0,136.0,0.0,69.0,61.0,73.0,0.76,0.7,2.0,0.0,-0.005,0.09,-1.355,-1.5,5945.0,6072.0
11725.0,3.3750000000002274,130.0,130.0,0.0,0.0,57.0,66.0,0.37,0.77,2.0,1.0,-0.005000000000000001,0.02,-1.2349999999999999,-1.26,5550.0,6940.0
11730.0,3.3750000000001137,125.0,123.0,0.0,0.0,54.0,62.0,-0.27,0.07,0.0,1.0,0.03,0.045,-0.92,-1.33,6704.0,6716.0
11735.0,3.3750000000001137,119.0,117.0,0.0,0.0,54.0,60.0,-1.59,-0.9249999999999999,1.0,1.0,0.22,0.1,-1.34,-1.115,6176.0,6052.0
11740.0,3.3750000000002274,112.5,110.0,0.0,0.0,54.5,53.0,-6.205,-2.28,1.0,1.0,0.41500000000000004,0.26,-0.75,-0.79,5494.0,6156.0
11745.0,3.3500000000001364,107.0,105.0,0.0,0.0,50.0,48.0,-14.12,-6.53,1.0,1.0,1.05,0.64,-0.59,-0.9,5117.0,5505.0
11750.0,3.400000000000091,103.0,101.0,0.0,0.0,35.0,24.0,-20.03,-10.24,1.0,1.0,2.01,0.92,-0.79,-0.37,5747.0,5252.0
11755.0,3.375000000000341,96.0,97.5,0.0,0.0,13.0,2.0,-17.98,-10.675,1.0,1.0,1.64,1.7149999999999999,-0.63,-0.31,5382.0,5532.0
11760.0,3.349999999999909,94.0,96.0,2.0,0.0,0.0,0.0,-16.7,-14.29,1.0,1.0,1.67,1.35,-0.19,-0.26,5418.0,5476.0
11765.0,3.3750000000002274,93.0,95.0,4.0,6.0,0.0,0.0,-23.08,-21.77,1.0,1.0,1.77,1.6,-0.16999999999999998,-0.12,5287.5,5434.0
11770.0,3.3750000000002274,90.5,93.0,4.0,17.0,0.0,0.0,-27.645,-24.24,1.0,1.0,2.075,2.36,-0.27,-0.12,5180.5,5376.0
11775.0,3.3750000000002274,90.0,92.0,55.5,11.0,0.0,0.0,-22.83,-27.24,1.0,1.0,2.2,2.08,0.04,-0.09,5369.0,5309.0
11780.0,3.3750000000002274,89.0,90.0,16.0,0.0,0.0,0.0,-21.564999999999998,-29.75,1.0,1.0,2.05,2.1,0.015,-0.3,6392.0,5088.0
11785.0,3.349999999999909,90.0,87.0,17.0,0.0,0.0,0.0,-20.74,-29.75,1.0,1.0,2.03,2.68,-0.06,-0.49,5350.0,4976.0
11790.0,3.3500000000001364,90.0,85.0,2.0,23.0,0.0,0.0,-20.05,-27.16,1.0,1.0,1.89,2.17,-0.18,0.0,5115.0,5129.0
11795.0,3.350000000000364,89.0,86.0,37.0,40.0,0.0,0.0,-23.34,-21.42,1.0,1.0,2.45,2.04,0.0,0.16,5304.0,5169.0
11800.0,3.3500000000001364,89.0,87.0,0.0,32.0,0.0,0.0,-26.36,-20.05,1.0,1.0,2.12,2.01,-0.35,0.21,5002.0,5167.0
11805.0,3.375000000000341,89.0,87.0,34.0,26.0,0.0,0.0,-26.96,-14.025,1.0,1.0,2.0,1.555,0.44,0.305,5356.0,5200.0
11810.0,3.400000000000091,89.0,88.0,61.0,21.0,0.0,0.0,-26.96,-14.89,1.0,1.0,2.18,1.6,0.26,-0.02,5298.0,5079.0
11815.0,3.400000000000091,90.0,88.0,57.0,3.0,0.0,0.0,-26.57,-22.29,1.0,1.0,2.46,1.57,0.18,-0.1,5532.0,5024.0
11820.0,3.4000000000003183,91.0,86.0,23.0,0.0,0.0,0.0,-23.68,-30.71,1.0,1.0,2.24,2.25,0.2,-0.37,5622.0,4889.0
11825.0,3.400000000000091,92.0,83.0,21.0,0.0,0.0,0.0,-23.24,-34.93,1.0,1.0,2.48,2.44,0.19,-0.34,6196.0,4737.0
11830.0,3.450000000000273,94.0,80.0,49.0,0.0,0.0,0.0,-23.06,-31.68,1.0,1.0,1.6,1.88,0.16,-0.24,6483.0,4544.0
11835.0,3.4750000000001364,93.5,80.0,36.0,31.0,0.0,0.0,-23.2,-26.35,1.0,1.0,2.1849999999999996,1.89,0.35,0.0,6916.0,4683.0
11840.0,3.5500000000004093,94.0,81.0,24.0,37.0,0.0,0.0,-23.58,-22.34,1.0,1.0,2.42,1.51,-0.04,0.19,6589.0,4821.0
11845.0,3.550000000000182,93.0,82.0,7.0,33.0,0.0,0.0,-20.36,-16.25,1.0,1.0,2.22,1.43,-0.07,0.43,6199.0,4923.0
11850.0,3.550000000000182,92.0,84.0,0.0,26.0,0.0,0.0,-7.06,-12.48,1.0,1.0,2.03,1.53,-0.16,0.34,5244.0,4817.0
11855.0,3.599999999999909,93.0,85.0,81.0,31.0,0.0,0.0,-4.26,-11.45,1.0,1.0,0.54,0.72,0.36,0.2,5720.0,4937.0
11860.0,3.6000000000001364,98.0,87.0,86.0,47.0,0.0,0.0,-4.69,-13.82,1.0,1.0,0.46,1.22,0.45,0.4,5855.0,5033.0
11865.0,3.6250000000002274,99.5,89.0,85.5,62.0,0.0,0.0,-0.5249999999999999,-5.71,1.0,1.0,0.29500000000000004,0.6,0.30500000000000005,0.14,7283.0,6058.0
11870.0,3.6500000000003183,100.0,90.0,73.0,95.0,0.0,0.0,1.08,0.1,1.0,1.0,0.02,0.21,0.2,-0.01,7252.0,7248.0
11875.0,3.675000000000182,104.5,92.0,82.0,59.0,0.0,0.0,-0.25,-0.2,1.0,1.0,-0.04,0.0,0.6399999999999999,0.45,6433.5,6660.0
11880.0,3.700000000000273,109.0,97.0,92.0,65.0,0.0,0.0,-0.4,-0.78,1.0,1.0,0.01,0.02,0.71,0.73,6535.0,6085.0
11885.0,3.700000000000273,113.0,102.0,94.0,86.0,0.0,0.0,0.24,0.21,1.0,1.0,0.06,0.08,0.83,0.6,6778.0,6343.0
11890.0,3.7500000000002274,116.0,107.0,87.0,80.0,0.0,0.0,1.55,2.37,1.0,1.0,0.03,-0.04,0.65,0.43,7191.0,6805.0
11895.0,3.7250000000001364,119.0,110.0,37.5,85.0,0.0,0.0,5.245,3.9,0.0,1.0,-0.37,-0.18,0.085,0.91,6654.5,6664.0
11900.0,3.7250000000001364,122.0,115.0,97.5,91.0,0.0,0.0,5.65,4.92,2.0,1.0,-0.71,-0.45,0.745,0.64,5655.0,6968.0
11905.0,3.775000000000432,125.0,119.0,95.0,95.0,0.0,0.0,5.76,5.9,2.0,1.0,-1.03,-0.71,0.75,0.675,5847.0,7092.0
11910.0,3.7750000000002046,129.0,122.0,100.0,97.5,0.0,0.0,5.17,6.0649999999999995,2.0,1.0,-1.0,-0.98,0.65,0.665,5939.0,7193.5
11915.0,3.7500000000002274,132.0,125.0,100.0,100.0,0.0,0.0,4.65,5.34,2.0,1.0,-0.96,-1.04,0.65,0.4,6026.0,7193.0
11920.0,3.775000000000091,135.5,126.0,99.0,100.0,0.0,0.0,4.609999999999999,4.2,2.0,2.0,-0.79,-0.78,0.615,0.91,6280.5,6058.0
11925.0,3.800000000000182,138.0,130.0,100.0,100.0,0.0,0.0,4.0,4.15,2.0,2.0,-0.94,-0.86,0.61,0.7,6326.0,5975.0
11930.0,3.775000000000091,141.0,132.5,100.0,100.0,0.0,0.0,3.32,4.2,2.0,2.0,-0.76,-0.85,0.6,0.64,6555.0,6095.0
11935.0,3.800000000000068,143.5,136.0,100.0,100.0,0.0,0.0,2.6500000000000004,3.7199999999999998,2.0,2.0,-0.785,-0.74,0.5900000000000001,0.635,6608.0,6294.0
11940.0,3.800000000000182,146.0,139.0,100.0,100.0,0.0,0.0,2.04,3.16,2.0,2.0,-0.69,-0.83,0.58,0.67,6734.0,6432.0
11945.0,3.825000000000159,148.0,141.5,100.0,100.0,0.0,0.0,1.96,3.1,2.0,2.0,-0.62,-0.765,0.54,0.595,6803.0,6532.0
11950.0,3.825000000000273,150.5,144.0,100.0,100.0,0.0,0.0,1.96,3.1,2.0,2.0,-0.595,-0.78,0.595,0.6,6914.5,6638.0
11955.0,3.825000000000159,153.0,146.5,100.0,100.0,0.0,0.0,2.0,2.9400000000000004,2.0,2.0,-0.57,-0.79,0.54,0.585,7006.0,6740.5
11960.0,3.825000000000273,155.5,149.0,100.0,100.0,0.0,0.0,3.0700000000000003,2.48,2.0,2.0,-0.6,-0.75,0.53,0.62,7129.5,6836.0
11965.0,3.85000000000025,157.5,151.5,100.0,100.0,0.0,0.0,3.845,2.46,2.0,2.0,-0.75,-0.67,0.475,0.58,7191.5,6966.0
11970.0,3.833333333333627,158.0,153.66666666666666,100.0,100.0,0.0,0.0,3.91,2.466666666666667,3.0,2.0,-0.95,-0.68,-0.05,0.5533333333333333,6663.0,7051.666666666667
11975.0,3.850000000000364,160.0,156.0,100.0,100.0,0.0,0.0,3.63,2.68,3.0,2.0,-0.97,-0.72,0.57,0.5,5948.0,7106.0
11980.0,3.8500000000001364,162.5,158.0,100.0,100.0,0.0,0.0,3.6,3.245,3.0,2.0,-1.045,-0.725,0.54,0.46,6046.5,7196.5
11985.0,3.85000000000025,164.5,159.5,100.0,100.0,0.0,0.0,3.6,3.31,3.0,2.0,-0.99,-0.84,0.47,0.375,6065.0,7248.0
11990.0,3.849999999999909,166.0,160.0,100.0,100.0,0.0,0.0,3.63,3.08,3.0,3.0,-1.04,-0.78,0.53,0.63,6162.0,5961.0
11995.0,3.8500000000001364,168.0,162.0,100.0,100.0,0.0,0.0,3.6,3.08,3.0,3.0,-1.0,-0.9,0.45,0.52,6192.0,6006.0
12000.0,3.8750000000001137,170.0,164.5,100.0,100.0,0.0,0.0,3.5,3.08,3.0,3.0,-0.88,-0.805,0.45,0.45,6273.0,6083.0
12005.0,3.8583333333336043,171.33333333333334,165.5,100.0,100.0,0.0,0.0,3.1933333333333334,3.08,3.0,3.0,-1.0066666666666666,-0.79,0.4633333333333333,0.44499999999999995,6317.333333333333,6155.0
12010.0,3.86666666666693,173.0,167.66666666666666,100.0,100.0,0.0,0.0,2.513333333333333,2.9033333333333333,3.0,3.0,-0.8533333333333333,-0.8566666666666667,0.45333333333333337,0.44,6401.333333333333,6191.666666666667
12015.0,3.8750000000002274,174.5,169.0,100.0,100.0,0.0,0.0,2.32,2.45,3.0,3.0,-0.8,-0.8,0.425,0.46,6446.5,6265.0
12020.0,3.8750000000002274,176.0,171.0,100.0,100.0,0.0,0.0,2.32,2.13,3.0,3.0,-0.735,-0.71,0.4,0.43,6512.0,6318.0
12025.0,3.875,177.5,172.0,100.0,100.0,0.0,0.0,2.16,2.13,3.0,3.0,-0.7,-0.67,0.395,0.42,6551.0,6383.0
12030.0,3.8750000000002274,178.5,174.0,100.0,100.0,0.0,0.0,1.76,1.88,3.0,3.0,-0.615,-0.61,0.395,0.4,6642.0,6421.0
12035.0,3.891666666666879,180.0,175.33333333333334,100.0,100.0,0.0,0.0,1.26,1.3333333333333333,3.0,3.0,-0.535,-0.5133333333333333,0.365,0.3933333333333333,6677.0,6520.333333333333
12040.0,3.891666666666879,181.5,176.33333333333334,100.0,100.0,0.0,0.0,0.72,1.1433333333333333,3.0,3.0,-0.44999999999999996,-0.44333333333333336,0.395,0.39333333333333337,6733.5,6576.666666666667
12045.0,3.891666666666879,182.5,178.33333333333334,100.0,100.0,0.0,0.0,0.21500000000000002,1.23,3.0,3.0,-0.37,-0.43333333333333335,0.38,0.39999999999999997,6781.0,6616.0
12050.0,3.8916666666667368,184.0,180.0,100.0,100.0,0.0,0.0,-0.275,1.29,3.0,3.0,-0.2,-0.48666666666666664,0.365,0.4266666666666667,6805.0,6653.0
12055.0,3.891666666666879,185.5,181.0,100.0,100.0,0.0,0.0,-0.125,1.1933333333333334,3.0,3.0,-0.08,-0.43666666666666665,0.375,0.38333333333333336,6870.0,6687.0
12060.0,3.900000000000233,186.33333333333334,182.33333333333334,100.0,100.0,0.0,0.0,0.29333333333333333,0.7766666666666667,3.0,3.0,-0.06666666666666667,-0.37333333333333335,0.37333333333333335,0.39,6903.0,6761.666666666667
12065.0,3.900000000000176,188.0,183.33333333333334,100.0,100.0,0.0,0.0,0.5933333333333333,0.3733333333333333,3.0,3.0,-0.08666666666666667,-0.32,0.35333333333333333,0.37333333333333335,6944.666666666667,6786.333333333333
12070.0,3.900000000000176,189.33333333333334,185.0,100.0,100.0,0.0,0.0,0.73,0.11333333333333333,3.0,3.0,-0.14,-0.18666666666666668,0.35000000000000003,0.36333333333333334,7012.666666666667,6845.333333333333
12075.0,3.900000000000091,190.0,186.0,100.0,100.0,0.0,0.0,0.74,0.15,3.0,3.0,-0.19,-0.14,0.35,0.37,7031.0,6896.0
12080.0,3.9000000000003183,191.0,187.0,100.0,100.0,0.0,0.0,0.73,0.31,3.0,3.0,-0.21,-0.12,0.33,0.37,7069.0,6921.0
12085.0,3.9000000000003183,193.0,189.0,100.0,100.0,0.0,0.0,0.73,0.39,3.0,3.0,-0.24,-0.11,0.32,0.32,7111.0,7002.0
12090.0,3.9166666666668277,193.0,190.0,0.0,100.0,0.0,0.0,0.6900000000000001,0.39,0.0,3.0,-0.23666666666666666,-0.12,-0.25,0.33,6777.0,7018.0
12095.0,3.9166666666668277,193.66666666666666,191.0,100.0,100.0,0.0,0.0,0.63,0.41,4.0,3.0,-0.22,-0.14,0.44,0.33,5869.666666666667,7053.0
12100.0,3.9083333333335304,195.0,192.0,100.0,100.0,0.0,0.0,0.62,0.5133333333333333,4.0,3.0,-0.22999999999999998,-0.14,0.345,0.34,5918.5,7082.0
12105.0,3.9166666666668277,196.33333333333334,193.0,100.0,100.0,0.0,0.0,0.62,0.6566666666666667,4.0,3.0,-0.23666666666666666,-0.18333333333333335,0.31333333333333335,0.31333333333333335,5899.333333333333,7121.666666666667
12110.0,3.925000000000068,197.0,194.0,100.0,100.0,0.0,0.0,0.62,0.66,4.0,3.0,-0.2,-0.2,0.3,0.3,5955.0,7142.0
12115.0,3.9166666666668277,198.0,194.0,100.0,33.33333333333333,0.0,0.0,0.6,0.5133333333333334,4.0,0.0,-0.21,-0.16999999999999998,0.34,0.09666666666666665,6028.0,6489.333333333333
12120.0,3.9166666666668846,199.0,195.0,100.0,100.0,0.0,0.0,0.5566666666666666,0.45,4.0,4.0,-0.25,-0.2,0.34,0.34,6005.333333333333,5896.0
12125.0,3.9166666666668846,200.0,197.0,100.0,100.0,0.0,0.0,0.53,0.44,4.0,4.0,-0.22,-0.19,0.2966666666666667,0.31,6044.0,5920.0
12130.0,3.933333333333536,201.0,197.0,100.0,100.0,0.0,0.0,0.5366666666666667,0.44,4.0,4.0,-0.22,-0.18,0.31,0.32,6064.0,5963.0
12135.0,3.9166666666668846,202.0,198.0,100.0,100.0,0.0,0.0,0.6433333333333333,0.5533333333333333,4.0,4.0,-0.20666666666666667,-0.18,0.29666666666666663,0.30666666666666664,6107.0,5977.666666666667
12140.0,3.9250000000002956,203.0,199.0,100.0,100.0,0.0,0.0,0.81,0.8049999999999999,4.0,4.0,-0.22,-0.2,0.28,0.28,6133.0,6026.0
12145.0,3.9333333333334792,204.0,200.33333333333334,100.0,100.0,0.0,0.0,0.8366666666666667,0.84,4.0,4.0,-0.2733333333333334,-0.25666666666666665,0.30333333333333334,0.31333333333333335,6150.666666666667,6050.666666666667
12150.0,3.925000000000182,205.0,201.0,100.0,100.0,0.0,0.0,1.335,0.84,4.0,4.0,-0.30000000000000004,-0.28,0.28,0.31,6196.0,6073.0
12155.0,3.933333333333536,206.0,202.0,100.0,100.0,0.0,0.0,2.2333333333333334,0.93,4.0,4.0,-0.5033333333333333,-0.26,0.32,0.23,6235.666666666667,6122.0
12160.0,3.933333333333394,207.0,203.0,100.0,100.0,0.0,0.0,2.4,1.3433333333333333,4.0,4.0,-0.71,-0.39666666666666667,0.3,0.32666666666666666,6230.0,6140.666666666667
12165.0,3.9333333333334792,207.66666666666666,204.0,100.0,100.0,0.0,0.0,2.3833333333333333,1.67,4.0,4.0,-0.77,-0.5033333333333333,0.2866666666666667,0.32,6265.0,6148.666666666667
12170.0,3.9416666666669187,208.5,205.33333333333334,100.0,100.0,0.0,0.0,2.3099999999999996,2.1733333333333333,4.0,4.0,-0.86,-0.64,0.28,0.2833333333333333,6274.0,6201.666666666667
12175.0,3.9333333333334792,209.33333333333334,206.0,100.0,100.0,0.0,0.0,2.0733333333333333,2.25,4.0,4.0,-0.9033333333333333,-0.73,0.2733333333333334,0.27,6300.333333333333,6206.0
12180.0,3.933333333333394,210.0,206.66666666666666,100.0,100.0,0.0,0.0,1.61,2.2266666666666666,4.0,4.0,-0.87,-0.8333333333333334,0.26,0.27999999999999997,6315.0,6223.666666666667
12185.0,3.9333333333335645,211.0,208.0,100.0,100.0,0.0,0.0,1.55,2.4,4.0,4.0,-0.7733333333333333,-0.9233333333333333,0.25,0.26666666666666666,6332.333333333333,6240.333333333333
12190.0,3.9500000000001307,211.33333333333334,208.33333333333334,100.0,100.0,0.0,0.0,1.55,2.1533333333333333,4.0,4.0,-0.6833333333333333,-0.84,0.24666666666666667,0.24333333333333332,6364.0,6268.0
12195.0,3.9500000000000455,212.0,209.0,100.0,100.0,0.0,0.0,1.51,1.52,4.0,4.0,-0.67,-0.74,0.23,0.24,6383.0,6300.0
12200.0,3.950000000000273,213.0,210.0,100.0,100.0,0.0,0.0,1.1566666666666667,0.8933333333333333,4.0,4.0,-0.5800000000000001,-0.6833333333333333,0.22333333333333333,0.24666666666666667,6388.333333333333,6308.0
12205.0,3.9500000000001307,213.33333333333334,210.33333333333334,100.0,100.0,0.0,0.0,0.7333333333333334,0.41000000000000003,4.0,4.0,-0.49666666666666665,-0.5133333333333334,0.21666666666666667,0.21666666666666667,6453.333333333333,6325.333333333333
12210.0,3.9500000000000455,214.0,211.0,100.0,100.0,0.0,0.0,0.46,-0.04,4.0,4.0,-0.44,-0.36,0.22,0.25,6432.0,6355.0
12215.0,3.933333333333536,215.0,212.0,100.0,100.0,0.0,0.0,-0.7,-0.5533333333333333,4.0,4.0,-0.13,-0.14666666666666667,0.19,0.21666666666666667,6463.0,6359.666666666667
12220.0,3.933333333333536,215.66666666666666,212.33333333333334,100.0,100.0,0.0,0.0,-1.22,-1.1233333333333333,4.0,4.0,0.03666666666666667,0.08,0.19333333333333333,0.2,6475.666666666667,6382.666666666667
12225.0,3.9333333333334792,216.0,213.0,100.0,100.0,0.0,0.0,-2.98,-1.43,4.0,4.0,0.3766666666666667,0.26,0.18333333333333332,0.18,6523.666666666667,6422.0
12230.0,3.950000000000273,217.0,214.0,100.0,100.0,0.0,0.0,-4.95,-2.78,4.0,4.0,0.83,0.46,0.19,0.17,6559.0,6437.0
12235.0,3.9500000000001876,217.0,214.0,100.0,100.0,0.0,0.0,-5.41,-4.16,4.0,4.0,1.2666666666666668,0.7966666666666666,0.16333333333333333,0.16999999999999998,6552.0,6476.666666666667
12240.0,3.9500000000001307,217.33333333333334,214.33333333333334,100.0,100.0,0.0,0.0,-5.109999999999999,-4.246666666666667,4.0,4.0,1.54,1.1733333333333333,0.15666666666666668,0.16,6552.0,6476.0
12245.0,3.950000000000273,218.0,215.0,100.0,100.0,0.0,0.0,-4.57,-3.9,4.0,4.0,1.48,1.31,0.15,0.18,6569.0,6473.0
12250.0,3.9500000000001876,218.0,215.0,100.0,89.33333333333333,0.0,0.0,-4.613333333333333,-4.5600000000000005,4.0,4.0,1.3533333333333333,1.3266666666666667,0.14333333333333334,0.09666666666666666,6583.666666666667,6486.666666666667
12255.0,3.966666666666697,218.0,216.0,100.0,80.33333333333333,0.0,0.0,-4.95,-5.133333333333333,4.0,4.0,1.01,1.3699999999999999,0.11,0.07333333333333333,6597.0,6480.333333333333
12260.0,3.9666666666670096,219.0,216.0,98.66666666666667,68.0,0.0,0.0,-5.96,-5.36,4.0,4.0,1.1566666666666667,0.92,0.27666666666666667,0.0,6709.666666666667,6573.0
12265.0,3.9666666666667822,219.0,216.0,85.66666666666667,67.33333333333333,0.0,0.0,-7.203333333333333,-6.21,4.0,4.0,1.2233333333333334,1.2233333333333334,0.11000000000000001,0.03333333333333334,6619.333333333333,6540.333333333333
12270.0,3.966666666666697,219.0,216.0,73.0,64.0,0.0,0.0,-8.64,-7.6033333333333335,4.0,4.0,1.61,1.28,0.09,0.07333333333333333,6650.0,6518.666666666667
12275.0,3.9666666666670096,219.0,216.0,72.33333333333333,58.0,0.0,0.0,-9.559999999999999,-8.73,4.0,4.0,1.96,1.72,0.04,0.04,6588.333333333333,6490.0
12280.0,3.9666666666667822,219.0,215.33333333333334,67.66666666666667,55.666666666666664,0.0,0.0,-9.84,-8.896666666666667,4.0,4.0,2.1166666666666667,1.93,0.02,0.0,6591.666666666667,6471.333333333333
12285.0,3.966666666666697,219.0,215.0,66.0,50.666666666666664,0.0,0.0,-9.84,-8.91,4.0,4.0,2.24,2.066666666666667,0.02,-0.006666666666666667,6576.0,6474.0
12290.0,3.9666666666670096,218.33333333333334,215.0,66.0,49.0,0.0,0.0,-9.826666666666666,-8.91,4.0,4.0,2.5833333333333335,2.22,0.026666666666666665,-0.04,6577.0,6453.0
12295.0,3.9666666666667822,218.0,214.33333333333334,68.66666666666667,49.666666666666664,0.0,0.0,-9.549999999999999,-8.83,4.0,4.0,2.2933333333333334,2.3866666666666667,0.016666666666666666,-0.013333333333333334,6570.333333333333,6447.333333333333
12300.0,3.966666666666697,218.0,214.0,76.0,62.333333333333336,0.0,0.0,-8.37,-8.053333333333333,4.0,4.0,2.18,2.1233333333333335,0.05,-3.469446951953614e-18,6585.0,6458.666666666667
12305.0,3.9666666666670096,217.33333333333334,214.0,83.66666666666667,77.0,0.0,0.0,-6.930000000000001,-6.95,4.0,4.0,1.7466666666666666,1.94,0.07,0.09,6630.0,6468.0
12310.0,3.9666666666667822,217.33333333333334,214.0,90.66666666666667,92.0,0.0,0.0,-5.206666666666667,-5.283333333333333,4.0,4.0,1.6033333333333333,1.56,0.11,0.08333333333333333,6663.333333333333,6533.333333333333
12315.0,3.966666666666697,218.0,214.0,96.0,99.33333333333333,0.0,0.0,-3.92,-4.036666666666667,4.0,4.0,1.33,1.47,0.15,0.17333333333333334,6699.0,6557.666666666667
12320.0,3.9666666666670096,218.0,214.0,99.0,98.0,0.0,0.0,-2.9566666666666666,-3.59,4.0,4.0,1.1300000000000001,1.16,0.15,0.13,6759.333333333333,6582.0
12325.0,3.9666666666667822,218.0,215.0,100.0,100.0,0.0,0.0,-2.67,-2.8933333333333335,4.0,4.0,1.1766666666666665,1.1566666666666665,0.20333333333333334,0.18333333333333335,6761.666666666667,6632.0
12330.0,3.966666666666697,219.0,215.0,100.0,100.0,0.0,0.0,-2.45,-2.296666666666667,4.0,4.0,1.46,1.1866666666666665,0.21,0.19666666666666666,6680.0,6663.0
12335.0,3.9666666666670096,219.0,216.0,100.0,100.0,0.0,0.0,-1.7600000000000002,-1.63,4.0,4.0,1.2633333333333332,1.51,0.19,0.27,6639.666666666667,6554.0
12340.0,3.9666666666667822,219.33333333333334,216.0,100.0,100.0,0.0,0.0,-1.7899999999999998,-1.2866666666666666,4.0,4.0,0.65,1.2133333333333332,0.14666666666666667,0.19,6696.666666666667,6548.0
12345.0,3.9750000000000227,220.0,216.5,100.0,100.0,0.0,0.0,-2.48,-1.26,4.0,4.0,0.79,0.72,0.2,0.185,6840.0,6664.0
12350.0,3.983333333333661,220.66666666666666,217.0,100.0,100.0,0.0,0.0,-2.9066666666666667,-1.26,4.0,4.0,1.11,0.9833333333333333,0.18333333333333335,0.33333333333333337,6645.333333333333,6573.666666666667
12355.0,3.970833333333445,221.0,217.75,100.0,100.0,0.0,0.0,-2.6133333333333333,-1.53,4.0,4.0,1.0233333333333334,0.86,0.19333333333333333,0.19,6663.666666666667,6553.0
12360.0,3.9791666666667425,221.75,218.0,100.0,100.0,0.0,0.0,-2.5075,-2.65,4.0,4.0,0.9775,0.7966666666666667,0.2075,0.19,6687.75,6572.0
12365.0,3.983333333333718,222.0,219.0,100.0,100.0,0.0,0.0,-2.703333333333333,-3.64,4.0,4.0,1.0066666666666666,0.93,0.18666666666666668,0.2,6694.666666666667,6609.0
12370.0,3.9833333333333485,223.0,219.0,100.0,100.0,0.0,0.0,-3.35,-3.6766666666666667,4.0,4.0,1.17,1.0333333333333334,0.19,0.19666666666666666,6700.0,6604.333333333333
12375.0,3.9833333333334338,223.0,220.0,100.0,100.0,0.0,0.0,-2.853333333333333,-2.84,4.0,4.0,1.1,1.1833333333333333,0.17666666666666667,0.19666666666666666,6719.333333333333,6615.666666666667
12380.0,3.983333333333718,223.33333333333334,220.0,100.0,100.0,0.0,0.0,-1.9933333333333332,-2.12,4.0,4.0,1.0466666666666666,1.02,0.16666666666666666,0.17,6733.666666666667,6627.0
12385.0,3.9833333333333485,224.0,220.66666666666666,100.0,100.0,0.0,0.0,-1.62,-1.8733333333333333,4.0,4.0,1.01,1.03,0.18,0.19666666666666668,6742.0,6648.0
12390.0,3.9833333333334338,224.66666666666666,221.0,100.0,100.0,0.0,0.0,-1.63,-1.8466666666666667,4.0,4.0,0.9233333333333333,1.01,0.17333333333333334,0.19,6750.333333333333,6655.333333333333
12395.0,4.000000000000455,225.0,222.0,100.0,100.0,0.0,0.0,-1.67,-1.95,4.0,4.0,0.81,0.94,0.16,0.17,6769.0,6666.0
12400.0,4.000000000000085,225.66666666666666,222.0,100.0,100.0,0.0,0.0,-2.5633333333333335,-3.263333333333333,4.0,4.0,0.8366666666666667,0.9466666666666667,0.17333333333333334,0.15333333333333332,6788.0,6689.333333333333
12405.0,4.000000000000142,226.0,222.33333333333334,100.0,100.0,0.0,0.0,-3.4899999999999998,-4.123333333333333,4.0,4.0,1.0066666666666666,1.1,0.16,0.15333333333333332,6800.0,6709.0
12410.0,4.000000000000455,226.0,223.0,100.0,100.0,0.0,0.0,-3.6,-4.03,4.0,4.0,1.32,1.34,0.14,0.16,6802.0,6725.0
12415.0,3.9833333333334338,227.0,223.0,100.0,100.0,0.0,0.0,-3.256666666666667,-3.033333333333333,4.0,4.0,1.32,1.52,0.14,0.15000000000000002,6793.666666666667,6707.666666666667
12420.0,4.000000000000227,227.0,224.0,100.0,100.0,0.0,0.0,-2.72,-1.56,4.0,4.0,1.09,1.26,0.11,0.15,6847.0,6704.0
12425.0,4.000000000000284,227.0,224.0,100.0,81.0,0.0,0.0,-2.5,-0.5966666666666667,4.0,4.0,1.2133333333333334,0.91,0.14666666666666667,0.07666666666666667,6835.666666666667,6724.666666666667
12430.0,4.000000000000142,228.0,224.0,76.0,56.666666666666664,0.0,0.0,-2.69,-0.7466666666666666,4.0,4.0,0.9933333333333333,0.76,0.04000000000000001,0.013333333333333332,6832.666666666667,6697.0
12435.0,4.000000000000227,227.0,224.0,33.0,32.0,5.0,10.0,-3.31,-2.06,4.0,4.0,1.13,0.6,-0.07,-0.19,6821.0,6682.0
12440.0,4.0083333333335815,226.0,221.66666666666666,0.0,2.666666666666667,26.0,47.0,-3.55,-4.026666666666666,4.0,4.0,1.3599999999999999,0.9133333333333333,-0.74,-1.0466666666666666,6623.0,6505.666666666667
12445.0,4.016666666666879,223.0,218.0,0.0,0.0,35.0,57.0,-3.58,-4.703333333333334,4.0,4.0,1.25,1.19,-0.92,-1.3766666666666667,6543.0,6376.666666666667
12450.0,4.016666666666794,220.66666666666666,214.0,0.0,0.0,37.0,59.0,-3.89,-4.71,4.0,4.0,1.46,1.25,-1.0333333333333334,-1.42,6444.666666666667,6218.0
12455.0,4.016666666666879,217.33333333333334,209.0,0.0,0.0,37.0,56.666666666666664,-4.303333333333333,-4.1033333333333335,4.0,4.0,1.6066666666666667,1.72,-1.06,-1.3900000000000001,6369.666666666667,6062.0
12460.0,4.016666666666879,214.0,205.0,0.0,0.0,37.0,52.0,-4.3,-3.2800000000000002,4.0,4.0,1.27,1.5133333333333332,-0.99,-1.32,6199.0,5964.333333333333
12465.0,4.016666666666794,211.33333333333334,201.0,0.0,0.0,37.0,49.0,-4.306666666666667,-2.66,4.0,4.0,1.2866666666666666,1.18,-1.1099999999999999,-1.26,6147.0,5736.0
12470.0,4.016666666667021,207.33333333333334,197.0,0.0,0.0,30.0,46.0,-4.37,-2.68,4.0,0.0,1.3466666666666667,1.25,-0.91,-1.26,6041.0,7033.0
12475.0,4.033333333333445,204.66666666666666,192.0,0.0,0.0,24.333333333333332,44.0,-4.37,-3.09,4.0,3.0,1.4766666666666666,1.01,-0.8266666666666667,-1.17,5978.0,6812.0
12480.0,4.03333333333353,202.0,189.66666666666666,69.0,0.0,19.0,44.0,-4.37,-4.176666666666667,0.0,3.0,1.37,1.1133333333333333,-0.61,-1.1300000000000001,6373.0,6752.666666666667
12485.0,4.033333333333758,200.0,185.0,0.0,0.0,18.0,44.0,-5.64,-6.273333333333333,3.0,3.0,1.45,1.21,-0.68,-1.1466666666666665,7143.0,6578.666666666667
12490.0,4.05000000000004,198.33333333333334,181.0,0.0,0.0,22.666666666666668,44.0,-6.93,-8.106666666666667,3.0,3.0,1.5133333333333334,1.4833333333333334,-0.7633333333333333,-1.1133333333333333,7096.666666666667,6422.333333333333
12495.0,4.058333333333536,195.0,177.0,0.0,0.0,30.0,44.0,-8.145,-9.203333333333333,3.0,3.0,1.505,1.3900000000000001,-0.875,-1.1166666666666667,6936.5,6199.666666666667
12500.0,4.058333333333621,191.0,172.66666666666666,0.0,0.0,36.5,40.0,-9.04,-9.816666666666666,3.0,3.0,1.65,1.73,-0.985,-1.1033333333333335,6779.5,5994.666666666667
12505.0,4.083333333333343,187.33333333333334,169.0,0.0,0.0,28.666666666666668,8.0,-9.523333333333333,-10.0,3.0,3.0,1.7833333333333334,1.54,-0.9066666666666667,-0.55,6554.333333333333,5950.0
12510.0,4.08333333333357,184.66666666666666,167.0,0.0,0.0,7.333333333333334,0.0,-10.233333333333334,-10.28,3.0,3.0,2.0566666666666666,2.12,-0.56,-0.35,6586.666666666667,5969.0
12515.0,4.100000000000051,182.66666666666666,164.66666666666666,0.0,8.0,0.0,0.0,-11.016666666666666,-11.493333333333332,3.0,3.0,2.103333333333333,1.8366666666666667,-0.36666666666666664,-0.27,6541.0,5951.0
12520.0,4.108333333333604,180.66666666666666,163.5,0.0,28.0,0.0,0.0,-11.73,-12.504999999999999,3.0,3.0,2.3033333333333337,2.15,-0.37666666666666665,-0.15,6469.0,5974.0
12525.0,4.11666666666693,178.66666666666666,162.0,0.0,50.666666666666664,0.0,0.0,-12.726666666666667,-11.41,3.0,3.0,2.543333333333333,2.2633333333333336,-0.38666666666666666,-0.060000000000000005,6399.333333333333,5967.0
12530.0,4.133333333333525,176.66666666666666,161.0,3.0,69.0,0.0,0.0,-12.986666666666666,-10.52,3.0,3.0,2.2966666666666664,2.31,-0.3433333333333333,0.02,6339.333333333333,5958.0
12535.0,4.125000000000227,174.5,161.0,14.5,81.0,0.0,0.0,-12.985,-11.28,3.0,3.0,2.2,1.99,-0.25,0.05,6348.5,5964.0
12540.0,4.150000000000091,173.5,161.0,14.0,81.0,0.0,0.0,-13.405000000000001,-12.055,3.0,3.0,2.5999999999999996,2.175,-0.265,0.08499999999999999,6291.5,5962.5
12545.0,4.150000000000205,172.0,161.0,3.0,84.5,0.0,0.0,-13.18,-10.455,3.0,3.0,1.62,1.98,-0.29500000000000004,0.12000000000000001,6194.0,5972.0
12550.0,4.166666666666828,170.0,161.0,0.0,86.0,0.0,0.0,-11.376666666666667,-6.78,3.0,3.0,2.3533333333333335,1.86,-0.39333333333333337,0.17,6100.666666666667,6089.0
12555.0,4.150000000000318,168.0,162.0,0.0,98.0,0.0,0.0,-7.53,-3.84,3.0,3.0,1.53,1.92,-0.34,0.31,6033.0,6064.0
12560.0,4.175000000000296,166.0,163.0,0.0,100.0,0.0,0.0,-4.61,-0.265,3.0,3.0,1.69,1.345,-0.33,0.31999999999999995,5974.0,6156.0
12565.0,4.175000000000068,165.0,164.0,0.0,97.0,0.0,0.0,-2.59,2.615,3.0,3.0,1.39,0.98,-0.32,0.32,5931.0,6129.5
12570.0,4.15833333333353,162.5,165.0,0.0,68.33333333333333,18.5,0.0,-1.3599999999999999,6.026666666666666,3.0,3.0,1.15,0.026666666666666672,-0.62,0.20666666666666667,5766.5,6080.0
12575.0,4.175000000000182,160.5,166.0,0.0,33.0,18.0,0.0,0.05499999999999999,8.45,3.0,3.0,0.8049999999999999,-1.04,-0.615,0.02,5747.5,6071.0
12580.0,4.150000000000091,157.0,165.0,0.0,16.0,18.0,0.0,2.56,9.73,3.0,3.0,-0.01,-1.14,-0.61,-0.11,5655.0,6033.0
12585.0,4.150000000000091,154.66666666666666,164.66666666666666,0.0,20.666666666666668,18.0,0.0,5.29,9.383333333333333,3.0,3.0,-0.5966666666666667,-1.32,-0.62,-0.09333333333333334,5575.666666666667,6029.666666666667
12590.0,4.150000000000205,152.5,164.0,0.0,31.0,13.0,0.0,8.03,8.745000000000001,3.0,3.0,-1.1400000000000001,-1.235,-0.56,-0.035,5486.5,6079.0
12595.0,4.133333333333439,150.0,164.0,0.0,39.0,1.0,0.0,10.66,9.633333333333335,3.0,3.0,-1.45,-1.4433333333333334,-0.36,0.03666666666666667,5424.0,6036.333333333333
12600.0,4.125000000000227,148.5,164.0,0.0,40.0,0.0,0.0,14.515,11.67,3.0,3.0,-0.785,-1.43,-0.32999999999999996,0.02,5304.0,6123.0
12605.0,4.100000000000136,147.0,164.0,0.0,51.0,0.0,0.0,18.87,12.72,3.0,3.0,-1.11,-1.61,-0.33,0.06,5182.0,6098.0
12610.0,4.10000000000025,145.5,164.0,10.0,68.5,0.0,0.0,17.785,12.280000000000001,3.0,3.0,-2.2350000000000003,-1.855,-0.29500000000000004,0.16,5270.0,6146.0
12615.0,4.075000000000159,144.0,164.5,25.0,72.5,0.0,0.0,15.6,11.975,3.0,3.0,-1.66,-1.98,-0.18,0.18,5282.0,6198.0
12620.0,4.058333333333536,143.0,165.0,32.0,71.33333333333333,0.0,0.0,15.21,11.36,3.0,3.0,-1.995,-2.27,-0.125,0.15666666666666668,5260.5,6181.666666666667
12625.0,4.050000000000182,142.0,165.0,33.0,55.0,0.0,0.0,14.46,10.2,3.0,3.0,-1.65,-2.0,-0.1,0.08,5209.0,6166.0
12630.0,4.025000000000091,141.0,164.0,44.0,47.0,0.0,0.0,12.265,8.6,3.0,3.0,-1.7349999999999999,-1.96,-0.05,0.04,5218.0,6157.0
12635.0,4.016666666666879,140.0,164.0,65.0,57.0,0.0,0.0,8.67,5.373333333333333,3.0,3.0,-1.46,-1.7933333333333332,0.02,0.14,5225.0,6126.666666666667
12640.0,4.000000000000114,140.0,164.0,78.5,76.5,0.0,0.0,5.475,2.27,3.0,3.0,-1.085,-1.165,0.10500000000000001,0.19,5317.0,6375.0
12645.0,3.983333333333576,140.0,165.0,85.0,83.66666666666667,0.0,0.0,3.57,-0.2566666666666667,3.0,3.0,-1.08,-0.92,0.2,0.11666666666666667,5369.0,6557.333333333333
12650.0,3.9500000000000455,141.0,166.0,80.0,84.0,0.0,0.0,4.41,-0.59,3.0,3.0,-1.12,-1.02,0.18,0.32,5395.0,6597.0
12655.0,3.925000000000182,142.0,166.0,55.0,84.0,0.0,0.0,6.135,1.01,3.0,3.0,-1.555,-1.26,0.23,0.28,5316.0,6793.0
12660.0,3.9166666666667425,143.0,167.33333333333334,56.0,90.66666666666667,0.0,0.0,6.21,1.5966666666666667,3.0,3.0,-1.6,-1.72,0.24,0.41000000000000003,5296.0,6427.0
12665.0,3.900000000000091,144.0,168.0,70.0,96.0,0.0,0.0,5.0,0.68,3.0,3.0,-0.705,-1.445,0.18,0.365,5525.5,6370.0
12670.0,3.8750000000001137,145.0,169.0,94.0,97.0,0.0,0.0,1.89,0.044999999999999984,3.0,3.0,-0.99,-1.08,0.62,0.30500000000000005,5612.0,6455.0
12675.0,3.8583333333333485,147.0,170.66666666666666,100.0,99.33333333333333,0.0,0.0,0.30000000000000004,-2.23,3.0,3.0,-0.71,-1.0766666666666667,0.41000000000000003,0.3933333333333333,5520.5,6476.333333333333
12680.0,3.833333333333485,149.0,171.66666666666666,100.0,100.0,0.0,0.0,0.19,-3.063333333333333,3.0,3.0,-0.43,-0.78,0.45,0.3566666666666667,5536.0,6421.0
12685.0,3.8500000000001364,150.0,173.0,100.0,100.0,0.0,0.0,0.15,-1.55,3.0,3.0,-0.12,-0.18,0.25,0.33,5761.0,6432.0
12690.0,3.825000000000273,152.5,174.0,100.0,49.0,0.0,0.0,0.985,-0.45,3.0,3.0,-0.095,0.05,0.405,0.21,5726.5,6445.0
12695.0,3.800000000000182,154.0,174.0,100.0,17.0,0.0,25.0,1.96,0.21,3.0,3.0,-0.21,0.12,0.45,-0.33,5709.0,6305.0
12700.0,3.783333333333445,156.33333333333334,171.0,100.0,0.0,0.0,51.0,2.1733333333333333,1.09,3.0,3.0,-0.21333333333333335,-0.01,0.5333333333333333,-1.07,5861.666666666667,6096.0
12705.0,3.79166666666697,157.0,165.66666666666666,64.0,0.0,0.0,62.0,2.24,1.8,3.0,3.0,-0.195,-0.1,-0.034999999999999996,-1.13,6304.0,5820.0
12710.0,3.7750000000002046,157.0,161.5,0.0,0.0,6.0,63.5,3.53,2.8899999999999997,3.0,3.0,-0.34,-0.21,-0.29,-1.33,5755.0,5297.0
12715.0,3.8000000000004093,156.0,155.0,0.0,0.0,41.0,64.0,4.76,3.07,3.0,0.0,-0.7,-0.61,-0.74,-1.33,5531.0,6442.0
12720.0,3.775000000000091,152.0,151.0,0.0,0.0,37.5,58.0,6.245,3.23,2.0,2.0,-0.88,-0.66,-0.79,-1.15,6592.0,6596.0
12725.0,3.775000000000432,149.0,146.0,0.0,0.0,23.0,50.0,7.83,5.1,2.0,2.0,-1.11,-0.8049999999999999,-0.53,-1.2,6535.0,6175.0
12730.0,3.775000000000091,146.5,141.0,0.0,0.0,13.5,36.0,9.495000000000001,7.43,2.0,2.0,-1.35,-0.8,-0.53,-0.84,6315.0,5980.0
12735.0,3.8000000000004093,144.0,138.0,0.0,0.0,0.0,14.0,10.2,9.15,2.0,2.0,-1.28,-1.36,-0.21,-0.53,6356.0,6022.0
12740.0,3.800000000000068,143.0,135.5,0.0,0.0,0.0,1.5,11.58,10.915,2.0,2.0,-1.415,-1.22,-0.225,-0.275,6292.5,5965.0
12745.0,3.8000000000004093,142.0,134.0,0.0,3.0,0.0,0.0,12.76,12.56,2.0,2.0,-1.54,-1.5,-0.22,-0.14,6252.0,5966.0
12750.0,3.8250000000000455,141.0,134.0,0.0,13.0,0.0,0.0,14.29,13.94,2.0,2.0,-1.315,-1.38,-0.19,-0.04,6208.5,5981.0
12755.0,3.8250000000003865,140.0,133.0,0.0,8.5,0.0,0.0,16.85,15.774999999999999,2.0,2.0,-1.64,-1.33,-0.21,-0.05,6153.0,5958.0
12760.0,3.8250000000000455,138.5,132.0,0.0,0.0,0.0,0.0,19.310000000000002,16.23,2.0,2.0,-1.9449999999999998,-1.79,-0.235,-0.21,6103.5,5857.0
12765.0,3.825000000000273,136.5,131.0,10.0,0.0,0.0,15.0,22.035,16.27,2.0,2.0,-2.0,-1.95,-0.15000000000000002,-0.43,6096.5,5747.0
12770.0,3.850000000000364,136.0,127.0,60.0,0.0,0.0,16.0,22.04,16.61,2.0,2.0,-2.05,-1.91,0.08,-0.5,6181.0,5549.0
12775.0,3.85000000000025,136.0,125.0,77.0,0.5,0.0,4.5,20.535,16.85,2.0,2.0,-2.2,-2.015,0.22,-0.32,6211.0,5479.0
12780.0,3.85000000000025,136.0,123.0,75.5,20.0,0.0,0.0,18.82,16.85,2.0,2.0,-1.9899999999999998,-1.975,0.2,-0.035,6294.0,5538.0
12785.0,3.8750000000001137,137.0,123.0,78.0,60.5,0.0,0.0,17.83,16.634999999999998,2.0,2.0,-2.07,-1.9699999999999998,0.29,0.155,6298.0,5626.5
12790.0,3.9000000000002046,138.0,123.0,76.5,79.0,0.0,0.0,16.75,15.085,2.0,2.0,-1.92,-1.8199999999999998,0.355,0.235,6399.5,5679.5
12795.0,3.925000000000182,139.0,124.0,77.0,83.0,0.0,0.0,15.53,14.21,2.0,2.0,-2.03,-1.88,0.39,0.31,6461.0,5697.5
12800.0,3.925000000000068,140.0,125.5,77.0,86.0,0.0,0.0,14.13,13.58,2.0,2.0,-2.12,-1.7000000000000002,0.41,0.38,6525.0,5800.5
12805.0,3.925000000000182,141.5,127.0,77.0,87.0,0.0,0.0,12.61,12.2,2.0,2.0,-2.135,-1.81,0.425,0.48,6570.0,5864.0
12810.0,3.9500000000000455,143.0,129.0,77.0,84.0,0.0,0.0,11.18,9.97,2.0,2.0,-1.85,-1.64,0.37,0.53,6664.0,6003.0
12815.0,3.9750000000001364,144.0,132.0,76.0,83.0,0.0,0.0,9.265,7.39,2.0,2.0,-2.1550000000000002,-1.67,0.4,0.52,6679.0,6181.0
12820.0,3.9750000000000227,145.0,133.5,81.0,92.0,0.0,0.0,6.67,4.98,2.0,2.0,-1.49,-1.5299999999999998,0.36,0.53,6809.0,6187.5
12825.0,3.9750000000001364,147.0,136.0,88.5,94.0,0.0,0.0,3.825,2.7,2.0,2.0,-1.5699999999999998,-1.14,0.45999999999999996,0.56,6883.5,6426.0
12830.0,4.0,149.0,139.0,89.0,100.0,0.0,0.0,1.07,0.39,2.0,2.0,-1.28,-0.95,0.56,0.54,7010.0,6467.0
12835.0,4.025000000000205,150.0,141.5,90.0,100.0,0.0,0.0,0.73,0.5449999999999999,2.0,2.0,-0.9,-0.625,0.38,0.575,7147.0,6551.5
12840.0,4.025000000000091,150.5,144.0,90.5,92.0,0.0,0.0,0.62,1.76,2.0,2.0,-1.38,-0.48,0.44,0.33,7292.0,6954.0
12845.0,4.025000000000205,153.0,146.0,100.0,99.5,0.0,0.0,0.39,1.425,2.0,2.0,-1.12,-0.74,0.51,0.6299999999999999,7052.0,6764.0
12850.0,4.025000000000091,154.5,149.0,100.0,100.0,0.0,0.0,0.03,0.48,2.0,2.0,-0.87,-0.5,0.5449999999999999,0.53,7134.0,6916.0
12855.0,4.025000000000318,156.0,151.0,50.0,100.0,0.0,0.0,-0.92,0.05,2.0,2.0,-0.49,-0.44,0.195,0.55,6978.5,6871.0
12860.0,4.025000000000205,158.0,152.5,100.0,100.0,0.0,0.0,-2.51,-0.645,3.0,2.0,0.03,-0.2,0.45,0.565,5907.0,7040.5
12865.0,4.050000000000409,160.0,155.0,100.0,100.0,0.0,0.0,-3.41,-1.42,3.0,2.0,0.42,0.04,0.52,0.56,5934.0,7173.0
12870.0,4.025000000000091,161.5,157.0,100.0,100.0,0.0,0.0,-3.93,-1.48,3.0,2.0,0.7,0.18,0.505,0.48,6016.5,7146.0
12875.0,4.041666666666998,163.66666666666666,158.0,100.0,50.0,0.0,0.0,-4.15,-1.395,3.0,0.0,0.68,0.25,0.47000000000000003,0.36500000000000005,6127.333333333333,6493.0
12880.0,4.0499999999999545,165.0,160.0,100.0,100.0,0.0,0.0,-4.69,-1.56,3.0,3.0,0.91,0.24,0.5,0.44,6216.0,6001.0
12885.0,4.050000000000182,167.0,162.0,100.0,100.0,0.0,0.0,-4.37,-1.88,3.0,3.0,1.1,0.53,0.47,0.59,6248.0,6006.0
12890.0,4.066666666666833,169.0,164.0,100.0,100.0,0.0,0.0,-3.49,-1.83,3.0,3.0,0.84,0.3933333333333333,0.43,0.31,6305.0,6117.333333333333
12895.0,4.058333333333536,171.0,165.5,100.0,97.5,0.0,0.0,-3.05,-1.63,3.0,3.0,0.9466666666666667,0.325,0.53,0.33999999999999997,6382.0,6593.5
12900.0,4.050000000000296,172.5,166.5,100.0,99.5,0.0,0.0,-3.07,-1.6,3.0,3.0,0.935,0.45499999999999996,0.45,0.39,6504.5,6467.0
12905.0,4.058333333333394,174.0,168.66666666666666,100.0,97.0,0.0,0.0,-3.24,-1.6,3.0,3.0,0.73,0.53,0.43999999999999995,0.4766666666666667,6465.0,6582.0
12910.0,4.075000000000273,175.0,170.0,100.0,96.0,0.0,0.0,-4.359999999999999,-1.98,3.0,3.0,0.23500000000000001,0.35,-0.035,0.28,7239.5,6544.0
12915.0,4.066666666666691,176.33333333333334,172.0,96.66666666666667,100.0,0.0,0.0,-3.586666666666667,-2.38,3.0,3.0,1.1466666666666667,1.26,0.5566666666666666,0.34,6669.333333333333,6573.0
12920.0,4.066666666666919,177.66666666666666,173.0,100.0,100.0,0.0,0.0,-2.5300000000000002,-2.38,3.0,3.0,0.78,0.97,0.4333333333333333,0.41,6673.333333333333,6567.0
12925.0,4.066666666666919,179.0,175.0,100.0,100.0,0.0,0.0,-2.43,-2.36,3.0,3.0,0.8466666666666667,1.01,0.48333333333333334,0.49,6886.0,6632.0
12930.0,4.066666666666748,181.0,176.0,100.0,99.0,0.0,0.0,-2.06,-1.8,3.0,3.0,1.21,1.12,0.5,0.47,6763.0,6738.0
12935.0,4.083333333333627,182.66666666666666,178.33333333333334,100.0,100.0,0.0,0.0,-1.2966666666666666,0.47333333333333333,3.0,3.0,0.9966666666666667,1.0466666666666669,0.47333333333333333,0.44,6820.333333333333,6670.0
12940.0,4.083333333333343,184.0,179.33333333333334,100.0,100.0,0.0,0.0,-0.61,1.3133333333333332,3.0,3.0,0.9966666666666667,0.9133333333333333,0.47,0.52,6817.666666666667,6722.333333333333
12945.0,4.08333333333357,185.66666666666666,181.33333333333334,100.0,100.0,0.0,0.0,0.64,1.47,3.0,3.0,0.5166666666666666,0.6133333333333333,0.45,0.49333333333333335,6848.0,6684.666666666667
12950.0,4.091666666666924,187.5,183.33333333333334,100.0,100.0,0.0,0.0,1.225,1.7,3.0,3.0,0.135,-0.03666666666666665,0.46499999999999997,0.45666666666666667,6917.5,6763.0
12955.0,4.0750000000000455,188.5,184.0,100.0,100.0,0.0,0.0,1.26,1.15,3.0,3.0,-0.13,-0.23,0.44,0.44,6958.5,6794.0
12960.0,4.08333333333357,190.33333333333334,186.0,100.0,100.0,0.0,0.0,1.26,0.79,3.0,3.0,-0.27,-0.31,0.43333333333333335,0.43,7010.333333333333,6865.0
12965.0,4.0833333333334,191.33333333333334,188.0,100.0,100.0,0.0,0.0,1.3,0.95,3.0,3.0,-0.32,-0.31,0.39999999999999997,0.41,7085.666666666667,6928.0
12970.0,4.100000000000364,193.0,189.0,100.0,100.0,0.0,0.0,1.86,0.8,3.0,3.0,-0.39,-0.28,0.38,0.4,7135.0,6979.0
12975.0,4.100000000000364,194.0,190.0,100.0,100.0,0.0,0.0,2.63,1.33,3.0,3.0,-0.52,-0.31,0.36,0.42,7169.0,7059.0
12980.0,4.0833333333332575,195.0,191.66666666666666,100.0,100.0,0.0,0.0,2.71,2.08,3.0,3.0,-0.67,-0.42333333333333334,0.36,0.39,7214.0,7079.666666666667
12985.0,4.100000000000222,195.66666666666666,192.66666666666666,66.66666666666666,100.0,0.0,0.0,2.31,1.85,0.0,3.0,-0.6766666666666666,-0.5,0.37333333333333324,0.36666666666666664,6429.0,7125.333333333333
12990.0,4.10000000000025,196.5,194.0,100.0,100.0,0.0,0.0,1.735,1.145,4.0,3.0,-0.77,-0.505,0.37,0.35,5976.0,7172.5
12995.0,4.100000000000051,198.33333333333334,195.33333333333334,100.0,100.0,0.0,0.0,1.6066666666666667,0.8433333333333333,4.0,3.0,-0.68,-0.48333333333333334,0.38666666666666666,0.35,5985.333333333333,7192.0
13000.0,4.116666666666788,199.0,196.0,100.0,33.33333333333333,0.0,0.0,1.76,1.0533333333333332,4.0,0.0,-0.61,-0.42,0.36,-0.09333333333333334,6035.0,6910.666666666667
13005.0,4.100000000000136,200.0,197.0,100.0,100.0,0.0,0.0,2.17,1.66,4.0,4.0,-0.68,-0.45,0.38,0.51,6045.0,5885.0
13010.0,4.11666666666693,201.66666666666666,198.0,100.0,100.0,0.0,0.0,2.8600000000000003,3.15,4.0,4.0,-0.6933333333333334,-0.63,0.3466666666666667,0.35,6091.0,5980.0
13015.0,4.1000000000002785,202.66666666666666,199.0,100.0,100.0,0.0,0.0,4.016666666666667,3.5266666666666664,4.0,4.0,-0.87,-0.82,0.35000000000000003,0.35,6137.333333333333,6018.0
13020.0,4.108333333333377,204.0,200.5,98.0,85.5,0.0,0.0,4.98,3.835,4.0,4.0,-1.0266666666666666,-1.005,0.35000000000000003,0.32,6170.0,6040.0
13025.0,4.116666666667015,205.0,201.0,78.0,49.666666666666664,0.0,0.0,5.73,4.77,4.0,4.0,-1.13,-1.0733333333333335,0.27,0.19666666666666666,6182.0,6036.333333333333
13030.0,4.100000000000364,205.0,201.0,56.0,22.0,0.0,20.0,6.08,5.7,4.0,4.0,-1.3,-1.21,0.19,-0.19,6171.0,5982.0
13035.0,4.116666666666646,206.0,199.0,56.333333333333336,0.0,0.0,20.0,6.1066666666666665,5.77,4.0,4.0,-1.4733333333333334,-1.29,0.20333333333333334,-0.56,6203.333333333333,5843.0
13040.0,4.11666666666693,206.0,198.33333333333334,53.666666666666664,0.0,0.0,7.333333333333334,6.62,5.663333333333333,4.0,4.0,-1.66,-1.5266666666666666,0.20666666666666667,-0.3466666666666667,6192.333333333333,5832.666666666667
13045.0,4.133333333333667,207.0,197.0,41.0,0.0,0.0,0.0,8.17,6.05,4.0,4.0,-1.48,-1.53,0.14,-0.19666666666666666,6205.0,5816.0
13050.0,4.116666666666617,207.0,196.66666666666666,30.0,0.0,0.0,0.0,9.69,6.883333333333334,4.0,4.0,-1.13,-1.43,0.08,-0.19,6206.0,5793.666666666667
13055.0,4.133333333333496,207.0,195.66666666666666,30.333333333333332,0.0,0.0,0.0,11.206666666666667,8.246666666666666,4.0,4.0,-1.13,-1.1266666666666667,0.08666666666666667,-0.17333333333333334,6225.333333333333,5767.0
13060.0,4.13333333333361,207.0,195.0,35.666666666666664,2.0,0.0,0.0,12.086666666666666,9.19,4.0,4.0,-1.27,-1.03,0.10666666666666667,-0.14,6237.0,5760.0
13065.0,4.150000000000091,207.0,194.0,43.0,8.0,0.0,0.0,12.75,9.39,4.0,4.0,-1.73,-1.32,0.11,-0.06,6266.0,5775.0
13070.0,4.150000000000148,208.0,194.0,49.333333333333336,24.333333333333332,0.0,0.0,13.186666666666666,9.943333333333333,4.0,4.0,-1.87,-1.9233333333333333,0.16,0.0,6239.666666666667,5781.666666666667
13075.0,4.150000000000148,208.0,194.0,46.333333333333336,32.666666666666664,0.0,0.0,13.36,10.623333333333333,4.0,4.0,-2.283333333333333,-1.6966666666666668,0.13333333333333333,0.016666666666666666,6263.666666666667,5794.333333333333
13080.0,4.1583333333334735,208.0,194.0,48.333333333333336,46.0,0.0,0.0,13.36,11.309999999999999,4.0,4.0,-2.2966666666666664,-2.03,0.14333333333333334,0.085,6258.333333333333,5800.5
13085.0,4.1666666666667425,208.0,194.0,50.0,66.33333333333333,0.0,0.0,13.35,11.803333333333333,4.0,4.0,-3.05,-2.02,0.19,0.06666666666666667,6231.0,5849.333333333333
13090.0,4.183333333333508,208.0,194.0,51.333333333333336,89.66666666666667,0.0,0.0,13.293333333333333,11.49,4.0,4.0,-2.6466666666666665,-2.506666666666667,0.006666666666666654,0.07999999999999999,6230.666666666667,5804.666666666667
13095.0,4.175000000000182,208.0,194.0,48.5,82.0,0.0,0.0,12.775,10.65,4.0,4.0,-2.0149999999999997,-2.17,0.135,0.17,6287.0,5884.0
13100.0,4.183333333333451,208.0,194.0,48.666666666666664,78.0,0.0,0.0,11.893333333333334,8.81,4.0,4.0,-2.283333333333333,-1.6,0.13333333333333333,0.14,6250.666666666667,5960.0
13105.0,4.200000000000273,208.0,195.0,48.0,86.0,0.0,0.0,10.93,6.96,4.0,4.0,-2.33,-2.05,0.14,0.37,6249.0,5953.0
13110.0,4.200000000000216,208.0,195.0,47.0,95.66666666666667,0.0,0.0,9.66,5.62,4.0,4.0,-1.9533333333333334,-1.8933333333333335,0.13666666666666666,0.33666666666666667,6246.333333333333,5934.666666666667
13115.0,4.208333333333428,208.0,196.0,32.0,100.0,0.0,0.0,7.9399999999999995,4.07,4.0,4.0,-1.7233333333333334,-1.475,0.10333333333333333,0.345,6241.333333333333,5996.5
13120.0,4.200000000000216,207.0,197.33333333333334,5.333333333333334,100.0,0.0,0.0,5.72,3.3866666666666667,4.0,4.0,-1.6333333333333333,-1.4,-0.07333333333333333,0.37333333333333335,6129.0,5991.666666666667
13125.0,4.216666666666924,206.0,198.33333333333334,0.0,100.0,0.0,0.0,3.54,2.46,4.0,4.0,-1.26,-1.1066666666666667,-0.18,0.33666666666666667,6075.0,6014.333333333333
13130.0,4.2166666666668675,205.33333333333334,199.0,0.0,93.0,18.0,0.0,2.1,1.36,4.0,4.0,-1.0966666666666667,-0.96,-0.39666666666666667,0.39,6034.333333333333,6023.0
13135.0,4.225000000000136,203.5,200.0,0.0,53.0,42.5,0.0,0.925,0.15,4.0,4.0,-0.845,-0.65,-0.755,0.24,5952.5,6042.0
13140.0,4.2166666666668675,200.66666666666666,199.33333333333334,0.0,12.333333333333336,50.666666666666664,43.666666666666664,0.4966666666666667,-0.9166666666666666,4.0,4.0,-0.42,-0.32,-0.9433333333333334,-0.6066666666666667,5804.333333333333,5870.666666666667
13145.0,4.225000000000364,197.0,197.0,0.0,0.0,54.0,66.5,-0.15,-1.505,4.0,4.0,-0.37,-0.020000000000000004,-1.07,-1.225,5744.0,5531.0
13150.0,4.216666666666697,194.0,191.33333333333334,0.0,46.0,57.0,72.0,-1.57,-1.8,0.0,0.0,0.03,0.27,-1.01,-1.29,6786.0,6586.0
13155.0,4.216666666666697,189.0,187.33333333333334,0.0,0.0,60.0,72.66666666666667,-2.78,-2.72,3.0,3.0,0.29,0.39333333333333337,-1.23,-1.41,6703.0,6491.333333333333
13160.0,4.233333333333633,185.66666666666666,182.0,0.0,0.0,60.0,70.66666666666667,-4.153333333333333,-4.083333333333333,3.0,3.0,0.64,0.76,-1.2566666666666666,-1.4166666666666665,6577.333333333333,6363.0
13165.0,4.233333333333519,181.66666666666666,177.33333333333334,0.0,0.0,59.333333333333336,65.66666666666667,-5.766666666666667,-5.0633333333333335,3.0,3.0,0.8,0.9633333333333333,-1.0966666666666667,-1.32,6449.0,6230.666666666667
13170.0,4.233333333333576,177.66666666666666,172.33333333333334,0.0,0.0,45.0,59.333333333333336,-7.973333333333333,-6.236666666666667,3.0,3.0,1.5366666666666666,0.8866666666666666,-1.1333333333333333,-1.1400000000000001,6195.666666666667,5972.666666666667
13175.0,4.225000000000023,174.0,168.0,0.0,0.0,9.0,47.0,-9.22,-7.34,3.0,3.0,1.35,1.255,-0.57,-0.97,6133.0,5900.0
13180.0,4.225000000000023,173.0,164.5,0.0,0.0,0.0,40.5,-11.96,-8.43,3.0,3.0,1.0,1.045,-0.15,-0.76,6068.0,5788.5
13185.0,4.250000000000227,172.0,161.0,0.0,0.0,0.0,26.0,-12.19,-9.73,3.0,3.0,1.57,1.57,-0.15,-0.73,5948.0,5669.0
13190.0,4.250000000000227,171.0,159.0,0.0,0.0,0.0,5.0,-12.16,-10.88,3.0,3.0,1.68,1.72,-0.18,-0.3,6096.0,5699.0
13195.0,4.258333333333724,169.66666666666666,158.0,10.666666666666666,0.0,0.0,0.0,-13.486666666666666,-12.16,3.0,3.0,2.4166666666666665,2.01,-0.12000000000000001,-0.19,6116.333333333333,5677.5
13200.0,4.258333333333439,168.0,157.0,16.5,2.0,0.0,0.0,-15.05,-13.253333333333332,3.0,3.0,2.185,2.046666666666667,-0.095,-0.19,6107.0,5659.666666666667
13205.0,4.275000000000318,167.5,156.0,16.0,17.0,0.0,0.0,-15.945,-14.17,3.0,3.0,1.405,1.8,-0.03,-0.04,6098.5,5681.0
13210.0,4.291666666666686,167.0,155.5,16.666666666666668,40.0,0.0,0.0,-16.2,-14.985,3.0,3.0,1.8266666666666667,1.69,-0.05,0.07,6070.333333333333,5718.5
13215.0,4.275000000000091,166.0,156.0,15.0,55.0,0.0,0.0,-16.39,-15.0,3.0,3.0,1.18,1.4500000000000002,-0.03,0.135,6054.0,5747.0
13220.0,4.300000000000182,166.0,156.0,16.0,68.0,0.0,0.0,-17.16,-14.98,3.0,3.0,1.42,1.32,-0.02,0.19,6037.0,5829.0
13225.0,4.300000000000182,166.0,157.0,18.0,76.0,0.0,0.0,-17.349999999999998,-13.87,3.0,3.0,1.59,1.4466666666666665,-0.016666666666666666,0.24000000000000002,6035.666666666667,5855.333333333333
13230.0,4.300000000000296,165.0,157.5,17.5,80.0,0.0,0.0,-16.585,-11.925,3.0,3.0,1.6949999999999998,1.565,-0.035,0.31,6016.0,5878.5
13235.0,4.316666666666777,165.0,159.0,14.333333333333334,81.0,0.0,0.0,-15.573333333333334,-8.88,3.0,3.0,1.84,1.61,-0.04666666666666667,0.41,5988.666666666667,5927.0
13240.0,4.300000000000409,164.0,160.0,13.0,88.0,0.0,0.0,-14.12,-6.64,3.0,3.0,1.59,1.73,-0.04,0.48,5970.0,5993.0
13245.0,4.324999999999932,164.0,161.5,19.0,96.0,0.0,0.0,-12.4,-3.9349999999999996,3.0,3.0,1.8,1.46,0.0,0.315,5961.0,6240.0
13250.0,4.3083333333335645,164.0,162.5,50.333333333333336,88.5,0.0,0.0,-8.99,-1.9300000000000002,3.0,3.0,1.7533333333333334,1.4100000000000001,0.09999999999999999,0.45,6001.333333333333,6696.5
13255.0,4.3250000000000455,164.0,164.0,64.0,77.0,0.0,0.0,-7.275,0.96,3.0,3.0,1.56,1.01,0.15000000000000002,0.46,6022.5,6634.0
13260.0,4.325000000000273,164.0,166.0,72.5,77.0,0.0,0.0,-5.83,1.65,3.0,3.0,1.395,0.91,0.20500000000000002,0.31,6055.0,6241.0
13265.0,4.300000000000182,165.0,167.0,74.0,79.0,0.0,0.0,-2.5,2.5,3.0,3.0,1.28,0.63,0.25,0.44,6084.0,6271.0
13270.0,4.31666666666689,166.0,169.33333333333334,73.0,74.66666666666667,0.0,0.0,1.21,6.076666666666667,3.0,3.0,0.73,0.14666666666666672,0.27,0.4666666666666667,6087.0,6181.666666666667
13275.0,4.3250000000003865,167.0,170.5,73.0,61.5,0.0,0.0,4.24,8.765,3.0,3.0,0.08,-0.73,0.33,0.27,6137.0,6346.0
13280.0,4.308333333333337,168.33333333333334,171.5,72.33333333333333,51.5,0.0,0.0,5.783333333333333,9.649999999999999,3.0,3.0,-0.6333333333333333,-1.345,0.32333333333333336,0.32999999999999996,6202.0,6363.0
13285.0,4.308333333333621,169.5,172.0,53.5,47.666666666666664,0.0,0.0,7.885,10.446666666666667,3.0,3.0,-0.89,-1.3733333333333333,0.32499999999999996,0.23333333333333334,6260.0,6383.666666666667
13290.0,4.308333333333394,170.0,173.0,9.5,45.0,0.0,0.0,11.02,10.903333333333332,3.0,3.0,-1.045,-1.16,0.0050000000000000044,0.26666666666666666,6174.0,6454.0
13295.0,4.31666666666689,170.0,174.0,0.0,44.0,0.0,0.0,13.653333333333334,10.56,3.0,3.0,-1.6433333333333333,-1.26,-0.16666666666666666,0.26,6113.0,6500.0
13300.0,4.300000000000182,168.0,174.0,0.0,44.0,0.0,0.0,14.33,10.58,3.0,3.0,-2.49,-1.82,-0.41,0.2,6071.0,6454.0
13305.0,4.300000000000182,167.0,175.0,0.0,46.0,0.0,0.0,15.4,10.39,3.0,3.0,-0.8,-1.7,-0.08,0.3,5960.0,6424.0
13310.0,4.300000000000409,167.0,175.0,0.0,45.0,0.0,0.0,15.17,10.86,3.0,3.0,-0.58,-0.93,-0.1,0.08,5769.0,6731.0
13315.0,4.275000000000091,165.0,176.0,3.0,35.0,0.0,0.0,14.705,12.91,3.0,3.0,-2.965,-1.44,-0.365,0.05,5891.5,6772.0
13320.0,4.275000000000318,163.5,176.0,28.5,20.0,0.0,0.0,14.315000000000001,11.99,3.0,3.0,-2.175,-1.93,-0.015,0.26,5992.0,6953.0
13325.0,4.25,163.0,177.0,59.0,21.0,0.0,0.0,13.95,11.37,3.0,3.0,-0.8,-1.71,0.08,0.12,6380.0,6458.0
13330.0,4.266666666666708,164.0,176.0,79.0,22.666666666666668,0.0,0.0,13.54,11.813333333333334,3.0,3.0,-3.89,-0.7966666666666666,0.11,0.04,6039.0,6774.0
13335.0,4.266666666666879,163.0,174.66666666666666,85.0,30.0,0.0,0.0,11.61,11.236666666666666,3.0,3.0,-1.42,-3.4433333333333334,0.3,-1.28,6034.0,6446.666666666667
13340.0,4.241666666666788,164.5,174.33333333333334,87.5,45.666666666666664,0.0,0.0,11.06,10.06,3.0,3.0,-1.63,-1.1099999999999999,0.47,0.17333333333333334,6134.5,6472.333333333333
13345.0,4.250000000000341,165.5,175.0,88.0,69.0,0.0,0.0,10.39,9.440000000000001,3.0,3.0,-1.595,-1.625,0.475,0.3,6200.5,6542.5
13350.0,4.241666666666845,167.0,176.5,88.0,87.0,0.0,0.0,10.25,8.125,3.0,3.0,-1.7433333333333334,-1.685,0.45333333333333337,0.42,6247.666666666667,6550.5
13355.0,4.225000000000364,169.0,177.5,81.0,91.5,0.0,0.0,10.45,7.91,3.0,3.0,-1.33,-1.3,0.31,0.4,6338.0,6623.5
13360.0,4.225000000000023,170.0,179.0,81.0,88.0,0.0,0.0,9.6,8.06,3.0,3.0,-1.9,-1.49,0.42,0.41000000000000003,6360.0,6721.0
13365.0,4.225000000000023,171.0,180.0,86.0,97.0,0.0,0.0,7.32,6.41,3.0,3.0,-1.94,-1.815,0.43,0.46499999999999997,6386.0,6703.0
13370.0,4.208333333333542,172.33333333333334,181.5,97.33333333333333,100.0,0.0,0.0,4.076666666666666,3.925,3.0,3.0,-1.4333333333333333,-1.4449999999999998,0.51,0.46499999999999997,6519.666666666667,6757.5
13375.0,4.208333333333542,174.0,183.0,98.33333333333333,100.0,0.0,0.0,2.0533333333333332,2.5549999999999997,3.0,3.0,-1.1066666666666667,-1.015,0.36333333333333334,0.395,6681.333333333333,6859.5
13380.0,4.200000000000273,175.5,184.5,100.0,100.0,0.0,0.0,-0.8049999999999999,1.9049999999999998,3.0,3.0,-1.5750000000000002,-1.14,0.665,0.435,6584.5,6977.5
13385.0,4.200000000000159,177.5,186.0,100.0,100.0,0.0,0.0,-2.84,1.06,3.0,3.0,-0.895,-1.255,0.495,0.46499999999999997,6567.5,6860.0
13390.0,4.191666666666833,179.5,187.33333333333334,100.0,100.0,0.0,0.0,-3.605,0.43666666666666665,3.0,3.0,-0.14,-0.7033333333333333,0.56,0.41333333333333333,6660.0,6992.0
13395.0,4.191666666666833,181.0,189.0,100.0,100.0,0.0,0.0,-2.8899999999999997,0.41,3.0,3.0,0.31,-0.7166666666666667,0.49,0.48,6683.5,6960.333333333333
13400.0,4.175000000000182,182.5,190.0,100.0,100.0,0.0,0.0,-1.71,0.39,3.0,3.0,0.525,-0.49,0.485,0.44,6748.0,7009.0
13405.0,4.175000000000182,184.5,192.0,100.0,100.0,0.0,0.0,-1.15,0.13,3.0,3.0,0.36,-0.33,0.4,0.44,6835.0,7046.0
13410.0,4.183333333333451,185.33333333333334,193.0,100.0,100.0,0.0,0.0,-1.23,-1.48,3.0,3.0,0.4066666666666667,-0.09,0.4766666666666667,0.25,6968.333333333333,7189.0
13415.0,4.183333333333451,187.33333333333334,194.0,100.0,100.0,0.0,0.0,-1.0166666666666666,-1.73,3.0,3.0,0.49,0.08,0.45333333333333337,0.33,6938.666666666667,7155.0
13420.0,4.166666666666856,189.33333333333334,195.66666666666666,100.0,100.0,0.0,0.0,0.43666666666666665,-1.3266666666666667,3.0,3.0,0.31333333333333335,0.29000000000000004,0.4633333333333333,0.35666666666666663,6968.666666666667,7197.333333333333
13425.0,4.175000000000296,191.0,196.5,61.0,100.0,0.0,0.0,2.13,-0.42,3.0,3.0,-0.08,0.29500000000000004,0.28,0.35,6974.0,7216.0
13430.0,4.16666666666697,191.0,197.33333333333334,4.0,100.0,0.0,0.0,2.0,0.6666666666666666,3.0,3.0,-0.33,0.12333333333333335,-0.02,0.32333333333333336,6885.0,7257.666666666667
13435.0,4.150000000000091,189.0,199.0,0.0,82.0,46.0,0.0,1.23,1.03,3.0,3.0,-0.41,-0.04,-0.85,0.24,6788.0,7244.0
13440.0,4.150000000000091,185.0,199.0,0.0,22.0,57.0,0.0,1.31,1.0,3.0,3.0,-0.44,-0.19,-1.24,0.02,6629.0,7229.0
13445.0,4.133333333333439,180.0,197.33333333333334,0.0,0.0,66.0,45.33333333333333,2.02,1.44,3.0,3.0,-0.47,-0.3166666666666667,-1.42,-1.0366666666666666,6444.0,7077.0
13450.0,4.133333333333667,175.0,192.66666666666666,0.0,0.0,68.0,62.333333333333336,3.69,2.4166666666666665,3.0,3.0,-0.66,-0.5,-1.46,-1.41,6236.0,6892.333333333333
13455.0,4.125000000000341,170.0,188.0,0.0,0.0,67.0,69.5,5.42,4.02,3.0,3.0,-0.95,-0.725,-1.48,-1.51,5979.0,6679.5
13460.0,4.125,164.0,182.5,69.0,0.0,66.0,68.5,5.96,5.300000000000001,0.0,3.0,-1.44,-1.1400000000000001,-1.5,-1.6099999999999999,6894.0,6464.5
13465.0,4.10000000000025,158.0,176.5,0.0,0.0,58.0,58.0,6.915,5.42,2.0,3.0,-1.53,-1.51,-1.44,-1.4700000000000002,6920.0,6310.0
13470.0,4.0833333333332575,153.0,171.66666666666666,0.0,69.0,39.0,47.333333333333336,7.54,5.433333333333334,2.0,0.0,-1.55,-1.5,-1.05,-1.1166666666666667,6696.0,6827.666666666667
13475.0,4.100000000000136,149.0,167.0,0.0,0.0,25.0,38.0,7.37,6.24,2.0,2.0,-1.43,-1.54,-0.76,-0.92,6546.0,7295.0
13480.0,4.0750000000000455,146.5,164.0,0.0,0.0,17.0,36.0,7.95,7.45,2.0,2.0,-0.925,-1.07,-0.545,-0.89,6356.0,7159.0
13485.0,4.066666666666833,144.0,160.33333333333334,0.0,0.0,9.0,35.666666666666664,9.44,9.969999999999999,2.0,2.0,-1.8,-0.95,-0.5,-0.86,6290.0,6550.333333333333
13490.0,4.050000000000068,141.5,156.0,0.0,0.0,6.5,27.0,10.135,10.545,2.0,2.0,-1.63,-2.11,-0.41500000000000004,-0.9949999999999999,6245.5,6705.0
13495.0,4.025000000000318,139.5,152.0,0.0,0.0,0.5,23.0,11.23,11.15,2.0,2.0,-1.625,-1.31,-0.3,-0.61,6145.0,6483.0
13500.0,4.024999999999977,138.0,149.0,0.0,0.0,0.0,18.5,11.35,12.065,2.0,2.0,-1.55,-1.7850000000000001,-0.27,-0.685,6091.0,6336.5
13505.0,4.025000000000318,137.0,146.0,19.0,0.0,0.0,0.0,11.125,11.62,2.0,2.0,-1.67,-1.7,-0.065,-0.31,6125.0,6288.0
13510.0,4.024999999999977,136.0,143.5,45.0,4.5,0.0,0.0,10.64,12.84,2.0,2.0,-1.52,-2.135,0.02,-0.215,6144.0,6305.5
13515.0,4.000000000000455,137.0,142.0,54.0,9.0,0.0,0.0,10.52,14.95,2.0,2.0,-1.31,-1.47,0.1,-0.13,6181.0,6290.0
13520.0,4.000000000000114,137.0,140.5,56.0,21.5,0.0,0.0,9.2,14.875,2.0,2.0,-1.505,-1.65,0.16,-0.075,6222.0,6304.0
13525.0,4.000000000000455,137.0,139.0,59.0,38.0,0.0,0.0,9.03,13.15,2.0,2.0,-0.85,-1.59,0.06,0.03,6363.0,6286.0
13530.0,4.000000000000114,137.0,138.0,48.5,50.0,0.0,0.0,9.379999999999999,13.23,2.0,2.0,-0.89,-1.645,0.075,0.09,7168.5,6328.0
13535.0,3.975000000000364,137.0,138.0,44.0,69.0,0.0,0.0,8.01,12.5,2.0,2.0,-1.06,-1.7,0.12,0.11,7132.5,6406.0
13540.0,4.000000000000227,138.0,139.0,48.0,80.0,0.0,0.0,7.48,12.01,2.0,2.0,-1.09,-1.34,0.23,0.21,7124.0,6371.0
13545.0,4.000000000000341,139.0,140.0,63.5,72.0,0.0,0.0,7.83,11.274999999999999,2.0,2.0,-1.405,-1.35,0.29000000000000004,0.29000000000000004,6719.5,6383.0
13550.0,4.000000000000227,141.0,141.0,78.0,62.0,0.0,0.0,6.86,9.5,2.0,2.0,-1.65,-1.43,0.42,0.32,6463.0,6457.0
13555.0,4.000000000000341,142.0,142.0,85.0,58.0,0.0,0.0,5.7,9.015,2.0,2.0,-1.52,-1.42,0.5,0.29000000000000004,6652.5,6514.0
13560.0,3.9750000000001364,144.0,143.0,84.5,65.0,0.0,0.0,3.73,6.94,2.0,2.0,-1.05,-1.4,0.33,0.36,7003.0,6563.0
13565.0,3.97500000000025,146.0,144.5,94.0,73.5,0.0,0.0,0.93,4.3100000000000005,2.0,2.0,-1.6,-0.9,0.61,0.29000000000000004,6750.0,6855.0
13570.0,4.000000000000227,148.0,147.0,94.0,94.0,0.0,0.0,-1.26,1.78,2.0,2.0,-0.86,-1.54,0.46,0.63,6955.0,6800.0
13575.0,4.000000000000341,149.5,148.5,90.5,91.5,0.0,0.0,-2.16,0.8049999999999999,2.0,2.0,-0.73,-0.7050000000000001,0.46,0.29500000000000004,7217.5,7133.5
13580.0,4.000000000000227,151.0,150.0,98.0,90.0,0.0,0.0,-1.89,-0.21,2.0,2.0,-0.69,-0.95,0.56,0.61,7194.0,7063.0
13585.0,3.9916666666670153,153.5,151.33333333333334,98.5,95.0,0.0,0.0,-0.445,-1.8499999999999999,2.0,2.0,-0.515,-0.6733333333333333,0.45499999999999996,0.32,7212.0,7205.666666666667
13590.0,3.9916666666668448,155.66666666666666,153.0,100.0,96.5,0.0,0.0,-0.25666666666666665,-2.75,2.0,2.0,-0.4033333333333333,-0.615,0.5266666666666667,0.535,7151.666666666667,7223.5
13595.0,4.000000000000455,156.0,156.0,88.0,100.0,0.0,0.0,-0.37,-3.08,3.0,2.0,-0.07,-0.26,0.57,0.55,6231.0,7122.0
13600.0,4.000000000000057,159.33333333333334,157.33333333333334,100.0,100.0,0.0,0.0,-0.2966666666666667,-0.5766666666666667,3.0,2.0,-0.05333333333333333,-0.003333333333333334,0.5666666666666667,0.37333333333333335,5968.666666666667,7314.333333333333
13605.0,4.000000000000227,161.5,158.0,100.0,35.5,0.0,0.0,0.015,1.2,3.0,0.0,-0.03,0.015,0.575,0.035,6041.0,6876.5
13610.0,4.016666666666708,163.66666666666666,160.0,100.0,100.0,0.0,0.0,0.49,1.67,3.0,3.0,-0.06666666666666667,-0.12,0.5633333333333334,0.55,6087.0,5987.0
13615.0,4.0,166.0,162.0,100.0,100.0,0.0,0.0,0.17,1.4,3.0,3.0,-0.06,-0.3,0.55,0.56,6161.0,6021.0
13620.0,4.016666666666879,168.0,164.33333333333334,100.0,100.0,0.0,0.0,-0.12,0.33666666666666667,3.0,3.0,-0.05,-0.33,0.6,0.6466666666666667,6250.0,6175.333333333333
13625.0,4.008333333333496,170.0,167.0,100.0,100.0,0.0,0.0,-0.06333333333333332,0.255,3.0,3.0,-0.003333333333333333,-0.185,0.49,0.52,6515.0,6316.5
13630.0,4.008333333333724,172.33333333333334,168.5,100.0,100.0,0.0,0.0,-0.4933333333333333,0.395,3.0,3.0,-0.02666666666666667,-0.19,0.6133333333333334,0.5700000000000001,6364.333333333333,6429.0
13635.0,4.008333333333439,174.0,170.66666666666666,100.0,100.0,0.0,0.0,-0.95,0.12,3.0,3.0,0.095,-0.2733333333333333,0.5449999999999999,0.5700000000000001,6469.5,6327.0
13640.0,4.025000000000318,176.5,173.0,100.0,100.0,0.0,0.0,-0.91,-0.33,3.0,3.0,0.18,-0.15,0.55,0.51,6516.0,6442.0
13645.0,4.025000000000091,178.0,175.0,100.0,100.0,0.0,0.0,-0.98,-0.65,3.0,3.0,0.245,-0.01,0.535,0.53,6597.0,6477.0
13650.0,4.025000000000091,179.5,177.0,100.0,100.0,0.0,0.0,-1.31,-0.79,3.0,3.0,0.32,0.11,0.545,0.53,6658.0,6582.0
13655.0,4.025000000000318,181.5,179.0,69.5,98.0,0.0,0.0,-1.7850000000000001,-1.79,3.0,3.0,0.345,0.25,0.4,0.53,6714.5,6602.0
13660.0,4.025000000000091,182.5,180.0,10.5,52.0,25.5,0.0,-1.905,-2.93,3.0,3.0,0.49,0.45,-0.26,0.33,6557.0,6646.0
13665.0,4.025000000000318,180.0,179.0,0.0,0.0,63.5,58.0,-2.73,-2.6,3.0,3.0,0.495,0.6,-1.045,-1.08,6365.5,6398.0
13670.0,4.025000000000091,174.5,176.0,0.0,0.0,75.0,74.0,-4.085,-2.66,3.0,3.0,0.655,0.53,-1.375,-1.24,6141.5,6116.0
13675.0,4.016666666666708,169.66666666666666,170.0,0.0,0.0,75.0,76.0,-4.766666666666667,-3.43,3.0,3.0,0.6866666666666666,0.65,-1.3433333333333333,-1.43,5880.0,5875.0
13680.0,4.016666666666879,164.0,165.0,0.0,0.0,73.0,75.66666666666667,-5.14,-4.25,3.0,3.0,0.95,0.7333333333333333,-1.39,-1.3366666666666667,5584.0,5601.333333333333
13685.0,4.025000000000205,160.0,159.0,0.0,0.0,70.0,75.5,-5.54,-4.605,3.0,3.0,1.1,0.94,-1.24,-1.45,5510.0,5285.5
13690.0,4.025000000000318,154.0,153.0,55.0,0.0,65.0,75.0,-6.395,-4.61,0.0,3.0,1.28,0.97,-1.1600000000000001,-1.25,6182.5,5218.0
13695.0,4.025000000000205,148.0,147.0,0.0,17.0,52.0,65.5,-7.11,-4.845,2.0,0.0,1.27,1.2850000000000001,-1.09,-1.205,6347.0,6237.0
13700.0,4.025000000000318,144.5,142.0,0.0,0.0,34.0,40.0,-7.625,-5.77,2.0,2.0,1.255,1.13,-0.74,-0.88,6214.0,6187.0
13705.0,4.025000000000205,142.0,139.0,0.0,0.0,17.0,30.0,-7.82,-7.17,2.0,2.0,1.38,1.24,-0.41,-0.665,6185.0,6065.5
13710.0,4.025000000000318,139.5,136.0,0.0,0.0,15.0,19.0,-9.035,-9.16,2.0,2.0,1.605,1.37,-0.4,-0.47,6143.5,5987.0
13715.0,4.050000000000182,138.0,134.0,0.0,0.0,15.0,15.0,-11.07,-11.47,2.0,2.0,1.5,1.61,-0.38,-0.42,6061.0,5877.0
13720.0,4.050000000000296,136.0,132.0,0.0,0.0,8.5,6.0,-12.545,-13.355,2.0,2.0,1.42,1.4849999999999999,-0.31,-0.23,5978.0,5827.0
13725.0,4.025000000000091,135.0,131.0,5.5,0.0,0.0,1.0,-13.865,-15.33,2.0,2.0,1.77,1.47,-0.125,-0.16,5987.5,5759.0
13730.0,4.050000000000182,135.0,130.0,26.0,0.0,0.0,0.0,-15.41,-16.94,2.0,2.0,1.81,1.87,0.08,-0.14,6035.0,5737.0
13735.0,4.050000000000182,135.0,129.0,39.0,13.0,0.0,0.0,-16.87,-18.01,2.0,2.0,1.86,1.69,0.13,0.02,6078.0,5769.0
13740.0,4.050000000000068,135.0,129.0,60.0,28.5,0.0,0.0,-16.84,-18.08,2.0,2.0,2.04,2.125,0.19,0.08,6133.5,5800.5
13745.0,4.075000000000159,136.0,129.0,69.0,40.0,0.0,0.0,-16.39,-18.075,2.0,2.0,2.14,1.9,0.26,0.125,6167.0,5841.0
13750.0,4.0750000000000455,137.0,129.0,67.5,52.0,0.0,0.0,-15.43,-17.73,2.0,2.0,1.79,1.95,0.295,0.19,6251.5,5863.0
13755.0,4.075000000000273,138.0,130.0,67.0,57.0,0.0,0.0,-13.865,-15.08,2.0,2.0,1.7349999999999999,1.8,0.37,0.26,6313.5,5969.0
13760.0,4.099999999999909,140.0,131.0,64.0,63.0,0.0,0.0,-11.82,-11.87,2.0,2.0,1.79,1.44,0.43,0.36,6498.0,6014.0
13765.0,4.10000000000025,141.0,132.5,66.5,61.5,0.0,0.0,-9.775,-11.04,2.0,2.0,1.62,1.605,0.405,0.355,6502.0,6098.0
13770.0,4.099999999999909,143.0,134.0,69.0,64.0,0.0,0.0,-7.06,-10.78,2.0,2.0,1.63,1.52,0.46,0.39,6627.0,6139.0
13775.0,4.125000000000227,144.5,136.0,74.0,64.0,0.0,0.0,-5.765000000000001,-10.48,2.0,2.0,1.5350000000000001,1.61,0.505,0.43,6692.0,6284.0
13780.0,4.125,146.0,137.5,69.0,61.5,0.0,0.0,-8.0,-8.67,2.0,2.0,1.17,1.5,0.39,0.435,6915.0,6366.5
13785.0,4.125000000000227,148.0,139.0,67.0,61.0,0.0,0.0,-9.379999999999999,-6.63,2.0,2.0,1.73,1.15,0.51,0.46,6862.5,6503.0
13790.0,4.125,149.0,141.0,0.0,67.5,0.0,0.0,-8.69,-3.88,0.0,2.0,1.56,1.57,0.0,0.555,6527.0,6584.5
13795.0,4.125000000000227,150.5,143.0,69.5,72.0,0.0,0.0,-7.390000000000001,-0.4,3.0,2.0,1.4,1.32,0.49,0.51,5688.5,6680.0
13800.0,4.141666666666708,151.66666666666666,145.5,73.33333333333333,77.0,0.0,0.0,-6.373333333333333,0.81,3.0,2.0,1.29,1.065,0.5166666666666667,0.52,5740.333333333333,6731.0
13805.0,4.150000000000091,154.0,147.0,74.0,79.0,0.0,0.0,-6.64,-0.07,3.0,2.0,1.5,0.72,0.5,0.6,5769.0,6725.0
13810.0,4.150000000000091,155.5,149.5,76.0,78.5,0.0,0.0,-7.55,-3.865,3.0,2.0,1.31,0.62,0.495,0.565,5806.5,6867.0
13815.0,4.166666666666799,157.0,152.0,73.33333333333333,68.0,0.0,0.0,-7.99,-7.05,3.0,2.0,1.4566666666666666,0.86,0.5066666666666667,0.49,5888.0,6884.0
13820.0,4.175000000000182,159.0,153.5,70.0,51.0,0.0,0.0,-8.8,-9.205,3.0,2.0,1.54,1.25,0.45,0.4,5908.0,6994.5
13825.0,4.158333333333587,160.33333333333334,155.0,66.0,49.5,0.0,0.0,-11.11,-10.01,3.0,2.0,1.54,1.51,0.43333333333333335,0.375,5986.666666666667,7043.0
13830.0,4.175000000000182,162.0,156.0,60.0,52.0,0.0,0.0,-11.69,-9.29,3.0,2.0,1.7999999999999998,1.42,0.385,0.33,6019.5,7115.0
13835.0,4.1833333333335645,163.0,157.33333333333334,57.0,62.0,0.0,0.0,-11.663333333333334,-7.003333333333334,3.0,3.0,1.99,1.74,0.38333333333333336,0.17333333333333334,6050.0,6343.0
13840.0,4.175000000000296,164.0,158.5,59.0,67.0,0.0,0.0,-10.57,-6.845000000000001,3.0,3.0,1.75,1.69,0.36,0.44,6114.0,5876.0
13845.0,4.2000000000000455,165.0,160.0,64.0,68.0,0.0,0.0,-8.2,-8.55,3.0,3.0,1.37,1.65,0.42,0.42,6126.0,5963.0
13850.0,4.183333333333451,166.33333333333334,162.0,64.66666666666667,70.0,0.0,0.0,-6.489999999999999,-8.75,3.0,3.0,1.6533333333333333,1.19,0.41000000000000003,0.49,6303.666666666667,5954.0
13855.0,4.191666666666833,168.0,163.33333333333334,61.0,66.66666666666667,0.0,0.0,-4.725,-7.7,3.0,3.0,2.1100000000000003,1.6833333333333333,0.41500000000000004,0.49,6182.0,6134.0
13860.0,4.200000000000159,169.0,164.5,13.5,75.0,0.0,0.0,-2.65,-5.67,3.0,3.0,1.345,1.9699999999999998,0.11499999999999999,0.44,6093.0,6069.5
13865.0,4.200000000000273,168.33333333333334,166.0,0.0,70.33333333333333,14.666666666666666,0.0,-0.65,-3.08,3.0,3.0,0.8433333333333334,1.2766666666666666,-0.3133333333333333,0.42,6053.333333333333,6140.0
13870.0,4.200000000000273,165.0,168.0,69.0,42.0,56.0,0.0,1.98,-1.49,0.0,3.0,0.13,0.98,-0.91,0.31,6125.0,6145.0
13875.0,4.200000000000273,161.0,167.0,34.0,3.0,64.0,37.0,2.32,-0.17,0.0,3.0,-0.15,0.6,-1.13,-0.6,7064.0,6000.0
13880.0,4.175000000000182,156.0,164.0,0.0,0.0,53.5,58.0,2.2800000000000002,1.31,2.0,3.0,-0.41500000000000004,0.16,-1.05,-1.13,6761.5,5818.0
13885.0,4.175000000000296,152.0,158.0,0.0,0.0,42.0,66.0,3.55,2.585,2.0,0.0,-0.72,-0.255,-0.91,-1.1749999999999998,6623.0,6831.0
13890.0,4.2000000000000455,149.0,153.0,0.0,0.0,33.0,63.0,5.25,4.08,2.0,2.0,-0.74,-0.78,-0.71,-1.43,6518.0,6626.0
13895.0,4.175000000000182,146.5,148.0,0.0,0.0,21.0,55.0,7.355,5.88,2.0,2.0,-0.75,-0.75,-0.44,-1.09,6387.0,6454.0
13900.0,4.175000000000068,144.0,144.5,0.0,0.0,12.0,44.0,9.97,8.03,2.0,2.0,-0.96,-0.635,-0.38,-0.71,6261.0,6185.0
13905.0,4.200000000000159,142.5,141.5,0.0,0.0,9.0,11.0,11.675,8.620000000000001,2.0,2.0,-1.2999999999999998,-1.17,-0.255,-0.4,6278.5,6106.5
13910.0,4.2000000000000455,142.0,140.0,0.0,0.0,5.0,0.0,13.22,9.35,2.0,2.0,-1.28,-1.25,-0.21,-0.1,6210.0,6181.0
13915.0,4.175000000000296,140.0,139.5,0.0,0.0,0.0,0.0,15.68,11.225,2.0,2.0,-1.12,-1.12,-0.09,-0.09,6170.0,6149.0
13920.0,4.175000000000182,140.0,139.0,15.5,0.0,0.0,0.0,17.025,12.64,2.0,2.0,-2.215,-1.09,-0.0050000000000000044,-0.06,6245.0,6118.0
13925.0,4.175000000000296,140.0,138.0,37.0,0.0,0.0,0.0,18.3,13.705,2.0,2.0,-2.03,-1.915,0.12,-0.12,6289.0,6107.5
13930.0,4.200000000000159,140.0,137.0,51.5,0.0,0.0,0.0,19.424999999999997,15.959999999999999,2.0,2.0,-2.33,-1.9100000000000001,0.185,-0.13,6322.0,6058.5
13935.0,4.200000000000273,140.0,136.0,73.0,0.0,0.0,0.0,19.55,17.27,2.0,2.0,-2.33,-2.24,0.23,-0.16,6389.0,6014.0
13940.0,4.200000000000159,141.0,135.0,81.5,13.5,0.0,0.0,19.155,17.43,2.0,2.0,-2.245,-2.245,0.315,-0.035,6445.0,6029.5
13945.0,4.200000000000273,142.0,135.0,82.0,31.0,0.0,0.0,18.58,17.43,2.0,2.0,-1.82,-2.26,0.38,0.08,6492.0,6061.0
13950.0,4.200000000000273,143.0,135.0,78.0,41.0,0.0,0.0,18.5,17.59,2.0,2.0,-2.32,-1.85,0.43,0.12,6594.0,6083.0
13955.0,4.200000000000273,144.5,135.0,77.0,43.5,0.0,0.0,17.97,17.445,2.0,2.0,-2.115,-2.14,0.45999999999999996,0.16,6706.5,6097.5
13960.0,4.22500000000025,146.0,135.0,74.0,57.5,0.0,0.0,16.96,16.395,2.0,2.0,-2.17,-1.88,0.45,0.225,6802.0,6146.5
13965.0,4.250000000000455,147.0,136.0,74.0,79.0,0.0,0.0,15.31,14.47,2.0,2.0,-2.09,-1.95,0.39,0.38,6878.0,6230.0
13970.0,4.250000000000114,148.0,137.5,73.0,85.5,0.0,0.0,12.645,12.415,2.0,2.0,-2.2750000000000004,-1.78,0.415,0.41000000000000003,6885.5,6340.5
13975.0,4.250000000000455,149.0,139.0,77.0,84.0,0.0,0.0,8.89,10.24,2.0,2.0,-2.22,-1.98,0.44,0.47,6865.0,6460.0
13980.0,4.250000000000114,150.5,141.5,85.5,88.0,0.0,0.0,5.215,8.115,2.0,2.0,-1.755,-1.73,0.515,0.52,7018.5,6521.5
13985.0,4.275000000000432,153.0,144.0,93.0,91.5,0.0,0.0,2.96,5.645,2.0,2.0,-1.73,-1.4449999999999998,0.59,0.54,7099.0,6670.5
13990.0,4.28333333333336,153.33333333333334,146.0,30.0,99.0,0.0,0.0,1.6133333333333333,3.56,0.0,2.0,-1.2633333333333334,-1.36,0.2233333333333333,0.68,6401.0,6742.0
13995.0,4.275000000000318,155.5,148.0,100.0,95.0,0.0,0.0,1.15,2.89,3.0,2.0,-1.275,-1.06,0.615,0.43,5785.0,7007.0
14000.0,4.274999999999977,158.0,150.5,100.0,100.0,0.0,0.0,0.86,1.8850000000000002,3.0,2.0,-0.73,-1.315,0.53,0.6,5873.0,6904.0
14005.0,4.300000000000182,160.0,153.0,100.0,100.0,0.0,0.0,0.63,-0.43,3.0,2.0,-0.49,-0.88,0.52,0.57,5933.0,6992.0
14010.0,4.300000000000068,162.5,155.5,100.0,100.0,0.0,0.0,0.08000000000000002,-1.1,3.0,2.0,-0.22499999999999998,-0.3,0.52,0.5549999999999999,6000.5,7093.0
14015.0,4.300000000000182,164.0,157.5,100.0,100.0,0.0,0.0,-0.26,-0.5900000000000001,3.0,2.0,-0.07500000000000001,-0.0049999999999999975,0.5349999999999999,0.555,6085.5,7144.5
14020.0,4.31666666666689,166.0,159.0,100.0,100.0,0.0,0.0,0.19333333333333333,0.9,3.0,2.0,-0.02666666666666667,0.0,0.5066666666666667,0.49,6148.0,7257.0
14025.0,4.300000000000182,168.0,161.0,100.0,100.0,0.0,0.0,0.43,1.1,3.0,2.0,-0.03,-0.07,0.54,0.23,6221.0,7302.0
14030.0,4.3250000000003865,170.0,162.0,100.0,100.0,0.0,0.0,-0.18,0.585,3.0,2.0,0.02,-0.13,0.39,0.18,6352.0,7296.0
14035.0,4.324999999999932,171.0,162.0,100.0,0.0,0.0,0.0,-0.02,0.545,3.0,0.0,0.06,-0.12000000000000001,0.5,-0.075,6321.0,7220.0
14040.0,4.333333333333542,173.33333333333334,164.0,100.0,100.0,0.0,0.0,0.10666666666666666,0.59,3.0,3.0,0.08,-0.06,0.5333333333333333,0.39,6445.666666666667,6060.0
14045.0,4.333333333333428,175.0,165.0,100.0,100.0,0.0,0.0,0.51,0.65,3.0,3.0,0.016666666666666666,-0.06,0.43666666666666665,0.38,6466.0,6209.0
14050.0,4.325000000000273,176.5,167.0,100.0,100.0,0.0,0.0,1.195,0.95,3.0,3.0,-0.08499999999999999,-0.05,0.44,0.46,6535.0,6159.0
14055.0,4.341666666666924,178.0,168.33333333333334,100.0,100.0,0.0,0.0,1.425,1.4,3.0,3.0,-0.21,-0.10333333333333333,0.455,0.5166666666666667,6603.5,6309.0
14060.0,4.350000000000136,180.0,170.5,100.0,100.0,0.0,0.0,1.585,1.3849999999999998,3.0,3.0,-0.265,-0.185,0.325,0.45,6657.5,6329.0
14065.0,4.35000000000025,181.5,171.5,100.0,100.0,0.0,0.0,1.395,1.705,3.0,3.0,-0.37,-0.185,0.42,0.31,6672.5,6351.0
14070.0,4.3583333333333485,182.5,172.66666666666666,85.5,100.0,0.0,0.0,1.16,2.7333333333333334,3.0,3.0,-0.425,-0.42666666666666664,0.315,0.36333333333333334,6722.5,6400.0
14075.0,4.3666666666669585,183.0,174.0,35.333333333333336,100.0,0.0,0.0,1.5333333333333332,3.546666666666667,3.0,3.0,-0.41666666666666663,-0.5,0.12000000000000001,0.39999999999999997,6682.0,6468.666666666667
14080.0,4.38333333333361,182.66666666666666,176.0,0.0,95.0,7.666666666666666,0.0,3.083333333333333,3.8,3.0,3.0,-0.51,-0.53,-0.3466666666666667,0.37,6560.333333333333,6484.0
14085.0,4.383333333333496,180.33333333333334,177.0,0.0,70.0,41.0,0.0,4.696666666666667,4.7,3.0,3.0,-0.8466666666666667,-0.91,-0.9233333333333333,0.26,6459.666666666667,6606.0
14090.0,4.375000000000227,176.5,177.0,0.0,33.0,49.0,0.0,6.07,4.76,3.0,3.0,-1.205,-1.16,-1.0750000000000002,0.14,6291.5,6491.0
14095.0,4.375,173.0,177.0,34.5,0.0,51.0,0.0,6.6850000000000005,4.76,3.0,3.0,-1.27,-1.11,-1.03,-0.21,6386.5,6384.0
14100.0,4.375000000000227,168.5,175.0,0.0,0.0,48.0,32.0,6.8149999999999995,5.62,0.0,3.0,-1.5350000000000001,-0.97,-1.1749999999999998,-0.75,7385.0,6249.0
14105.0,4.350000000000136,163.0,171.0,0.0,0.0,37.0,46.0,7.13,6.53,2.0,3.0,-1.8,-1.55,-0.97,-1.02,7159.0,6125.0
14110.0,4.366666666667015,160.0,166.33333333333334,0.0,0.0,31.0,50.333333333333336,8.53,7.223333333333334,2.0,3.0,-1.23,-1.7866666666666666,-0.84,-1.2,7002.0,5891.0
14115.0,4.35000000000025,157.0,162.0,0.0,0.0,24.0,52.0,10.145,7.65,2.0,3.0,-1.655,-1.235,-0.72,-1.06,6814.5,5683.5
14120.0,4.358333333333519,154.0,157.66666666666666,0.0,46.0,24.0,52.0,11.175,7.59,2.0,3.0,-2.13,-1.45,-0.755,-1.1133333333333333,6714.5,5619.666666666667
14125.0,4.350000000000364,150.0,153.0,0.0,0.0,24.0,44.0,12.39,7.4,2.0,2.0,-2.45,-2.06,-0.76,-1.17,6581.0,6426.0
14130.0,4.350000000000136,146.5,148.0,0.0,0.0,15.5,31.0,13.195,7.994999999999999,2.0,2.0,-2.24,-2.26,-0.605,-0.905,6409.5,6444.5
14135.0,4.350000000000364,144.0,144.0,0.0,0.0,1.0,20.0,12.64,8.73,2.0,2.0,-1.97,-1.96,-0.36,-0.65,6322.0,6297.0
14140.0,4.350000000000136,141.5,141.0,0.0,1.5,0.0,4.0,11.33,9.600000000000001,2.0,2.0,-2.26,-1.725,-0.315,-0.385,6248.0,6231.5
14145.0,4.350000000000364,140.0,139.0,0.0,5.0,0.0,3.0,11.99,11.19,2.0,2.0,-2.3,-1.96,-0.32,-0.27,6176.0,6210.0
14150.0,4.375000000000227,138.5,137.0,0.0,2.0,0.0,6.0,14.21,13.88,2.0,2.0,-1.89,-1.77,-0.32,-0.35,6097.0,6077.0
14155.0,4.35000000000025,135.5,135.0,0.0,1.0,0.0,3.0,16.585,15.555,2.0,2.0,-2.0149999999999997,-1.935,-0.34,-0.375,6004.5,5956.0
14160.0,4.350000000000364,134.0,133.0,0.0,1.0,0.0,0.0,17.64,16.4,2.0,2.0,-2.09,-2.03,-0.34,-0.3,5922.0,5893.0
14165.0,4.350000000000136,132.0,131.0,1.0,0.0,0.0,0.0,17.96,17.26,2.0,2.0,-1.99,-1.96,-0.31,-0.33,5819.0,5762.0
14170.0,4.35000000000025,130.0,128.5,16.5,1.0,0.0,0.0,17.96,17.27,2.0,2.0,-1.635,-1.9849999999999999,-0.175,-0.31,5852.0,5683.5
14175.0,4.350000000000023,129.0,127.0,48.5,23.0,0.0,0.0,17.924999999999997,17.7,2.0,2.0,-1.95,-1.6800000000000002,-0.005,-0.155,5875.0,5742.5
14180.0,4.375000000000114,129.0,126.0,69.0,42.0,0.0,0.0,17.43,17.72,2.0,2.0,-1.75,-1.7599999999999998,0.04,-0.025,5945.0,5738.0
14185.0,4.349999999999909,129.0,126.0,68.0,42.0,0.0,0.0,16.84,17.72,2.0,2.0,-1.74,-1.68,0.11,-0.02,5935.0,5731.0
14190.0,4.350000000000364,129.0,125.0,41.0,42.0,0.0,0.0,16.49,17.54,2.0,2.0,-1.71,-1.72,0.09,0.0,5901.0,5697.0
14195.0,4.375000000000227,128.5,125.0,1.5,43.0,0.0,0.0,16.09,16.93,2.0,2.0,-1.645,-1.63,-0.21000000000000002,0.04,5694.5,5694.0
14200.0,4.375000000000227,126.5,125.0,0.0,41.0,0.0,0.0,15.76,16.26,2.0,2.0,-1.75,-1.56,-0.3,0.07,5567.0,5731.0
14205.0,4.400000000000318,125.0,125.0,0.0,42.0,0.0,0.0,15.53,15.12,2.0,2.0,-1.4,-1.68,-0.26,0.12,5502.0,5762.0
14210.0,4.375000000000114,123.0,125.5,0.0,54.0,0.0,0.0,15.01,12.805,2.0,2.0,-1.55,-1.275,-0.32,0.20500000000000002,5362.0,5783.5
14215.0,4.375000000000114,122.0,126.5,51.0,63.0,0.0,0.0,12.93,9.11,2.0,2.0,-1.34,-1.395,-0.05,0.38,5697.0,6116.5
14220.0,4.375,123.0,127.0,75.0,73.5,0.0,0.0,9.37,4.63,2.0,2.0,-1.35,-1.345,0.23,0.265,5715.0,6345.0
14225.0,4.350000000000364,124.0,129.0,86.0,77.0,0.0,0.0,4.82,1.05,2.0,2.0,-1.2,-1.42,0.36,0.41,5891.0,6243.0
14230.0,4.350000000000364,126.0,130.0,90.0,72.0,0.0,0.0,0.64,-2.08,2.0,2.0,-1.11,-1.31,0.46,0.39,5986.0,6452.0
14235.0,4.350000000000136,129.0,132.0,97.0,67.0,0.0,0.0,-1.24,-5.76,2.0,2.0,-0.91,-1.5,0.61,0.51,6039.0,6532.0
14240.0,4.35000000000025,131.5,133.0,100.0,67.0,0.0,0.0,-1.705,-8.055,2.0,2.0,-0.525,-1.505,0.665,0.445,6147.5,6412.5
14245.0,4.350000000000136,135.0,134.0,100.0,68.0,0.0,0.0,-1.43,-10.05,2.0,2.0,-0.08,-1.37,0.59,0.46,6202.0,6499.0
14250.0,4.350000000000136,137.0,137.0,100.0,88.0,0.0,0.0,-0.18,-11.43,2.0,2.0,0.03,-0.8,0.61,0.52,6394.0,6336.0
14255.0,4.350000000000023,140.5,139.0,100.0,98.0,0.0,0.0,0.19,-5.949999999999999,2.0,2.0,0.025,0.355,0.55,0.5449999999999999,6511.5,6468.0
14260.0,4.350000000000136,143.0,141.0,100.0,97.0,0.0,0.0,0.18,-1.74,2.0,2.0,0.0,0.65,0.6,0.51,6548.0,6616.0
14265.0,4.350000000000023,145.0,143.5,100.0,100.0,0.0,0.0,0.19,-0.33999999999999997,2.0,2.0,-0.005,0.8600000000000001,0.495,0.575,6727.5,6636.0
14270.0,4.350000000000136,148.0,146.0,100.0,100.0,0.0,0.0,0.38,1.5,2.0,2.0,-0.04,0.34,0.55,0.42,6775.0,6816.0
14275.0,4.350000000000023,150.0,148.5,100.0,100.0,0.0,0.0,0.91,3.0300000000000002,2.0,2.0,-0.105,0.095,0.565,0.515,6940.5,6830.5
14280.0,4.366666666666845,152.33333333333334,151.0,100.0,100.0,0.0,0.0,0.9633333333333333,1.36,2.0,2.0,-0.16,-0.15,0.5366666666666667,0.58,6989.0,6953.0
14285.0,4.366666666666788,154.0,153.33333333333334,100.0,100.0,0.0,0.0,0.86,-0.023333333333333334,2.0,2.0,-0.21,-0.14666666666666667,0.53,0.51,7093.0,7045.0
14290.0,4.35000000000025,156.5,155.0,100.0,100.0,0.0,0.0,0.595,-0.215,2.0,2.0,-0.20500000000000002,-0.08,0.48,0.515,7157.5,7091.0
14295.0,4.366666666666845,157.0,156.0,0.0,0.0,0.0,0.0,0.5333333333333333,-0.11,0.0,0.0,-0.19,-0.01,-0.06999999999999999,-0.08,6769.333333333333,6655.0
14300.0,4.350000000000364,159.0,158.0,100.0,100.0,0.0,0.0,0.28,-0.01,3.0,3.0,-0.11,0.0,0.53,0.45,5918.0,5873.0
14305.0,4.358333333333633,161.33333333333334,160.0,100.0,100.0,0.0,0.0,0.30333333333333334,0.31,3.0,3.0,-0.10333333333333333,-0.015,0.4866666666666667,0.46499999999999997,5981.333333333333,5953.5
14310.0,4.358333333333519,162.5,161.66666666666666,100.0,100.0,0.0,0.0,0.38,0.47,3.0,3.0,-0.09,-0.043333333333333335,0.475,0.47333333333333333,6071.5,6007.666666666667
14315.0,4.3666666666669585,164.66666666666666,164.0,100.0,100.0,0.0,0.0,0.37,-0.31,3.0,3.0,-0.1,-0.01,0.48666666666666664,0.46,6118.333333333333,6104.0
14320.0,4.349999999999909,167.0,166.0,100.0,100.0,0.0,0.0,-0.02,-0.9,3.0,3.0,-0.08,0.09,0.46,0.47,6211.0,6143.0
14325.0,4.366666666666788,169.0,167.33333333333334,100.0,100.0,0.0,0.0,-0.57,-0.22333333333333336,3.0,3.0,0.0,0.09333333333333334,0.47,0.43666666666666665,6260.0,6223.0
14330.0,4.375000000000114,170.0,169.0,100.0,100.0,0.0,0.0,-0.97,0.33,3.0,3.0,0.09,0.06,0.52,0.425,6405.0,6304.0
14335.0,4.358333333333633,172.33333333333334,170.5,100.0,100.0,0.0,0.0,-0.9166666666666666,0.37,3.0,3.0,0.16,0.025,0.44666666666666666,0.5,6372.666666666667,6364.5
14340.0,4.3666666666669585,173.33333333333334,172.66666666666666,90.33333333333333,100.0,0.0,0.0,-0.76,0.39,3.0,3.0,0.22333333333333333,-0.02333333333333333,0.4333333333333333,0.44666666666666666,6421.666666666667,6387.0
14345.0,4.358333333333519,174.0,173.66666666666666,17.0,100.0,35.5,0.0,-0.76,0.45,3.0,3.0,0.235,-0.05,-0.475,0.45666666666666667,6277.0,6440.333333333333
14350.0,4.358333333333576,170.0,175.66666666666666,0.0,86.0,67.5,0.0,-0.78,0.4633333333333333,3.0,3.0,0.2,-0.1,-1.35,0.3933333333333333,6083.5,6463.666666666667
14355.0,4.366666666666617,164.66666666666666,176.0,60.333333333333336,17.0,79.66666666666667,37.0,-1.3266666666666667,-0.49,0.0,3.0,0.2866666666666667,-0.01,-1.59,-0.49,7065.0,6344.0
14360.0,4.350000000000136,158.0,171.0,0.0,0.0,78.0,87.0,-2.54,-1.5,2.0,3.0,0.46,0.14,-1.79,-1.73,6859.0,6037.0
14365.0,4.3250000000000455,151.0,165.0,0.0,69.0,62.0,93.0,-3.975,-1.87,2.0,0.0,0.69,0.32,-1.4,-1.93,6577.0,7093.0
14370.0,4.3416666666668675,146.0,155.5,0.0,0.0,38.66666666666667,91.5,-5.273333333333333,-3.0149999999999997,2.0,2.0,0.8099999999999999,0.525,-0.98,-1.935,6392.0,6756.0
14375.0,4.3250000000000455,142.5,148.0,0.0,0.0,11.5,85.0,-6.65,-4.98,2.0,2.0,0.9650000000000001,0.68,-0.505,-1.66,6267.0,6394.0
14380.0,4.325000000000159,140.0,141.5,0.0,0.0,0.0,55.0,-8.54,-6.890000000000001,2.0,2.0,1.13,0.825,-0.28,-1.31,6216.0,6037.0
14385.0,4.3250000000000455,139.0,136.0,0.0,0.0,0.0,36.0,-10.39,-7.74,2.0,2.0,1.175,1.11,-0.28500000000000003,-0.95,6151.5,5985.0
14390.0,4.325000000000159,138.0,132.5,0.0,0.0,0.0,27.0,-12.24,-8.58,2.0,2.0,1.42,1.12,-0.29,-0.75,6089.0,5787.0
14395.0,4.350000000000023,136.5,128.5,0.0,0.0,0.0,26.5,-13.61,-10.425,2.0,2.0,1.605,1.345,-0.29,-0.75,6021.5,5592.5
14400.0,4.325000000000273,134.5,125.0,0.0,0.0,0.0,22.0,-14.895,-11.69,2.0,2.0,1.685,1.54,-0.295,-0.67,5926.5,5466.0
14405.0,4.349999999999909,133.0,121.0,0.0,0.0,0.0,15.0,-15.82,-13.14,2.0,2.0,1.77,1.59,-0.3,-0.56,5850.0,5288.0
14410.0,4.350000000000364,131.0,119.0,0.0,0.0,0.0,0.0,-17.09,-12.82,2.0,2.0,1.59,1.63,-0.3,-0.28,5754.0,5239.0
14415.0,4.400000000000205,128.5,116.5,0.0,13.5,0.0,0.0,-18.564999999999998,-11.61,2.0,2.0,1.755,1.585,-0.3,-0.14500000000000002,5667.5,5218.5
14420.0,4.400000000000205,126.5,116.0,0.0,38.0,0.0,0.0,-19.34,-10.17,2.0,2.0,1.8199999999999998,1.4,-0.305,0.055,5561.5,5258.0
14425.0,4.400000000000205,124.5,116.0,0.0,35.5,0.0,0.0,-19.33,-11.865,2.0,2.0,1.71,1.44,-0.295,0.08499999999999999,5466.0,5254.5
14430.0,4.400000000000091,122.0,116.0,0.0,28.0,0.0,0.0,-19.325,-15.48,2.0,2.0,1.69,1.3599999999999999,-0.295,0.02,5362.5,5257.5
14435.0,4.4500000000000455,121.0,116.0,30.0,23.0,0.0,0.0,-19.0,-19.28,2.0,2.0,1.72,1.46,-0.1,0.0,5502.0,5239.0
14440.0,4.4500000000000455,120.0,116.0,67.0,24.0,0.0,0.0,-17.8,-20.29,2.0,2.0,1.98,1.85,0.09,-0.06,5481.0,5290.0
14445.0,4.450000000000273,121.0,115.0,69.0,32.0,0.0,0.0,-15.67,-19.7,2.0,2.0,1.55,1.76,0.15,0.0,5557.0,5279.0
14450.0,4.450000000000273,121.0,115.0,68.0,42.0,0.0,0.0,-13.73,-18.04,2.0,2.0,1.9,1.7,0.23,0.03,5600.0,5345.0
14455.0,4.47500000000025,122.0,115.5,67.0,58.5,0.0,0.0,-11.09,-12.415,2.0,2.0,1.36,1.8250000000000002,0.27,0.175,5678.0,5391.5
14460.0,4.475000000000023,123.0,116.5,66.0,75.5,0.0,0.0,-7.59,-5.51,2.0,2.0,1.75,1.365,0.43,0.27999999999999997,5755.0,5553.0
14465.0,4.475000000000023,124.0,118.0,78.0,78.0,0.0,0.0,-2.6,-0.91,2.0,2.0,1.62,1.755,0.51,0.485,5872.0,5588.0
14470.0,4.475000000000364,126.0,119.5,87.0,81.5,0.0,0.0,-0.63,1.33,2.0,2.0,1.42,1.4849999999999999,0.52,0.515,5919.0,5707.0
14475.0,4.47500000000025,129.0,122.5,89.0,92.0,0.0,0.0,-0.25,3.745,2.0,2.0,0.95,1.1099999999999999,0.49,0.575,6179.0,5689.0
14480.0,4.500000000000341,130.5,125.5,89.0,99.5,0.0,0.0,1.9100000000000001,5.59,2.0,2.0,0.7150000000000001,-0.04500000000000001,0.44000000000000006,0.535,6271.5,5807.0
14485.0,4.475000000000136,133.5,128.0,89.5,100.0,0.0,0.0,5.574999999999999,3.07,2.0,2.0,0.355,-0.36,0.505,0.56,6316.5,5907.0
14490.0,4.500000000000227,136.0,130.0,100.0,92.0,0.0,0.0,6.64,0.23,2.0,2.0,-0.35,-0.31,0.53,0.51,6210.0,6134.0
14495.0,4.525000000000091,138.5,133.0,100.0,100.0,0.0,0.0,4.5649999999999995,-0.85,2.0,2.0,-0.66,-0.12,0.405,0.54,6366.5,6117.0
14500.0,4.525000000000205,139.0,135.5,87.0,100.0,0.0,0.0,3.32,0.86,2.0,2.0,-0.62,-0.08499999999999999,0.33,0.44,7115.0,6282.0
14505.0,4.5,141.0,138.0,88.0,100.0,0.0,0.0,3.15,2.4,2.0,2.0,-0.76,-0.22,0.65,0.53,7133.0,6327.0
14510.0,4.500000000000114,143.0,140.5,95.0,100.0,0.0,0.0,2.325,3.09,2.0,2.0,-0.855,-0.36,0.605,0.665,6711.0,6532.0
14515.0,4.5,144.0,143.0,91.0,100.0,0.0,0.0,2.88,2.47,2.0,2.0,-0.64,-0.52,0.23,0.67,7351.0,6585.0
14520.0,4.525000000000091,145.5,144.0,90.5,88.0,0.0,0.0,2.005,2.39,2.0,2.0,-1.315,-0.94,0.46,0.83,6878.5,6810.0
14525.0,4.5,147.0,146.0,84.0,100.0,0.0,0.0,1.94,2.5,2.0,2.0,-0.61,-0.83,0.41,0.45,7177.0,6744.0
14530.0,4.508333333333496,148.33333333333334,147.5,86.66666666666667,92.0,0.0,0.0,1.6233333333333333,2.59,2.0,2.0,-1.3366666666666667,-0.845,0.4366666666666667,0.475,7114.666666666667,7030.5
14535.0,4.525000000000091,149.5,149.0,91.5,89.0,0.0,0.0,0.91,1.77,2.0,2.0,-1.415,-1.14,0.42500000000000004,0.55,7039.0,7102.0
14540.0,4.525000000000205,151.0,150.5,94.0,93.0,0.0,0.0,0.29,0.91,2.0,2.0,-1.19,-1.245,0.45,0.45999999999999996,7062.0,7061.5
14545.0,4.525000000000091,152.5,152.0,94.5,0.0,0.0,0.0,-0.18999999999999997,0.19,2.0,0.0,-1.045,-1.07,0.49,0.0,7187.5,7088.0
14550.0,4.516666666666879,153.0,153.33333333333334,0.0,91.0,0.0,0.0,-1.36,-0.6433333333333333,0.0,3.0,-0.81,-0.7633333333333333,-0.07,0.6033333333333333,6618.0,6005.0
14555.0,4.525000000000205,155.0,155.0,100.0,100.0,0.0,0.0,-1.68,-1.21,3.0,3.0,-0.4,-0.69,0.57,0.52,5809.0,5854.5
14560.0,4.525000000000318,157.5,157.0,93.5,100.0,0.0,0.0,-0.79,-0.75,3.0,3.0,-0.035,-0.37,0.38,0.45,6148.5,5864.0
14565.0,4.516666666666822,159.33333333333334,158.0,97.66666666666667,92.0,0.0,0.0,0.37,1.05,3.0,3.0,0.08333333333333333,-0.21,0.8233333333333334,0.31,6054.0,6236.0
14570.0,4.525000000000432,162.0,160.5,100.0,100.0,0.0,0.0,0.93,1.46,3.0,3.0,0.0,-0.475,0.51,0.49,6013.0,6058.0
14575.0,4.533333333333303,163.0,162.66666666666666,100.0,100.0,0.0,0.0,0.81,0.3466666666666667,3.0,3.0,-0.06,-0.43,0.52,0.48,6081.0,6054.333333333333
14580.0,4.525000000000318,165.5,165.0,100.0,100.0,0.0,0.0,0.375,-0.61,3.0,3.0,-0.12,-0.24,0.51,0.48,6154.5,6130.0
14585.0,4.525000000000091,167.5,167.0,100.0,100.0,0.0,0.0,-0.5,-1.0,3.0,3.0,-0.05,-0.03,0.49,0.46,6226.0,6178.0
14590.0,4.533333333333417,169.66666666666666,168.33333333333334,100.0,100.0,0.0,0.0,-1.7033333333333334,-0.9766666666666667,3.0,3.0,0.11666666666666665,0.09,0.49666666666666665,0.47,6301.333333333333,6259.666666666667
14595.0,4.525000000000205,171.0,170.0,100.0,100.0,0.0,0.0,-2.54,-1.315,3.0,3.0,0.18,0.21000000000000002,0.43,0.49,6389.0,6349.5
14600.0,4.525000000000205,173.0,171.5,100.0,100.0,0.0,0.0,-3.22,-2.145,3.0,3.0,0.5,0.22,0.55,0.38,6573.0,6440.5
14605.0,4.525000000000432,175.0,173.5,100.0,100.0,0.0,0.0,-2.51,-2.42,3.0,3.0,0.72,0.535,0.47,0.575,6480.0,6547.5
14610.0,4.533333333333303,176.0,175.0,100.0,100.0,0.0,0.0,-2.0,-1.6866666666666668,3.0,3.0,0.54,0.64,0.44,0.47,6581.0,6508.333333333333
14615.0,4.5333333333334735,178.0,176.66666666666666,100.0,100.0,0.0,0.0,-2.02,-1.41,3.0,3.0,0.5,0.4933333333333334,0.45,0.46,6709.0,6573.333333333333
14620.0,4.53333333333353,180.0,178.66666666666666,100.0,100.0,0.0,0.0,-2.03,-1.42,3.0,3.0,0.67,0.47,0.49,0.45666666666666667,6678.0,6717.333333333333
14625.0,4.53333333333353,181.0,180.0,100.0,100.0,0.0,0.0,-2.48,-1.5966666666666667,3.0,3.0,0.73,0.54,0.47,0.41666666666666663,6714.0,6673.333333333333
14630.0,4.533333333333758,183.0,181.66666666666666,100.0,100.0,0.0,0.0,-3.66,-2.68,3.0,3.0,0.59,0.56,0.42,0.43666666666666665,6812.0,6730.666666666667
14635.0,4.533333333333303,184.0,183.66666666666666,100.0,100.0,0.0,0.0,-4.09,-3.473333333333333,3.0,3.0,0.76,0.6633333333333333,0.51,0.4633333333333333,6921.0,6836.333333333333
14640.0,4.5333333333334735,186.0,184.66666666666666,100.0,100.0,0.0,0.0,-4.09,-3.2333333333333334,3.0,3.0,0.85,0.8233333333333334,0.45,0.48,6911.0,6881.0
14645.0,4.53333333333353,188.0,186.66666666666666,100.0,100.0,0.0,0.0,-4.14,-2.95,3.0,3.0,0.78,0.8266666666666667,0.47,0.45666666666666667,7088.0,6940.0
14650.0,4.541666666666799,188.66666666666666,188.0,100.0,100.0,0.0,0.0,-4.14,-2.98,3.0,3.0,1.0366666666666666,0.835,0.4433333333333333,0.455,7090.0,7007.0
14655.0,4.533333333333701,190.0,189.33333333333334,0.0,100.0,0.0,0.0,-4.14,-3.5533333333333332,0.0,3.0,1.57,0.9833333333333334,-0.12333333333333335,0.43,6801.666666666667,7063.333333333333
14660.0,4.53333333333336,190.66666666666666,190.33333333333334,100.0,100.0,0.0,0.0,-4.14,-4.386666666666667,4.0,3.0,1.35,1.3333333333333335,0.4766666666666667,0.46,5900.666666666667,7064.333333333333
14665.0,4.541666666666799,192.0,192.0,100.0,33.33333333333333,0.0,0.0,-4.135,-4.253333333333334,4.0,0.0,0.9750000000000001,1.2266666666666668,0.43000000000000005,0.16999999999999998,5860.5,6660.0
14670.0,4.533333333333701,193.33333333333334,192.0,100.0,100.0,0.0,0.0,-3.9499999999999997,-3.58,4.0,4.0,1.0066666666666666,1.09,0.33666666666666667,0.39,5939.666666666667,5873.0
14675.0,4.53333333333336,195.0,194.0,100.0,100.0,0.0,0.0,-3.81,-2.99,4.0,4.0,1.1866666666666665,1.12,0.42666666666666664,0.46,5933.0,5900.0
14680.0,4.550000000000182,196.0,195.0,100.0,100.0,0.0,0.0,-3.8,-3.01,4.0,4.0,1.24,1.05,0.44,0.48,5931.0,5969.0
14685.0,4.53333333333353,197.0,196.66666666666666,100.0,100.0,0.0,0.0,-2.88,-3.3833333333333333,4.0,4.0,1.06,1.19,0.45,0.42,5971.0,5947.0
14690.0,4.541666666666799,198.66666666666666,197.5,100.0,100.0,0.0,0.0,-2.2633333333333336,-3.8,4.0,4.0,0.8766666666666667,1.095,0.43666666666666665,0.405,6023.333333333333,5977.5
14695.0,4.54166666666697,200.0,199.0,100.0,100.0,0.0,0.0,-2.63,-4.523333333333333,4.0,4.0,0.7849999999999999,0.9933333333333333,0.435,0.39,6071.0,6040.0
14700.0,4.5333333333334735,201.33333333333334,200.0,100.0,100.0,0.0,0.0,-3.9099999999999997,-5.03,4.0,4.0,0.77,1.05,0.44333333333333336,0.38,6127.666666666667,6079.0
14705.0,4.550000000000182,203.0,201.0,100.0,100.0,0.0,0.0,-5.3,-5.01,4.0,4.0,0.88,1.09,0.41,0.45,6170.0,6147.0
14710.0,4.533333333333758,204.0,202.66666666666666,100.0,100.0,0.0,0.0,-6.01,-5.01,4.0,4.0,0.97,1.1433333333333333,0.39,0.41,6206.0,6230.333333333333
14715.0,4.541666666666686,205.0,203.5,99.66666666666667,96.0,0.0,0.0,-6.11,-5.505,4.0,4.0,1.4233333333333333,1.24,0.44999999999999996,0.36,6242.666666666667,6239.0
14720.0,4.550000000000182,206.33333333333334,205.0,98.66666666666667,95.0,0.0,0.0,-6.28,-6.183333333333334,4.0,4.0,1.6333333333333333,1.6466666666666667,0.4,0.43333333333333335,6263.333333333333,6246.0
14725.0,4.550000000000409,207.0,206.0,98.0,96.0,0.0,0.0,-6.69,-6.25,4.0,4.0,1.64,1.85,0.4,0.4,6266.0,6256.0
14730.0,4.533333333333303,208.0,206.66666666666666,91.0,99.0,0.0,0.0,-7.4,-5.633333333333334,4.0,4.0,1.3,1.4366666666666668,0.34,0.3833333333333333,6382.0,6272.333333333333
14735.0,4.541666666666799,209.66666666666666,207.5,91.0,99.5,0.0,0.0,-7.75,-4.734999999999999,4.0,4.0,1.7,1.195,0.38,0.395,6338.333333333333,6377.5
14740.0,4.550000000000352,210.0,209.0,95.0,100.0,0.0,0.0,-7.696666666666667,-4.81,4.0,4.0,2.003333333333333,1.7266666666666666,0.37666666666666665,0.4066666666666667,6342.666666666667,6317.0
14745.0,4.5499999999999545,211.0,210.0,95.0,100.0,0.0,0.0,-7.4,-5.61,4.0,4.0,1.64,1.71,0.35,0.39,6373.0,6336.0
14750.0,4.550000000000182,212.0,210.66666666666666,93.0,100.0,0.0,0.0,-7.39,-6.446666666666666,4.0,4.0,1.5033333333333334,1.53,0.33666666666666667,0.37333333333333335,6432.666666666667,6363.333333333333
14755.0,4.550000000000352,213.0,212.0,95.33333333333333,97.33333333333333,0.0,0.0,-7.3533333333333335,-7.029999999999999,4.0,4.0,1.9866666666666668,1.4000000000000001,0.37,0.37,6437.666666666667,6422.333333333333
14760.0,4.5499999999999545,214.0,213.0,100.0,98.0,0.0,0.0,-6.79,-7.03,4.0,4.0,2.4,1.95,0.32,0.37,6429.0,6429.0
14765.0,4.5333333333334735,214.0,213.66666666666666,100.0,99.66666666666667,0.0,0.0,-5.81,-6.89,4.0,4.0,1.97,2.183333333333333,0.32,0.29000000000000004,6475.0,6417.666666666667
14770.0,4.533333333333587,215.66666666666666,214.0,100.0,99.66666666666667,0.0,0.0,-4.75,-6.373333333333333,4.0,4.0,1.9133333333333333,1.86,0.3566666666666667,0.33666666666666667,6511.666666666667,6479.0
14775.0,4.53333333333336,216.33333333333334,215.0,100.0,100.0,0.0,0.0,-4.02,-5.44,4.0,4.0,1.8233333333333333,1.99,0.3566666666666667,0.35,6515.666666666667,6508.0
14780.0,4.5333333333334735,217.0,215.66666666666666,100.0,100.0,0.0,0.0,-3.41,-4.203333333333333,4.0,4.0,1.46,1.9200000000000002,0.31,0.3433333333333333,6571.0,6505.666666666667
14785.0,4.533333333333587,218.0,216.33333333333334,100.0,100.0,0.0,0.0,-2.3066666666666666,-3.0833333333333335,4.0,4.0,1.5066666666666666,1.59,0.35666666666666663,0.3233333333333333,6571.0,6560.666666666667
14790.0,4.5499999999999545,219.0,217.0,100.0,100.0,0.0,0.0,-1.33,-1.86,4.0,4.0,1.41,1.7,0.34,0.39,6576.0,6567.0
14795.0,4.550000000000182,219.66666666666666,218.0,100.0,100.0,0.0,0.0,0.4133333333333334,-0.6633333333333333,4.0,4.0,0.7966666666666667,1.4166666666666667,0.32666666666666666,0.3433333333333333,6611.0,6564.333333333333
14800.0,4.550000000000352,220.33333333333334,219.0,100.0,100.0,0.0,0.0,1.7166666666666666,0.6399999999999999,4.0,4.0,0.38666666666666666,0.7366666666666667,0.3233333333333333,0.30666666666666664,6653.0,6598.666666666667
14805.0,4.5499999999999545,222.0,220.0,100.0,100.0,0.0,0.0,2.54,1.34,4.0,4.0,-0.05,0.33,0.33,0.33,6657.0,6642.0
14810.0,4.550000000000182,222.66666666666666,220.66666666666666,100.0,100.0,0.0,0.0,2.3133333333333335,1.41,4.0,4.0,-0.3933333333333333,0.04000000000000001,0.32,0.30666666666666664,6690.666666666667,6651.0
14815.0,4.550000000000352,223.33333333333334,222.0,100.0,100.0,0.0,0.0,1.8299999999999998,1.1333333333333333,4.0,4.0,-0.63,-0.2,0.32,0.31666666666666665,6705.0,6672.333333333333
14820.0,4.5499999999999545,224.0,223.0,100.0,100.0,0.0,0.0,1.48,1.23,4.0,4.0,-0.68,-0.36,0.33,0.31,6728.0,6684.0
14825.0,4.550000000000182,225.0,223.66666666666666,100.0,100.0,0.0,0.0,1.5033333333333334,2.1066666666666665,4.0,4.0,-0.6,-0.5333333333333333,0.29666666666666663,0.30333333333333334,6770.0,6715.333333333333
14830.0,4.566666666667061,226.0,224.33333333333334,100.0,100.0,0.0,0.0,1.83,2.8966666666666665,4.0,4.0,-0.54,-0.6233333333333333,0.27,0.26666666666666666,6809.0,6757.0
14835.0,4.554166666666674,226.66666666666666,225.0,100.0,100.0,0.0,0.0,2.5833333333333335,3.03,4.0,4.0,-0.7166666666666667,-0.625,0.30333333333333334,0.2525,6860.0,6819.0
14840.0,4.550000000000182,227.33333333333334,226.0,100.0,100.0,0.0,0.0,1.8766666666666665,2.8466666666666667,4.0,4.0,-1.01,-1.0066666666666666,0.27,0.27666666666666667,6826.666666666667,6834.666666666667
14845.0,4.550000000000409,228.0,227.0,100.0,100.0,0.0,0.0,0.76,2.26,4.0,4.0,-0.86,-1.32,0.27,0.29,6829.0,6802.0
14850.0,4.558333333333394,229.0,227.0,100.0,100.0,0.0,0.0,0.13,0.8233333333333334,4.0,4.0,-0.44,-0.94,0.22999999999999998,0.23333333333333334,6898.0,6811.333333333333
14855.0,4.56666666666689,230.0,228.0,100.0,100.0,0.0,0.0,0.11,0.13666666666666666,4.0,4.0,-0.37,-0.5533333333333333,0.26,0.22333333333333333,6945.0,6880.333333333333
14860.0,4.554166666667015,230.66666666666666,228.75,100.0,100.0,0.0,0.0,-0.003333333333333341,-0.26,4.0,4.0,-0.26,-0.4525,0.25,0.255,6924.333333333333,6891.25
14865.0,4.554166666666788,231.25,229.33333333333334,100.0,100.0,0.0,0.0,-0.1075,-0.99,4.0,4.0,-0.1275,-0.1766666666666667,0.2325,0.22666666666666668,6970.5,6894.333333333333
14870.0,4.566666666666777,232.0,230.0,100.0,100.0,0.0,0.0,-0.1,-1.42,4.0,4.0,-0.07,0.04,0.26333333333333336,0.23,6982.666666666667,6950.0
14875.0,4.5583333333335645,232.33333333333334,231.0,100.0,100.0,0.0,0.0,-0.19333333333333336,-1.045,4.0,4.0,-0.02666666666666667,0.215,0.23666666666666666,0.235,7008.666666666667,6950.5
14880.0,4.550000000000182,233.0,231.0,100.0,100.0,0.0,0.0,-0.68,-0.63,4.0,4.0,0.04,0.26,0.23,0.24,7055.0,6968.0
14885.0,4.566666666666663,234.0,232.0,100.0,100.0,0.0,0.0,-0.9333333333333333,-0.6166666666666667,4.0,4.0,0.10333333333333333,0.21333333333333335,0.26333333333333336,0.23666666666666666,7082.666666666667,7038.0
14890.0,4.5625000000001705,235.0,233.0,100.0,100.0,0.0,0.0,-0.84,-0.6225,4.0,4.0,0.25,0.2725,0.28,0.2325,7082.0,7045.0
14895.0,4.558333333333621,235.5,233.0,100.0,100.0,0.0,0.0,-0.72,-0.49333333333333335,4.0,4.0,0.30500000000000005,0.33,0.255,0.26,7049.0,7048.666666666667
14900.0,4.566666666666606,236.0,234.0,100.0,100.0,0.0,0.0,-0.96,-0.23,4.0,4.0,0.28,0.26666666666666666,0.24,0.25333333333333335,7092.0,7024.666666666667
14905.0,4.554166666666845,236.66666666666666,234.75,100.0,100.0,0.0,0.0,-1.2133333333333334,-0.49999999999999994,4.0,4.0,0.42333333333333334,0.22,0.25333333333333335,0.225,7118.666666666667,7082.5
14910.0,4.566666666667061,237.0,235.33333333333334,100.0,99.33333333333333,0.0,0.0,-1.21,-0.7966666666666666,4.0,4.0,0.48,0.2866666666666667,0.21,0.22666666666666666,7112.0,7073.666666666667
14915.0,4.566666666666663,238.0,236.0,69.0,83.0,0.0,0.0,-0.5533333333333333,-0.79,4.0,4.0,0.4033333333333333,0.35,0.14666666666666667,0.16,7106.666666666667,7056.0
14920.0,4.56666666666689,238.0,236.0,18.0,45.0,0.0,0.0,-0.1,-0.10666666666666669,4.0,4.0,0.11,0.23,-0.01,0.04666666666666667,7093.0,7043.666666666667
14925.0,4.566666666667004,238.0,236.0,0.0,11.0,0.0,0.0,-0.1,0.22,4.0,4.0,0.02,0.04,-0.10666666666666667,-0.12,6966.333333333333,7061.0
14930.0,4.575000000000159,238.0,236.0,0.0,0.0,17.0,0.0,0.01,0.325,4.0,4.0,0.02,0.02,0.0,-0.085,6674.0,6935.0
14935.0,4.566666666666777,238.0,236.0,0.0,0.0,53.0,3.0,0.6699999999999999,0.8,4.0,4.0,0.02,0.02,0.06333333333333334,0.02,5927.0,6680.0
14940.0,4.562500000000227,237.75,236.0,0.0,0.0,66.0,34.5,1.9325,1.27,4.0,4.0,0.0024999999999999988,0.02,-0.2725000000000001,0.065,4867.5,6295.0
14945.0,4.56666666666689,233.66666666666666,236.0,0.0,0.0,74.0,66.0,3.013333333333333,1.91,4.0,4.0,-0.13,0.02,-2.493333333333333,0.1,3977.6666666666665,5096.0
14950.0,4.566666666666663,225.33333333333334,229.33333333333334,0.0,0.0,75.0,72.0,4.57,2.4633333333333334,4.0,4.0,-0.3633333333333333,-0.3,-3.2366666666666664,-3.246666666666667,5389.333333333333,4320.333333333333
14955.0,4.566666666666833,216.0,221.66666666666666,0.0,0.0,75.0,72.0,4.81,2.86,4.0,4.0,-0.74,-0.7366666666666667,-1.94,-3.4333333333333336,6352.0,6547.666666666667
14960.0,4.56666666666689,212.0,215.0,46.0,0.0,72.66666666666667,69.0,4.453333333333333,3.56,4.0,4.0,-1.0899999999999999,-0.75,-1.6366666666666667,-1.45,6828.0,6287.0
14965.0,4.566666666666663,206.0,211.0,0.0,69.0,65.66666666666667,64.66666666666667,4.556666666666667,4.403333333333333,3.0,0.0,-1.2033333333333334,-1.1266666666666667,-1.7066666666666666,-1.6133333333333333,7287.333333333333,7148.0
14970.0,4.550000000000239,201.0,206.0,0.0,0.0,56.333333333333336,60.666666666666664,5.5,5.083333333333333,3.0,3.0,-1.25,-1.1666666666666665,-1.28,-1.46,7167.0,7374.333333333333
14975.0,4.550000000000182,197.0,202.0,0.0,0.0,42.0,55.0,6.67,5.87,3.0,3.0,-1.8,-1.33,-1.13,-1.37,7055.0,7189.0
14980.0,4.550000000000182,194.0,198.0,0.0,0.0,29.0,41.0,8.03,6.82,3.0,3.0,-1.88,-1.96,-0.85,-1.1,6933.0,7072.0
14985.0,4.566666666667004,191.33333333333334,194.0,0.0,0.0,20.666666666666668,18.0,9.19,7.18,3.0,3.0,-1.4433333333333334,-1.69,-0.6466666666666666,-0.64,6818.333333333333,6964.0
14990.0,4.550000000000011,189.33333333333334,193.0,0.0,0.0,4.666666666666667,2.666666666666667,9.64,7.34,3.0,3.0,-1.5733333333333333,-1.3800000000000001,-0.44000000000000006,-0.35333333333333333,6773.0,6934.0
14995.0,4.550000000000182,188.0,191.33333333333334,11.333333333333332,0.0,0.0,0.0,9.423333333333334,8.126666666666667,3.0,3.0,-1.89,-1.6166666666666667,-0.20666666666666667,-0.29666666666666663,6793.666666666667,6890.333333333333
15000.0,4.550000000000296,187.0,190.5,39.0,0.0,0.0,0.0,9.495000000000001,9.035,3.0,3.0,-1.645,-1.73,-0.06,-0.3,6834.0,6853.0
15005.0,4.5416666666667425,186.5,189.0,51.0,0.0,0.0,0.0,10.295000000000002,10.626666666666667,3.0,3.0,-1.8900000000000001,-1.55,-0.02,-0.29000000000000004,6834.0,6802.0
15010.0,4.550000000000239,186.0,187.66666666666666,61.333333333333336,0.0,0.0,0.0,11.013333333333334,12.046666666666667,3.0,3.0,-2.046666666666667,-1.91,0.0,-0.31333333333333335,6823.666666666667,6761.666666666667
15015.0,4.550000000000125,186.0,186.66666666666666,70.33333333333333,0.0,0.0,0.0,11.586666666666666,12.773333333333333,3.0,3.0,-2.273333333333333,-2.1533333333333333,0.03333333333333333,-0.33333333333333337,6818.0,6710.666666666667
15020.0,4.550000000000182,186.0,184.66666666666666,72.66666666666667,0.0,0.0,0.0,11.826666666666666,12.93,3.0,3.0,-2.216666666666667,-2.473333333333333,0.03666666666666667,-0.34,6818.0,6641.666666666667
15025.0,4.533333333333701,186.0,183.0,68.0,0.0,0.0,0.0,12.366666666666667,12.93,3.0,3.0,-1.97,-2.41,0.07333333333333333,-0.34,6838.333333333333,6596.0
15030.0,4.5499999999999545,186.0,182.0,60.0,21.0,0.0,0.0,12.81,12.93,3.0,3.0,-1.73,-1.92,0.08,-0.15,6896.0,6613.0
15035.0,4.550000000000182,186.0,181.0,55.0,42.0,0.0,0.0,12.82,13.33,3.0,3.0,-2.17,-1.77,0.08,-0.06,6880.0,6629.0
15040.0,4.550000000000182,185.0,180.0,55.0,58.0,0.0,0.0,12.85,13.5,3.0,3.0,-2.41,-2.1,0.07,-0.05,6844.0,6615.0
15045.0,4.550000000000182,185.0,180.0,53.0,79.0,0.0,0.0,13.39,13.26,3.0,3.0,-2.26,-2.3,0.07,0.0,6835.0,6616.0
15050.0,4.550000000000409,185.0,179.0,40.0,81.0,0.0,0.0,14.69,13.1,3.0,3.0,-1.85,-2.02,0.05,0.04,6835.0,6616.0
15055.0,4.5499999999999545,184.0,179.0,0.0,81.0,0.0,0.0,15.67,13.15,3.0,3.0,-1.98,-1.8,-0.18,0.09,6646.0,6649.0
15060.0,4.566666666666833,183.0,179.0,0.0,80.66666666666667,0.0,0.0,15.69,13.373333333333333,3.0,3.0,-2.05,-1.9733333333333334,-0.34,0.12,6558.0,6658.666666666667
15065.0,4.566666666666833,181.0,179.0,0.0,80.0,0.0,0.0,15.69,13.503333333333334,3.0,3.0,-1.71,-1.8166666666666667,-0.32,0.14333333333333334,6491.0,6659.666666666667
15070.0,4.56666666666689,179.0,179.0,0.0,78.0,0.0,0.0,15.81,13.83,3.0,3.0,-2.09,-1.95,-0.35,0.2,6444.0,6728.333333333333
15075.0,4.566666666667061,178.0,180.0,0.0,77.66666666666667,0.0,0.0,16.1,13.84,3.0,3.0,-1.82,-1.9433333333333334,-0.32,0.20666666666666667,6374.0,6710.666666666667
15080.0,4.566666666666606,176.0,179.66666666666666,0.0,0.0,0.0,0.0,16.1,13.84,3.0,0.0,-1.67,-1.7433333333333334,-0.31,-0.20666666666666667,6327.0,6493.333333333333
15085.0,4.566666666666833,175.0,179.0,0.0,72.66666666666667,0.0,0.0,15.94,13.84,3.0,4.0,-2.15,-1.7933333333333332,-0.34,0.21333333333333332,6270.0,5597.333333333333
15090.0,4.566666666666833,173.0,179.0,22.0,75.0,0.0,0.0,15.58,13.86,3.0,4.0,-2.09,-2.17,-0.21,0.16999999999999998,6330.0,5486.666666666667
15095.0,4.550000000000182,172.0,179.33333333333334,61.333333333333336,75.66666666666667,0.0,0.0,15.133333333333335,13.88,3.0,4.0,-1.67,-1.99,0.04,0.16666666666666669,6389.0,5490.333333333333
15100.0,4.550000000000352,172.0,180.0,76.66666666666667,73.33333333333333,0.0,0.0,14.69,13.866666666666667,3.0,4.0,-1.85,-1.69,0.11333333333333334,0.15666666666666668,6378.0,5549.666666666667
15105.0,4.5416666666667425,172.0,180.0,80.0,75.0,0.0,0.0,13.825,13.543333333333333,3.0,4.0,-1.6749999999999998,-1.7933333333333334,0.155,0.17666666666666667,6431.0,5512.333333333333
15110.0,4.54166666666697,172.0,180.0,77.5,75.0,0.0,0.0,13.120000000000001,12.76,3.0,4.0,-1.905,-1.67,0.14,0.19333333333333333,6466.0,5533.0
15115.0,4.5416666666667425,173.0,180.0,80.0,75.66666666666667,0.0,0.0,12.260000000000002,11.686666666666667,3.0,4.0,-2.1950000000000003,-2.2399999999999998,0.22999999999999998,0.18333333333333335,6422.0,5535.666666666667
15120.0,4.533333333333417,173.0,180.0,76.33333333333333,79.33333333333333,0.0,0.0,11.26,10.833333333333334,3.0,4.0,-1.6133333333333333,-2.08,0.23,0.17666666666666667,6596.0,5478.666666666667
15125.0,4.533333333333587,173.66666666666666,181.0,77.66666666666667,76.66666666666667,0.0,0.0,9.51,9.946666666666667,3.0,4.0,-1.7433333333333334,-1.76,0.26,0.21999999999999997,6497.0,5582.333333333333
15130.0,4.516666666666879,174.0,181.0,84.0,80.0,0.0,0.0,6.83,8.813333333333334,3.0,4.0,-1.43,-1.7,0.31,0.22333333333333333,6609.0,5532.0
15135.0,4.516666666667106,175.0,181.33333333333334,94.0,83.66666666666667,0.0,0.0,4.55,7.153333333333333,3.0,4.0,-1.67,-1.5233333333333334,0.39,0.23333333333333334,6631.0,5582.0
15140.0,4.5166666666666515,176.0,182.0,100.0,91.66666666666667,0.0,0.0,2.58,5.543333333333333,3.0,4.0,-1.5,-1.71,0.38,0.28,6628.0,5584.0
15145.0,4.516666666666708,177.0,182.33333333333334,100.0,99.33333333333333,0.0,0.0,2.29,4.043333333333333,3.0,4.0,-1.73,-1.55,0.48,0.2866666666666667,6664.0,5597.666666666667
15150.0,4.516666666666879,178.0,183.33333333333334,100.0,100.0,0.0,0.0,2.09,2.82,3.0,4.0,-1.38,-1.5366666666666666,0.37,0.30333333333333334,6658.0,5608.0
15155.0,4.516666666666879,179.0,184.0,100.0,100.0,0.0,0.0,0.76,1.44,3.0,4.0,-1.12,-1.3333333333333335,0.36,0.30333333333333334,6674.0,5612.333333333333
15160.0,4.516666666667106,181.0,185.0,100.0,100.0,0.0,0.0,-2.41,-0.07666666666666666,3.0,4.0,-0.51,-1.0566666666666666,0.37,0.31666666666666665,6678.0,5611.666666666667
15165.0,4.5,182.0,186.0,100.0,100.0,0.0,0.0,-4.74,-1.31,3.0,4.0,0.12,-0.52,0.33,0.27,6773.0,5618.0
15170.0,4.5,183.0,187.0,100.0,100.0,0.0,0.0,-5.08,-2.24,3.0,4.0,0.74,-0.02,0.35,0.3,6832.0,5694.0
15175.0,4.500000000000227,184.0,188.0,100.0,100.0,0.0,0.0,-4.73,-2.4,3.0,4.0,0.87,0.4,0.34,0.32,6819.0,5691.0
15180.0,4.500000000000227,185.0,189.0,88.0,100.0,0.0,0.0,-4.89,-3.02,3.0,4.0,0.65,0.33,0.11,0.21,7349.0,5736.0
15185.0,4.500000000000455,186.0,189.0,99.0,95.0,0.0,0.0,-4.98,-3.28,3.0,4.0,0.89,0.48,0.29,0.31,6986.0,6239.0
15190.0,4.4833333333333485,187.0,191.0,92.0,100.0,0.0,0.0,-5.4,-3.6733333333333333,3.0,4.0,0.66,0.82,0.33,0.2966666666666667,7134.0,5900.666666666667
15195.0,4.500000000000057,187.0,191.66666666666666,88.33333333333333,97.33333333333333,0.0,0.0,-5.903333333333333,-4.8566666666666665,3.0,4.0,0.5433333333333333,0.5333333333333333,0.03666666666666667,0.25,7378.666666666667,5991.333333333333
15200.0,4.4916666666669585,188.0,192.5,28.66666666666667,81.5,0.0,0.0,-6.46,-6.005,3.0,4.0,1.1166666666666667,0.7450000000000001,0.023333333333333317,0.34,6855.666666666667,6254.0
15205.0,4.483333333333519,187.66666666666666,193.0,81.33333333333333,90.33333333333333,0.0,0.0,-6.843333333333334,-5.623333333333334,4.0,4.0,0.5366666666666666,1.0333333333333332,0.12666666666666665,0.2533333333333333,6163.0,6028.333333333333
15210.0,4.491666666666845,188.5,194.0,74.0,74.0,0.0,0.0,-7.484999999999999,-6.36,4.0,4.0,1.2650000000000001,0.4966666666666667,0.375,0.15,6063.0,6347.0
15215.0,4.475000000000136,189.5,194.0,90.0,71.0,0.0,0.0,-6.845,-7.88,4.0,4.0,1.225,1.75,0.28,0.51,5808.0,6200.0
15220.0,4.483333333333519,190.33333333333334,195.0,88.66666666666667,75.0,0.0,0.0,-6.303333333333333,-7.91,4.0,4.0,1.0666666666666667,1.01,0.3433333333333333,0.15,5930.666666666667,6030.0
15225.0,4.483333333333746,191.33333333333334,196.0,96.0,73.0,0.0,0.0,-7.226666666666667,-8.1,4.0,4.0,1.3166666666666667,1.65,0.30333333333333334,0.27,5852.0,6055.0
15230.0,4.4833333333333485,192.0,196.0,98.0,77.66666666666667,0.0,0.0,-8.0,-7.973333333333334,4.0,4.0,1.48,2.316666666666667,0.23,0.24333333333333335,5865.0,5967.0
15235.0,4.475000000000023,193.0,196.0,98.0,85.5,0.0,0.0,-8.08,-7.105,4.0,4.0,1.71,2.335,0.34,0.265,5812.0,5955.5
15240.0,4.466666666666924,194.0,197.0,91.0,92.0,0.0,0.0,-8.15,-6.37,4.0,4.0,1.49,1.69,0.32,0.27666666666666667,5934.0,5980.0
15245.0,4.4666666666668675,195.0,197.0,90.33333333333333,92.0,0.0,0.0,-8.426666666666666,-6.25,4.0,4.0,1.7433333333333334,1.63,0.30333333333333334,0.29,5909.666666666667,6065.0
15250.0,4.475000000000136,195.5,198.0,84.0,99.0,0.0,0.0,-9.254999999999999,-6.13,4.0,4.0,1.855,1.6,0.26,0.29,5956.0,6003.0
15255.0,4.483333333333519,196.0,199.0,84.0,100.0,0.0,0.0,-9.396666666666667,-6.05,4.0,4.0,2.3,1.87,0.24000000000000002,0.37,5938.0,6029.0
15260.0,4.4666666666668675,197.0,199.66666666666666,83.66666666666667,100.0,0.0,0.0,-8.296666666666667,-6.33,4.0,4.0,1.63,1.83,0.24,0.33,5992.666666666667,6044.0
15265.0,4.466666666666981,197.0,200.33333333333334,85.0,99.33333333333333,0.0,0.0,-7.15,-6.426666666666667,4.0,4.0,1.51,1.46,0.3,0.31,6066.0,6084.666666666667
15270.0,4.466666666666697,198.0,201.33333333333334,90.0,94.0,0.0,0.0,-6.09,-6.25,4.0,4.0,2.01,1.5266666666666666,0.32,0.29333333333333333,6047.0,6164.333333333333
15275.0,4.466666666666754,198.0,202.0,94.0,99.0,0.0,0.0,-5.503333333333333,-5.5,4.0,4.0,2.1,1.9,0.29666666666666663,0.34,6039.0,6149.0
15280.0,4.4583333333336554,199.0,202.66666666666666,99.5,100.0,0.0,0.0,-4.640000000000001,-4.543333333333333,4.0,4.0,1.885,1.8466666666666667,0.32999999999999996,0.31,6048.0,6149.0
15285.0,4.466666666666754,200.0,203.66666666666666,100.0,100.0,0.0,0.0,-2.8866666666666667,-3.38,4.0,4.0,1.7133333333333334,1.5,0.36333333333333334,0.2866666666666667,6102.0,6185.333333333333
15290.0,4.466666666666697,201.0,204.33333333333334,100.0,100.0,0.0,0.0,-1.47,-2.216666666666667,4.0,4.0,1.43,1.46,0.34,0.3466666666666667,6071.0,6202.0
15295.0,4.450000000000273,202.0,205.0,100.0,100.0,0.0,0.0,-0.31,-1.3,4.0,4.0,1.17,1.2,0.4,0.39,6115.0,6211.0
15300.0,4.4666666666668675,202.66666666666666,206.0,100.0,100.0,0.0,0.0,0.23666666666666666,-1.08,4.0,4.0,0.7466666666666667,1.22,0.31333333333333335,0.35,6102.0,6201.0
15305.0,4.458333333333485,203.5,206.66666666666666,100.0,100.0,0.0,0.0,0.565,-0.98,4.0,4.0,0.33999999999999997,0.6333333333333333,0.32,0.3733333333333333,6157.5,6264.0
15310.0,4.450000000000216,204.33333333333334,207.33333333333334,100.0,100.0,0.0,0.0,0.51,-0.5666666666666667,4.0,4.0,0.09666666666666666,0.3433333333333333,0.29666666666666663,0.15333333333333332,6184.333333333333,6325.666666666667
15315.0,4.450000000000273,206.0,208.0,100.0,100.0,0.0,0.0,0.45,-0.2,4.0,4.0,-0.02,0.17,0.34,0.18,6216.0,6291.0
15320.0,4.4666666666668675,206.66666666666666,209.0,100.0,100.0,0.0,0.0,-0.1933333333333333,-0.54,4.0,4.0,-0.023333333333333334,0.11,0.32333333333333336,0.03,6248.333333333333,6528.0
15325.0,4.450000000000102,207.66666666666666,210.0,100.0,100.0,0.0,0.0,-0.9133333333333333,-1.54,4.0,4.0,0.039999999999999994,0.2,0.32666666666666666,0.3066666666666667,6286.0,6342.333333333333
15330.0,4.450000000000216,208.33333333333334,211.0,100.0,100.0,0.0,0.0,-1.1199999999999999,-1.8466666666666667,4.0,4.0,0.13666666666666666,0.16,0.33,0.15666666666666665,6337.666666666667,6394.0
15335.0,4.450000000000273,210.0,212.0,100.0,100.0,0.0,0.0,-0.83,-1.8,4.0,4.0,0.25,0.35,0.31,0.31,6310.0,6382.0
15340.0,4.450000000000102,210.66666666666666,212.66666666666666,100.0,100.0,0.0,0.0,-0.3566666666666667,-1.8133333333333335,4.0,4.0,0.22333333333333333,0.44,0.31,0.25333333333333335,6342.333333333333,6440.0
15345.0,4.450000000000216,211.33333333333334,213.33333333333334,100.0,100.0,0.0,0.0,0.10666666666666666,-1.82,4.0,4.0,0.12000000000000001,0.45666666666666667,0.3,0.2633333333333333,6403.0,6445.333333333333
15350.0,4.450000000000273,212.0,214.0,100.0,100.0,0.0,0.0,0.04,-1.82,4.0,4.0,0.08,0.52,0.34,0.34,6466.0,6507.0
15355.0,4.450000000000102,213.0,215.0,100.0,100.0,0.0,0.0,-0.4333333333333333,-2.1466666666666665,4.0,4.0,0.11666666666666667,0.5599999999999999,0.29666666666666663,0.2733333333333333,6443.333333333333,6521.666666666667
15360.0,4.441666666666833,214.0,216.0,100.0,100.0,0.0,0.0,-1.94,-3.28,4.0,4.0,0.27,0.7266666666666667,0.275,0.2966666666666667,6459.0,6518.0
15365.0,4.4333333333335645,215.33333333333334,216.0,100.0,100.0,0.0,0.0,-3.783333333333333,-4.25,4.0,4.0,0.65,0.84,0.29666666666666663,0.23,6481.666666666667,6558.0
15370.0,4.433333333333394,216.0,217.0,100.0,100.0,0.0,0.0,-4.92,-4.576666666666667,4.0,4.0,0.91,1.0766666666666667,0.25,0.2566666666666667,6525.0,6563.333333333333
15375.0,4.433333333333451,217.0,218.0,85.33333333333333,100.0,0.0,0.0,-5.6866666666666665,-4.433333333333334,4.0,4.0,1.0833333333333335,1.2633333333333334,0.23666666666666666,0.24666666666666667,6520.666666666667,6589.666666666667
15380.0,4.4333333333335645,217.0,219.0,57.333333333333336,100.0,0.0,0.0,-6.46,-4.51,4.0,4.0,0.94,1.0,0.13333333333333333,0.25,6553.333333333333,6598.0
15385.0,4.433333333333394,218.0,219.0,57.0,99.33333333333333,0.0,0.0,-6.87,-5.616666666666667,4.0,4.0,0.87,0.7466666666666667,0.16,0.3166666666666667,6574.0,6730.333333333333
15390.0,4.433333333333451,218.0,220.0,61.333333333333336,98.0,0.0,0.0,-7.013333333333334,-6.35,4.0,4.0,0.9533333333333334,0.7966666666666666,0.17,0.27666666666666667,6624.666666666667,6726.666666666667
15395.0,4.450000000000273,218.0,221.0,65.0,98.0,0.0,0.0,-7.0,-6.41,4.0,4.0,1.12,0.85,0.17,0.22,6594.0,6754.0
15400.0,4.450000000000102,219.0,221.0,64.33333333333333,97.33333333333333,0.0,0.0,-7.0,-6.023333333333333,4.0,4.0,0.9133333333333333,0.8733333333333334,0.16666666666666666,0.25,6613.333333333333,6808.333333333333
15405.0,4.450000000000216,219.0,222.0,63.666666666666664,99.66666666666667,0.0,0.0,-6.976666666666667,-5.843333333333333,4.0,4.0,1.18,0.9433333333333332,0.22,0.25333333333333335,6679.666666666667,6780.666666666667
15410.0,4.450000000000273,220.0,223.0,66.0,99.0,0.0,0.0,-6.72,-5.85,4.0,4.0,1.55,1.32,0.2,0.33,6621.0,6812.0
15415.0,4.441666666666777,220.0,223.5,67.0,100.0,0.0,0.0,-5.866666666666666,-5.85,4.0,4.0,1.5666666666666667,1.605,0.2,0.315,6613.666666666667,6760.5
15420.0,4.4333333333335645,221.0,224.0,68.66666666666667,100.0,0.0,0.0,-5.023333333333333,-5.58,4.0,4.0,1.04,1.54,0.20666666666666667,0.3,6669.333333333333,6768.0
15425.0,4.433333333333621,221.0,225.0,72.0,100.0,0.0,0.0,-4.57,-4.513333333333333,4.0,4.0,0.58,0.9433333333333334,0.18,0.32666666666666666,6750.0,6866.666666666667
15430.0,4.433333333333451,221.0,225.33333333333334,72.0,99.33333333333333,0.0,0.0,-4.9366666666666665,-3.783333333333333,4.0,4.0,0.11666666666666667,0.4066666666666667,-0.013333333333333336,0.21666666666666667,7269.0,7038.666666666667
15435.0,4.4333333333335645,221.33333333333334,226.0,77.66666666666667,100.0,0.0,0.0,-5.456666666666667,-3.75,4.0,4.0,0.14,0.07,0.18,-0.07,7329.333333333333,7373.0
15440.0,4.433333333333621,223.0,225.66666666666666,91.0,100.0,0.0,0.0,-5.63,-3.77,4.0,4.0,0.92,0.17666666666666667,0.51,0.21666666666666667,6839.0,7314.666666666667
15445.0,4.416666666666799,223.66666666666666,227.0,100.0,98.0,0.0,0.0,-4.566666666666666,-3.77,4.0,4.0,1.0366666666666666,0.78,0.41,0.34,6774.0,7041.0
15450.0,4.433333333333621,225.0,227.66666666666666,100.0,100.0,0.0,0.0,-3.97,-2.9633333333333334,4.0,4.0,0.72,1.19,0.34,0.35333333333333333,6798.0,6940.666666666667
15455.0,4.4333333333335645,225.66666666666666,228.33333333333334,98.66666666666667,100.0,0.0,0.0,-3.9766666666666666,-2.54,4.0,4.0,0.4766666666666667,0.5066666666666667,0.3433333333333334,0.27666666666666667,7070.0,6946.333333333333
15460.0,4.4333333333335645,226.33333333333334,229.0,100.0,100.0,0.0,0.0,-3.85,-2.93,4.0,4.0,0.99,0.55,0.43666666666666665,0.3,6990.666666666667,7236.0
15465.0,4.41666666666697,228.0,230.0,100.0,100.0,0.0,0.0,-3.4,-2.9133333333333336,4.0,4.0,1.58,0.9766666666666667,0.42,0.37,6918.0,6972.0
15470.0,4.425000000000182,228.5,231.0,100.0,100.0,0.0,0.0,-2.7750000000000004,-2.37,4.0,4.0,1.545,1.29,0.36,0.41,6864.0,6949.0
15475.0,4.4333333333335645,229.0,232.0,100.0,100.0,0.0,0.0,-2.35,-1.7866666666666666,4.0,4.0,1.19,1.1033333333333333,0.37,0.3433333333333333,6908.0,6967.333333333333
15480.0,4.416666666666913,230.66666666666666,233.0,100.0,100.0,0.0,0.0,-2.19,-1.65,4.0,4.0,1.0133333333333334,0.76,0.3766666666666667,0.34,7002.666666666667,7009.0
15485.0,4.416666666666799,231.33333333333334,233.66666666666666,100.0,100.0,0.0,0.0,-1.6166666666666667,-1.6333333333333333,4.0,4.0,1.27,0.8966666666666666,0.35666666666666663,0.3566666666666667,6943.666666666667,7070.333333333333
15490.0,4.425000000000182,232.0,235.0,100.0,100.0,0.0,0.0,-0.87,-1.2,4.0,4.0,1.0274999999999999,0.955,0.35,0.3325,6961.0,7031.5
15495.0,4.416666666666799,233.33333333333334,235.66666666666666,95.66666666666667,100.0,0.0,0.0,0.5366666666666667,-0.5433333333333333,4.0,4.0,0.6166666666666666,0.72,0.29000000000000004,0.33333333333333337,6986.333333333333,7066.0
15500.0,4.4166666666667425,234.0,236.33333333333334,85.0,100.0,0.0,0.0,1.47,0.23666666666666666,4.0,4.0,0.21,0.5,0.29,0.30333333333333334,6991.0,7083.0
15505.0,4.420833333333576,234.33333333333334,237.0,62.333333333333336,100.0,0.0,0.0,2.0833333333333335,1.2425,4.0,4.0,-0.17333333333333334,0.15500000000000003,0.19,0.28250000000000003,6997.666666666667,7099.25
15510.0,4.4166666666667425,235.0,238.0,22.0,100.0,0.0,0.0,2.48,2.0033333333333334,4.0,4.0,-0.61,-0.23333333333333334,-0.1,0.25333333333333335,6974.0,7121.333333333333
15515.0,4.412500000000193,234.0,238.75,3.5,100.0,0.0,0.0,3.3550000000000004,2.245,4.0,4.0,-0.895,-0.5349999999999999,-0.41000000000000003,0.06,6935.5,7140.0
15520.0,4.41666666666697,233.0,238.66666666666666,0.0,100.0,0.0,0.0,4.31,2.4966666666666666,4.0,4.0,-1.07,-0.7666666666666667,-0.4,-0.05666666666666667,6885.0,7133.333333333333
15525.0,4.416666666666799,232.0,239.0,0.0,100.0,0.0,0.0,5.04,2.71,4.0,4.0,-1.4333333333333333,-0.74,-0.2733333333333334,0.16,6850.666666666667,7136.0
15530.0,4.404166666666924,231.0,239.0,0.0,100.0,0.0,0.0,5.13,3.376666666666667,4.0,4.0,-1.6,-0.9633333333333333,-0.28500000000000003,0.17666666666666667,6822.5,7147.333333333333
15535.0,4.416666666666913,230.33333333333334,239.0,0.0,100.0,0.0,0.0,5.13,4.45,4.0,4.0,-1.6233333333333333,-1.25,-0.2866666666666667,0.13,6794.333333333333,7181.0
15540.0,4.400000000000091,229.0,240.0,0.0,100.0,0.0,0.0,5.123333333333333,5.216666666666667,4.0,4.0,-1.5133333333333332,-1.3666666666666667,-0.27666666666666667,0.12333333333333334,6757.0,7183.0
15545.0,4.400000000000318,228.0,240.0,0.0,100.0,0.0,0.0,4.88,5.84,4.0,4.0,-1.98,-1.36,-0.3,0.09,6734.0,7236.0
15550.0,4.391666666666879,227.5,240.0,0.0,100.0,0.0,0.0,3.78,6.243333333333333,4.0,4.0,-1.71,-1.8833333333333333,-0.295,0.13,6702.5,7208.0
15555.0,4.400000000000091,226.0,240.0,0.0,0.0,0.0,0.0,3.05,6.8,4.0,0.0,-1.66,-2.11,-0.31,-0.47,6677.0,7135.0
15560.0,4.38333333333361,225.33333333333334,239.0,0.0,32.666666666666664,0.0,0.0,3.3899999999999997,7.116666666666666,4.0,0.0,-1.6333333333333333,-2.2833333333333337,-0.32333333333333336,-0.18666666666666668,6646.0,6622.333333333333
15565.0,4.383333333333496,224.0,239.0,0.0,97.0,0.0,0.0,4.44,7.56,4.0,5.0,-1.5366666666666666,-2.52,-0.32666666666666666,0.03,6616.666666666667,6088.0
15570.0,4.366666666666788,223.0,239.0,0.0,94.33333333333333,0.0,0.0,5.59,7.706666666666667,4.0,5.0,-1.27,-2.2333333333333334,-0.3,0.09666666666666666,6584.0,6109.0
15575.0,4.3666666666669585,222.33333333333334,239.0,0.0,88.0,0.0,0.0,5.74,7.72,4.0,5.0,-1.3733333333333333,-1.72,-0.29666666666666663,0.07,6553.333333333333,6145.0
15580.0,4.362500000000182,221.0,239.0,0.0,84.5,0.0,0.0,5.125,8.34,4.0,5.0,-1.4575,-1.575,-0.3,0.10500000000000001,6522.75,6155.0
15585.0,4.366666666666845,220.33333333333334,239.0,0.0,82.0,0.0,0.0,4.773333333333333,8.77,4.0,5.0,-1.4000000000000001,-1.53,-0.2866666666666667,0.05,6500.666666666667,6169.0
15590.0,4.358333333333405,219.66666666666666,239.0,0.0,87.5,0.0,0.0,4.970000000000001,7.945,4.0,5.0,-1.3933333333333333,-1.6749999999999998,-0.29,0.12,6468.666666666667,6153.0
15595.0,4.350000000000136,218.0,239.0,0.0,94.0,0.0,0.0,5.55,6.69,4.0,5.0,-1.58,-1.87,-0.29,0.11,6445.0,6152.0
15600.0,4.3416666666668675,218.0,239.0,21.333333333333332,98.0,0.0,0.0,6.49,6.324999999999999,4.0,5.0,-1.07,-1.645,-0.13666666666666666,0.14,6468.0,6140.5
15605.0,4.333333333333314,217.0,239.0,50.666666666666664,93.0,0.0,0.0,8.02,6.82,4.0,5.0,-0.9366666666666668,-0.99,-0.06666666666666668,0.1,6541.333333333333,6198.0
15610.0,4.325000000000159,217.0,239.5,78.0,84.0,0.0,0.0,8.64,8.2,4.0,5.0,-1.94,-1.1749999999999998,0.0,0.12000000000000001,6491.0,6255.0
15615.0,4.31666666666689,217.0,240.0,91.66666666666667,89.0,0.0,0.0,8.360000000000001,8.65,4.0,5.0,-2.063333333333333,-2.03,0.006666666666666666,0.13,6489.0,6137.0
15620.0,4.316666666666663,217.0,240.0,92.0,91.0,0.0,0.0,8.09,8.63,4.0,5.0,-1.6033333333333333,-2.15,0.05,0.09666666666666666,6509.333333333333,6119.333333333333
15625.0,4.300000000000182,217.0,240.0,90.0,87.0,0.0,0.0,7.62,8.64,4.0,5.0,-1.21,-1.52,0.11,0.05,6569.0,6140.0
15630.0,4.300000000000239,217.0,240.0,95.66666666666667,81.33333333333333,0.0,0.0,6.34,8.806666666666667,4.0,5.0,-1.4433333333333334,-1.3333333333333333,0.14666666666666667,0.08333333333333333,6582.333333333333,6198.666666666667
15635.0,4.28333333333336,217.0,240.0,99.33333333333333,82.0,0.0,0.0,5.38,8.7,4.0,5.0,-1.3333333333333335,-1.47,0.20666666666666667,0.1,6619.666666666667,6184.0
15640.0,4.2833333333334735,218.0,240.0,100.0,84.33333333333333,0.0,0.0,4.63,8.186666666666666,4.0,5.0,-1.49,-1.53,0.3,0.07666666666666666,6626.0,6189.333333333333
15645.0,4.266666666666936,218.66666666666666,240.0,100.0,87.0,0.0,0.0,4.406666666666666,8.1,4.0,5.0,-1.74,-1.79,0.26,0.12,6596.666666666667,6170.0
15650.0,4.266666666666708,219.0,240.0,100.0,91.33333333333333,0.0,0.0,4.32,8.086666666666666,4.0,5.0,-1.5433333333333332,-2.2933333333333334,0.24666666666666667,0.11,6587.666666666667,6133.333333333333
15655.0,4.25,220.0,240.0,100.0,94.0,0.0,0.0,4.43,7.95,4.0,5.0,-0.84,-2.33,0.13,0.09,6668.0,6120.0
15660.0,4.250000000000284,220.0,240.0,100.0,93.0,0.0,0.0,4.406666666666666,7.51,4.0,5.0,-0.8166666666666667,-1.7533333333333332,-0.009999999999999995,0.08000000000000002,6912.666666666667,6150.666666666667
15665.0,4.233333333333405,220.0,240.0,98.66666666666667,96.0,0.0,0.0,4.126666666666667,6.6,4.0,5.0,-0.9,-1.84,0.049999999999999996,0.17,7086.666666666667,6176.0
15670.0,4.2333333333333485,221.0,240.0,100.0,99.0,0.0,0.0,3.45,5.613333333333333,4.0,5.0,-1.93,-1.7,0.44,0.12,6699.0,6169.0
15675.0,4.216666666666981,221.66666666666666,240.0,100.0,100.0,0.0,0.0,2.276666666666667,4.65,4.0,5.0,-1.5766666666666667,-1.93,0.21666666666666667,0.15,6663.666666666667,6187.0
15680.0,4.216666666666754,222.0,241.0,100.0,100.0,0.0,0.0,1.35,3.2833333333333337,4.0,5.0,-1.0166666666666666,-1.6166666666666667,0.21666666666666667,0.14666666666666667,6749.333333333333,6161.0
15685.0,4.2000000000000455,223.0,241.0,100.0,100.0,0.0,0.0,0.55,2.23,4.0,5.0,-0.74,-1.1,0.26,0.17,6773.0,6204.0
15690.0,4.216666666667038,223.0,241.0,100.0,100.0,0.0,0.0,-0.11333333333333331,1.12,4.0,5.0,-0.32666666666666666,-0.6066666666666667,0.16666666666666666,0.18666666666666665,6836.666666666667,6302.333333333333
15695.0,4.2000000000000455,223.0,242.0,100.0,100.0,0.0,0.0,-1.55,0.24,4.0,5.0,-0.18,-0.35,0.02,0.2,7223.0,6307.0
15700.0,4.200000000000102,224.66666666666666,242.0,100.0,100.0,0.0,0.0,-2.6933333333333334,-0.38666666666666666,4.0,5.0,-0.09666666666666668,-0.15666666666666668,0.37666666666666665,-0.043333333333333335,6878.0,6727.0
15705.0,4.1833333333335645,225.33333333333334,242.0,100.0,99.0,0.0,0.0,-2.76,-1.33,4.0,5.0,0.2633333333333333,-0.29,0.2633333333333333,0.57,6800.333333333333,6673.0
15710.0,4.183333333333394,226.0,243.0,100.0,100.0,0.0,0.0,-2.11,-3.1533333333333333,4.0,5.0,0.56,0.22,0.27,0.22,6837.0,6233.666666666667
15715.0,4.175000000000182,227.0,244.0,100.0,100.0,0.0,0.0,-1.91,-3.25,4.0,5.0,0.71,0.5,0.28500000000000003,0.18,6836.0,6255.0
15720.0,4.175000000000296,228.0,244.0,100.0,100.0,0.0,0.0,-2.15,-3.0650000000000004,4.0,5.0,0.82,0.8,0.27,0.2,6871.0,6251.0
15725.0,4.166666666666799,228.66666666666666,245.0,100.0,100.0,0.0,0.0,-2.566666666666667,-2.93,4.0,5.0,0.9433333333333334,1.07,0.28,0.21,6865.0,6272.0
15730.0,4.158333333333587,229.0,245.0,100.0,100.0,0.0,0.0,-2.74,-2.77,4.0,5.0,0.8966666666666667,1.205,0.25666666666666665,0.16999999999999998,6902.333333333333,6258.5
15735.0,4.16250000000025,229.75,246.0,100.0,100.0,0.0,0.0,-2.7725,-2.39,4.0,5.0,0.955,1.03,0.2775,0.13,6933.75,6280.0
15740.0,4.150000000000091,230.33333333333334,246.0,100.0,100.0,0.0,0.0,-2.75,-1.1833333333333333,4.0,5.0,1.0566666666666666,1.07,0.2733333333333334,0.2,6946.333333333333,6290.0
15745.0,4.150000000000318,231.0,247.0,100.0,100.0,0.0,0.0,-2.31,-0.19,4.0,5.0,1.05,0.86,0.27,0.17,6957.0,6307.0
15750.0,4.141666666666879,232.0,247.0,100.0,100.0,0.0,0.0,-1.7349999999999999,0.30666666666666664,4.0,5.0,0.915,0.6666666666666666,0.265,0.19333333333333333,6994.0,6307.333333333333
15755.0,4.137500000000102,233.0,247.75,100.0,100.0,0.0,0.0,-1.0,0.88,4.0,5.0,0.75,0.3275,0.28,0.18,7021.0,6331.25
15760.0,4.13333333333361,233.0,248.0,100.0,100.0,0.0,0.0,0.16666666666666657,1.2866666666666666,4.0,5.0,0.5733333333333334,0.07,0.25,0.19333333333333333,7053.0,6340.333333333333
15765.0,4.137500000000102,234.0,248.75,100.0,100.0,0.0,0.0,1.52,1.3075,4.0,5.0,0.3,-0.10500000000000001,0.28,0.105,7060.0,6360.0
15770.0,4.129166666666833,234.66666666666666,249.0,100.0,100.0,0.0,0.0,2.73,1.3775,4.0,5.0,-0.043333333333333335,-0.22,0.25,0.1525,7076.666666666667,6420.5
15775.0,4.116666666666788,235.33333333333334,249.66666666666666,100.0,100.0,0.0,0.0,3.64,1.5533333333333335,4.0,5.0,-0.57,-0.4066666666666667,0.27,0.21000000000000002,7108.0,6412.666666666667
15780.0,4.112500000000182,236.0,250.0,100.0,100.0,0.0,0.0,4.505,1.87,4.0,5.0,-0.95,-0.57,0.25,0.21,7101.75,6417.0
15785.0,4.108333333333633,237.0,250.5,100.0,100.0,0.0,0.0,5.276666666666666,2.935,4.0,5.0,-1.3066666666666666,-0.825,0.23333333333333334,0.20500000000000002,7118.666666666667,6399.0
15790.0,4.1124999999999545,237.0,251.0,100.0,100.0,0.0,0.0,6.1525,3.88,4.0,5.0,-1.7125,-1.01,0.225,0.2,7130.25,6416.0
15795.0,4.100000000000307,238.0,251.33333333333334,99.66666666666667,100.0,0.0,0.0,6.883333333333334,4.73,4.0,5.0,-1.9933333333333332,-1.48,0.24000000000000002,0.18666666666666668,7140.666666666667,6411.0
15800.0,4.087500000000375,238.0,252.0,96.0,100.0,0.0,0.0,7.68,5.105,4.0,5.0,-1.89,-1.6925,0.14,0.17250000000000001,7151.0,6412.75
15805.0,4.095833333333417,238.0,252.0,91.66666666666667,100.0,0.0,0.0,8.25,5.32,4.0,5.0,-2.1566666666666667,-1.6175000000000002,0.14333333333333334,0.12,7166.0,6446.75
15810.0,4.0833333333336554,238.0,252.0,91.0,100.0,0.0,0.0,8.82,5.533333333333333,4.0,5.0,-2.53,-1.9266666666666665,0.17,0.17666666666666667,7144.0,6451.0
15815.0,4.083333333333542,238.0,253.0,28.666666666666664,100.0,0.0,0.0,8.85,5.79,0.0,5.0,-2.39,-2.21,-0.03666666666666665,0.18,6528.333333333333,6439.0
15820.0,4.075000000000159,238.0,253.0,83.0,100.0,0.0,0.0,8.85,5.83,5.0,5.0,-1.99,-2.17,0.15,0.07500000000000001,6099.0,6437.5
15825.0,4.083333333333314,238.0,253.0,82.0,100.0,0.0,0.0,8.843333333333334,5.83,5.0,5.0,-2.0566666666666666,-2.04,0.12,0.1,6099.666666666667,6472.0
15830.0,4.066666666666833,238.0,253.0,82.0,100.0,0.0,0.0,8.65,5.74,5.0,5.0,-1.67,-2.15,0.11,0.14,6113.0,6457.333333333333
15835.0,4.062500000000284,238.0,253.0,83.5,100.0,0.0,0.0,8.120000000000001,5.5075,5.0,5.0,-1.77,-1.385,0.135,0.11000000000000001,6137.0,6489.25
15840.0,4.062499999999943,238.0,253.0,90.0,92.75,0.0,0.0,7.51,5.365,5.0,5.0,-1.95,-1.305,0.16,0.0525,6104.0,6580.0
15845.0,4.0583333333335645,238.5,253.0,94.0,99.33333333333333,0.0,0.0,6.855,5.073333333333333,5.0,5.0,-1.625,-1.7233333333333334,0.165,0.14,6121.5,6507.333333333333
15850.0,4.050000000000409,239.0,254.0,94.0,100.0,0.0,0.0,6.19,4.85,5.0,5.0,-1.27,-1.83,0.15,0.16,6170.0,6506.0
15855.0,4.050000000000068,239.0,254.0,99.0,100.0,0.0,0.0,5.609999999999999,4.38,5.0,5.0,-1.68,-1.53,0.225,0.165,6157.0,6519.5
15860.0,4.050000000000182,240.0,254.0,100.0,100.0,0.0,0.0,4.75,3.79,5.0,5.0,-1.85,-1.93,0.19,0.19,6128.0,6502.0
15865.0,4.033333333333701,240.0,254.0,100.0,100.0,0.0,0.0,4.226666666666667,3.316666666666667,5.0,5.0,-1.5833333333333333,-1.83,0.20666666666666667,0.16,6139.666666666667,6485.666666666667
15870.0,4.037500000000193,240.0,254.75,100.0,100.0,0.0,0.0,3.99,2.755,5.0,5.0,-1.2,-1.2825000000000002,0.19,0.115,6173.0,6512.0
15875.0,4.029166666666811,241.0,255.0,100.0,100.0,0.0,0.0,3.3633333333333333,2.4125,5.0,5.0,-1.1866666666666665,-1.06,0.22,0.1725,6192.333333333333,6562.5
15880.0,4.0333333333334735,241.0,255.0,100.0,100.0,0.0,0.0,2.91,2.1333333333333333,5.0,5.0,-1.11,-1.1433333333333333,0.25,0.19666666666666666,6198.0,6541.666666666667
15885.0,4.025000000000318,242.0,256.0,100.0,100.0,0.0,0.0,2.315,1.72,5.0,5.0,-1.015,-1.01,0.265,0.17,6238.0,6545.0
15890.0,4.024999999999977,242.0,256.0,100.0,100.0,0.0,0.0,1.35,1.06,5.0,5.0,-1.16,-0.85,0.25,0.16999999999999998,6201.0,6566.0
15895.0,4.025000000000091,243.0,256.0,100.0,100.0,0.0,0.0,0.20500000000000002,0.66,5.0,5.0,-0.8500000000000001,-0.77,0.22,0.17,6223.5,6554.0
15900.0,4.012500000000443,244.0,257.0,100.0,100.0,0.0,0.0,-0.54,0.25,5.0,5.0,-0.52,-0.5925,0.17,0.155,6240.0,6560.5
15905.0,4.008333333333439,244.0,257.0,100.0,100.0,0.0,0.0,-1.295,-0.11000000000000001,5.0,5.0,-0.225,-0.4366666666666667,0.19,0.16333333333333333,6248.0,6559.0
15910.0,4.000000000000227,245.0,258.0,100.0,100.0,0.0,0.0,-1.87,-0.45,5.0,5.0,0.04,-0.26,0.23,0.18,6245.0,6566.0
15915.0,4.000000000000227,245.0,258.0,100.0,100.0,0.0,0.0,-2.27,-0.76,5.0,5.0,0.28500000000000003,-0.035,0.21,0.175,6339.0,6578.5
15920.0,4.000000000000227,246.0,259.0,100.0,100.0,0.0,0.0,-2.58,-0.83,5.0,5.0,0.57,0.14,0.22,0.17,6412.0,6602.0
15925.0,3.995833333333394,246.33333333333334,259.0,100.0,100.0,0.0,0.0,-2.6,-0.8574999999999999,5.0,5.0,0.82,0.20750000000000002,0.2,0.1775,6346.333333333333,6615.25
15930.0,3.995833333333394,247.0,259.0,100.0,100.0,0.0,0.0,-2.5324999999999998,-1.1466666666666667,5.0,5.0,1.2675,0.3566666666666667,0.22999999999999998,0.16333333333333333,6314.25,6622.666666666667
15935.0,3.9833333333337464,247.0,260.0,100.0,100.0,0.0,0.0,-2.26,-1.33,5.0,5.0,1.1833333333333333,0.52,0.16999999999999998,0.19,6326.0,6618.0
15940.0,3.987500000000068,247.75,260.0,100.0,100.0,0.0,0.0,-1.6775,-1.38,5.0,5.0,1.0475,0.52,0.18,0.16999999999999998,6356.0,6633.5
15945.0,3.9750000000001933,248.25,260.75,98.5,100.0,0.0,0.0,-1.5,-1.395,5.0,5.0,1.135,0.5975,0.2025,0.14250000000000002,6345.0,6656.5
15950.0,3.979166666666913,249.0,261.0,97.0,100.0,0.0,0.0,-1.48,-1.7325,5.0,5.0,1.04,0.7324999999999999,0.19666666666666666,0.125,6356.666666666667,6647.0
15955.0,3.983333333333576,249.0,261.0,90.0,100.0,0.0,0.0,-1.26,-2.0466666666666664,5.0,5.0,1.02,0.8333333333333334,0.21,0.14333333333333334,6337.0,6653.333333333333
15960.0,3.9666666666668675,250.0,262.0,83.0,100.0,0.0,0.0,-1.5633333333333332,-2.11,5.0,5.0,0.7833333333333333,0.9,0.15000000000000002,0.14,6363.0,6661.0
15965.0,3.966666666666697,250.0,262.0,77.0,100.0,0.0,0.0,-2.27,-2.11,5.0,5.0,0.88,0.9033333333333333,0.11,0.12666666666666668,6366.0,6678.666666666667
15970.0,3.9625000000003183,250.0,262.0,74.0,100.0,0.0,0.0,-3.125,-2.11,5.0,5.0,1.1099999999999999,1.0525,0.1,0.14,6362.0,6680.25
15975.0,3.962500000000034,250.0,262.25,66.0,100.0,0.0,0.0,-2.8,-2.0949999999999998,5.0,5.0,1.02,1.1225,0.05,0.12,6358.0,6678.75
15980.0,3.9583333333335418,250.33333333333334,263.0,53.666666666666664,100.0,0.0,0.0,-1.6766666666666667,-2.025,5.0,5.0,0.99,1.0350000000000001,0.02666666666666667,0.11,6370.0,6691.0
15985.0,3.9625000000002046,251.0,263.0,45.25,100.0,0.0,0.0,-0.16749999999999998,-1.99,5.0,5.0,0.8724999999999999,1.07,-0.0225,0.12,6359.25,6712.0
15990.0,3.950000000000216,250.75,263.0,40.0,100.0,0.0,0.0,0.6525,-1.835,5.0,5.0,0.4375,1.03,-0.035,0.105,6358.75,6708.75
15995.0,3.950000000000216,250.0,263.0,34.333333333333336,100.0,0.0,0.0,0.7366666666666667,-1.82,5.0,5.0,0.17333333333333334,0.95,-0.13333333333333333,0.10999999999999999,6377.0,6725.666666666667
16000.0,3.9500000000000455,250.0,264.0,32.0,100.0,0.0,0.0,0.75,-1.78,5.0,5.0,0.09,0.79,-0.02,0.09,6379.0,6740.0
16005.0,3.9333333333335077,250.0,264.0,33.333333333333336,100.0,0.0,0.0,0.6033333333333333,-1.4266666666666667,5.0,5.0,-0.13,0.87,-0.009999999999999995,0.10999999999999999,6338.666666666667,6747.666666666667
16010.0,3.937500000000057,250.0,264.0,34.0,100.0,0.0,0.0,0.18,-0.7000000000000001,5.0,5.0,-0.03,0.8724999999999999,-0.08,0.12,6335.0,6729.25
16015.0,3.925000000000182,250.0,264.0,30.5,100.0,0.0,0.0,0.20500000000000002,-0.13,5.0,5.0,-0.12,0.71,-0.04,0.11,6338.0,6728.0
16020.0,3.9250000000002956,250.0,264.5,19.0,100.0,0.0,0.0,0.29,0.345,5.0,5.0,-0.25,0.47,0.0,0.1,6308.0,6738.5
16025.0,3.920833333333519,249.66666666666666,265.0,11.666666666666666,100.0,0.0,0.0,-0.07333333333333333,0.625,5.0,5.0,-0.08666666666666667,0.25,-0.18666666666666668,0.1125,6297.666666666667,6742.0
16030.0,3.9250000000002387,249.0,265.0,4.5,100.0,0.0,0.0,-0.24500000000000002,0.73,5.0,5.0,-0.135,0.057499999999999996,-0.2025,0.0875,6275.0,6758.5
16035.0,3.9125000000001364,248.0,265.0,0.0,100.0,0.0,0.0,-0.295,0.715,5.0,5.0,-0.045,-0.08499999999999999,-0.33,0.11,6244.25,6767.5
16040.0,3.9166666666667993,247.33333333333334,266.0,0.0,100.0,0.0,0.0,0.44333333333333325,0.78,5.0,5.0,-0.12666666666666665,-0.22,-0.29333333333333333,0.1,6207.666666666667,6786.0
16045.0,3.900000000000148,246.75,266.0,0.0,100.0,0.0,0.0,1.2125,1.27,5.0,5.0,-0.1725,-0.37,-0.305,0.10250000000000001,6190.0,6784.5
16050.0,3.900000000000148,246.0,266.0,0.0,100.0,0.0,0.0,1.17,2.3466666666666667,5.0,5.0,-0.19,-0.6066666666666667,-0.29333333333333333,0.08666666666666667,6171.333333333333,6780.0
16055.0,3.9000000000003183,245.0,266.0,0.0,100.0,0.0,0.0,0.84,3.49,5.0,5.0,-0.35,-0.73,-0.31,0.03,6135.0,6809.0
16060.0,3.8833333333333258,244.33333333333334,266.3333333333333,0.0,100.0,0.0,0.0,0.11000000000000001,3.763333333333333,5.0,5.0,-0.49666666666666665,-1.3033333333333332,-0.27666666666666667,0.12000000000000001,6134.666666666667,6807.333333333333
16065.0,3.8875000000003297,244.0,267.0,0.0,97.0,0.0,0.0,-0.03,3.1999999999999997,5.0,5.0,-0.34,-1.4475,-0.28,0.065,6121.0,6782.5
16070.0,3.8666666666669585,243.0,267.0,0.0,90.0,0.0,0.0,0.67,2.05,5.0,5.0,-0.26333333333333336,-1.25,-0.26666666666666666,0.0,6095.0,6787.0
16075.0,3.8750000000001137,242.0,267.0,0.0,91.0,11.0,0.0,0.92,1.475,5.0,5.0,-0.27,-1.205,-0.39,0.04,6072.0,6801.5
16080.0,3.854166666666913,241.0,267.0,0.0,91.0,8.666666666666668,0.0,0.9633333333333334,1.6775,5.0,5.0,-0.30333333333333334,-1.1475,-0.39,0.0475,6038.666666666667,6793.0
16085.0,3.8500000000001364,240.0,267.0,0.0,90.0,3.0,0.0,1.44,2.24,5.0,5.0,-0.45,-0.93,-0.35,0.03,6017.0,6807.0
16090.0,3.8416666666668675,239.0,267.0,0.0,84.5,0.0,0.0,2.256666666666667,2.2199999999999998,5.0,5.0,-0.5766666666666667,-1.025,-0.29,0.025,6003.0,6808.0
16095.0,3.8374999999999204,238.0,267.0,0.0,72.75,0.0,0.0,2.48,1.8425,5.0,5.0,-0.71,-1.04,-0.29,0.0075,5984.0,6788.75
16100.0,3.829166666666879,237.33333333333334,266.75,0.0,40.25,0.0,6.75,1.5733333333333333,1.4475,5.0,5.0,-0.6766666666666666,-0.9299999999999999,-0.27666666666666667,-0.09999999999999999,5963.333333333333,6751.5
16105.0,3.8250000000003865,237.0,265.5,0.0,5.5,0.0,44.5,1.09,1.4649999999999999,5.0,5.0,-0.71,-0.7350000000000001,-0.26,-0.685,5946.0,6647.5
16110.0,3.816666666666663,236.0,263.0,0.0,0.0,0.0,71.0,1.63,1.59,5.0,5.0,-0.6900000000000001,-0.87,-0.27,-1.38,5924.666666666667,6497.0
16115.0,3.8041666666668448,235.0,259.0,0.0,0.0,5.5,76.33333333333333,2.42,1.6,5.0,5.0,-0.5925,-0.9333333333333333,-0.3025,-1.59,5895.25,6417.666666666667
16120.0,3.8041666666670153,234.33333333333334,255.5,0.0,0.0,31.333333333333332,77.0,2.6733333333333333,1.6,5.0,5.0,-0.7166666666666667,-0.5625,-0.5866666666666667,-1.3325,5844.0,6238.75
16125.0,3.795833333333462,231.66666666666666,251.5,0.0,0.0,40.0,77.0,2.0966666666666667,1.6075,5.0,5.0,-0.87,-0.49,-0.7633333333333333,-1.615,5780.0,5868.5
16130.0,3.7833333333335304,229.0,246.66666666666666,0.0,0.0,35.0,77.0,1.74,1.6366666666666665,5.0,5.0,-0.92,-0.7733333333333333,-0.74,-1.79,5731.0,5990.333333333333
16135.0,3.7833333333335872,227.66666666666666,242.0,46.0,0.0,29.0,77.0,1.9733333333333334,1.64,0.0,5.0,-0.8566666666666667,-0.81,-0.62,-1.71,6282.666666666667,5977.0
16140.0,3.7833333333335304,226.0,237.33333333333334,0.0,69.0,27.0,73.66666666666667,2.49,1.8099999999999998,4.0,0.0,-0.97,-0.8033333333333333,-0.72,-1.54,6653.0,6649.0
16145.0,3.7791666666668107,224.33333333333334,232.5,0.0,0.0,25.0,69.75,3.4899999999999998,2.395,4.0,4.0,-1.0166666666666666,-0.8200000000000001,-0.6666666666666667,-1.6150000000000002,6590.0,6733.0
16150.0,3.766666666666879,221.66666666666666,229.0,0.0,0.0,22.666666666666668,67.0,4.08,2.7766666666666664,4.0,4.0,-0.9633333333333333,-0.9033333333333333,-0.59,-1.56,6504.666666666667,6632.666666666667
16155.0,3.766666666666879,220.0,224.66666666666666,0.0,0.0,20.0,61.333333333333336,4.47,2.8433333333333333,4.0,4.0,-1.19,-0.9400000000000001,-0.58,-1.4333333333333333,6462.0,6505.0
16160.0,3.766666666666822,218.33333333333334,221.0,0.0,0.0,12.666666666666666,53.0,5.033333333333333,2.68,4.0,4.0,-1.3533333333333335,-1.05,-0.46,-1.27,6421.333333333333,6408.0
16165.0,3.766666666666879,217.0,217.66666666666666,0.0,0.0,6.0,47.0,5.173333333333333,2.56,4.0,4.0,-1.4066666666666665,-0.8966666666666666,-0.35666666666666663,-1.0633333333333332,6395.0,6317.333333333333
16170.0,3.766666666666879,216.0,214.33333333333334,0.0,0.0,4.0,43.666666666666664,5.25,2.65,4.0,4.0,-1.53,-0.8699999999999999,-0.32,-1.0466666666666666,6370.0,6205.666666666667
16175.0,3.766666666666822,215.33333333333334,211.0,0.0,69.0,0.0,42.0,6.133333333333333,2.87,4.0,0.0,-1.6666666666666667,-1.25,-0.27,-0.94,6346.333333333333,6381.0
16180.0,3.766666666666879,214.0,208.66666666666666,0.0,23.0,0.0,42.0,7.17,3.23,4.0,0.0,-1.64,-1.2033333333333334,-0.26,-0.9966666666666667,6317.333333333333,7216.0
16185.0,3.7750000000002046,213.0,205.0,0.0,0.0,0.0,42.0,8.05,4.265000000000001,4.0,3.0,-1.58,-1.1949999999999998,-0.26,-0.99,6290.0,7273.5
16190.0,3.7833333333334735,212.33333333333334,201.33333333333334,0.0,0.0,4.333333333333333,42.0,8.68,5.183333333333334,4.0,3.0,-1.81,-1.25,-0.32666666666666666,-1.0233333333333334,6253.0,7157.666666666667
16195.0,3.7833333333335872,211.0,198.0,23.0,0.0,7.333333333333333,42.0,8.79,5.93,4.0,3.0,-2.06,-1.58,-0.35,-1.03,6327.333333333333,7060.0
16200.0,3.800000000000182,210.0,195.0,69.0,0.0,10.0,42.0,8.79,6.86,0.0,3.0,-2.05,-1.56,-0.32,-0.99,7057.0,6913.0
16205.0,3.800000000000182,208.0,190.0,0.0,0.0,13.0,37.0,8.88,7.26,3.0,3.0,-2.28,-1.81,-0.51,-0.97,7458.0,6755.0
16210.0,3.8000000000003524,206.33333333333334,187.66666666666666,0.0,0.0,10.0,27.333333333333332,9.16,7.616666666666666,3.0,3.0,-2.11,-2.0,-0.44333333333333336,-0.78,7386.666666666667,6693.333333333333
16215.0,3.8166666666667766,204.66666666666666,185.33333333333334,0.0,0.0,6.666666666666667,24.0,9.59,8.933333333333334,3.0,3.0,-2.1333333333333333,-1.9033333333333333,-0.4033333333333333,-0.6833333333333333,7317.666666666667,6589.333333333333
16220.0,3.8333333333336554,203.0,182.33333333333334,0.0,0.0,0.0,22.0,9.59,10.336666666666668,3.0,3.0,-2.42,-2.283333333333333,-0.32,-0.6866666666666666,7296.0,6470.666666666667
16225.0,3.8333333333337123,202.0,179.66666666666666,0.0,0.0,0.0,6.0,9.59,11.046666666666667,3.0,3.0,-2.03,-2.0433333333333334,-0.3,-0.3933333333333333,7242.0,6431.0
16230.0,3.849999999999966,200.33333333333334,178.33333333333334,0.0,9.333333333333332,0.0,0.0,11.086666666666666,11.89,3.0,3.0,-2.58,-2.4566666666666666,-0.32333333333333336,-0.20333333333333334,7195.0,6426.333333333333
16235.0,3.858333333333576,198.5,177.0,0.0,35.0,0.0,0.0,12.64,12.49,3.0,3.0,-2.54,-2.61,-0.345,-0.09333333333333335,7146.0,6442.666666666667
16240.0,3.88333333333361,197.0,176.0,0.0,52.0,0.0,0.0,13.913333333333332,12.52,3.0,3.0,-2.0566666666666666,-2.26,-0.32,-0.03,7082.666666666667,6432.0
16245.0,3.8833333333334963,195.66666666666666,175.0,0.0,70.0,0.0,0.0,14.54,12.55,3.0,3.0,-2.623333333333333,-2.27,-0.35666666666666663,0.0,7023.0,6461.0
16250.0,3.900000000000091,194.0,175.0,0.0,85.0,0.0,0.0,14.62,12.47,3.0,3.0,-2.28,-2.12,-0.33,0.09,6970.0,6436.0
16255.0,3.900000000000091,192.0,175.0,0.0,82.0,0.0,0.0,14.61,11.98,3.0,3.0,-2.02,-1.75,-0.32,0.07,6899.0,6500.0
16260.0,3.9000000000003183,191.0,175.0,0.0,82.0,0.0,0.0,13.72,11.19,3.0,3.0,-2.11,-1.85,-0.31,0.14,6830.0,6504.0
16265.0,3.916666666666913,189.33333333333334,175.0,4.666666666666666,82.0,0.0,0.0,12.459999999999999,9.73,3.0,3.0,-2.1066666666666665,-1.79,-0.29333333333333333,0.16,6818.0,6546.0
16270.0,3.9166666666667993,188.0,176.0,25.333333333333332,85.0,0.0,0.0,11.326666666666666,7.59,3.0,3.0,-2.3033333333333332,-1.86,-0.14666666666666667,0.2,6832.666666666667,6569.0
16275.0,3.933333333333451,187.0,176.33333333333334,42.666666666666664,95.0,0.0,0.0,10.306666666666667,5.136666666666667,3.0,3.0,-1.8666666666666667,-1.6733333333333333,-0.08000000000000002,0.31666666666666665,6822.0,6608.333333333333
16280.0,3.9416666666668903,186.5,178.0,48.0,100.0,0.0,0.0,9.685,3.973333333333333,3.0,3.0,-1.965,-1.6366666666666667,-0.07,0.3666666666666667,6812.0,6628.666666666667
16285.0,3.9416666666668334,186.0,179.0,55.5,100.0,0.0,0.0,8.754999999999999,3.686666666666667,3.0,3.0,-1.99,-1.6666666666666665,-0.035,0.39333333333333337,6782.5,6641.0
16290.0,3.9416666666668334,186.0,180.0,59.5,100.0,0.0,0.0,7.5649999999999995,3.0966666666666667,3.0,3.0,-1.87,-1.3733333333333333,-0.02,0.34,6773.5,6668.333333333333
16295.0,3.950000000000216,185.0,181.0,61.0,100.0,0.0,0.0,6.390000000000001,1.7333333333333332,3.0,3.0,-1.62,-1.1266666666666667,0.006666666666666666,0.35,6773.0,6687.666666666667
16300.0,3.950000000000216,185.0,182.33333333333334,61.0,100.0,0.0,0.0,4.8533333333333335,0.5466666666666666,3.0,3.0,-1.3033333333333332,-0.6366666666666666,0.003333333333333334,0.32333333333333336,6789.333333333333,6775.0
16305.0,3.950000000000273,185.0,183.33333333333334,57.333333333333336,100.0,0.0,0.0,3.1866666666666665,-0.19,3.0,3.0,-1.2533333333333334,-0.47000000000000003,0.04666666666666667,0.35666666666666663,6771.333333333333,6773.333333333333
16310.0,3.9500000000001023,185.0,184.33333333333334,18.0,100.0,0.0,0.0,1.3800000000000001,-1.3466666666666667,3.0,3.0,-0.8166666666666667,-0.11333333333333334,-0.06,0.33,6724.666666666667,6830.666666666667
16315.0,3.9500000000000455,185.0,186.0,0.0,96.0,0.0,0.0,0.36,-2.16,3.0,3.0,-0.71,0.15,-0.31,0.35,6673.0,6869.0
16320.0,3.950000000000273,183.0,186.0,0.0,50.0,25.0,0.0,-1.09,-2.97,3.0,3.0,-0.19,0.52,-0.57,0.14,6572.0,6827.0
16325.0,3.950000000000273,180.0,185.0,0.0,0.0,38.0,53.0,-1.62,-4.37,3.0,3.0,0.13,0.94,-0.78,-1.25,6481.0,6580.0
16330.0,3.950000000000273,177.0,181.0,0.0,0.0,49.0,62.0,-2.69,-5.16,3.0,3.0,0.38,0.99,-0.94,-1.34,6349.0,6450.0
16335.0,3.933333333333451,173.33333333333334,176.0,0.0,0.0,52.0,60.0,-4.836666666666667,-5.33,3.0,3.0,0.6766666666666666,0.7,-1.05,-1.18,6183.666666666667,6177.0
16340.0,3.925000000000182,169.0,171.0,0.0,0.0,52.0,52.0,-6.415,-5.04,3.0,3.0,1.13,1.16,-1.1549999999999998,-1.41,6020.5,5974.0
16345.0,3.950000000000159,165.0,165.5,34.5,0.0,52.0,47.0,-7.09,-4.215,0.0,3.0,1.22,1.155,-1.02,-1.135,6888.5,5857.5
16350.0,3.925000000000068,160.0,162.0,0.0,34.5,50.0,43.5,-7.76,-4.1,2.0,3.0,1.39,1.125,-1.23,-0.98,6904.0,6075.0
16355.0,3.950000000000273,156.0,157.0,0.0,0.0,46.0,42.0,-8.0,-4.42,2.0,2.0,1.4,1.11,-1.09,-1.08,6765.0,6859.0
16360.0,3.925000000000182,151.0,153.0,0.0,0.0,26.0,40.0,-8.045,-5.82,2.0,2.0,1.37,1.03,-0.7849999999999999,-1.0,6584.0,6706.0
16365.0,3.925000000000182,148.0,149.0,0.0,0.0,22.0,30.5,-9.03,-7.43,2.0,2.0,1.53,1.165,-0.67,-0.855,6468.0,6521.5
16370.0,3.925000000000182,144.5,145.0,0.0,0.0,24.5,12.0,-9.89,-8.28,2.0,2.0,1.52,1.36,-0.7,-0.53,6321.5,6407.0
16375.0,3.925000000000182,141.0,144.0,0.0,0.0,27.0,0.0,-10.0,-8.985,2.0,2.0,1.59,1.415,-0.75,-0.3,6164.0,6370.0
16380.0,3.925000000000182,137.5,142.0,0.0,0.0,27.0,0.0,-10.11,-10.65,2.0,2.0,1.295,1.4,-0.715,-0.3,5965.5,6300.0
16385.0,3.925000000000182,134.0,140.5,0.0,0.0,27.0,0.0,-10.58,-12.2,2.0,2.0,1.79,1.6,-0.76,-0.31,5831.0,6226.0
16390.0,3.925000000000068,131.0,139.0,0.0,0.0,9.0,0.0,-11.61,-14.06,2.0,2.0,1.37,1.54,-0.42,-0.305,5710.0,6137.0
16395.0,3.900000000000091,128.0,137.0,0.0,3.0,4.0,0.0,-14.16,-15.62,2.0,2.0,1.64,1.66,-0.37,-0.3,5614.0,6072.0
16400.0,3.9000000000002046,125.5,136.0,0.0,10.5,0.0,0.0,-16.535,-16.12,2.0,2.0,1.71,1.81,-0.305,-0.175,5544.0,6078.0
16405.0,3.8750000000002274,123.5,135.0,0.0,16.0,0.0,0.0,-18.855,-17.26,2.0,2.0,1.665,1.65,-0.305,-0.16,5453.5,6056.0
16410.0,3.8750000000002274,121.5,134.0,0.0,40.0,0.0,0.0,-19.0,-16.77,2.0,2.0,1.6549999999999998,1.8,-0.295,-0.03,5361.5,6075.0
16415.0,3.85000000000025,119.5,133.0,4.5,54.5,0.0,0.0,-18.955,-14.2,2.0,2.0,1.6,1.5699999999999998,-0.215,0.02,5310.0,6077.0
16420.0,3.8500000000000227,119.0,133.5,35.5,74.0,0.0,0.0,-17.54,-10.3,2.0,2.0,1.49,1.6,-0.015,0.175,5392.5,6141.5
16425.0,3.825000000000273,119.0,134.0,58.5,80.0,0.0,0.0,-14.684999999999999,-8.47,2.0,2.0,1.5750000000000002,1.44,0.11000000000000001,0.27,5434.0,6186.0
16430.0,3.800000000000068,119.0,135.0,81.0,81.0,0.0,0.0,-11.184999999999999,-7.405,2.0,2.0,1.48,1.38,0.23,0.29000000000000004,5524.5,6286.5
16435.0,3.8000000000002956,120.0,136.5,86.5,82.0,0.0,0.0,-7.14,-6.055,2.0,2.0,1.4100000000000001,1.385,0.32499999999999996,0.36,5540.0,6348.0
16440.0,3.775000000000091,122.0,138.0,89.5,82.0,0.0,0.0,-3.835,-5.79,2.0,2.0,1.1749999999999998,1.31,0.44999999999999996,0.46,5669.5,6471.0
16445.0,3.7500000000001137,124.5,139.5,95.5,82.0,0.0,0.0,-2.635,-5.79,2.0,2.0,1.005,1.2349999999999999,0.575,0.425,5799.0,6574.0
16450.0,3.7250000000001364,127.0,141.0,93.5,79.0,0.0,0.0,-4.0249999999999995,-5.78,2.0,2.0,0.87,1.51,0.5900000000000001,0.47,5941.5,6671.0
16455.0,3.7250000000000227,130.0,142.0,95.0,80.5,0.0,0.0,-4.33,-4.654999999999999,2.0,2.0,0.88,1.4300000000000002,0.58,0.365,6029.0,6746.0
16460.0,3.700000000000273,132.0,144.0,95.0,82.0,0.0,0.0,-3.86,-2.38,2.0,2.0,0.98,1.52,0.6,0.42,6201.0,6866.0
16465.0,3.700000000000159,134.5,145.0,97.5,84.0,0.0,0.0,-3.0300000000000002,0.31,2.0,2.0,0.91,1.47,0.605,0.43,6307.0,6836.0
16470.0,3.675000000000182,137.5,146.0,100.0,85.0,0.0,0.0,-1.35,2.58,2.0,2.0,0.88,1.36,0.675,0.45,6409.5,6925.0
16475.0,3.6750000000002956,141.0,148.5,100.0,91.5,0.0,0.0,-0.39,2.84,2.0,2.0,0.57,1.225,0.61,0.53,6501.0,6941.5
16480.0,3.675000000000182,142.5,150.0,100.0,96.0,0.0,0.0,-0.36,2.84,2.0,2.0,0.35,0.79,0.6000000000000001,0.56,6676.0,7086.0
16485.0,3.6750000000002956,145.0,152.0,100.0,99.5,0.0,0.0,-0.37,3.5700000000000003,2.0,2.0,0.31,0.5449999999999999,0.63,0.535,6721.0,7040.0
16490.0,3.675000000000182,148.0,154.0,100.0,100.0,0.0,0.0,-0.56,2.72,2.0,2.0,0.245,0.01,0.53,0.52,6788.0,7068.0
16495.0,3.6500000000003183,150.0,156.0,100.0,100.0,0.0,0.0,-1.06,0.65,2.0,2.0,0.22,-0.17,0.55,0.46,6904.0,7142.0
16500.0,3.6750000000002956,153.0,157.5,100.0,0.0,0.0,0.0,-0.96,0.775,2.0,0.0,0.24,-0.26,0.58,-0.135,6984.0,6966.5
16505.0,3.6583333333335304,154.0,158.66666666666666,50.0,100.0,0.0,0.0,0.24999999999999994,-0.1266666666666667,2.0,3.0,0.14,-0.15666666666666668,0.235,0.53,6930.0,5964.666666666667
16510.0,3.6500000000003183,156.0,161.0,100.0,100.0,0.0,0.0,0.63,-1.55,3.0,3.0,0.0,0.01,0.58,0.51,5839.0,6008.0
16515.0,3.650000000000091,158.0,163.0,100.0,100.0,0.0,0.0,0.7,-1.27,3.0,3.0,-0.05,0.13,0.53,0.51,5889.0,6055.0
16520.0,3.6500000000002046,160.5,164.5,100.0,100.0,0.0,0.0,0.7,-0.705,3.0,3.0,-0.13,0.21000000000000002,0.52,0.53,5977.0,6144.0
16525.0,3.650000000000091,162.0,166.5,100.0,100.0,0.0,0.0,0.69,-0.575,3.0,3.0,-0.16999999999999998,0.22,0.515,0.49,6014.0,6178.0
16530.0,3.6333333333334394,164.0,168.66666666666666,100.0,100.0,0.0,0.0,0.66,-0.5633333333333334,3.0,3.0,-0.16,0.2,0.51,0.48666666666666664,6121.0,6258.333333333333
16535.0,3.650000000000091,166.0,170.0,100.0,100.0,0.0,0.0,0.4,-0.51,3.0,3.0,-0.16,0.18,0.48,0.46,6169.0,6317.0
16540.0,3.6500000000003183,168.0,172.0,100.0,100.0,0.0,0.0,-0.23,0.31,3.0,3.0,-0.09,0.09,0.5,0.47,6229.0,6398.0
16545.0,3.63333333333361,170.33333333333334,174.0,100.0,100.0,0.0,0.0,-0.76,0.86,3.0,3.0,0.026666666666666665,-0.02,0.5066666666666667,0.47,6306.333333333333,6433.0
16550.0,3.6250000000002274,172.0,176.0,100.0,100.0,0.0,0.0,-0.7749999999999999,0.13,3.0,3.0,0.12,-0.07,0.48,0.46,6374.5,6511.0
16555.0,3.6250000000002274,173.5,177.0,74.5,100.0,0.0,0.0,-0.44500000000000006,-0.22,3.0,3.0,0.13,-0.04,0.37,0.45,6380.5,6536.0
16560.0,3.625,173.5,179.0,10.5,93.0,34.0,0.0,-0.385,-0.23,3.0,3.0,0.12,0.0,-0.36,0.45,6252.5,6597.0
16565.0,3.6166666666668448,170.66666666666666,180.0,0.0,44.0,59.666666666666664,4.0,-1.1166666666666667,-0.76,3.0,3.0,0.15333333333333332,0.08,-1.0333333333333334,0.16,6070.666666666667,6579.0
16570.0,3.616666666666788,165.0,178.0,0.0,6.0,63.0,58.666666666666664,-2.13,-1.6066666666666667,3.0,3.0,0.3,0.24666666666666667,-1.23,-1.02,5900.0,6358.333333333333
16575.0,3.6166666666670153,161.0,172.0,69.0,0.0,62.0,80.0,-2.45,-2.62,0.0,3.0,0.46,0.4633333333333333,-1.19,-1.6333333333333333,6879.0,6134.666666666667
16580.0,3.60000000000025,156.0,166.5,0.0,0.0,55.5,82.5,-2.865,-4.29,2.0,3.0,0.55,0.605,-1.1749999999999998,-1.605,6823.5,5833.0
16585.0,3.5916666666668675,152.0,160.0,0.0,0.0,46.0,80.0,-2.896666666666667,-5.525,2.0,3.0,0.5666666666666667,0.61,-1.04,-1.455,6626.0,5553.0
16590.0,3.600000000000364,148.0,154.0,0.0,0.0,37.0,67.0,-3.7,-6.21,2.0,2.0,0.68,0.88,-0.89,-1.41,6462.0,6233.0
16595.0,3.6000000000001364,144.5,148.0,0.0,0.0,24.0,55.5,-6.02,-5.895,2.0,2.0,0.95,1.205,-0.63,-1.2599999999999998,6371.5,6304.5
16600.0,3.600000000000364,142.0,143.0,0.0,0.0,21.0,53.0,-8.45,-6.43,2.0,2.0,1.24,1.35,-0.58,-1.19,6231.0,5960.0
16605.0,3.575000000000273,139.0,137.5,0.0,0.0,22.0,46.0,-11.7,-8.835,2.0,2.0,1.38,1.4,-0.59,-1.025,6100.0,5908.0
16610.0,3.575000000000273,136.0,133.0,0.0,0.0,26.0,24.0,-12.965,-10.17,2.0,2.0,1.575,1.47,-0.6799999999999999,-0.7,5921.5,5761.0
16615.0,3.600000000000364,133.0,130.0,0.0,0.0,27.0,12.0,-13.43,-11.14,2.0,2.0,1.67,1.55,-0.68,-0.43,5753.0,5681.0
16620.0,3.6000000000001364,128.0,127.0,0.0,0.0,32.0,7.0,-14.45,-13.8,2.0,2.0,2.23,2.27,-0.92,-0.5,5467.0,5599.0
16625.0,3.575000000000159,123.0,125.0,0.0,0.0,14.0,9.0,-15.89,-15.94,2.0,2.0,2.06,1.85,-0.43,-0.42500000000000004,5422.0,5526.5
16630.0,3.574999999999932,121.0,122.5,0.0,0.0,0.0,11.5,-18.39,-18.775,2.0,2.0,1.76,1.82,-0.23,-0.62,5345.0,5379.5
16635.0,3.5750000000003865,117.0,118.0,0.0,0.0,0.0,10.0,-20.9,-21.065,2.0,2.0,2.07,2.115,-0.8,-0.7250000000000001,5206.0,5218.0
16640.0,3.600000000000364,115.0,115.0,0.0,0.0,0.0,0.0,-23.04,-22.12,2.0,2.0,2.14,2.05,-0.47,-0.31,5119.0,5101.0
16645.0,3.6000000000001364,114.0,113.0,0.0,0.0,0.0,0.0,-23.64,-22.5,2.0,2.0,1.93,2.02,-0.29,-0.3,5033.0,5021.0
16650.0,3.6000000000001364,111.0,111.0,0.0,0.0,0.0,0.0,-23.62,-22.74,2.0,2.0,2.92,2.78,-0.33,-0.32,4926.0,4923.0
16655.0,3.6000000000001364,109.0,109.0,8.0,16.5,0.0,0.0,-22.21,-21.4,2.0,2.0,2.255,2.29,-0.24,-0.135,4876.0,4946.0
16660.0,3.6000000000001364,108.0,108.0,44.0,42.0,0.0,0.0,-18.0,-17.81,2.0,2.0,2.29,2.13,0.09,-0.01,4861.0,4896.0
16665.0,3.6000000000001364,108.0,108.0,64.0,44.0,0.0,0.0,-11.93,-13.82,2.0,2.0,2.11,2.2,0.54,0.5,5524.0,5006.0
16670.0,3.6000000000001364,109.0,108.5,97.5,82.5,0.0,0.0,-5.76,-7.095,2.0,2.0,1.4649999999999999,1.495,0.05,0.145,5415.5,5522.5
16675.0,3.6000000000001364,112.0,111.0,100.0,100.0,0.0,0.0,-3.31,-2.93,2.0,2.0,1.04,1.06,0.5,0.49,5120.0,5094.0
16680.0,3.6000000000001364,115.0,114.0,82.0,84.0,0.0,0.0,-2.95,-1.34,2.0,2.0,0.51,0.46,0.45,0.51,5827.0,5474.0
16685.0,3.599999999999909,116.0,115.0,73.0,76.0,0.0,0.0,-2.96,-1.58,2.0,2.0,0.43,0.25,0.28,0.25,7213.0,6542.0
16690.0,3.600000000000364,118.0,118.0,61.0,70.0,0.0,0.0,-5.79,-4.28,2.0,2.0,0.35,0.2,0.6,0.7,6467.0,6061.0
16695.0,3.600000000000364,122.0,122.0,88.0,100.0,0.0,0.0,-5.46,-4.13,2.0,2.0,1.17,0.71,0.92,0.58,5607.0,5583.0
16700.0,3.6000000000001364,125.0,125.0,95.0,100.0,0.0,0.0,-3.47,-4.1,2.0,2.0,1.09,0.75,0.69,0.66,5811.0,5730.0
16705.0,3.6000000000001364,128.0,128.0,93.0,92.0,0.0,0.0,-2.65,-4.55,2.0,2.0,0.71,0.67,0.66,0.61,6083.0,6003.0
16710.0,3.574999999999932,131.0,130.5,99.0,95.5,0.0,0.0,-2.02,-4.065,2.0,2.0,0.96,1.05,0.67,0.655,6107.0,6089.0
16715.0,3.60000000000025,133.5,133.5,99.5,94.5,0.0,0.0,-2.38,-3.6,2.0,2.0,0.645,0.825,0.5700000000000001,0.5,6247.0,6260.0
16720.0,3.599999999999909,136.0,136.0,100.0,95.0,0.0,0.0,-3.22,-3.47,2.0,2.0,0.76,1.11,0.63,0.64,6347.0,6347.0
16725.0,3.5750000000003865,139.0,138.5,100.0,99.5,0.0,0.0,-3.48,-2.93,2.0,2.0,0.76,1.03,0.54,0.5700000000000001,6456.0,6444.5
16730.0,3.6000000000001364,142.5,141.5,100.0,99.5,0.0,0.0,-3.44,-2.95,2.0,2.0,0.745,0.805,0.565,0.55,6595.0,6611.0
16735.0,3.600000000000364,145.0,144.0,100.0,100.0,0.0,0.0,-3.45,-2.95,2.0,2.0,0.87,0.96,0.54,0.58,6657.0,6628.0
16740.0,3.6000000000001364,147.5,146.5,100.0,100.0,0.0,0.0,-3.245,-2.94,2.0,2.0,0.995,0.9850000000000001,0.585,0.565,6751.0,6705.0
16745.0,3.600000000000307,149.66666666666666,148.66666666666666,100.0,100.0,0.0,0.0,-2.81,-2.9733333333333336,2.0,2.0,0.8133333333333334,0.81,0.5433333333333333,0.5466666666666667,6833.333333333333,6809.333333333333
16750.0,3.599999999999909,152.0,151.0,100.0,100.0,0.0,0.0,-2.74,-3.25,2.0,2.0,0.83,0.84,0.55,0.5,6981.0,6928.0
16755.0,3.60000000000025,153.5,153.0,100.0,100.0,0.0,0.0,-2.285,-3.2350000000000003,2.0,2.0,0.665,0.76,0.505,0.485,7028.5,6985.5
16760.0,3.599999999999909,156.0,155.0,0.0,100.0,0.0,0.0,-1.89,-3.09,0.0,2.0,0.63,0.75,-0.34,0.45,7059.0,7182.0
16765.0,3.6000000000001364,157.0,157.0,100.0,100.0,0.0,0.0,-1.92,-2.94,3.0,2.0,0.51,0.92,0.77,0.46,5964.0,7168.0
16770.0,3.6000000000000227,159.0,158.5,100.0,50.0,0.0,0.0,-2.745,-2.94,3.0,2.0,0.49,0.69,0.48,0.15499999999999997,5946.5,7143.5
16775.0,3.608333333333576,160.5,159.33333333333334,100.0,100.0,0.0,0.0,-3.025,-2.873333333333333,3.0,3.0,0.54,0.6033333333333333,0.525,0.41333333333333333,6126.0,6227.333333333333
16780.0,3.6000000000001364,163.0,161.0,100.0,100.0,0.0,0.0,-2.61,-2.31,3.0,3.0,0.6,0.57,0.46,0.47,6149.0,6089.0
16785.0,3.600000000000364,165.0,163.0,97.0,97.0,0.0,0.0,-2.63,-1.59,3.0,3.0,0.6,0.57,0.42,0.48,6346.0,6272.0
16790.0,3.6083333333336327,166.33333333333334,165.0,100.0,100.0,0.0,0.0,-2.6166666666666667,-1.125,3.0,3.0,1.1433333333333333,1.08,0.6066666666666667,0.52,6319.666666666667,6203.5
16795.0,3.6000000000001364,168.5,166.5,100.0,100.0,0.0,0.0,-2.4,-0.95,3.0,3.0,1.3,1.01,0.52,0.505,6269.0,6189.5
16800.0,3.608333333333576,170.0,168.66666666666666,100.0,100.0,0.0,0.0,-2.01,-0.95,3.0,3.0,1.025,0.6733333333333333,0.495,0.5033333333333333,6326.5,6258.0
16805.0,3.6166666666666174,172.0,171.0,100.0,100.0,0.0,0.0,-1.23,-0.93,3.0,3.0,0.78,0.47,0.5066666666666667,0.5,6411.0,6360.0
16810.0,3.6166666666668448,173.66666666666666,172.0,100.0,100.0,0.0,0.0,-0.6233333333333334,-0.87,3.0,3.0,0.6333333333333333,0.38,0.49333333333333335,0.49,6417.666666666667,6365.0
16815.0,3.6000000000001364,176.0,174.0,100.0,100.0,0.0,0.0,-0.52,-0.93,3.0,3.0,0.37,0.32,0.47,0.52,6549.0,6497.0
16820.0,3.600000000000364,177.0,176.0,100.0,100.0,0.0,0.0,-0.74,-1.29,3.0,3.0,0.31,0.35,0.47,0.46,6544.0,6496.0
16825.0,3.600000000000364,179.0,177.0,100.0,100.0,0.0,0.0,-1.33,-1.63,3.0,3.0,0.33,0.42,0.49,0.49,6605.0,6556.0
16830.0,3.599999999999909,181.0,179.0,100.0,100.0,0.0,0.0,-1.88,-1.6,3.0,3.0,0.35,0.41,0.41,0.44,6718.0,6659.0
16835.0,3.6000000000001364,182.0,181.0,100.0,100.0,0.0,0.0,-1.84,-1.29,3.0,3.0,0.55,0.53,0.47,0.46,6714.0,6663.0
16840.0,3.6000000000001364,184.0,182.0,100.0,100.0,0.0,0.0,-1.54,-1.0,3.0,3.0,0.52,0.47,0.42,0.42,6758.0,6702.0
16845.0,3.6166666666669585,184.66666666666666,184.0,100.0,100.0,0.0,0.0,-1.0533333333333335,-0.71,3.0,3.0,0.46,0.35,0.42666666666666664,0.4,6833.0,6796.0
16850.0,3.6166666666669585,186.66666666666666,185.0,100.0,100.0,0.0,0.0,-0.64,-0.71,3.0,3.0,0.37666666666666665,0.32,0.4033333333333333,0.4,6867.666666666667,6821.0
16855.0,3.6166666666666174,187.66666666666666,186.0,100.0,100.0,0.0,0.0,-0.61,-0.6,3.0,3.0,0.2833333333333333,0.26,0.36333333333333334,0.41,6968.666666666667,6889.0
16860.0,3.6166666666668448,189.0,188.0,100.0,100.0,0.0,0.0,-0.61,-0.38,3.0,3.0,0.2733333333333333,0.23,0.41333333333333333,0.4,6968.333333333333,6913.0
16865.0,3.6250000000002274,190.5,189.0,100.0,100.0,0.0,0.0,-0.7050000000000001,-0.39,3.0,3.0,0.21500000000000002,0.18,0.365,0.33,7069.5,7051.0
16870.0,3.616666666666788,192.0,190.0,100.0,100.0,0.0,0.0,-0.84,-0.36666666666666664,3.0,3.0,0.2833333333333333,0.20666666666666667,0.39999999999999997,0.4,7047.333333333333,7005.666666666667
16875.0,3.6166666666668448,193.0,191.66666666666666,100.0,100.0,0.0,0.0,-0.6366666666666666,0.003333333333333327,3.0,3.0,0.25,0.11666666666666667,0.35333333333333333,0.36,7108.333333333333,7064.0
16880.0,3.6250000000001137,194.0,193.0,0.0,100.0,0.0,0.0,-0.2,0.19,0.0,3.0,0.22,0.055,0.0,0.335,7082.0,7115.0
16885.0,3.6166666666670153,194.0,194.0,100.0,100.0,0.0,0.0,-0.15,0.15333333333333332,4.0,3.0,0.15,0.01,0.46,0.33,6141.0,7125.0
16890.0,3.6166666666670153,196.0,195.0,100.0,100.0,0.0,0.0,-0.23,-0.19333333333333336,4.0,3.0,0.12,0.026666666666666665,0.35,0.2833333333333333,5895.0,7172.0
16895.0,3.6166666666666174,196.66666666666666,195.0,100.0,0.0,0.0,0.0,-0.45666666666666667,-0.51,4.0,0.0,0.12,0.07,0.30333333333333334,-0.15,5918.666666666667,7017.0
16900.0,3.6250000000002274,197.5,196.0,100.0,100.0,0.0,0.0,-0.645,-0.57,4.0,4.0,0.16,0.11,0.305,0.35,5955.5,5834.0
16905.0,3.6166666666669585,198.33333333333334,197.0,100.0,100.0,0.0,0.0,-0.54,-0.51,4.0,4.0,0.16,0.13333333333333333,0.31,0.2866666666666667,5963.666666666667,5908.333333333333
16910.0,3.6333333333333826,199.0,198.0,100.0,100.0,0.0,0.0,-0.54,-0.2066666666666667,4.0,4.0,0.19,0.12333333333333334,0.31,0.28,5992.0,5948.0
16915.0,3.616666666666788,200.0,199.0,100.0,100.0,0.0,0.0,-0.51,0.07,4.0,4.0,0.18,0.07,0.28,0.26666666666666666,6023.0,5976.0
16920.0,3.6333333333334963,201.0,199.33333333333334,100.0,100.0,0.0,0.0,-0.22,-0.06333333333333332,4.0,4.0,0.14666666666666667,0.05,0.26333333333333336,0.25666666666666665,6068.666666666667,6014.666666666667
16925.0,3.6250000000002274,202.0,200.0,86.5,100.0,0.0,0.0,0.125,-0.53,4.0,4.0,0.09,0.1,0.21500000000000002,0.25,6071.0,6030.0
16930.0,3.6333333333334963,202.0,201.0,29.333333333333336,100.0,0.0,0.0,0.7166666666666667,-0.29,4.0,4.0,-0.026666666666666665,0.09,0.020000000000000004,0.24,6028.333333333333,6075.0
16935.0,3.6333333333334394,202.0,202.0,0.0,98.66666666666667,22.0,0.0,0.97,0.25666666666666665,4.0,4.0,-0.16,0.06333333333333332,-0.58,0.25,5957.0,6079.666666666667
16940.0,3.6166666666670153,199.0,202.33333333333334,0.0,76.66666666666667,38.0,0.0,1.95,1.49,4.0,4.0,-0.29,-0.09,-0.84,0.12666666666666665,5819.0,6101.333333333333
16945.0,3.63333333333361,196.33333333333334,203.0,0.0,21.0,38.0,0.0,3.0233333333333334,3.09,4.0,4.0,-0.5733333333333334,-0.4666666666666666,-0.89,-0.019999999999999997,5750.666666666667,6030.333333333333
16950.0,3.6166666666666174,193.33333333333334,202.0,23.0,0.0,38.0,6.0,4.216666666666667,4.47,0.0,4.0,-0.7666666666666667,-0.66,-0.8766666666666667,-0.37,6845.333333333333,5974.0
16955.0,3.608333333333576,190.0,201.0,0.0,0.0,35.0,6.333333333333333,5.375,4.85,3.0,4.0,-1.065,-1.02,-0.94,-0.41666666666666663,6732.5,5914.666666666667
16960.0,3.608333333333576,187.0,199.33333333333334,0.0,0.0,26.5,10.0,6.045,4.846666666666667,3.0,4.0,-1.36,-1.2666666666666666,-0.7949999999999999,-0.4666666666666667,6694.0,5869.0
16965.0,3.6000000000000227,184.66666666666666,197.33333333333334,0.0,0.0,18.333333333333332,21.666666666666668,6.6466666666666665,5.48,3.0,4.0,-1.4766666666666666,-1.3933333333333333,-0.6533333333333333,-0.66,6591.666666666667,5793.666666666667
16970.0,3.6000000000001933,182.33333333333334,194.66666666666666,0.0,0.0,9.333333333333334,25.0,7.79,6.46,3.0,4.0,-1.6466666666666667,-1.53,-0.4966666666666667,-0.74,6547.0,5717.333333333333
16975.0,3.583333333333428,180.66666666666666,192.0,0.0,0.0,7.333333333333333,30.0,9.17,7.69,3.0,4.0,-1.22,-0.98,-0.43,-0.69,6471.0,5574.0
16980.0,3.5833333333336554,178.66666666666666,189.0,0.0,69.0,4.0,38.0,10.583333333333334,8.78,3.0,0.0,-1.6266666666666667,-1.55,-0.41,-0.96,6423.666666666667,5683.0
16985.0,3.575000000000273,177.0,185.0,0.0,0.0,0.0,42.0,11.71,9.31,3.0,3.0,-1.7,-1.64,-0.33,-1.02,6374.0,6535.0
16990.0,3.5750000000000455,176.0,182.0,0.0,0.0,0.0,45.0,13.07,9.68,3.0,3.0,-1.33,-1.22,-0.29000000000000004,-0.81,6327.0,6404.0
16995.0,3.575000000000273,174.5,178.0,0.0,0.0,0.0,35.0,14.79,10.16,3.0,3.0,-1.855,-1.86,-0.32499999999999996,-1.07,6259.0,5909.0
17000.0,3.5750000000000455,173.0,175.0,0.0,0.0,0.0,12.0,15.17,10.08,3.0,3.0,-2.52,-2.78,-0.355,-0.63,6222.5,6250.0
17005.0,3.5666666666668903,171.33333333333334,172.0,36.33333333333333,0.0,0.0,16.0,14.72,10.82,3.0,3.0,-1.8,-1.88,-0.12666666666666668,-0.57,6292.0,6124.0
17010.0,3.5666666666668334,171.0,168.33333333333334,77.0,0.0,0.0,25.666666666666668,12.99,11.086666666666668,3.0,3.0,-2.39,-2.4966666666666666,0.0,-0.8066666666666666,6314.0,5913.666666666667
17015.0,3.575000000000273,170.0,164.0,78.0,0.0,0.0,23.0,10.63,9.99,3.0,3.0,-2.25,-2.15,0.06,-0.73,6298.0,5792.0
17020.0,3.5833333333337123,170.0,161.33333333333334,78.0,0.0,0.0,7.0,9.07,9.056666666666667,3.0,3.0,-1.95,-1.4533333333333334,0.12,-0.43333333333333335,6303.0,5689.0
17025.0,3.599999999999909,170.0,160.0,79.0,0.0,0.0,1.0,7.38,7.26,3.0,3.0,-1.37,-1.58,0.04,-0.28,6569.0,5580.0
17030.0,3.6000000000001933,170.33333333333334,157.66666666666666,94.0,0.0,0.0,0.0,4.74,-1.4,3.0,3.0,-1.5033333333333332,-1.6266666666666667,0.25666666666666665,-0.23666666666666666,6348.333333333333,5588.0
17035.0,3.6000000000000227,171.0,156.0,83.0,0.0,0.0,0.0,3.45,-5.26,3.0,3.0,-0.865,-1.13,0.16,-0.20500000000000002,6906.5,5491.0
17040.0,3.6250000000002274,172.0,154.0,95.0,0.0,0.0,0.0,3.7649999999999997,-4.64,3.0,3.0,-1.455,-1.71,0.455,-0.22,6546.0,5471.0
17045.0,3.6333333333334963,173.0,152.66666666666666,92.66666666666667,15.333333333333332,0.0,0.0,5.243333333333333,-0.7766666666666667,3.0,3.0,-1.1733333333333333,-1.3433333333333333,0.37333333333333335,-0.15000000000000002,6555.666666666667,5528.0
17050.0,3.6416666666669357,174.0,152.0,86.33333333333333,50.0,0.0,0.0,6.426666666666667,2.2350000000000003,3.0,3.0,-1.0933333333333333,-1.145,0.29,0.005,6642.333333333333,5599.5
17055.0,3.6500000000003183,175.0,152.0,93.0,60.0,0.0,0.0,5.48,2.87,3.0,3.0,-1.69,-0.98,0.35,0.06,6588.0,5580.0
17060.0,3.675000000000068,176.0,152.0,100.0,74.5,0.0,0.0,3.38,4.8149999999999995,3.0,3.0,-1.52,-0.8400000000000001,0.4,0.13,6574.0,5586.5
17065.0,3.683333333333394,177.0,153.0,100.0,78.33333333333333,0.0,0.0,2.56,6.37,3.0,3.0,-1.17,-0.9166666666666666,0.35,0.15333333333333335,6642.0,5647.666666666667
17070.0,3.700000000000273,179.0,153.0,100.0,93.0,0.0,0.0,2.64,6.51,3.0,3.0,-1.22,-0.92,0.33,0.21,6652.0,5664.0
17075.0,3.72500000000025,180.0,155.0,100.0,100.0,0.0,0.0,3.12,5.33,3.0,3.0,-1.13,-1.155,0.36,0.395,6630.0,5739.0
17080.0,3.7333333333337464,181.0,156.0,100.0,98.66666666666667,0.0,0.0,4.56,3.46,3.0,3.0,-0.9,-0.8833333333333333,0.31,0.38,6810.0,5955.0
17085.0,3.75,183.0,158.0,100.0,100.0,0.0,0.0,4.79,0.8,3.0,3.0,-1.13,-1.25,0.36,0.48,6769.0,5862.0
17090.0,3.775000000000091,184.0,159.5,100.0,100.0,0.0,0.0,4.73,0.645,3.0,3.0,-1.32,-0.75,0.41,0.44999999999999996,6821.0,5952.5
17095.0,3.7750000000002046,185.0,161.5,100.0,100.0,0.0,0.0,4.61,0.995,3.0,3.0,-1.18,-0.48,0.3,0.41,6883.0,6004.0
17100.0,3.8166666666667766,185.66666666666666,163.0,100.0,100.0,0.0,0.0,3.7600000000000002,1.46,3.0,3.0,-0.8733333333333334,-0.29,0.3066666666666667,0.39,6957.333333333333,6083.0
17105.0,3.816666666667004,186.66666666666666,164.0,100.0,100.0,0.0,0.0,2.8666666666666667,2.59,3.0,3.0,-0.9933333333333334,-0.5,0.36,0.57,7022.666666666667,6249.0
17110.0,3.816666666666663,188.0,166.0,100.0,100.0,0.0,0.0,2.586666666666667,3.56,3.0,3.0,-1.0166666666666666,-0.65,0.35,0.45,7015.666666666667,6150.0
17115.0,3.8416666666669244,189.5,168.33333333333334,100.0,100.0,0.0,0.0,2.735,3.8133333333333335,3.0,3.0,-0.8899999999999999,-0.8366666666666667,0.37,0.4666666666666667,7049.5,6293.666666666667
17120.0,3.85000000000025,190.5,169.5,100.0,100.0,0.0,0.0,3.235,2.33,3.0,3.0,-0.8200000000000001,-0.76,0.34,0.4,7129.5,6384.0
17125.0,3.8583333333334053,191.33333333333334,171.0,98.0,100.0,0.0,0.0,3.36,1.56,3.0,3.0,-0.9333333333333333,-0.875,0.35,0.45,7108.0,6425.0
17130.0,3.8666666666668448,192.33333333333334,172.66666666666666,57.0,100.0,0.0,0.0,3.37,1.1966666666666665,3.0,3.0,-1.02,-0.7733333333333333,0.24000000000000002,0.42,7083.0,6471.333333333333
17135.0,3.8833333333334394,192.0,174.0,0.0,100.0,0.0,0.0,3.8,1.1933333333333334,3.0,3.0,-0.95,-0.7166666666666667,-0.28,0.4333333333333333,6927.0,6473.333333333333
17140.0,3.9000000000003183,192.0,176.0,0.0,100.0,0.0,0.0,4.29,1.42,3.0,3.0,-0.94,-0.52,-0.22,0.35,6894.0,6578.0
17145.0,3.9000000000003183,191.0,177.0,0.0,100.0,0.0,0.0,4.74,2.79,3.0,3.0,-0.97,-0.65,-0.22,0.42,6866.0,6599.0
17150.0,3.9166666666667993,190.0,179.0,0.0,100.0,0.0,0.0,5.6866666666666665,4.46,3.0,3.0,-0.8300000000000001,-0.61,-0.20333333333333334,0.4,6833.666666666667,6724.0
17155.0,3.9166666666667993,189.0,180.0,0.0,99.0,0.0,0.0,7.086666666666667,5.97,3.0,3.0,-1.2433333333333332,-1.1,-0.21666666666666667,0.5,6799.666666666667,6770.0
17160.0,3.9166666666667993,188.0,182.0,0.0,99.0,0.0,0.0,7.04,6.53,3.0,3.0,-1.4166666666666665,-1.36,-0.22,0.42,6778.666666666667,6760.0
17165.0,3.925000000000182,187.5,183.0,0.0,89.0,0.0,0.0,6.195,7.15,3.0,3.0,-1.1,-1.09,-0.19,0.28,6738.0,6894.0
17170.0,3.925000000000182,186.5,184.0,0.0,86.0,0.0,0.0,6.33,7.62,3.0,3.0,-1.42,-1.58,-0.20500000000000002,0.39,6712.5,6883.0
17175.0,3.9333333333335645,186.0,185.0,0.0,72.0,0.0,0.0,7.233333333333333,7.77,3.0,3.0,-1.4233333333333333,-1.56,-0.19666666666666668,0.28,6686.333333333333,6899.0
17180.0,3.916666666666913,185.0,185.0,13.666666666666666,65.66666666666667,0.0,0.0,9.02,8.213333333333333,3.0,3.0,-1.1033333333333333,-1.3166666666666667,-0.06666666666666667,0.2866666666666667,6717.333333333333,6889.666666666667
17185.0,3.916666666666913,185.0,186.0,48.0,60.0,0.0,0.0,10.456666666666667,9.966666666666667,3.0,3.0,-1.3166666666666667,-1.27,0.06666666666666667,0.23333333333333334,6782.333333333333,7015.333333333333
17190.0,3.9166666666667993,185.0,186.0,83.66666666666667,0.0,0.0,0.0,11.033333333333333,10.68,3.0,0.0,-1.49,-1.7833333333333334,0.17666666666666667,-0.08666666666666667,6821.666666666667,6668.333333333333
17195.0,3.9166666666667993,186.0,186.66666666666666,86.0,61.0,0.0,0.0,11.066666666666666,10.72,3.0,4.0,-1.6866666666666665,-1.7266666666666666,0.20666666666666667,0.2833333333333333,6865.333333333333,5672.333333333333
17200.0,3.925000000000182,186.0,187.0,85.0,60.0,0.0,0.0,10.62,10.985,3.0,4.0,-1.67,-1.6,0.21,0.225,6882.0,5688.5
17205.0,3.9250000000002956,187.0,187.5,84.0,59.5,0.0,0.0,10.29,11.515,3.0,4.0,-1.52,-1.51,0.27,0.23500000000000001,6920.0,5705.0
17210.0,3.91666666666697,187.0,188.0,82.0,58.0,0.0,0.0,10.62,12.356666666666667,3.0,4.0,-1.45,-1.3333333333333333,0.34,0.3066666666666667,6995.0,5768.333333333333
17215.0,3.9166666666667425,188.0,189.0,75.0,56.666666666666664,0.0,0.0,12.14,13.123333333333333,3.0,4.0,-0.97,-1.2133333333333334,0.29,0.24333333333333335,7198.0,5791.333333333333
17220.0,3.9166666666667425,189.0,189.33333333333334,80.0,57.333333333333336,0.0,0.0,13.27,13.753333333333334,3.0,4.0,-1.68,-1.7366666666666666,0.34,0.3,7039.0,5779.0
17225.0,3.9166666666667993,190.0,190.0,80.66666666666667,58.0,0.0,0.0,13.236666666666666,13.87,3.0,4.0,-1.95,-1.82,0.3233333333333333,0.22,7058.333333333333,5766.0
17230.0,3.916666666666913,190.66666666666666,190.0,80.0,64.0,0.0,0.0,12.99,13.88,3.0,4.0,-1.45,-1.36,0.2733333333333333,0.3,7093.666666666667,5787.0
17235.0,3.925000000000182,191.0,191.0,80.0,66.0,0.0,0.0,12.825,13.92,3.0,4.0,-1.94,-1.91,0.30500000000000005,0.3,7147.0,5847.0
17240.0,3.9083333333334735,192.0,191.66666666666666,40.5,77.0,0.0,0.0,12.475000000000001,13.356666666666666,3.0,4.0,-2.265,-2.16,0.09,0.26333333333333336,7021.0,5811.0
17245.0,3.916666666666913,191.33333333333334,192.0,26.666666666666664,81.66666666666667,0.0,0.0,12.033333333333333,12.396666666666667,0.0,4.0,-2.4566666666666666,-2.38,0.04999999999999999,0.3,6353.333333333333,5811.666666666667
17250.0,3.9083333333335872,192.0,192.5,79.33333333333333,79.0,0.0,0.0,11.413333333333334,11.59,4.0,4.0,-1.6766666666666667,-1.87,0.27666666666666667,0.28,5859.0,5854.0
17255.0,3.9166666666667425,193.0,193.0,78.0,77.0,0.0,0.0,11.18,10.726666666666667,4.0,4.0,-1.73,-1.7366666666666666,0.3,0.2866666666666667,5928.0,5913.0
17260.0,3.9166666666667425,193.0,194.0,79.0,78.66666666666667,0.0,0.0,10.69,9.353333333333333,4.0,4.0,-2.04,-2.006666666666667,0.29,0.29,5875.0,5894.333333333333
17265.0,3.900000000000091,194.0,194.0,81.0,83.0,0.0,0.0,10.24,7.87,4.0,4.0,-2.28,-2.0,0.34,0.32,5911.0,5919.0
17270.0,3.916666666666913,194.66666666666666,195.0,84.0,91.0,0.0,0.0,9.85,6.74,4.0,4.0,-2.41,-2.3,0.29333333333333333,0.33,5888.0,5911.0
17275.0,3.925000000000182,195.0,196.0,85.0,98.0,0.0,0.0,9.695,6.37,4.0,4.0,-2.32,-2.12,0.295,0.34,5905.5,5931.0
17280.0,3.916666666666856,196.0,196.66666666666666,88.33333333333333,99.66666666666667,0.0,0.0,9.56,6.37,4.0,4.0,-2.4133333333333336,-2.13,0.30666666666666664,0.35333333333333333,5909.333333333333,5939.666666666667
17285.0,3.9083333333335872,196.33333333333334,197.5,89.0,100.0,0.0,0.0,9.246666666666666,6.37,4.0,4.0,-2.27,-2.01,0.3,0.32999999999999996,5933.0,5958.0
17290.0,3.91666666666697,197.0,198.33333333333334,88.0,100.0,0.0,0.0,9.05,6.3,4.0,4.0,-2.31,-1.95,0.3,0.3333333333333333,5956.0,5999.0
17295.0,3.900000000000091,198.0,199.0,91.0,100.0,0.0,0.0,8.5,6.25,4.0,4.0,-1.95,-1.97,0.29,0.33,5971.0,5999.0
17300.0,3.9166666666667993,198.66666666666666,200.0,89.33333333333333,100.0,0.0,0.0,8.03,6.25,4.0,4.0,-1.79,-1.56,0.29,0.33,6021.333333333333,6091.0
17305.0,3.9083333333335304,199.0,201.0,93.0,100.0,0.0,0.0,7.475,6.25,4.0,4.0,-1.915,-1.6733333333333333,0.295,0.30000000000000004,6029.0,6088.0
17310.0,3.9166666666667993,200.0,202.0,96.0,100.0,0.0,0.0,6.863333333333333,5.9399999999999995,4.0,4.0,-1.92,-1.74,0.33333333333333337,0.29666666666666663,6064.0,6119.0
17315.0,3.9166666666667425,200.0,203.0,98.0,100.0,0.0,0.0,6.41,5.1066666666666665,4.0,4.0,-1.99,-1.7166666666666666,0.28,0.31,6072.0,6128.0
17320.0,3.900000000000091,201.0,203.0,100.0,100.0,0.0,0.0,5.74,4.47,4.0,4.0,-2.04,-1.73,0.34,0.31,6083.0,6147.0
17325.0,3.916666666666913,202.0,204.0,100.0,100.0,0.0,0.0,5.516666666666667,4.03,4.0,4.0,-1.6133333333333333,-1.44,0.29000000000000004,0.27,6117.0,6156.0
17330.0,3.9083333333335304,203.0,205.0,100.0,100.0,0.0,0.0,5.055,3.8466666666666667,4.0,4.0,-1.5899999999999999,-1.3366666666666667,0.32,0.31,6156.5,6220.333333333333
17335.0,3.900000000000091,204.0,206.0,100.0,100.0,0.0,0.0,4.37,3.8333333333333335,4.0,4.0,-1.6099999999999999,-1.4433333333333334,0.32,0.29333333333333333,6162.333333333333,6208.666666666667
17340.0,3.9000000000003183,205.0,207.0,100.0,100.0,0.0,0.0,3.35,3.84,4.0,4.0,-1.5,-1.38,0.29,0.28,6183.0,6234.0
17345.0,3.916666666666913,205.0,207.0,100.0,100.0,0.0,0.0,2.6733333333333333,3.83,4.0,4.0,-1.2766666666666666,-1.26,0.3,0.27,6192.333333333333,6254.0
17350.0,3.900000000000091,206.0,208.0,100.0,100.0,0.0,0.0,2.0633333333333335,3.813333333333333,4.0,4.0,-1.0933333333333333,-1.3033333333333335,0.30666666666666664,0.30333333333333334,6223.0,6300.0
17355.0,3.9000000000002615,207.0,209.0,100.0,100.0,0.0,0.0,1.87,3.6766666666666667,4.0,4.0,-0.8633333333333334,-1.2733333333333334,0.29666666666666663,0.2733333333333334,6257.666666666667,6300.333333333333
17360.0,3.9000000000003183,208.0,210.0,100.0,100.0,0.0,0.0,1.87,3.5,4.0,4.0,-0.74,-1.15,0.32,0.25,6298.0,6356.0
17365.0,3.900000000000091,208.66666666666666,210.66666666666666,100.0,100.0,0.0,0.0,1.7966666666666666,3.4933333333333336,4.0,4.0,-0.8366666666666667,-1.2,0.3,0.25333333333333335,6282.0,6360.0
17370.0,3.9083333333335304,210.0,211.0,100.0,100.0,0.0,0.0,1.745,3.3733333333333335,4.0,4.0,-0.45,-0.9166666666666667,0.16,0.25,6366.5,6388.333333333333
17375.0,3.9000000000002615,210.33333333333334,212.0,100.0,100.0,0.0,0.0,1.67,3.0233333333333334,4.0,4.0,-0.63,-1.0666666666666667,0.3233333333333333,0.30666666666666664,6581.0,6469.0
17380.0,3.900000000000091,212.0,213.0,100.0,100.0,0.0,0.0,1.23,2.58,4.0,4.0,-0.9,-0.89,0.3,0.18,6375.0,6408.0
17385.0,3.900000000000148,212.66666666666666,213.66666666666666,100.0,100.0,0.0,0.0,0.81,2.27,4.0,4.0,-0.6666666666666666,-0.79,0.2733333333333334,0.33666666666666667,6422.666666666667,6499.666666666667
17390.0,3.9000000000002615,213.33333333333334,214.0,100.0,100.0,0.0,0.0,0.5566666666666666,1.9566666666666668,4.0,4.0,-0.6133333333333334,-0.7633333333333333,0.32999999999999996,0.13999999999999999,6415.0,6555.333333333333
17395.0,3.900000000000091,214.0,215.0,100.0,100.0,0.0,0.0,0.08,1.07,4.0,4.0,-0.27,-0.66,0.26,0.21,6470.0,6458.0
17400.0,3.900000000000148,214.66666666666666,215.0,100.0,100.0,0.0,0.0,-0.5533333333333333,0.7933333333333333,4.0,4.0,-0.19333333333333333,-0.35000000000000003,0.41333333333333333,0.15000000000000002,6693.0,6642.333333333333
17405.0,3.9000000000002615,216.0,216.0,100.0,100.0,0.0,0.0,-0.8633333333333333,0.75,4.0,4.0,-0.11666666666666667,-0.5033333333333333,0.2966666666666667,0.14666666666666667,6504.666666666667,6751.666666666667
17410.0,3.900000000000091,217.0,217.0,100.0,100.0,0.0,0.0,-0.86,0.71,4.0,4.0,0.04,-0.42,0.26,0.14,6523.0,6522.0
17415.0,3.900000000000148,217.66666666666666,217.66666666666666,100.0,100.0,0.0,0.0,-0.3366666666666667,0.4733333333333334,4.0,4.0,0.11333333333333333,-0.27666666666666667,0.25666666666666665,0.2233333333333333,6558.0,6563.666666666667
17420.0,3.9000000000002615,218.0,218.33333333333334,100.0,100.0,0.0,0.0,-0.026666666666666665,0.3333333333333333,4.0,4.0,0.10333333333333333,-0.19,0.27,0.2833333333333333,6580.666666666667,6591.0
17425.0,3.900000000000091,219.0,219.0,100.0,100.0,0.0,0.0,-0.14,0.32,4.0,4.0,0.07,-0.14,0.22,0.17,6695.0,6674.0
17430.0,3.900000000000148,220.0,220.0,100.0,100.0,0.0,0.0,-0.17,0.010000000000000009,4.0,4.0,0.10333333333333333,-0.05,0.29000000000000004,0.21333333333333332,6628.0,6688.0
17435.0,3.9000000000002615,220.33333333333334,220.33333333333334,100.0,100.0,0.0,0.0,-0.20333333333333334,-0.32666666666666666,4.0,4.0,0.07666666666666667,-3.469446951953614e-18,0.26,0.2733333333333334,6638.0,6687.333333333333
17440.0,3.900000000000091,221.0,221.0,100.0,100.0,0.0,0.0,-0.34,-0.26,4.0,4.0,0.06,0.06,0.24,0.24,6711.0,6660.0
17445.0,3.900000000000148,222.0,222.0,100.0,100.0,0.0,0.0,-0.42,-0.25333333333333335,4.0,4.0,0.12666666666666668,0.12,0.2866666666666667,0.27999999999999997,6697.333333333333,6696.0
17450.0,3.887500000000273,223.0,223.0,100.0,100.0,0.0,0.0,-0.41,-0.26,4.0,4.0,0.1275,0.14,0.25,0.24,6706.75,6706.0
17455.0,3.900000000000091,223.66666666666666,223.66666666666666,100.0,100.0,0.0,0.0,-0.43,-0.69,4.0,4.0,0.12666666666666668,0.09333333333333334,0.24333333333333332,0.19,6765.0,6771.666666666667
17460.0,3.9000000000002615,224.33333333333334,224.33333333333334,100.0,100.0,0.0,0.0,-0.44,-1.29,4.0,4.0,0.16666666666666666,0.27666666666666667,0.27,0.37,6766.0,6889.666666666667
17465.0,3.9000000000003183,225.0,225.0,100.0,100.0,0.0,0.0,-0.44,-1.08,4.0,4.0,0.19,0.42,0.24,0.24,6765.0,6768.0
17470.0,3.900000000000091,226.0,226.0,100.0,100.0,0.0,0.0,-0.45999999999999996,-0.67,4.0,4.0,0.13666666666666666,0.35333333333333333,0.24333333333333335,0.25,6826.666666666667,6801.0
17475.0,3.8958333333335986,226.33333333333334,226.25,100.0,100.0,0.0,0.0,-0.62,-0.5874999999999999,4.0,4.0,0.19666666666666668,0.3125,0.27666666666666667,0.22,6882.333333333333,6854.25
17480.0,3.8958333333335986,227.0,227.0,100.0,100.0,0.0,0.0,-0.6125,-0.49333333333333335,4.0,4.0,0.25,0.41666666666666663,0.28,0.27666666666666667,6834.5,6845.333333333333
17485.0,3.900000000000091,228.0,228.0,100.0,100.0,0.0,0.0,-0.61,-0.11666666666666665,4.0,4.0,0.23333333333333334,0.32,0.22333333333333333,0.24333333333333332,6861.333333333333,6848.333333333333
17490.0,3.9000000000003183,229.0,229.0,100.0,100.0,0.0,0.0,-0.61,0.25,4.0,4.0,0.26,0.18,0.28,0.24,6908.0,6879.0
17495.0,3.9000000000002615,229.66666666666666,229.0,100.0,100.0,0.0,0.0,-0.59,0.08,4.0,4.0,0.23,0.11000000000000001,0.21333333333333335,0.23333333333333334,6924.0,6939.333333333333
17500.0,3.900000000000091,230.0,230.0,100.0,100.0,0.0,0.0,-0.55,0.05,4.0,4.0,0.26,0.11,0.29,0.29,6970.0,6911.0
17505.0,3.9000000000002615,230.66666666666666,230.66666666666666,100.0,100.0,0.0,0.0,-0.5233333333333333,0.11,4.0,4.0,0.2733333333333334,0.05,0.23666666666666666,0.22666666666666666,6937.333333333333,6934.333333333333
17510.0,3.900000000000148,231.33333333333334,231.0,100.0,100.0,0.0,0.0,-0.52,0.11,4.0,4.0,0.21666666666666667,0.026666666666666665,0.22666666666666666,0.22333333333333333,6989.666666666667,6981.666666666667
17515.0,3.900000000000148,232.0,231.75,100.0,100.0,0.0,0.0,-0.52,0.10250000000000001,4.0,4.0,0.2525,0.005000000000000001,0.27749999999999997,0.245,6995.0,6989.5
17520.0,3.900000000000148,233.0,232.33333333333334,100.0,100.0,0.0,0.0,-0.5,0.08333333333333334,4.0,4.0,0.26,0.0,0.23666666666666666,0.22666666666666668,7002.0,6988.0
17525.0,3.900000000000091,234.0,233.0,100.0,100.0,0.0,0.0,-0.37,-0.03,4.0,4.0,0.25,-0.01,0.24,0.24,7019.0,7014.0
17530.0,3.9000000000002615,234.0,234.0,100.0,100.0,0.0,0.0,-0.18333333333333335,-0.06666666666666667,4.0,4.0,0.17666666666666667,0.006666666666666666,0.21,0.20666666666666667,7041.666666666667,7037.0
17535.0,3.900000000000091,235.0,234.0,100.0,100.0,0.0,0.0,-0.11,-0.15,4.0,4.0,0.17,0.04,0.23,0.24,7041.0,7067.0
17540.0,3.9000000000002046,235.0,235.0,50.0,100.0,0.0,0.0,0.005,-0.085,0.0,4.0,0.08499999999999999,0.04,0.11500000000000002,0.215,6448.0,7061.5
17545.0,3.9000000000003183,235.0,236.0,100.0,100.0,0.0,0.0,-0.1,-0.12,5.0,4.0,0.05,0.05,-0.2,0.18,6065.0,7083.0
17550.0,3.900000000000091,236.0,236.0,100.0,100.0,0.0,0.0,-0.18666666666666668,-0.09666666666666668,5.0,4.0,0.07333333333333333,0.06666666666666667,0.2733333333333333,0.2,6007.333333333333,7193.333333333333
17555.0,3.9000000000003183,237.0,237.0,100.0,100.0,0.0,0.0,-0.26,-0.05,5.0,4.0,0.07,0.05,0.2,0.2,6028.0,7092.0
17560.0,3.9000000000002615,237.0,237.0,100.0,100.0,0.0,0.0,-0.32,-0.05,5.0,4.0,0.07,0.043333333333333335,0.17666666666666667,0.16666666666666669,6079.333333333333,7156.0
17565.0,3.900000000000091,238.0,238.0,100.0,100.0,0.0,0.0,-0.485,-0.05500000000000001,5.0,4.0,0.11750000000000001,0.045,0.195,0.21,6091.25,7175.5
17570.0,3.9000000000002615,238.0,238.0,100.0,100.0,0.0,0.0,-0.39666666666666667,-0.05666666666666667,5.0,4.0,0.14666666666666667,0.05333333333333334,0.22,0.19333333333333333,6084.333333333333,7160.0
17575.0,3.900000000000148,239.0,238.0,100.0,0.0,0.0,0.0,-0.165,-0.0725,5.0,0.0,0.125,0.0425,0.23249999999999998,-0.205,6094.5,6904.0
17580.0,3.900000000000148,239.66666666666666,238.66666666666666,100.0,66.66666666666666,0.0,0.0,-0.026666666666666672,-0.12333333333333334,5.0,0.0,0.10333333333333333,0.056666666666666664,0.22999999999999998,0.0633333333333333,6126.333333333333,6291.333333333333
17585.0,3.900000000000148,240.0,239.0,100.0,100.0,0.0,0.0,0.0475,-0.1175,5.0,5.0,0.07,0.0675,0.22,0.21,6126.0,6096.25
17590.0,3.900000000000148,240.66666666666666,239.66666666666666,100.0,100.0,0.0,0.0,0.04,-0.11,5.0,5.0,0.03333333333333333,0.05333333333333334,0.22333333333333333,0.19333333333333333,6148.666666666667,6120.0
17595.0,3.9000000000002615,241.25,240.0,100.0,100.0,0.0,0.0,0.05,-0.1325,5.0,5.0,0.0075,0.052500000000000005,0.21000000000000002,0.1975,6184.5,6138.25
17600.0,3.900000000000091,242.0,240.66666666666666,100.0,100.0,0.0,0.0,0.043333333333333335,-0.22,5.0,5.0,0.0,0.07333333333333333,0.22,0.19666666666666668,6173.666666666667,6145.333333333333
17605.0,3.9000000000002615,242.25,241.0,100.0,100.0,0.0,0.0,0.0425,-0.3175,5.0,5.0,-0.015,0.0925,0.21000000000000002,0.18,6185.0,6150.75
17610.0,3.9000000000002615,243.0,241.66666666666666,100.0,100.0,0.0,0.0,0.06333333333333334,-0.3466666666666667,5.0,5.0,-0.006666666666666666,0.10666666666666667,0.21333333333333335,0.19333333333333333,6215.0,6176.666666666667
17615.0,3.900000000000091,243.25,242.0,100.0,100.0,0.0,0.0,0.09,-0.3475,5.0,5.0,-0.0125,0.125,0.1925,0.1975,6241.5,6202.0
17620.0,3.9000000000002615,244.0,242.66666666666666,100.0,100.0,0.0,0.0,0.09,-0.34,5.0,5.0,-0.026666666666666665,0.15333333333333335,0.22333333333333333,0.20666666666666667,6229.333333333333,6204.333333333333
17625.0,3.9125000000000796,245.0,243.0,100.0,100.0,0.0,0.0,0.09,-0.3025,5.0,5.0,-0.03,0.155,0.21,0.1825,6241.0,6203.0
17630.0,3.900000000000148,245.0,243.66666666666666,100.0,100.0,0.0,0.0,-0.03,-0.21333333333333332,5.0,5.0,-0.013333333333333334,0.13333333333333333,0.20666666666666667,0.17666666666666667,6277.333333333333,6230.333333333333
17635.0,3.9125000000000796,246.0,244.25,100.0,100.0,0.0,0.0,-0.21,-0.20249999999999999,5.0,5.0,0.01,0.14,0.24,0.20249999999999999,6285.0,6258.5
17640.0,3.9083333333335304,246.5,245.0,100.0,100.0,0.0,0.0,-0.21,-0.14666666666666667,5.0,5.0,0.03,0.13333333333333333,0.225,0.18666666666666668,6283.5,6243.666666666667
17645.0,3.9000000000003183,247.0,245.0,100.0,100.0,0.0,0.0,-0.17,-0.05,5.0,5.0,0.05,0.11,0.21,0.19,6308.0,6263.0
17650.0,3.9083333333334735,247.5,246.0,100.0,100.0,0.0,0.0,-0.11,0.12333333333333332,5.0,5.0,0.055,0.06333333333333334,0.2,0.18333333333333335,6332.5,6281.333333333333
17655.0,3.9000000000003183,248.0,246.0,100.0,100.0,0.0,0.0,-0.06,0.15,5.0,5.0,0.06,0.03,0.21,0.21,6365.0,6312.0
17660.0,3.9083333333334735,249.0,247.0,100.0,100.0,0.0,0.0,0.1,0.15,5.0,5.0,0.043333333333333335,0.0,0.22666666666666668,0.21000000000000002,6341.666666666667,6305.5
17665.0,3.9125000000001364,249.0,247.0,100.0,100.0,0.0,0.0,0.365,0.15,5.0,5.0,0.0,-0.02,0.2125,0.19,6353.5,6303.0
17670.0,3.9083333333334735,250.0,248.0,100.0,100.0,0.0,0.0,0.5566666666666666,0.15,5.0,5.0,-0.04666666666666667,-0.025,0.19,0.175,6385.666666666667,6330.5
17675.0,3.9125000000001364,250.75,248.0,100.0,100.0,0.0,0.0,0.5825,0.15,5.0,5.0,-0.1275,-0.04,0.205,0.22,6400.75,6355.0
17680.0,3.9041666666669244,251.0,249.0,100.0,100.0,0.0,0.0,0.55,0.10666666666666666,5.0,5.0,-0.195,-0.056666666666666664,0.22,0.19666666666666668,6395.75,6352.0
17685.0,3.904166666666754,251.66666666666666,249.0,100.0,100.0,0.0,0.0,0.55,-0.0475,5.0,5.0,-0.21,-0.0425,0.2,0.1825,6414.333333333333,6353.25
17690.0,3.912500000000307,252.0,250.0,100.0,100.0,0.0,0.0,0.55,-0.1,5.0,5.0,-0.2,-0.0075,0.21,0.18,6457.0,6396.0
17695.0,3.9083333333335304,252.5,250.0,100.0,100.0,0.0,0.0,0.485,-0.05666666666666667,5.0,5.0,-0.235,0.0,0.21500000000000002,0.18666666666666668,6447.0,6399.333333333333
17700.0,3.900000000000091,253.0,251.0,100.0,100.0,0.0,0.0,0.31,-0.03,5.0,5.0,-0.23,0.01,0.2,0.19,6463.0,6397.0
17705.0,3.9166666666667993,253.33333333333334,251.0,100.0,100.0,0.0,0.0,0.016666666666666663,0.04666666666666667,5.0,5.0,-0.18333333333333332,0.013333333333333334,0.20666666666666667,0.19666666666666668,6466.333333333333,6413.0
17710.0,3.9125000000001364,254.0,252.0,100.0,100.0,0.0,0.0,-0.185,0.1,5.0,5.0,-0.0925,0.0,0.2,0.18,6490.0,6420.0
17715.0,3.91250000000025,254.25,252.0,100.0,100.0,0.0,0.0,-0.1875,0.1,5.0,5.0,-0.0425,0.0,0.2275,0.185,6517.25,6453.0
17720.0,3.9166666666667993,255.0,253.0,100.0,100.0,0.0,0.0,-0.13333333333333333,0.03,5.0,5.0,-0.006666666666666668,-0.01,0.21333333333333332,0.21,6502.0,6444.0
17725.0,3.91666666666697,256.0,253.0,100.0,100.0,0.0,0.0,-0.05,-0.03,5.0,5.0,0.01,0.003333333333333333,0.21,0.19666666666666668,6514.0,6454.0
17730.0,3.920833333333462,256.0,253.75,100.0,100.0,0.0,0.0,-0.013333333333333334,-0.05,5.0,5.0,0.02,0.0175,0.2,0.1825,6531.666666666667,6473.0
17735.0,3.925000000000182,256.75,254.0,100.0,100.0,0.0,0.0,0.0,-0.05,5.0,5.0,0.0125,0.0125,0.2075,0.1875,6541.25,6479.75
17740.0,3.920833333333462,257.0,254.66666666666666,100.0,100.0,0.0,0.0,0.0,-0.05,5.0,5.0,0.01,0.026666666666666665,0.205,0.16666666666666666,6558.25,6492.333333333333
17745.0,3.9166666666667993,257.6666666666667,255.0,100.0,100.0,0.0,0.0,0.0,-0.05,5.0,5.0,0.01,0.03,0.17666666666666667,0.17,6571.0,6504.0
17750.0,3.91666666666697,258.0,255.33333333333334,100.0,100.0,0.0,0.0,0.0,-0.016666666666666666,5.0,5.0,0.0,0.026666666666666665,0.16,0.16666666666666666,6592.0,6517.666666666667
17755.0,3.9125000000001364,258.5,256.0,100.0,100.0,0.0,0.0,0.0,0.01,5.0,5.0,0.005,0.0275,0.2,0.18,6605.5,6542.5
17760.0,3.9250000000002387,259.0,256.0,100.0,100.0,0.0,0.0,0.01,0.01,5.0,5.0,0.0025000000000000005,0.02,0.21,0.185,6595.75,6532.25
17765.0,3.920833333333462,259.25,256.6666666666667,100.0,100.0,0.0,0.0,0.0175,0.01,5.0,5.0,0.0,0.013333333333333334,0.1925,0.17,6611.5,6542.0
17770.0,3.9166666666667993,260.0,257.0,100.0,100.0,0.0,0.0,0.04,0.01,5.0,5.0,0.0,0.01,0.15000000000000002,0.17,6649.333333333333,6565.0
17775.0,3.925000000000068,260.0,257.5,100.0,100.0,0.0,0.0,0.06,0.0,5.0,5.0,-0.01,0.02,0.2,0.16999999999999998,6685.0,6594.0
17780.0,3.920833333333576,261.0,258.0,100.0,100.0,0.0,0.0,0.20333333333333334,-0.004999999999999999,5.0,5.0,-0.03666666666666667,0.0125,0.19,0.1975,6641.333333333333,6577.0
17785.0,3.9250000000002387,261.75,258.25,100.0,100.0,0.0,0.0,0.25,-0.01,5.0,5.0,-0.057499999999999996,0.005,0.1675,0.1525,6663.75,6582.0
17790.0,3.920833333333519,262.0,259.0,100.0,100.0,0.0,0.0,0.2175,-0.01,5.0,5.0,-0.07250000000000001,0.013333333333333334,0.18,0.18,6681.75,6607.0
17795.0,3.925000000000182,262.5,259.0,100.0,100.0,0.0,0.0,0.195,-0.05,5.0,5.0,-0.1,0.01,0.16499999999999998,0.17,6683.0,6594.0
17800.0,3.925000000000068,263.0,259.5,100.0,100.0,0.0,0.0,0.22,-0.05,5.0,5.0,-0.09,0.02,0.18,0.16,6706.0,6633.5
17805.0,3.9250000000002387,263.0,260.0,100.0,100.0,0.0,0.0,0.16999999999999998,-0.05,5.0,5.0,-0.0975,0.035,0.17500000000000002,0.16999999999999998,6703.5,6628.0
17810.0,3.929166666666788,263.6666666666667,260.25,100.0,100.0,0.0,0.0,0.14666666666666667,-0.07,5.0,5.0,-0.07666666666666667,0.02,0.16333333333333333,0.1225,6726.666666666667,6635.75
17815.0,3.9333333333336213,264.0,261.0,100.0,100.0,0.0,0.0,0.15,-0.07,5.0,5.0,-0.09,0.026666666666666665,0.2,0.13333333333333333,6752.0,6674.0
17820.0,3.933333333333451,264.3333333333333,261.0,100.0,100.0,0.0,0.0,0.11666666666666667,-0.12,5.0,5.0,-0.09666666666666666,0.03,0.19,0.19,6731.666666666667,6649.0
17825.0,3.9291666666668448,265.0,261.3333333333333,100.0,100.0,0.0,0.0,0.08,-0.08333333333333333,5.0,5.0,-0.0825,0.03,0.17,0.13333333333333333,6746.75,6657.0
17830.0,3.937500000000057,265.0,262.0,100.0,100.0,0.0,0.0,0.02,-0.0625,5.0,5.0,-0.07,0.045,0.18,0.1325,6758.0,6669.75
17835.0,3.925000000000182,266.0,262.0,100.0,100.0,0.0,0.0,0.035,-0.01,5.0,5.0,-0.045,0.02,0.165,0.11,6775.0,6690.0
17840.0,3.9375000000002274,266.0,262.5,100.0,100.0,0.0,0.0,0.03,-0.015,5.0,5.0,-0.0325,0.03,0.1625,0.165,6787.0,6701.5
17845.0,3.9375000000002274,266.25,263.0,100.0,100.0,0.0,0.0,0.0225,-0.02,5.0,5.0,-0.025,0.04,0.165,0.15,6778.5,6690.0
17850.0,3.9375000000001705,267.0,263.0,100.0,100.0,0.0,0.0,0.035,-0.0175,5.0,5.0,-0.01,0.025,0.14500000000000002,0.11499999999999999,6810.5,6712.5
17855.0,3.933333333333394,267.0,263.6666666666667,100.0,100.0,0.0,0.0,0.05,-0.01,5.0,5.0,-0.01,0.016666666666666666,0.19,0.15333333333333332,6815.0,6736.0
17860.0,3.9375000000002274,268.0,264.0,100.0,100.0,0.0,0.0,0.0975,-0.03,5.0,5.0,-0.0125,0.02,0.1525,0.13,6813.0,6715.0
17865.0,3.9416666666668334,268.0,264.0,100.0,100.0,0.0,0.0,0.475,0.016666666666666666,5.0,5.0,-0.05499999999999999,0.02,0.14,0.11,6847.0,6738.666666666667
17870.0,3.937500000000284,268.0,264.75,100.0,100.0,0.0,0.0,1.12,0.075,5.0,5.0,-0.18,0.005000000000000001,0.18,0.1275,6843.0,6771.0
17875.0,3.9375000000001137,269.0,265.0,100.0,100.0,0.0,0.0,1.26,0.11,5.0,5.0,-0.28750000000000003,-0.02,0.1225,0.14,6844.0,6744.0
17880.0,3.9416666666668903,269.0,265.0,100.0,100.0,0.0,0.0,1.1966666666666665,0.1,5.0,5.0,-0.38,-0.01,0.1366666666666667,0.135,6865.333333333333,6764.0
17885.0,3.937500000000057,270.0,265.75,100.0,100.0,0.0,0.0,1.1,0.1,5.0,5.0,-0.49,-0.024999999999999998,0.16,0.14,6855.0,6766.75
17890.0,3.950000000000216,270.0,266.0,100.0,100.0,0.0,0.0,1.045,0.1,5.0,5.0,-0.47000000000000003,-0.0425,0.13,0.1175,6877.0,6777.5
17895.0,3.9416666666668903,270.0,266.0,100.0,100.0,0.0,0.0,0.9633333333333334,0.1,5.0,5.0,-0.5566666666666666,-0.055,0.16,0.12,6887.0,6794.5
17900.0,3.950000000000273,271.0,267.0,100.0,100.0,0.0,0.0,0.79,0.07,5.0,5.0,-0.49,-0.05,0.14,0.16,6889.0,6779.0
17905.0,3.9500000000001023,271.0,267.0,100.0,100.0,0.0,0.0,0.685,0.07,5.0,5.0,-0.4575,-0.0325,0.1375,0.1275,6911.0,6811.75
17910.0,3.9416666666667766,271.0,267.0,100.0,100.0,0.0,0.0,0.3966666666666667,0.07,5.0,5.0,-0.43666666666666665,-0.04,0.13,0.12,6909.0,6812.5
17915.0,3.950000000000273,271.0,267.0,100.0,100.0,0.0,0.0,0.0,0.05,5.0,5.0,-0.37,-0.04,0.14,0.12,6910.0,6813.0
17920.0,3.950000000000216,272.0,268.0,100.0,100.0,0.0,0.0,-0.755,0.045,5.0,5.0,-0.185,-0.035,0.1375,0.12,6912.5,6813.5
17925.0,3.950000000000216,272.0,268.0,100.0,100.0,0.0,0.0,-1.1133333333333335,0.043333333333333335,5.0,5.0,0.009999999999999995,-0.006666666666666668,0.12333333333333334,0.11333333333333333,6933.333333333333,6823.666666666667
17930.0,3.9500000000000455,272.0,268.0,100.0,100.0,0.0,0.0,-1.09,0.05,5.0,5.0,0.15,0.0,0.13,0.12,6965.0,6849.0
17935.0,3.9541666666669357,273.0,269.0,100.0,100.0,0.0,0.0,-1.09,0.04,5.0,5.0,0.29250000000000004,-0.013333333333333332,0.13999999999999999,0.13999999999999999,6941.75,6845.666666666667
17940.0,3.954166666666765,273.0,269.0,100.0,100.0,0.0,0.0,-1.09,0.02,5.0,5.0,0.4033333333333333,-0.005000000000000001,0.12333333333333334,0.10500000000000001,6955.333333333333,6846.25
17945.0,3.950000000000273,273.0,269.0,100.0,100.0,0.0,0.0,-1.09,0.02,5.0,5.0,0.49,-0.01,0.11,0.11,6963.0,6854.0
17950.0,3.954166666666765,273.25,269.0,100.0,100.0,0.0,0.0,-1.09,-0.0033333333333333322,5.0,5.0,0.53,-0.016666666666666666,0.13,0.11,6962.5,6863.333333333333
17955.0,3.9625000000003183,274.0,269.75,100.0,100.0,0.0,0.0,-1.065,-0.015000000000000001,5.0,5.0,0.525,-0.0025000000000000005,0.125,0.095,6978.5,6875.75
17960.0,3.9500000000000455,274.0,270.0,100.0,100.0,0.0,0.0,-0.82,0.0,5.0,5.0,0.55,0.0,0.13,0.13,6989.0,6881.0
17965.0,3.954166666666879,274.0,270.0,100.0,100.0,0.0,0.0,-0.58,0.02,5.0,5.0,0.505,-0.003333333333333333,0.1175,0.11,6990.75,6882.666666666667
17970.0,3.962500000000148,274.5,270.0,100.0,100.0,0.0,0.0,-0.33999999999999997,0.0125,5.0,5.0,0.43000000000000005,-0.0025000000000000005,0.10500000000000001,0.095,6996.5,6889.0
17975.0,3.9625000000003183,275.0,271.0,100.0,100.0,0.0,0.0,-0.23500000000000001,0.01,5.0,5.0,0.35500000000000004,0.0,0.0925,0.07,7003.75,6898.0
17980.0,3.954166666666765,275.0,271.0,100.0,100.0,0.0,0.0,-0.23,0.016666666666666666,5.0,5.0,0.295,-0.01,0.095,0.10666666666666667,7017.25,6918.0
17985.0,3.962500000000148,275.0,271.0,100.0,100.0,0.0,0.0,-0.23,0.015000000000000001,5.0,5.0,0.29500000000000004,-0.0175,0.11499999999999999,0.0925,7006.5,6907.75
17990.0,3.9625000000002046,275.75,271.0,100.0,100.0,0.0,0.0,-0.23,-0.01,5.0,5.0,0.25,-0.01,0.0975,0.11,7007.0,6903.0
17995.0,3.9666666666669244,276.0,272.0,100.0,100.0,0.0,0.0,-0.23,-0.06333333333333334,5.0,5.0,0.18,0.006666666666666666,0.08,0.09999999999999999,7017.0,6916.0
18000.0,3.962500000000148,276.0,272.0,100.0,100.0,0.0,0.0,-0.245,-0.0675,5.0,5.0,0.165,0.0275,0.08,0.0975,7035.5,6928.25
18005.0,3.962500000000091,276.0,272.0,100.0,100.0,0.0,0.0,-0.26,-0.02,5.0,5.0,0.14750000000000002,0.04,0.0825,0.06,7036.5,6953.0
18010.0,3.966666666666981,276.0,272.0,100.0,100.0,0.0,0.0,-0.25,-0.01,5.0,5.0,0.14,0.05,0.09,0.13,7037.0,6944.333333333333
18015.0,3.9750000000001933,276.25,272.75,100.0,100.0,0.0,0.0,-0.25,0.004999999999999999,5.0,5.0,0.1325,0.0425,0.07250000000000001,0.11,7050.25,6945.5
18020.0,3.9666666666668675,277.0,273.0,100.0,100.0,0.0,0.0,-0.25,0.03,5.0,5.0,0.14,0.02,0.07333333333333333,0.05,7049.333333333333,6956.0
18025.0,3.966666666666697,277.0,273.0,100.0,100.0,0.0,0.0,-0.25,0.03,5.0,5.0,0.15,1.734723475976807e-18,0.08,0.11666666666666667,7050.0,6960.0
18030.0,3.975000000000364,277.0,273.0,100.0,100.0,0.0,0.0,-0.2275,-0.10500000000000001,5.0,5.0,0.1475,0.024999999999999998,0.0825,0.11,7052.25,6951.75
18035.0,3.9750000000001364,277.0,273.0,100.0,100.0,0.0,0.0,-0.235,-0.19,5.0,5.0,0.135,0.02,0.08,0.04,7072.5,6962.0
18040.0,3.9750000000001933,277.0,274.0,100.0,100.0,0.0,0.0,-0.1975,-0.06999999999999999,5.0,5.0,0.13,0.0125,0.0625,0.06,7075.5,7029.5
18045.0,3.9708333333334167,278.0,274.0,75.0,100.0,0.0,0.0,0.13,-0.01,5.0,5.0,0.1025,0.02,-0.08749999999999998,0.12,7043.0,6967.666666666667
18050.0,3.975000000000364,277.5,274.0,0.0,100.0,0.0,0.0,0.25,-0.01,0.0,5.0,0.04,0.01,-0.435,0.06,6844.0,6980.0
18055.0,3.9750000000000796,277.0,274.0,75.0,100.0,0.0,0.0,0.1975,-0.005000000000000001,0.0,5.0,0.015000000000000001,0.005,-0.025000000000000022,0.08,6267.0,7026.75
18060.0,3.97500000000025,277.0,274.5,100.0,100.0,0.0,0.0,0.18,-0.030000000000000002,6.0,5.0,-0.01,0.015,0.1,0.125,6093.0,7008.0
18065.0,3.9833333333334053,277.3333333333333,275.0,100.0,100.0,0.0,0.0,0.16333333333333333,-0.02,6.0,5.0,-0.04,0.01,0.05666666666666667,0.07,6093.0,6985.0
18070.0,3.975000000000307,278.0,275.0,100.0,100.0,0.0,0.0,0.115,-0.02,6.0,5.0,-0.0475,0.01,0.060000000000000005,0.095,6117.75,7012.25
18075.0,3.9750000000000227,278.0,275.0,100.0,100.0,0.0,0.0,0.11,-0.025,6.0,5.0,-0.04,0.005,0.05,0.095,6125.0,7026.0
18080.0,3.9750000000001933,278.0,275.0,100.0,100.0,0.0,0.0,0.0975,0.0,6.0,5.0,-0.0675,0.0,0.075,0.11,6120.0,7029.25
18085.0,3.987500000000182,278.0,276.0,100.0,100.0,0.0,0.0,0.08,0.01,6.0,5.0,-0.055,0.0,0.045,0.07250000000000001,6110.0,7017.5
18090.0,3.9875000000002956,278.0,276.0,100.0,100.0,0.0,0.0,0.0625,0.019999999999999997,6.0,5.0,-0.05,-0.01,0.045,0.08499999999999999,6120.25,7026.0
18095.0,3.9750000000000796,278.0,276.0,100.0,100.0,0.0,0.0,0.065,0.0,6.0,5.0,-0.035,-0.0125,0.085,0.07500000000000001,6120.75,7028.5
18100.0,3.9750000000001364,278.5,276.0,100.0,100.0,0.0,0.0,0.010000000000000002,-0.01,6.0,5.0,-0.035,-0.01,0.07500000000000001,0.08,6118.0,7024.0
18105.0,3.979166666666913,279.0,276.0,100.0,100.0,0.0,0.0,-0.045,-0.01,6.0,5.0,-0.005000000000000001,0.0,0.065,0.08333333333333333,6129.5,7041.0
18110.0,3.9875000000002387,279.0,276.75,100.0,100.0,0.0,0.0,-0.04,-0.01,6.0,5.0,0.0,0.0,0.1,0.08499999999999999,6149.0,7056.25
18115.0,3.987500000000068,279.0,277.0,100.0,100.0,0.0,0.0,-0.0325,-0.01,6.0,5.0,0.0,0.03,0.08,0.08,6144.0,7053.0
18120.0,3.9791666666667425,279.0,277.0,100.0,100.0,0.0,0.0,-0.020000000000000004,-0.01,6.0,5.0,0.006666666666666666,0.015,0.06666666666666667,0.0625,6134.333333333333,7050.75
18125.0,3.975000000000364,279.0,277.0,100.0,100.0,0.0,0.0,0.0,-0.019999999999999997,6.0,5.0,0.0,0.025,0.07,0.085,6144.0,7054.5
18130.0,3.987500000000182,280.0,277.0,100.0,100.0,0.0,0.0,0.03,0.03,6.0,5.0,0.0,-0.02,0.0325,0.1,6168.75,7071.0
18135.0,3.987500000000125,280.0,277.25,100.0,100.0,0.0,0.0,0.105,0.0175,6.0,5.0,0.0,-0.01,0.085,0.0825,6155.5,7073.5
18140.0,3.987500000000068,280.0,278.0,100.0,100.0,0.0,0.0,0.1125,0.01,6.0,5.0,-0.0075,-0.01,0.07750000000000001,0.07,6149.75,7066.5
18145.0,3.9875000000004093,280.0,278.0,100.0,100.0,0.0,0.0,0.11,-0.027500000000000004,6.0,5.0,-0.03,-0.0175,0.07,0.07250000000000001,6148.0,7066.25
18150.0,3.9750000000001364,280.0,278.0,100.0,100.0,0.0,0.0,0.13,-0.13,6.0,5.0,-0.045,0.01,0.08499999999999999,0.05,6158.0,7073.0
18155.0,3.987500000000182,280.75,278.0,100.0,100.0,0.0,0.0,0.10250000000000001,-0.16499999999999998,6.0,5.0,-0.05,0.035,0.06,0.065,6171.0,7086.5
18160.0,3.9875000000000114,281.0,278.0,100.0,100.0,0.0,0.0,0.1,-0.075,6.0,5.0,-0.06,0.05,0.07,0.04,6189.0,7092.5
18165.0,3.9875000000004093,281.0,279.0,100.0,100.0,0.0,0.0,-0.16,0.05,6.0,5.0,-0.025,0.03,0.08249999999999999,0.04,6175.0,7096.0
18170.0,3.987500000000125,281.0,279.0,100.0,100.0,0.0,0.0,-0.25,0.045,6.0,5.0,0.025,0.0075,0.06,0.05,6178.5,7102.0
18175.0,3.987500000000182,281.0,279.0,100.0,100.0,0.0,0.0,-0.024999999999999994,-0.020000000000000004,6.0,5.0,0.0225,0.0,0.075,0.07,6169.25,7087.5
18180.0,4.0,281.0,279.0,100.0,100.0,0.0,0.0,0.19,-0.09,6.0,5.0,0.0,0.03,0.06,0.07,6176.0,7090.0
18185.0,3.9875000000003524,281.0,279.0,100.0,100.0,0.0,0.0,-0.075,-0.09,6.0,5.0,0.015,0.0125,0.05500000000000001,0.0075,6207.5,7145.25
18190.0,3.987500000000068,281.75,279.0,100.0,100.0,0.0,0.0,-0.0625,-0.09,6.0,5.0,0.03,0.03,0.08499999999999999,0.035,6189.25,7157.5
18195.0,3.9875000000002387,282.0,279.0,100.0,100.0,0.0,0.0,-0.02,-0.09,6.0,5.0,0.01,0.04,0.06,0.04,6180.0,7095.5
18200.0,3.987500000000068,282.0,279.0,100.0,100.0,0.0,0.0,-0.005000000000000001,-0.09,6.0,5.0,0.015,0.03,0.06,0.03,6195.75,7106.0
18205.0,3.9916666666670153,282.0,280.0,100.0,100.0,0.0,0.0,0.04,-0.09333333333333334,6.0,5.0,0.0,0.04666666666666667,0.055,0.06333333333333334,6206.0,7130.0
18210.0,4.000000000000057,282.0,280.0,100.0,100.0,0.0,0.0,0.0175,-0.1,6.0,5.0,0.0,0.07,0.065,0.022499999999999992,6211.75,7128.75
18215.0,4.000000000000227,282.0,280.0,100.0,100.0,0.0,0.0,0.02,-0.09,6.0,5.0,0.0,0.04,0.06,0.06,6209.0,7126.0
18220.0,3.995833333333451,282.3333333333333,280.0,100.0,100.0,0.0,0.0,0.016666666666666666,-0.0925,6.0,5.0,0.0,0.045,0.07,0.057499999999999996,6207.666666666667,7124.0
18225.0,3.9875000000002956,283.0,280.0,100.0,100.0,0.0,0.0,0.01,-0.1,6.0,5.0,0.0,0.06,0.065,0.045,6200.75,7123.0
18230.0,3.9875000000000114,283.0,280.0,100.0,100.0,0.0,0.0,0.02,-0.0925,6.0,5.0,0.0,0.052500000000000005,0.04,0.04,6205.0,7118.25
18235.0,3.987500000000182,283.0,280.0,100.0,100.0,0.0,0.0,0.0025000000000000005,-0.09,6.0,5.0,0.0,0.06,0.0275,0.02,6261.5,7132.0
18240.0,4.000000000000227,283.0,280.5,100.0,100.0,0.0,0.0,-0.025,-0.09,6.0,5.0,0.0,0.07,0.08499999999999999,0.03,6235.5,7165.0
18245.0,4.000000000000284,283.0,281.0,100.0,100.0,0.0,0.0,-0.0225,-0.07500000000000001,6.0,5.0,0.0,0.07250000000000001,0.075,0.05,6217.0,7129.75
18250.0,4.0,283.0,281.0,100.0,100.0,0.0,0.0,-0.03,-0.07,6.0,5.0,0.01,0.08,0.06,0.04,6227.0,7138.0
18255.0,4.0000000000001705,283.25,280.75,100.0,0.0,0.0,0.0,-0.02,-0.05,6.0,0.0,0.02,0.065,0.07500000000000001,-0.1225,6240.75,6980.5
18260.0,4.000000000000227,284.0,280.0,100.0,50.0,0.0,0.0,-0.015,-0.05,6.0,0.0,0.015,0.05,0.06,-0.11499999999999999,6231.0,6428.5
18265.0,4.000000000000284,284.0,280.0,100.0,100.0,0.0,0.0,-0.0175,-0.035,6.0,6.0,0.01,0.057499999999999996,0.0675,0.049999999999999996,6232.5,6173.5
18270.0,4.0,284.0,281.0,100.0,100.0,0.0,0.0,-0.01,0.01,6.0,6.0,0.0,0.05,0.05,0.09,6241.0,6161.0
18275.0,4.000000000000114,284.0,281.0,100.0,100.0,0.0,0.0,0.015,0.01,6.0,6.0,0.0,0.03,0.07,0.07,6251.5,6176.5
18280.0,4.000000000000341,284.0,281.0,100.0,100.0,0.0,0.0,-0.0475,0.01,6.0,6.0,0.0075,0.0225,0.06,0.0825,6242.75,6176.5
18285.0,4.000000000000227,284.0,281.0,100.0,100.0,0.0,0.0,-0.05,0.01,6.0,6.0,0.0,0.02,0.07,0.06,6246.0,6173.0
18290.0,4.000000000000057,284.25,281.0,100.0,100.0,0.0,0.0,-0.06,0.03,6.0,6.0,0.0025,0.01,0.035,0.045,6272.75,6184.25
18295.0,4.000000000000114,285.0,281.0,100.0,100.0,0.0,0.0,-0.05,0.02,6.0,6.0,0.015,0.005,0.07500000000000001,0.08,6267.0,6204.5
18300.0,4.000000000000341,285.0,281.0,100.0,100.0,0.0,0.0,-0.0475,0.01,6.0,6.0,0.02,0.0075,0.0475,0.07,6251.5,6186.5
18305.0,4.000000000000227,285.0,282.0,100.0,100.0,0.0,0.0,-0.05,0.01,6.0,6.0,0.01,0.01,0.05,0.07,6265.0,6187.0
18310.0,4.0125000000000455,285.0,282.0,100.0,100.0,0.0,0.0,-0.04,0.03,6.0,6.0,0.02,0.0,0.06,0.06,6271.75,6198.0
18315.0,4.012500000000102,285.0,282.0,100.0,100.0,0.0,0.0,-0.02,0.015000000000000001,6.0,6.0,0.025,0.0,0.05,0.07500000000000001,6259.0,6193.75
18320.0,4.0125000000003865,285.0,282.0,100.0,100.0,0.0,0.0,0.0075,0.02,6.0,6.0,0.0225,0.01,0.0475,0.07,6262.75,6200.0
18325.0,4.012500000000216,285.0,282.0,100.0,100.0,0.0,0.0,0.01,0.05,6.0,6.0,0.01,0.0,0.07,0.057499999999999996,6276.0,6203.0
18330.0,4.0125000000000455,286.0,282.0,100.0,100.0,0.0,0.0,-0.0225,0.05,6.0,6.0,0.0025,0.0,0.05,0.07500000000000001,6299.25,6225.5
18335.0,4.012500000000102,286.0,282.75,100.0,100.0,0.0,0.0,-0.065,0.05,6.0,6.0,0.019999999999999997,0.0,0.065,0.085,6281.0,6218.0
18340.0,4.0125000000003865,286.0,283.0,100.0,100.0,0.0,0.0,-0.07,0.05,6.0,6.0,0.03,-0.01,0.057499999999999996,0.06,6274.0,6208.0
18345.0,4.004166666666833,286.0,283.0,100.0,100.0,0.0,0.0,-0.1,0.05,6.0,6.0,0.025,-0.006666666666666667,0.05,0.05333333333333334,6287.25,6221.333333333333
18350.0,4.012500000000102,286.0,283.0,100.0,100.0,0.0,0.0,-0.10500000000000001,0.05,6.0,6.0,0.05,-0.015,0.065,0.0675,6301.5,6230.5
18355.0,4.0125000000000455,286.0,283.0,100.0,100.0,0.0,0.0,-0.10250000000000001,0.05,6.0,6.0,0.06,-0.01,0.065,0.06,6285.0,6216.0
18360.0,4.012500000000443,286.0,283.0,100.0,100.0,0.0,0.0,-0.1,0.0825,6.0,6.0,0.05,-0.015,0.05,0.065,6291.0,6225.25
18365.0,4.012500000000159,286.25,283.0,100.0,100.0,0.0,0.0,-0.11,0.20500000000000002,6.0,6.0,0.05,-0.03,0.057499999999999996,0.05,6300.75,6228.5
18370.0,4.012500000000102,287.0,283.75,100.0,100.0,0.0,0.0,-0.14,0.23,6.0,6.0,0.060000000000000005,-0.0525,0.055,0.057499999999999996,6311.5,6245.25
18375.0,4.0125000000000455,287.0,284.0,100.0,100.0,0.0,0.0,-0.1925,0.23,6.0,6.0,0.08499999999999999,-0.06,0.08249999999999999,0.06,6306.5,6249.0
18380.0,4.012500000000443,287.0,284.0,100.0,100.0,0.0,0.0,-0.16,0.14250000000000002,6.0,6.0,0.1,-0.0875,0.06,0.075,6294.0,6234.75
18385.0,4.012500000000159,287.0,284.0,100.0,100.0,0.0,0.0,-0.1,0.055,6.0,6.0,0.08249999999999999,-0.07,0.045,0.055,6301.25,6231.5
18390.0,4.012500000000102,287.0,284.0,100.0,100.0,0.0,0.0,-0.1,0.05,6.0,6.0,0.055,-0.045,0.035,0.05,6328.5,6255.25
18395.0,4.0125000000000455,287.0,284.0,100.0,100.0,0.0,0.0,-0.1,0.05,6.0,6.0,0.07250000000000001,-0.03,0.07,0.04,6318.25,6273.0
18400.0,4.016666666667106,287.0,284.0,100.0,100.0,0.0,0.0,-0.13,0.05,6.0,6.0,0.06,-0.03666666666666667,0.02,0.060000000000000005,6315.0,6254.0
18405.0,4.025000000000148,287.25,284.75,100.0,100.0,0.0,0.0,-0.1325,0.05,6.0,6.0,0.0925,-0.0375,0.0775,0.0425,6319.75,6249.5
18410.0,4.025000000000091,288.0,285.0,100.0,100.0,0.0,0.0,-0.035,0.03,6.0,6.0,0.07500000000000001,-0.04,0.05,0.05,6320.5,6252.0
18415.0,4.025000000000091,288.0,285.0,100.0,100.0,0.0,0.0,0.04,0.04,6.0,6.0,0.0425,-0.0375,0.075,0.0375,6324.25,6265.25
18420.0,4.025000000000432,288.0,285.0,100.0,100.0,0.0,0.0,0.04,-0.01,6.0,6.0,0.03,-0.025,0.04,0.055,6314.0,6265.0
18425.0,4.025000000000148,288.0,285.0,100.0,100.0,0.0,0.0,0.0325,-0.0225,6.0,6.0,0.0175,-0.0125,0.0425,0.057499999999999996,6328.25,6265.5
18430.0,4.025000000000091,288.0,285.0,100.0,100.0,0.0,0.0,0.0,-0.03,6.0,6.0,0.01,0.0,0.060000000000000005,0.04,6330.0,6273.0
18435.0,4.025000000000091,288.0,285.0,100.0,100.0,0.0,0.0,-0.01,-0.0075,6.0,6.0,0.0025000000000000005,0.005,0.0475,0.06,6316.75,6260.5
18440.0,4.025000000000432,288.0,285.5,100.0,100.0,0.0,0.0,-0.01,0.03,6.0,6.0,0.0,0.01,0.03,0.035,6330.0,6271.5
18445.0,4.025000000000148,288.0,286.0,100.0,100.0,0.0,0.0,-0.01,0.03,6.0,6.0,0.0175,0.0,0.04,0.0475,6330.0,6274.25
18450.0,4.025000000000091,288.0,286.0,100.0,100.0,0.0,0.0,-0.005,0.03,6.0,6.0,0.005,0.0,0.01,0.02,6346.5,6272.0
18455.0,4.025000000000091,288.75,286.0,100.0,100.0,0.0,0.0,-0.0075,0.0475,6.0,6.0,0.0075,0.0025,0.0775,0.03,6371.25,6302.25
18460.0,4.025000000000432,289.0,286.0,100.0,100.0,0.0,0.0,-0.01,0.1,6.0,6.0,0.01,0.0,0.05,0.055,6342.0,6289.5
18465.0,4.025000000000148,289.0,286.0,100.0,100.0,0.0,0.0,-0.0025,0.07750000000000001,6.0,6.0,0.005,-0.01,0.04,0.065,6341.0,6285.75
18470.0,4.025000000000091,289.0,286.0,100.0,100.0,0.0,0.0,-0.01,0.07,6.0,6.0,0.015,-0.02,0.05500000000000001,0.05,6343.0,6288.0
18475.0,4.025000000000091,289.0,286.0,100.0,100.0,0.0,0.0,0.004999999999999999,0.065,6.0,6.0,0.01,-0.02,0.055,0.05,6345.75,6293.5
18480.0,4.033333333333758,289.0,286.0,100.0,100.0,0.0,0.0,0.01,0.03666666666666667,6.0,6.0,0.0,-0.02,0.03,0.056666666666666664,6342.0,6286.333333333333
18485.0,4.037500000000136,289.0,287.0,100.0,100.0,0.0,0.0,0.01,0.03,6.0,6.0,0.01,-0.02,0.0225,0.04,6350.5,6293.0
18490.0,4.03750000000008,289.0,287.0,100.0,100.0,0.0,0.0,0.01,0.03,6.0,6.0,0.01,-0.0075,0.045,0.0375,6359.5,6305.25
18495.0,4.037500000000136,289.0,287.0,100.0,100.0,0.0,0.0,0.01,0.03,6.0,6.0,0.0025000000000000005,-0.005,0.045,0.05,6352.75,6302.5
18500.0,4.037500000000421,289.0,287.0,100.0,100.0,0.0,0.0,0.01,0.0375,6.0,6.0,0.0,-0.01,0.02,0.0325,6351.0,6297.5
18505.0,4.037500000000136,289.25,287.0,100.0,100.0,0.0,0.0,0.0075,0.03,6.0,6.0,0.0,-0.01,0.03,0.02,6356.25,6306.0
18510.0,4.03750000000008,290.0,287.0,100.0,100.0,0.0,0.0,0.0,0.0275,6.0,6.0,0.005,-0.01,0.03,0.035,6362.0,6310.25
18515.0,4.037500000000136,290.0,287.0,100.0,100.0,0.0,0.0,0.0,0.02,6.0,6.0,0.0025000000000000005,-0.005,0.03,0.045,6361.0,6307.5
18520.0,4.037500000000421,290.0,287.0,100.0,100.0,0.0,0.0,-0.1,0.0125,6.0,6.0,0.01,0.0,0.01,0.04,6366.0,6319.75
18525.0,4.037500000000136,290.0,287.0,100.0,100.0,0.0,0.0,-0.15000000000000002,0.01,6.0,6.0,0.0275,0.0,0.0275,0.06,6372.0,6325.0
18530.0,4.03750000000008,290.0,287.0,100.0,100.0,0.0,0.0,-0.155,-0.01,6.0,6.0,0.055,0.0,0.02,0.0375,6365.0,6314.25
18535.0,4.037500000000136,290.0,287.5,100.0,100.0,0.0,0.0,-0.13,-0.01,6.0,6.0,0.075,0.005,0.02,0.03,6359.5,6311.5
18540.0,4.037500000000421,290.0,288.0,100.0,100.0,0.0,0.0,-0.13,-0.01,6.0,6.0,0.09,0.01,0.02,0.03,6368.0,6314.75
18545.0,4.037500000000136,290.0,288.0,100.0,100.0,0.0,0.0,0.04,-0.01,6.0,6.0,0.06,0.0,0.0275,0.04,6368.0,6314.0
18550.0,4.03750000000008,290.0,288.0,100.0,100.0,0.0,0.0,0.04,-0.01,6.0,6.0,0.055,0.0225,0.025,0.02,6375.5,6325.25
18555.0,4.037500000000136,290.0,288.0,100.0,100.0,0.0,0.0,0.04,-0.01,6.0,6.0,0.0275,0.025,0.03,0.025,6371.0,6323.5
18560.0,4.037500000000421,290.0,288.0,100.0,100.0,0.0,0.0,0.04,-0.01,6.0,6.0,0.02,0.02,0.02,0.03,6369.0,6319.5
18565.0,4.037500000000136,290.0,288.0,100.0,100.0,0.0,0.0,0.04,-0.01,6.0,6.0,0.0025,0.02,0.005,0.02,6381.5,6328.0
18570.0,4.03750000000008,290.0,288.0,100.0,100.0,0.0,0.0,0.04,-0.015,6.0,6.0,0.005,0.02,0.03,0.0175,6382.5,6336.5
18575.0,4.037500000000136,290.0,288.0,100.0,100.0,0.0,0.0,0.04,-0.04,6.0,6.0,-0.0075,0.025,0.04,0.019999999999999997,6378.25,6327.5
18580.0,4.037500000000421,290.0,288.0,100.0,100.0,0.0,0.0,0.04,-0.095,6.0,6.0,0.01,0.03,0.01,0.03,6380.0,6327.5
18585.0,4.037500000000136,290.0,288.0,100.0,100.0,0.0,0.0,0.04,-0.34,6.0,6.0,-0.015,0.05,0.02,0.03,6380.0,6337.0
18590.0,4.03750000000008,290.5,288.0,100.0,100.0,0.0,0.0,-0.010000000000000002,-0.41,6.0,6.0,0.0,0.0975,0.02,0.0325,6379.5,6329.25
18595.0,4.037500000000136,291.0,288.0,100.0,100.0,0.0,0.0,-0.12000000000000001,-0.41,6.0,6.0,0.015,0.13,-0.0024999999999999988,0.019999999999999997,6387.25,6334.5
18600.0,4.037500000000421,291.0,288.0,100.0,100.0,0.0,0.0,-0.14,-0.41,6.0,6.0,0.03,0.155,0.04,0.015000000000000001,6382.0,6338.25
18605.0,4.037500000000136,291.0,288.0,100.0,100.0,0.0,0.0,-0.13,-0.41,6.0,6.0,0.0425,0.18,0.01,0.01,6381.75,6335.0
18610.0,4.03750000000008,291.0,288.0,100.0,100.0,0.0,0.0,-0.1,-0.3675,6.0,6.0,0.060000000000000005,0.1825,0.02,0.0125,6383.5,6335.0
18615.0,4.037500000000136,291.0,288.5,100.0,100.0,0.0,0.0,0.01999999999999999,-0.355,6.0,6.0,0.05500000000000001,0.2,0.0225,0.02,6395.75,6344.5
18620.0,4.037500000000421,291.0,289.0,100.0,100.0,0.0,0.0,0.11,-0.3125,6.0,6.0,0.03,0.225,0.01,0.0125,6388.0,6343.5
18625.0,4.037500000000136,291.0,289.0,100.0,100.0,0.0,0.0,0.09,-0.23,6.0,6.0,0.02,0.2,0.03,0.0,6389.25,6344.0
18630.0,4.03750000000008,291.0,289.0,100.0,100.0,0.0,0.0,0.1,-0.16,6.0,6.0,0.01,0.2125,0.015,0.0375,6383.5,6342.25
18635.0,4.037500000000136,291.0,289.0,100.0,100.0,0.0,0.0,0.1175,-0.065,6.0,6.0,0.0,0.19,0.015,0.03,6376.25,6332.5
18640.0,4.037500000000421,291.0,289.0,100.0,100.0,0.0,0.0,0.1,0.0,6.0,6.0,-0.02,0.115,-0.01,0.0075,6383.0,6338.5
18645.0,4.037500000000136,291.0,289.0,100.0,100.0,0.0,0.0,0.05,0.01,6.0,6.0,-0.01,0.09,0.0425,0.02,6401.0,6368.0
18650.0,4.03750000000008,291.0,289.0,100.0,100.0,0.0,0.0,-0.05,0.01,6.0,6.0,-0.015,0.08,0.01,0.0225,6393.0,6346.5
18655.0,4.037500000000136,291.0,289.0,100.0,100.0,0.0,0.0,-0.14250000000000002,0.01,6.0,6.0,0.0024999999999999988,0.05,0.0075,0.01,6388.0,6348.5
18660.0,4.047500000000355,291.0,289.0,100.0,100.0,0.0,0.0,-0.027999999999999997,0.01,6.0,6.0,0.01,0.05,0.002,0.0125,6382.8,6340.75
18665.0,4.050000000000182,291.0,289.0,100.0,100.0,0.0,0.0,0.02,0.01,6.0,6.0,0.01,0.01,-0.01,0.0,6393.0,6341.0
18670.0,4.050000000000011,291.0,289.0,100.0,100.0,0.0,0.0,0.02,0.01,6.0,6.0,0.01,0.0125,0.02,0.0125,6399.5,6359.25
18675.0,4.050000000000182,291.0,289.0,100.0,100.0,0.0,0.0,0.02,0.01,6.0,6.0,0.005,0.015,0.01,0.015,6384.0,6346.5
18680.0,4.050000000000352,291.0,289.0,100.0,100.0,0.0,0.0,0.0125,0.01,6.0,6.0,0.0,0.01,0.0,0.0025000000000000005,6386.5,6342.0
18685.0,4.050000000000182,291.0,289.0,100.0,100.0,0.0,0.0,0.03,0.01,6.0,6.0,0.0,0.01,-0.02,0.01,6405.0,6352.0
18690.0,4.050000000000011,291.0,289.0,100.0,100.0,0.0,0.0,0.0024999999999999988,0.01,6.0,6.0,0.0025,0.0,0.0075,-0.005,6407.0,6362.5
18695.0,4.050000000000182,291.0,289.0,100.0,100.0,0.0,0.0,-0.060000000000000005,0.01,6.0,6.0,0.01,0.0,0.0,0.01,6381.0,6347.5
18700.0,4.050000000000352,291.0,289.0,100.0,100.0,0.0,0.0,-0.14500000000000002,0.024999999999999998,6.0,6.0,0.0175,0.0,-0.015,0.0025000000000000005,6382.75,6338.5
18705.0,4.050000000000182,291.0,289.0,100.0,100.0,0.0,0.0,-0.37,0.03,6.0,6.0,0.06,0.0,-0.01,0.0,6409.0,6353.0
18710.0,4.050000000000011,291.0,289.0,100.0,100.0,0.0,0.0,-0.31,0.035,6.0,6.0,0.10500000000000001,0.0,0.0225,0.0025,6393.5,6362.25
18715.0,4.050000000000182,291.0,289.0,100.0,100.0,0.0,0.0,-0.245,0.05,6.0,6.0,0.12,0.0,0.0,0.005,6387.0,6346.5
18720.0,4.050000000000352,291.0,289.0,100.0,100.0,0.0,0.0,0.06,0.1025,6.0,6.0,0.10500000000000001,-0.0075,0.0,0.015,6388.0,6345.75
18725.0,4.050000000000182,291.0,289.0,100.0,100.0,0.0,0.0,0.35,0.22,6.0,6.0,0.05,-0.03,0.0,0.0,6392.0,6350.0
18730.0,4.050000000000011,291.0,289.0,100.0,100.0,0.0,0.0,0.3,0.23,6.0,6.0,0.015,-0.045,-0.0125,0.0,6394.0,6354.5
18735.0,4.050000000000182,291.0,289.0,100.0,100.0,0.0,0.0,0.125,0.21500000000000002,6.0,6.0,-0.01,-0.07,-0.004999999999999999,0.0,6392.0,6353.5
18740.0,4.050000000000352,291.0,289.0,100.0,100.0,0.0,0.0,0.04,0.2,6.0,6.0,-0.0275,-0.0875,-0.005000000000000001,0.0,6394.5,6351.75
18745.0,4.050000000000182,291.0,289.0,100.0,100.0,0.0,0.0,-0.3,0.18,6.0,6.0,0.0,-0.1,0.0,0.0,6391.0,6352.0
18750.0,4.050000000000011,291.0,289.0,100.0,100.0,0.0,0.0,-0.3175,0.17,6.0,6.0,0.0175,-0.0975,-0.0275,0.0,6396.0,6356.25
18755.0,4.050000000000182,291.0,289.0,100.0,100.0,0.0,0.0,-0.21000000000000002,0.17,6.0,6.0,0.06,-0.1,-0.015,0.0,6394.0,6358.5
18760.0,4.050000000000352,291.0,289.0,100.0,100.0,0.0,0.0,0.09249999999999994,0.10250000000000001,6.0,6.0,0.0575,-0.095,-0.0025000000000000005,0.0,6385.25,6349.5
18765.0,4.050000000000182,291.0,289.0,100.0,100.0,0.0,0.0,0.33,0.0,6.0,6.0,0.02,-0.08,-0.02,-0.01,6390.0,6347.0
18770.0,4.050000000000011,291.0,289.0,100.0,100.0,0.0,0.0,0.3075,-0.01,6.0,6.0,-0.0075,-0.0325,-0.01,-0.015,6398.0,6360.5
18775.0,4.050000000000182,291.0,289.0,100.0,100.0,0.0,0.0,0.095,-0.01,6.0,6.0,-0.025,-0.03,-0.005,0.0,6385.0,6352.0
18780.0,4.050000000000352,291.0,289.0,100.0,100.0,0.0,0.0,-0.14,-0.01,6.0,6.0,-0.005000000000000001,-0.0125,-0.0075,0.0,6395.25,6349.5
18785.0,4.050000000000182,291.0,289.0,100.0,100.0,0.0,0.0,-0.15,-0.01,6.0,6.0,0.0,-0.01,0.01,-0.03,6403.0,6362.0
18790.0,4.050000000000011,291.0,289.0,100.0,100.0,0.0,0.0,-0.10250000000000001,-0.01,6.0,6.0,0.0225,0.0,-0.0075,0.0,6390.0,6359.25
18795.0,4.050000000000182,291.0,289.0,100.0,100.0,0.0,0.0,0.060000000000000005,0.0,6.0,6.0,0.025,0.0,-0.005,0.0,6382.0,6347.0
18800.0,4.050000000000352,291.0,289.0,100.0,100.0,0.0,0.0,0.11,0.024999999999999998,6.0,6.0,0.0125,0.0,-0.0025000000000000005,0.0,6387.5,6347.5
18805.0,4.050000000000182,291.0,289.0,100.0,100.0,0.0,0.0,0.11,0.03,6.0,6.0,0.0,0.0,-0.03,0.0,6403.0,6354.0
18810.0,4.050000000000011,291.0,289.0,100.0,100.0,0.0,0.0,0.09,0.03,6.0,6.0,-0.01,-0.01,0.0225,0.0075,6393.0,6361.25
18815.0,4.055000000000177,291.0,289.0,100.0,100.0,0.0,0.0,0.078,0.03,6.0,6.0,-0.014,-0.005,-0.004,0.005,6384.8,6349.5
18820.0,4.062500000000284,291.0,289.0,100.0,100.0,0.0,0.0,0.065,0.03,6.0,6.0,-0.02,0.0,-0.005,0.0025000000000000005,6385.0,6347.5
18825.0,4.062500000000227,291.0,289.0,100.0,100.0,0.0,0.0,0.08499999999999999,0.03,6.0,6.0,-0.0275,0.0,-0.015,0.0,6392.25,6350.0
18830.0,4.062499999999943,291.0,289.0,100.0,100.0,0.0,0.0,0.09,0.03,6.0,6.0,-0.03,-0.01,0.0,-0.0075,6405.0,6363.25
18835.0,4.062500000000227,291.0,289.0,100.0,100.0,0.0,0.0,0.09,0.03,6.0,6.0,-0.0325,-0.01,0.0,0.01,6391.0,6360.0
18840.0,4.062500000000284,291.0,289.0,100.0,100.0,0.0,0.0,0.08499999999999999,0.03,6.0,6.0,-0.045,-0.01,0.0,0.005000000000000001,6381.0,6346.25
18845.0,4.062500000000227,291.0,289.0,100.0,100.0,0.0,0.0,0.07250000000000001,0.02,6.0,6.0,-0.035,-0.01,-0.015,0.0,6389.0,6347.0
18850.0,4.062499999999943,291.0,289.0,100.0,100.0,0.0,0.0,0.11,0.01,6.0,6.0,-0.04,-0.015,0.0,-0.005,6394.0,6358.0
18855.0,4.062500000000227,291.0,289.0,100.0,100.0,0.0,0.0,0.11750000000000001,0.01,6.0,6.0,-0.02,-0.005,0.052500000000000005,0.01,6389.5,6355.0
18860.0,4.062500000000284,291.0,289.0,100.0,100.0,0.0,0.0,0.14500000000000002,0.01,6.0,6.0,-0.045,-0.0025000000000000005,0.005,0.0175,6383.0,6349.0
18865.0,4.062500000000227,291.0,289.0,100.0,100.0,0.0,0.0,0.15,0.01,6.0,6.0,-0.0325,0.0,-0.019999999999999997,-0.01,6394.5,6352.0
18870.0,4.062499999999943,291.0,289.0,100.0,100.0,0.0,0.0,0.15,0.0125,6.0,6.0,-0.05,0.0,0.03,-0.027500000000000004,6452.0,6393.25
18875.0,4.062500000000227,291.0,289.0,100.0,100.0,0.0,0.0,0.15,0.025,6.0,6.0,-0.0875,0.0,0.0075,0.02,6376.5,6367.5
18880.0,4.062500000000284,291.0,289.0,100.0,100.0,0.0,0.0,0.14500000000000002,0.03,6.0,6.0,-0.07500000000000001,0.0,0.0,0.0,6381.0,6344.75
18885.0,4.062500000000227,291.0,289.0,100.0,100.0,0.0,0.0,0.1625,0.03,6.0,6.0,-0.07,0.0,-0.0225,0.0,6393.0,6353.0
18890.0,4.062499999999943,291.0,289.0,100.0,100.0,0.0,0.0,0.18,0.025,6.0,6.0,-0.08,0.0,0.03,-0.015,6405.0,6363.5
18895.0,4.062500000000227,291.0,289.0,100.0,100.0,0.0,0.0,0.11,0.01,6.0,6.0,-0.08,-0.005,0.0,-0.005,6381.0,6350.5
18900.0,4.062500000000284,291.0,289.0,100.0,100.0,0.0,0.0,0.11,0.0175,6.0,6.0,-0.08,-0.0025000000000000005,-0.005,-0.01,6382.0,6350.25
18905.0,4.062500000000227,291.0,289.0,100.0,100.0,0.0,0.0,0.03499999999999999,0.03,6.0,6.0,-0.065,0.0,-0.01,0.02,6389.0,6347.0
18910.0,4.062499999999943,291.0,289.0,100.0,100.0,0.0,0.0,0.04,0.015,6.0,6.0,-0.05,0.0,0.0,-0.0025000000000000005,6412.0,6365.0
18915.0,4.062500000000227,291.0,289.0,100.0,100.0,0.0,0.0,0.0225,0.02,6.0,6.0,-0.0425,0.0,0.0075,0.01,6383.25,6357.5
18920.0,4.062500000000284,291.0,289.0,100.0,100.0,0.0,0.0,0.035,0.01,6.0,6.0,-0.035,0.0,0.0,0.0075,6385.5,6349.25
18925.0,4.062500000000227,291.0,289.0,100.0,100.0,0.0,0.0,0.04,0.01,6.0,6.0,-0.02,0.0,0.0,0.0,6395.25,6358.0
18930.0,4.062499999999943,291.0,289.0,100.0,100.0,0.0,0.0,0.04,0.03,6.0,6.0,-0.03,0.0,0.03,0.005,6399.0,6367.0
18935.0,4.062500000000227,291.0,289.0,100.0,100.0,0.0,0.0,0.04,0.02,6.0,6.0,-0.03,0.0,0.0025,0.01,6386.25,6358.5
18940.0,4.062500000000284,291.0,289.0,100.0,100.0,0.0,0.0,0.04,0.01,6.0,6.0,-0.03,0.0,0.005,0.015,6384.0,6351.5
18945.0,4.062500000000227,291.0,289.0,100.0,100.0,0.0,0.0,0.04,0.01,6.0,6.0,-0.015000000000000001,0.0,0.0,0.0,6403.5,6354.0
18950.0,4.062499999999943,291.0,289.0,100.0,100.0,0.0,0.0,0.04,0.01,6.0,6.0,-0.02,0.0,0.02,0.025,6403.0,6375.75
18955.0,4.062500000000227,291.0,289.0,100.0,100.0,0.0,0.0,0.04,0.01,6.0,6.0,-0.02,0.0,0.0075,0.04,6383.0,6357.5
18960.0,4.062500000000284,291.0,289.0,100.0,100.0,0.0,0.0,0.04,-0.004999999999999999,6.0,6.0,-0.015,0.0,0.0,0.010000000000000002,6389.5,6352.0
18965.0,4.062500000000227,291.0,289.0,100.0,100.0,0.0,0.0,0.0325,-0.01,6.0,6.0,-0.0175,0.01,-0.0075,0.01,6402.75,6363.0
18970.0,4.072499999999991,291.0,289.0,100.0,100.0,0.0,0.0,0.03,-0.01,6.0,6.0,-0.02,0.01,0.022,0.01,6395.6,6369.5
18975.0,4.075000000000273,291.0,289.0,100.0,100.0,0.0,0.0,0.02,0.0,6.0,6.0,-0.02,0.01,0.0,0.01,6383.0,6355.0
18980.0,4.075000000000216,291.0,289.0,100.0,100.0,0.0,0.0,-0.0125,0.01,6.0,6.0,-0.0075,0.0025000000000000005,0.0075,-0.004999999999999999,6390.5,6357.75
18985.0,4.075000000000273,291.0,289.0,100.0,100.0,0.0,0.0,-0.02,0.01,6.0,6.0,0.0,0.0,-0.005,-0.01,6409.0,6372.0
18990.0,4.074999999999989,291.0,289.25,100.0,100.0,0.0,0.0,-0.0425,0.01,6.0,6.0,0.0,0.0075,0.027500000000000004,0.015,6406.5,6382.75
18995.0,4.075000000000273,291.0,290.0,100.0,100.0,0.0,0.0,-0.05,0.01,6.0,6.0,0.01,0.0,0.01,0.015,6384.0,6360.0
19000.0,4.075000000000216,291.0,290.0,100.0,100.0,0.0,0.0,-0.05,0.01,6.0,6.0,0.02,0.0075,0.0,0.0075,6386.25,6353.0
19005.0,4.075000000000273,291.0,290.0,100.0,100.0,0.0,0.0,-0.05,0.01,6.0,6.0,0.025,0.0,0.0,0.0,6397.5,6361.0
19010.0,4.074999999999989,291.0,290.0,100.0,100.0,0.0,0.0,-0.0425,0.01,6.0,6.0,0.03,0.0175,0.0225,0.0075,6409.5,6377.25
19015.0,4.075000000000273,291.0,290.0,100.0,100.0,0.0,0.0,-0.03,0.01,6.0,6.0,0.03,0.01,0.01,0.025,6389.0,6366.5
19020.0,4.075000000000216,291.0,290.0,100.0,100.0,0.0,0.0,-0.019999999999999997,0.01,6.0,6.0,0.0275,0.0025000000000000005,0.0025,0.005000000000000001,6388.75,6360.25
19025.0,4.075000000000273,291.0,290.0,100.0,100.0,0.0,0.0,0.025,0.01,6.0,6.0,0.015,0.01,0.005,0.02,6396.5,6365.0
19030.0,4.074999999999989,291.0,290.0,100.0,100.0,0.0,0.0,0.0175,0.01,6.0,6.0,0.0175,0.0025,0.0,0.015,6399.75,6371.0
19035.0,4.075000000000273,291.0,290.0,100.0,100.0,0.0,0.0,0.02,0.01,6.0,6.0,0.0,0.005,0.0,0.015,6399.0,6370.5
19040.0,4.075000000000216,291.0,290.0,100.0,100.0,0.0,0.0,-0.005,0.01,6.0,6.0,0.0,0.0,0.005,0.0075,6391.5,6363.25
19045.0,4.075000000000273,291.0,290.0,100.0,100.0,0.0,0.0,-0.02,0.01,6.0,6.0,0.005,0.0,-0.005,0.0,6403.0,6365.0
19050.0,4.074999999999989,291.0,290.0,100.0,100.0,0.0,0.0,-0.02,0.01,6.0,6.0,0.01,0.0,0.0075,0.02,6409.25,6381.0
19055.0,4.075000000000273,291.0,290.0,100.0,100.0,0.0,0.0,-0.02,0.0,6.0,6.0,0.01,0.005,0.01,0.02,6392.0,6369.5
19060.0,4.075000000000216,291.0,290.0,100.0,100.0,0.0,0.0,-0.02,-0.01,6.0,6.0,0.0125,0.01,0.0,0.005000000000000001,6389.5,6361.75
19065.0,4.075000000000273,291.0,290.0,100.0,100.0,0.0,0.0,-0.02,0.01,6.0,6.0,0.02,0.01,-0.005,0.02,6404.5,6369.0
19070.0,4.074999999999989,291.0,290.0,100.0,100.0,0.0,0.0,-0.02,0.0,6.0,6.0,0.005000000000000001,0.0125,0.019999999999999997,0.0,6412.75,6382.5
19075.0,4.075000000000273,291.0,290.0,100.0,100.0,0.0,0.0,-0.02,-0.04,6.0,6.0,0.03,0.02,0.02,0.0,6395.0,6372.5
19080.0,4.075000000000216,291.0,290.0,100.0,100.0,0.0,0.0,-0.02,-0.05,6.0,6.0,0.0175,0.02,-0.0025,0.0,6399.75,6369.25
19085.0,4.075000000000273,291.0,290.0,100.0,100.0,0.0,0.0,-0.025,-0.05,6.0,6.0,0.015,0.03,-0.005,0.0,6408.0,6378.0
19090.0,4.074999999999989,291.0,290.0,100.0,100.0,0.0,0.0,-0.03,-0.05,6.0,6.0,0.0275,0.0225,0.0225,0.0025,6408.0,6382.5
19095.0,4.075000000000273,291.0,290.0,100.0,100.0,0.0,0.0,-0.03,-0.05,6.0,6.0,0.02,0.035,0.03,0.005,6397.0,6374.0
19100.0,4.075000000000216,291.0,290.0,100.0,100.0,0.0,0.0,-0.0375,-0.035,6.0,6.0,0.025,0.04,0.0,0.015,6396.75,6367.0
19105.0,4.075000000000273,291.0,290.0,100.0,100.0,0.0,0.0,-0.095,-0.03,6.0,6.0,0.025,0.03,0.0,0.01,6407.0,6375.0
19110.0,4.074999999999989,291.0,290.0,100.0,100.0,0.0,0.0,-0.20500000000000002,-0.03,6.0,6.0,0.0625,0.0375,0.0075,0.005,6410.5,6384.75
19115.0,4.075000000000273,291.0,290.0,100.0,100.0,0.0,0.0,-0.22,-0.03,6.0,6.0,0.08,0.055,0.0,0.02,6399.0,6377.0
19120.0,4.075000000000216,291.25,290.0,100.0,100.0,0.0,0.0,-0.18,-0.045,6.0,6.0,0.095,0.05,0.0,0.005000000000000001,6401.0,6373.0
19125.0,4.080000000000268,291.6,290.0,100.0,100.0,0.0,0.0,-0.176,-0.05,6.0,6.0,0.084,0.04,0.0,0.0,6413.4,6377.0
19130.0,4.087500000000034,291.5,290.0,100.0,100.0,0.0,0.0,-0.115,-0.05,6.0,6.0,0.1,0.045,0.005,0.01,6412.0,6389.5
19135.0,4.087500000000205,292.0,290.0,100.0,100.0,0.0,0.0,0.015000000000000013,-0.04,6.0,6.0,0.0875,0.055,0.01,0.005,6398.0,6375.5
19140.0,4.087500000000148,292.0,290.0,100.0,100.0,0.0,0.0,0.09,-0.03,6.0,6.0,0.06,0.05,0.0,0.0075,6402.0,6375.0
19145.0,4.087500000000318,292.0,290.0,100.0,100.0,0.0,0.0,0.08499999999999999,-0.03,6.0,6.0,0.035,0.03,0.0025000000000000005,0.0,6407.75,6378.0
19150.0,4.087500000000034,292.0,290.0,100.0,100.0,0.0,0.0,0.07,-0.05,6.0,6.0,0.015,0.0325,0.005000000000000001,0.0,6421.5,6403.0
19155.0,4.087500000000205,292.0,290.0,100.0,100.0,0.0,0.0,0.0475,-0.04,6.0,6.0,0.0025000000000000005,0.045,0.015000000000000001,0.025,6405.25,6385.5
19160.0,4.087500000000148,292.0,290.0,100.0,100.0,0.0,0.0,0.02,-0.03,6.0,6.0,-0.01,0.0425,0.01,0.0125,6398.0,6373.25
19165.0,4.087500000000318,292.0,290.0,100.0,100.0,0.0,0.0,0.0125,-0.03,6.0,6.0,-0.01,0.03,-0.005,0.0,6410.75,6379.0
19170.0,4.087500000000034,292.0,290.0,100.0,100.0,0.0,0.0,0.015,-0.03,6.0,6.0,-0.01,0.03,0.01,0.015,6416.0,6395.75
19175.0,4.087500000000205,292.0,290.5,100.0,100.0,0.0,0.0,-0.012499999999999999,-0.03,6.0,6.0,-0.0025000000000000005,0.03,0.0025000000000000005,0.02,6400.25,6380.0
19180.0,4.087500000000148,292.0,291.0,100.0,100.0,0.0,0.0,-0.01,0.0,6.0,6.0,0.0,0.015000000000000001,0.0,0.0175,6402.0,6376.25
19185.0,4.087500000000318,292.0,291.0,100.0,100.0,0.0,0.0,-0.0175,0.22,6.0,6.0,0.0,0.0,0.0025,0.0,6414.75,6390.0
19190.0,4.087500000000034,292.0,291.0,100.0,100.0,0.0,0.0,-0.01,0.3,6.0,6.0,0.005,-0.025,0.005,0.005,6410.5,6385.25
19195.0,4.087500000000205,292.0,291.0,100.0,100.0,0.0,0.0,-0.01,0.3,6.0,6.0,0.01,-0.05500000000000001,0.0,0.01,6407.75,6384.0
19200.0,4.087500000000148,292.0,291.0,100.0,100.0,0.0,0.0,-0.01,0.3,6.0,6.0,0.01,-0.0775,0.0,0.0,6411.0,6385.75
19205.0,4.087500000000318,292.0,291.0,100.0,100.0,0.0,0.0,-0.015,0.3,6.0,6.0,0.02,-0.09,-0.0175,0.0,6427.25,6394.0
19210.0,4.085000000000036,292.0,291.0,100.0,100.0,0.0,0.0,0.01,0.378,6.0,6.0,0.02,-0.112,0.0049999999999999975,-0.009999999999999995,6447.0,6427.0
19215.0,4.075000000000159,292.0,291.0,100.0,100.0,0.0,0.0,0.035,0.41,6.0,6.0,0.0125,-0.1725,0.0275,0.05750000000000001,6408.25,6408.5
19220.0,4.075000000000159,292.0,291.0,100.0,100.0,0.0,0.0,0.04,0.345,6.0,6.0,0.0,-0.2,0.0,0.015,6408.0,6380.0
19225.0,4.087500000000375,292.0,291.0,100.0,100.0,0.0,0.0,0.04,0.19,6.0,6.0,0.0,-0.17500000000000002,0.01,0.0025000000000000005,6412.0,6387.5
19230.0,4.087500000000091,292.0,291.0,100.0,100.0,0.0,0.0,0.052500000000000005,0.09,6.0,6.0,0.0,-0.16,0.02,0.0,6413.0,6388.0
19235.0,4.087500000000091,292.0,291.0,100.0,100.0,0.0,0.0,0.08,0.10500000000000001,6.0,6.0,-0.005,-0.1275,0.005000000000000001,0.0025,6419.5,6394.5
19240.0,4.087500000000205,292.0,291.0,100.0,100.0,0.0,0.0,0.11499999999999999,0.16,6.0,6.0,-0.024999999999999998,-0.11499999999999999,0.012499999999999999,0.005,6422.25,6400.5
19245.0,4.087500000000375,292.0,291.0,100.0,100.0,0.0,0.0,0.14,0.2,6.0,6.0,-0.03,-0.125,0.02,0.015,6413.0,6393.0
19250.0,4.087500000000091,292.0,291.0,100.0,100.0,0.0,0.0,0.1425,0.2,6.0,6.0,-0.0425,-0.1,0.0175,-0.01,6415.25,6393.0
19255.0,4.087500000000091,292.0,291.0,100.0,100.0,0.0,0.0,0.12,0.2,6.0,6.0,-0.05,-0.11,0.005,0.015,6416.0,6394.0
19260.0,4.087500000000205,292.0,291.0,100.0,100.0,0.0,0.0,0.135,0.2,6.0,6.0,-0.05,-0.11,0.0,0.01,6419.0,6394.5
19265.0,4.087500000000375,292.0,291.0,100.0,100.0,0.0,0.0,0.13,0.2,6.0,6.0,-0.05,-0.1175,0.04,0.02,6420.0,6398.75
19270.0,4.087500000000091,292.0,291.0,100.0,100.0,0.0,0.0,0.14,0.2,6.0,6.0,-0.0625,-0.11,0.0175,0.01,6426.5,6407.0
19275.0,4.087500000000091,292.0,291.0,100.0,100.0,0.0,0.0,0.135,0.2,6.0,6.0,-0.07500000000000001,-0.1225,0.02,0.0275,6419.0,6398.75
19280.0,4.087500000000205,292.0,291.0,100.0,100.0,0.0,0.0,0.1225,0.19,6.0,6.0,-0.08,-0.13,0.015,0.035,6416.0,6394.5
19285.0,4.087500000000375,292.0,291.0,100.0,100.0,0.0,0.0,0.11,0.18,6.0,6.0,-0.07,-0.115,0.0,0.020000000000000004,6424.0,6399.25
19290.0,4.087500000000091,292.0,291.0,100.0,100.0,0.0,0.0,0.11,0.18,6.0,6.0,-0.08,-0.11,0.01,0.03,6425.5,6406.0
19295.0,4.087500000000091,292.0,291.0,100.0,100.0,0.0,0.0,0.11,0.18,6.0,6.0,-0.065,-0.11,0.03,0.025,6425.5,6404.25
19300.0,4.087500000000205,292.0,291.0,100.0,100.0,0.0,0.0,0.0875,0.16499999999999998,6.0,6.0,-0.057499999999999996,-0.10500000000000001,0.02,0.045,6433.75,6408.5
19305.0,4.087500000000375,292.0,291.0,100.0,100.0,0.0,0.0,-0.03,0.0975,6.0,6.0,-0.05,-0.1,0.03,0.0425,6425.0,6408.25
19310.0,4.087500000000091,293.0,291.0,100.0,100.0,0.0,0.0,-0.2,0.07,6.0,6.0,-0.0075,-0.07,0.015,0.0,6420.75,6399.0
19315.0,4.087500000000091,293.0,292.0,100.0,100.0,0.0,0.0,-0.2,0.07,6.0,6.0,0.01,-0.055,0.01,-0.01,6430.0,6405.5
19320.0,4.095000000000255,293.0,292.0,100.0,100.0,0.0,0.0,-0.194,0.05,6.0,6.0,0.038000000000000006,-0.035,0.02,0.015000000000000001,6431.6,6411.0
19325.0,4.100000000000307,293.0,292.0,100.0,100.0,0.0,0.0,-0.19,-0.022500000000000006,6.0,6.0,0.065,-0.0225,0.02,0.04,6423.5,6404.5
19330.0,4.100000000000136,293.0,292.0,100.0,100.0,0.0,0.0,-0.19,-0.13,6.0,6.0,0.09,0.0,0.02,0.03,6427.0,6406.0
19335.0,4.100000000000023,293.0,292.0,100.0,100.0,0.0,0.0,-0.19,-0.175,6.0,6.0,0.095,0.0275,0.015,0.0225,6440.75,6423.5
19340.0,4.10000000000025,293.0,292.0,100.0,100.0,0.0,0.0,-0.19,-0.3,6.0,6.0,0.11499999999999999,0.07500000000000001,0.035,0.025,6433.0,6416.5
19345.0,4.092500000000314,293.0,292.0,100.0,100.0,0.0,0.0,-0.19,-0.452,6.0,6.0,0.10500000000000001,0.11800000000000001,0.010000000000000002,0.014,6431.25,6410.4
19350.0,4.087500000000148,293.0,292.0,100.0,100.0,0.0,0.0,-0.18,-0.5375000000000001,6.0,6.0,0.11,0.16,0.0,0.024999999999999998,6440.0,6421.0
19355.0,4.087499999999977,293.0,292.0,100.0,100.0,0.0,0.0,-0.195,-0.55,6.0,6.0,0.1375,0.21,0.02,0.02,6431.5,6425.0
19360.0,4.0875000000002615,293.0,292.0,100.0,100.0,0.0,0.0,-0.18,-0.5775,6.0,6.0,0.125,0.2675,0.01,0.025,6435.0,6413.5
19365.0,4.087500000000318,293.0,292.0,100.0,100.0,0.0,0.0,-0.195,-0.6950000000000001,6.0,6.0,0.135,0.28500000000000003,0.0225,0.019999999999999997,6443.0,6425.0
19370.0,4.087500000000148,293.0,292.0,100.0,100.0,0.0,0.0,-0.2,-0.88,6.0,6.0,0.15,0.3475,0.02,0.0375,6441.0,6427.5
19375.0,4.087499999999977,293.0,292.0,100.0,100.0,0.0,0.0,-0.2625,-1.26,6.0,6.0,0.155,0.44,0.0125,0.02,6448.25,6431.0
19380.0,4.0875000000002615,293.0,292.0,100.0,100.0,0.0,0.0,-0.39,-1.43,6.0,6.0,0.18,0.5375,0.04,0.0225,6448.5,6436.0
19385.0,4.087500000000318,293.0,292.0,100.0,100.0,0.0,0.0,-0.42,-1.46,6.0,6.0,0.205,0.655,0.03,0.045,6442.75,6432.5
19390.0,4.087500000000148,293.0,292.75,100.0,100.0,0.0,0.0,-0.42,-1.46,6.0,6.0,0.23,0.7124999999999999,0.01,0.030000000000000002,6447.0,6429.75
19395.0,4.099999999999909,293.0,293.0,100.0,100.0,0.0,0.0,-0.43,-1.46,6.0,6.0,0.25,0.78,0.03,0.02,6450.0,6434.0
19400.0,4.100000000000307,294.0,293.0,100.0,100.0,0.0,0.0,-0.51,-1.46,6.0,6.0,0.2575,0.75,0.0325,0.015,6449.25,6436.75
19405.0,4.10000000000025,294.0,293.0,100.0,100.0,0.0,0.0,-0.8049999999999999,-1.46,6.0,6.0,0.32999999999999996,0.845,0.045,0.04,6449.0,6437.5
19410.0,4.100000000000193,294.0,293.0,100.0,100.0,0.0,0.0,-1.2425000000000002,-1.46,6.0,6.0,0.365,0.7975,0.020000000000000004,0.0275,6451.75,6433.0
19415.0,4.099999999999909,294.0,293.0,100.0,100.0,0.0,0.0,-1.65,-1.46,6.0,6.0,0.45,0.68,0.01,0.02,6473.0,6458.0
19420.0,4.100000000000307,294.0,293.0,100.0,100.0,0.0,0.0,-1.895,-1.48,6.0,6.0,0.6425,0.875,0.0225,0.0525,6464.25,6447.25
19425.0,4.10000000000025,294.0,293.0,100.0,100.0,0.0,0.0,-1.91,-1.48,6.0,6.0,0.755,0.895,0.035,0.025,6452.5,6438.0
19430.0,4.0925000000002,294.0,293.0,100.0,100.0,0.0,0.0,-1.91,-1.546,6.0,6.0,0.74,0.792,0.025,0.008,6476.0,6448.4
19435.0,4.08749999999992,294.0,293.0,100.0,100.0,0.0,0.0,-1.91,-1.725,6.0,6.0,0.83,0.75,0.03,0.0225,6490.0,6465.0
19440.0,4.087500000000318,294.0,293.0,100.0,100.0,0.0,0.0,-1.91,-1.9,6.0,6.0,1.065,0.93,0.0325,0.06,6461.0,6454.0
19445.0,4.0875000000002615,294.0,293.0,100.0,100.0,0.0,0.0,-1.91,-1.9,6.0,6.0,1.03,1.0325,0.035,0.0425,6458.0,6439.25
19450.0,4.087500000000205,294.0,293.0,100.0,100.0,0.0,0.0,-1.91,-1.9,6.0,6.0,0.89,0.9299999999999999,0.0225,0.04,6473.0,6452.5
19455.0,4.097499999999968,294.0,293.0,100.0,100.0,0.0,0.0,-1.91,-1.9,6.0,6.0,0.964,0.9175,0.05199999999999999,0.0525,6480.2,6467.25
19460.0,4.100000000000364,294.0,293.0,100.0,100.0,0.0,0.0,-1.91,-1.9,6.0,6.0,1.1,1.0,0.02,0.06,6468.0,6461.0
19465.0,4.100000000000193,294.0,293.0,100.0,100.0,0.0,0.0,-1.8925,-1.9,6.0,6.0,1.1199999999999999,1.0825,0.0225,0.065,6465.0,6449.75
19470.0,4.10000000000025,294.0,293.5,100.0,100.0,0.0,0.0,-1.87,-1.9,6.0,6.0,1.01,1.06,0.03,0.045,6468.0,6449.0
19475.0,4.099999999999966,294.0,294.0,100.0,100.0,0.0,0.0,-1.87,-1.9,6.0,6.0,1.05,1.0825,0.0375,0.0625,6470.25,6456.5
19480.0,4.100000000000364,294.0,294.0,100.0,100.0,0.0,0.0,-1.87,-1.9,6.0,6.0,1.06,1.08,0.04,0.04,6463.0,6450.0
19485.0,4.100000000000193,294.0,294.0,100.0,100.0,0.0,0.0,-1.87,-1.9,6.0,6.0,1.0950000000000002,1.11,0.0475,0.04,6469.75,6456.0
19490.0,4.10000000000025,294.0,294.0,100.0,100.0,0.0,0.0,-1.87,-1.9,6.0,6.0,1.0050000000000001,1.0750000000000002,0.04,0.035,6471.5,6456.0
19495.0,4.099999999999966,294.0,294.0,100.0,100.0,0.0,0.0,-1.87,-2.005,6.0,6.0,1.05,1.0025,0.0475,0.0075,6500.25,6467.25
19500.0,4.090000000000316,295.0,294.0,100.0,100.0,0.0,0.0,-1.87,-2.136,6.0,6.0,1.14,1.158,0.04,0.04000000000000001,6471.0,6465.4
19505.0,4.087500000000205,295.0,294.0,100.0,100.0,0.0,0.0,-1.87,-2.16,6.0,6.0,1.08,1.15,0.03,0.02,6470.0,6456.0
19510.0,4.092500000000257,295.0,294.0,100.0,100.0,0.0,0.0,-1.874,-2.16,6.0,6.0,0.896,1.1225,0.005999999999999998,0.035,6477.0,6460.5
19515.0,4.100000000000023,295.0,294.0,100.0,100.0,0.0,0.0,-1.88,-2.16,6.0,6.0,0.935,1.02,0.025,0.039999999999999994,6494.5,6484.5
19520.0,4.10000000000025,295.0,294.0,100.0,100.0,0.0,0.0,-1.88,-2.115,6.0,6.0,1.16,1.2175,0.042499999999999996,0.06,6476.75,6470.25
19525.0,4.100000000000136,295.0,294.0,100.0,100.0,0.0,0.0,-1.88,-1.93,6.0,6.0,1.1,1.3,0.05,0.06,6467.0,6458.0
19530.0,4.100000000000307,295.0,294.0,100.0,100.0,0.0,0.0,-1.8875,-1.75,6.0,6.0,0.94,1.1275,0.0175,0.05500000000000001,6485.75,6467.5
19535.0,4.100000000000023,295.0,294.0,100.0,100.0,0.0,0.0,-1.9449999999999998,-1.725,6.0,6.0,0.96,1.0150000000000001,0.03,0.060000000000000005,6489.5,6487.0
19540.0,4.10000000000025,295.0,294.0,100.0,100.0,0.0,0.0,-1.98,-1.73,6.0,6.0,1.13,1.1124999999999998,0.0425,0.057499999999999996,6477.5,6474.25
19545.0,4.100000000000136,295.0,294.0,100.0,100.0,0.0,0.0,-1.98,-1.73,6.0,6.0,1.1,1.04,0.01,0.05,6479.0,6468.0
19550.0,4.100000000000307,295.0,295.0,100.0,100.0,0.0,0.0,-2.01,-1.6749999999999998,6.0,6.0,1.0675000000000001,1.0625,0.0175,0.065,6478.75,6470.75
19555.0,4.095000000000027,295.0,295.0,100.0,100.0,0.0,0.0,-2.26,-1.63,6.0,6.0,1.0,0.948,0.025,0.054,6493.0,6480.0
19560.0,4.087500000000205,295.0,295.0,100.0,100.0,0.0,0.0,-2.645,-1.615,6.0,6.0,1.0825,0.9299999999999999,0.04,0.06,6495.25,6489.0
19565.0,4.0975000000001955,295.0,295.0,100.0,100.0,0.0,0.0,-2.758,-1.5925,6.0,6.0,1.19,0.9824999999999999,0.055999999999999994,0.0675,6489.2,6484.5
19570.0,4.100000000000364,295.0,295.0,100.0,100.0,0.0,0.0,-2.76,-1.48,6.0,6.0,1.11,0.88,0.02,0.05,6496.0,6483.0
19575.0,4.10000000000008,295.0,295.0,100.0,100.0,0.0,0.0,-2.6975,-1.3224999999999998,6.0,6.0,1.3225,0.905,0.055,0.04,6494.5,6493.25
19580.0,4.100000000000136,295.0,295.0,100.0,100.0,0.0,0.0,-2.455,-1.0,6.0,6.0,1.4249999999999998,0.94,0.035,0.065,6482.0,6478.5
19585.0,4.100000000000193,295.0,295.0,100.0,100.0,0.0,0.0,-2.085,-0.655,6.0,6.0,1.19,0.765,0.0375,0.0675,6484.5,6481.75
19590.0,4.100000000000364,295.0,295.0,100.0,100.0,0.0,0.0,-1.63,-0.45,6.0,6.0,0.83,0.58,-0.01,0.05,6539.0,6510.0
19595.0,4.10000000000008,295.0,295.25,100.0,100.0,0.0,0.0,-1.075,-0.14750000000000002,6.0,6.0,1.0925,0.515,0.075,0.065,6514.25,6517.5
19600.0,4.100000000000136,295.0,296.0,100.0,100.0,0.0,0.0,-0.6499999999999999,0.41000000000000003,6.0,6.0,0.9850000000000001,0.425,0.045,0.07500000000000001,6490.0,6493.5
19605.0,4.0925000000002,295.75,296.0,100.0,100.0,0.0,0.0,-0.1725,0.846,6.0,6.0,0.7424999999999999,0.242,0.0675,0.07,6503.25,6501.0
19610.0,4.097500000000309,296.0,296.0,100.0,100.0,0.0,0.0,0.057999999999999996,1.0625,6.0,6.0,0.594,0.065,0.062,0.07,6500.0,6511.5
19615.0,4.100000000000136,296.0,296.0,100.0,100.0,0.0,0.0,0.3,0.93,6.0,6.0,0.43,-0.08,0.06,0.06,6493.0,6503.0
19620.0,4.100000000000023,296.0,296.0,100.0,100.0,0.0,0.0,0.5,0.49,6.0,6.0,0.2575,-0.2,0.06,0.065,6497.0,6502.5
19625.0,4.10000000000025,296.0,296.0,100.0,100.0,0.0,0.0,0.6000000000000001,0.14500000000000002,6.0,6.0,0.07,-0.21500000000000002,0.06,0.05,6495.0,6504.0
19630.0,4.100000000000307,296.0,296.0,100.0,100.0,0.0,0.0,0.47500000000000003,0.04,6.0,6.0,-0.019999999999999997,-0.2075,0.06,0.057499999999999996,6503.5,6514.5
19635.0,4.100000000000136,296.0,297.0,100.0,100.0,0.0,0.0,0.37,0.03,6.0,6.0,-0.09,-0.16,0.06,0.05,6505.0,6512.0
19640.0,4.100000000000023,296.0,297.0,100.0,100.0,0.0,0.0,-0.02,0.035,6.0,6.0,-0.0775,-0.11249999999999999,0.052500000000000005,0.0675,6521.0,6522.0
19645.0,4.095000000000255,296.5,297.0,100.0,100.0,0.0,0.0,-0.02,0.05,6.0,6.0,-0.07500000000000001,-0.086,0.08,0.072,6526.0,6532.2
19650.0,4.087500000000318,297.0,297.0,100.0,100.0,0.0,0.0,-0.17750000000000002,0.045,6.0,6.0,-0.05,-0.08499999999999999,0.0625,0.08,6511.5,6529.5
19655.0,4.0975000000001955,297.0,297.0,100.0,100.0,0.0,0.0,-0.246,0.0325,6.0,6.0,-0.016,-0.06,0.066,0.05500000000000001,6516.8,6528.75
19660.0,4.099999999999909,297.0,297.0,100.0,100.0,0.0,0.0,0.09,0.03,6.0,6.0,0.0,-0.03,0.06,0.06,6551.0,6544.0
19665.0,4.100000000000307,297.0,297.25,100.0,100.0,0.0,0.0,0.28,0.025,6.0,6.0,-0.0225,-0.02,0.08750000000000001,0.065,6530.75,6545.5
19670.0,4.10000000000025,297.0,298.0,100.0,100.0,0.0,0.0,0.21,-0.09000000000000001,6.0,6.0,-0.035,-0.01,0.055,0.060000000000000005,6525.0,6537.5
19675.0,4.100000000000193,297.0,298.0,100.0,100.0,0.0,0.0,0.095,-0.37,6.0,6.0,-0.055,0.037500000000000006,0.052500000000000005,0.08499999999999999,6527.5,6538.5
19680.0,4.099999999999909,298.0,298.0,100.0,100.0,0.0,0.0,0.09,-0.51,6.0,6.0,-0.07,0.09,0.04,0.07,6535.0,6544.0
19685.0,4.090000000000316,298.0,298.0,100.0,100.0,0.0,0.0,-0.012000000000000002,-0.51,6.0,6.0,-0.074,0.14,0.056,0.07,6529.2,6546.0
19690.0,4.100000000000193,298.0,298.0,100.0,100.0,0.0,0.0,-0.09,-0.5,6.0,6.0,-0.045,0.19,0.045,0.057499999999999996,6531.75,6542.5
19695.0,4.10000000000025,298.0,298.0,100.0,100.0,0.0,0.0,-0.045,-0.46499999999999997,6.0,6.0,-0.02,0.225,0.06,0.055,6544.5,6555.0
19700.0,4.099999999999966,298.0,298.75,100.0,100.0,0.0,0.0,0.12000000000000002,-0.415,6.0,6.0,-0.0025000000000000005,0.245,0.030000000000000002,0.075,6549.0,6554.75
19705.0,4.100000000000364,298.0,299.0,100.0,100.0,0.0,0.0,0.48,-0.24,6.0,6.0,-0.04,0.23,0.07,0.06,6568.0,6581.0
19710.0,4.0975000000001955,298.0,299.0,100.0,100.0,0.0,0.0,0.6675,0.21600000000000003,6.0,6.0,-0.1325,0.232,0.0675,0.086,6539.75,6559.2
19715.0,4.0875000000002615,298.0,299.0,100.0,100.0,0.0,0.0,0.53,0.4625,6.0,6.0,-0.175,0.135,0.045,0.0675,6545.0,6557.25
19720.0,4.087499999999977,298.75,299.0,100.0,100.0,0.0,0.0,0.2575,0.47,6.0,6.0,-0.20249999999999999,0.04,0.045,0.055,6548.75,6564.0
19725.0,4.097500000000252,299.0,299.0,100.0,100.0,0.0,0.0,0.013999999999999985,0.2,6.0,6.0,-0.16999999999999998,-0.009999999999999998,-0.06200000000000001,0.05,6537.8,6556.5
19730.0,4.100000000000136,298.0,299.0,100.0,100.0,0.0,0.0,-0.07,-0.09,6.0,6.0,-0.12,-0.05,0.03,0.0,6536.0,6555.0
19735.0,4.100000000000307,298.25,299.0,100.0,100.0,0.0,0.0,-0.15000000000000002,-0.22,6.0,6.0,-0.0525,-0.03,0.0225,0.03,6552.75,6566.75
19740.0,4.100000000000023,299.0,299.0,100.0,100.0,0.0,0.0,-0.155,-0.47,6.0,6.0,-0.015,0.035,0.025,0.025,6552.5,6570.5
19745.0,4.0925000000002,299.0,299.0,100.0,100.0,0.0,0.0,-0.1225,-0.57,6.0,6.0,0.0075,0.08800000000000001,0.0125,0.008,6544.75,6567.2
19750.0,4.087500000000148,299.0,299.0,100.0,100.0,0.0,0.0,-0.12,-0.5774999999999999,6.0,6.0,0.04,0.13,0.0,0.015,6551.0,6566.0
19755.0,4.100000000000364,299.0,299.0,100.0,100.0,0.0,0.0,-0.02,-0.58,6.0,6.0,0.02,0.17,0.0,0.0,6564.0,6585.0
19760.0,4.10000000000008,298.25,298.75,100.0,100.0,0.0,0.0,-0.1525,-0.6,6.0,6.0,0.02,0.2375,-0.4525,-0.3425,6530.75,6569.0
19765.0,4.100000000000136,296.0,297.0,100.0,100.0,0.0,0.0,-0.57,-0.76,6.0,6.0,0.07,0.22,-0.805,-0.7150000000000001,6485.0,6517.0
19770.0,4.100000000000193,296.0,296.0,100.0,100.0,0.0,0.0,-0.9950000000000001,-1.0325,6.0,6.0,0.1575,0.21,-0.0175,-0.0225,6491.0,6499.5
19775.0,4.100000000000364,296.0,296.0,100.0,100.0,0.0,0.0,-1.28,-1.49,6.0,6.0,0.3,0.36,-0.05,-0.02,6487.0,6501.0
19780.0,4.087500000000091,294.75,295.0,100.0,100.0,0.0,0.0,-1.645,-1.73,6.0,6.0,0.3975,0.47,-0.6425,-0.68,6454.0,6469.0
19785.0,4.087500000000091,294.0,295.0,100.0,100.0,0.0,0.0,-2.015,-1.79,6.0,6.0,0.475,0.4175,-0.07,-0.0375,6464.0,6469.0
19790.0,4.087500000000205,294.0,295.0,100.0,100.0,0.0,0.0,-2.6025,-1.8399999999999999,6.0,6.0,0.6875,0.5,-0.09,-0.035,6456.0,6477.5
19795.0,4.087500000000375,294.0,294.25,100.0,100.0,0.0,0.0,-3.26,-2.235,6.0,6.0,0.9,0.6875,-0.09,-0.055,6450.0,6468.0
19800.0,4.100000000000136,294.0,294.0,100.0,100.0,0.0,0.0,-3.71,-2.59,6.0,6.0,1.11,0.82,-0.1,-0.06,6447.0,6468.0
19805.0,4.100000000000023,293.0,294.0,100.0,100.0,0.0,0.0,-3.885,-3.09,6.0,6.0,1.21,0.935,-0.09,-0.065,6454.0,6470.5
19810.0,4.10000000000025,293.0,294.0,100.0,100.0,0.0,0.0,-4.0,-3.665,6.0,6.0,1.3650000000000002,1.155,-0.08499999999999999,-0.065,6446.0,6471.5
19815.0,4.100000000000307,293.0,294.0,100.0,100.0,0.0,0.0,-4.085,-4.0525,6.0,6.0,1.145,0.985,-0.08,-0.11,6458.25,6473.25
19820.0,4.100000000000136,292.0,293.0,100.0,100.0,0.0,0.0,-4.22,-4.23,6.0,6.0,0.76,0.88,-0.11,-0.12,6506.0,6520.0
19825.0,4.100000000000023,292.0,293.0,100.0,100.0,0.0,0.0,-4.6675,-4.1425,6.0,6.0,1.125,0.8775,-0.05,-0.0725,6506.25,6514.75
19830.0,4.10000000000025,292.0,293.0,100.0,100.0,0.0,0.0,-4.765000000000001,-3.635,6.0,6.0,1.73,1.3900000000000001,-0.039999999999999994,-0.05,6440.0,6466.5
19835.0,4.100000000000307,292.0,293.0,100.0,100.0,0.0,0.0,-4.3975,-3.075,6.0,6.0,1.48,1.325,-0.06,-0.0875,6412.75,6436.25
19840.0,4.100000000000136,291.0,292.0,100.0,100.0,0.0,0.0,-4.0,-3.0,6.0,6.0,0.64,0.69,-0.1,-0.11,6462.0,6456.0
19845.0,4.087499999999977,291.0,292.0,93.25,100.0,0.0,0.0,-4.085,-3.66,6.0,6.0,0.345,0.34,-0.16499999999999998,-0.27,6697.75,6605.0
19850.0,4.0875000000002615,291.0,292.0,98.5,100.0,0.0,0.0,-4.15,-4.52,6.0,6.0,1.295,0.8975,0.105,0.0675,6541.0,6609.75
19855.0,4.087500000000318,291.0,292.0,100.0,100.0,0.0,0.0,-3.6,-4.8100000000000005,6.0,6.0,1.6375000000000002,1.375,-0.0225,-0.045,6398.5,6430.5
19860.0,4.087500000000148,291.0,292.0,100.0,100.0,0.0,0.0,-2.83,-4.695,6.0,6.0,1.39,1.2974999999999999,-0.04,-0.0675,6397.0,6420.75
19865.0,4.087499999999977,291.0,291.0,100.0,100.0,0.0,0.0,-2.125,-4.47,6.0,6.0,1.3125,1.4,-0.037500000000000006,-0.04,6403.0,6431.0
19870.0,4.0875000000002615,290.5,291.0,100.0,100.0,0.0,0.0,-1.665,-4.2025,6.0,6.0,1.365,1.6375000000000002,-0.02,-0.0325,6381.5,6413.0
19875.0,4.087500000000318,290.0,291.0,100.0,100.0,0.0,0.0,-1.64,-3.7800000000000002,6.0,6.0,1.32,1.8050000000000002,-0.04,-0.035,6375.75,6397.0
19880.0,4.087500000000148,290.0,291.0,100.0,100.0,0.0,0.0,-1.64,-3.1325,6.0,6.0,1.46,1.875,-0.09,-0.0525,6367.0,6387.0
19885.0,4.087499999999977,289.75,290.0,100.0,100.0,0.0,0.0,-1.575,-2.22,6.0,6.0,1.21,1.91,-0.21250000000000002,-0.18,6358.5,6378.0
19890.0,4.0875000000002615,289.0,290.0,100.0,100.0,0.0,0.0,-1.1,-1.345,6.0,6.0,0.865,1.675,-0.38,-0.1575,6350.5,6359.5
19895.0,4.087500000000318,288.25,289.5,100.0,100.0,0.0,0.0,-0.475,-0.09000000000000008,6.0,6.0,0.33999999999999997,1.02,-0.1875,-0.03,6519.5,6394.0
19900.0,4.087500000000148,288.0,289.0,100.0,100.0,0.0,0.0,-0.16,1.15,6.0,6.0,0.3,0.7475,-0.05,-0.015000000000000001,6785.0,6404.5
19905.0,4.087499999999977,288.0,289.0,100.0,100.0,0.0,0.0,1.02,2.42,6.0,6.0,0.5925,0.48,-0.20750000000000002,0.0,6339.25,6357.0
19910.0,4.0875000000002615,288.0,289.0,100.0,100.0,0.0,0.0,2.08,3.3825,6.0,6.0,0.305,-0.1225,-0.115,-0.0275,6325.5,6348.75
19915.0,4.087500000000318,288.0,289.0,100.0,100.0,0.0,0.0,2.6375,3.3899999999999997,6.0,6.0,-0.12500000000000003,-0.64,-0.030000000000000002,-0.035,6365.75,6370.0
19920.0,4.087500000000148,288.0,289.0,97.0,100.0,0.0,0.0,3.01,2.9625,6.0,6.0,-0.67,-0.9625,-0.15,-0.02,6321.0,6365.0
19925.0,4.087499999999977,287.75,289.0,75.5,100.0,0.0,0.0,3.1125,2.79,6.0,6.0,-0.975,-1.06,-0.1225,-0.03,6306.0,6359.0
19930.0,4.0875000000002615,287.0,289.0,56.0,100.0,0.0,0.0,3.375,3.255,6.0,6.0,-0.9550000000000001,-1.1524999999999999,-0.13,-0.0475,6299.0,6372.0
19935.0,4.087500000000318,287.0,289.0,44.0,100.0,0.0,0.0,3.7875,3.65,6.0,6.0,-0.5525,-0.875,-0.2125,-0.065,6343.0,6372.0
19940.0,4.087500000000148,286.0,288.25,41.0,100.0,0.0,0.0,4.47,3.4450000000000003,6.0,6.0,-0.78,-0.7775000000000001,-0.14,-0.007499999999999993,6362.0,6438.0
19945.0,4.087499999999977,286.0,288.0,34.5,100.0,0.0,0.0,5.0625,2.76,6.0,6.0,-1.4525,-1.2,-0.14,0.04,6265.25,6396.0
19950.0,4.0875000000002615,285.5,288.0,23.5,100.0,0.0,0.0,5.83,2.535,6.0,6.0,-1.7349999999999999,-1.43,-0.255,-0.03,6224.5,6338.5
19955.0,4.087500000000318,284.25,288.0,10.25,100.0,0.0,0.0,6.5825,3.08,6.0,6.0,-1.6275,-1.4049999999999998,-0.325,-0.01,6190.5,6337.0
19960.0,4.087500000000148,283.0,288.0,0.0,98.5,0.0,0.0,7.16,4.03,6.0,6.0,-1.17,-1.0574999999999999,-0.43,-0.035,6145.0,6346.0
19965.0,4.083333333333314,282.6666666666667,288.0,0.0,93.0,0.0,0.0,7.733333333333333,5.55,6.0,6.0,-1.3666666666666667,-0.8,-0.41666666666666663,-0.16,6107.666666666667,6424.0
19970.0,4.075000000000216,281.25,288.0,0.0,93.0,12.75,0.0,7.885,6.7275,6.0,6.0,-2.12,-1.6275,-0.52,-0.01,6070.25,6350.0
19975.0,4.0750000000003865,279.0,287.5,0.0,94.0,23.0,0.0,7.41,6.880000000000001,6.0,6.0,-2.39,-1.995,-0.66,-0.05,6034.0,6325.5
19980.0,4.075000000000102,277.75,287.0,0.0,97.25,13.5,0.0,6.550000000000001,6.71,6.0,6.0,-2.0625,-1.8525,-0.5825,-0.06,6007.5,6316.75
19985.0,4.0750000000000455,276.5,287.0,0.0,94.0,0.0,0.0,5.845000000000001,6.39,6.0,6.0,-1.705,-1.52,-0.43,-0.09,5986.5,6363.0
19990.0,4.075000000000216,275.25,286.75,0.0,95.0,0.0,0.0,5.6875,5.8425,6.0,6.0,-1.655,-1.4925,-0.4125,-0.01,5960.25,6355.25
19995.0,4.062500000000341,274.0,286.0,0.0,97.5,4.25,0.0,5.665,5.279999999999999,6.0,6.0,-1.8075,-1.815,-0.44,-0.025,5932.5,6339.5
20000.0,4.0750000000000455,273.0,286.0,0.0,100.0,29.0,0.0,5.41,4.63,6.0,6.0,-1.855,-1.9,-0.625,-0.04,5889.0,6316.0
20005.0,4.075000000000159,270.5,286.0,0.0,100.0,50.0,0.0,4.42,4.077500000000001,6.0,6.0,-1.7375,-1.7850000000000001,-0.84,-0.015,5827.5,6308.25
20010.0,4.062500000000227,268.5,285.5,0.0,92.0,58.25,0.0,3.1025,3.395,6.0,6.0,-1.5925,-1.7200000000000002,-1.0,-0.06,5764.0,6300.0
20015.0,4.062500000000284,266.0,285.0,0.0,56.25,67.5,18.0,2.325,2.5325,6.0,6.0,-1.73,-1.8199999999999998,-1.165,-0.2775,5704.5,6238.5
20020.0,4.0499999999999545,261.0,284.0,0.0,10.0,75.0,55.0,1.59,1.72,6.0,6.0,-1.31,-1.47,-1.48,-0.71,5600.0,6127.0
20025.0,4.045833333333519,258.3333333333333,281.5,53.66666666666667,0.0,79.33333333333333,88.5,1.1933333333333334,1.1225,0.0,6.0,-1.09,-1.13,-1.4866666666666666,-1.18,5989.0,6028.75
20030.0,4.037500000000364,254.75,278.5,5.75,0.0,79.25,94.5,0.7175,0.78,0.0,6.0,-0.8425,-0.915,-1.5575,-1.38,6296.5,5935.0
20035.0,4.025000000000148,250.25,274.75,0.0,0.0,80.5,99.0,0.48750000000000004,0.7224999999999999,5.0,6.0,-0.6775,-0.7975,-1.885,-1.7825,6170.0,5825.5
20040.0,4.029166666666811,245.33333333333334,270.0,0.0,51.75,81.33333333333333,100.0,0.13333333333333333,0.7224999999999999,5.0,0.0,-0.45333333333333337,-0.78,-1.7633333333333334,-2.1375,6081.666666666667,6159.25
20045.0,4.025000000000091,242.0,265.0,0.0,0.0,81.0,100.0,-0.06,0.645,5.0,0.0,-0.29,-0.6000000000000001,-1.83,-2.145,5967.0,6527.5
20050.0,4.016666666666936,236.33333333333334,258.0,46.0,0.0,83.0,100.0,-0.30666666666666664,0.26,5.0,5.0,-0.13333333333333333,-0.47,-1.7466666666666666,-2.2,6110.666666666667,6343.0
20055.0,4.00416666666672,232.0,254.66666666666666,0.0,0.0,82.75,100.0,-0.3225,-0.09,0.0,5.0,-0.035,-0.31666666666666665,-1.745,-2.0300000000000002,6691.75,6240.333333333333
20060.0,4.00416666666672,227.0,249.0,0.0,0.0,82.0,100.0,-0.13333333333333333,-0.2775,4.0,5.0,-3.469446951953614e-18,-0.1425,-1.7666666666666666,-1.8475000000000001,6504.0,5922.75
20065.0,4.000000000000398,222.0,243.66666666666666,0.0,0.0,83.66666666666667,100.0,-0.023333333333333334,-0.16333333333333333,4.0,5.0,0.07333333333333333,-0.06333333333333332,-1.8433333333333333,-2.0533333333333332,6347.333333333333,5598.666666666667
20070.0,3.9875000000000114,216.0,238.75,0.0,0.0,83.0,100.0,0.0,-0.1,4.0,5.0,0.15,0.019999999999999997,-1.82,-2.3475,6278.0,5551.5
20075.0,3.9833333333334053,210.33333333333334,232.66666666666666,0.0,46.0,82.0,100.0,-0.12666666666666665,0.1333333333333333,4.0,0.0,0.09000000000000001,0.12000000000000001,-1.7033333333333334,-2.0266666666666664,6073.666666666667,6550.0
20080.0,3.966666666666981,205.0,227.0,0.0,0.0,80.66666666666667,98.0,-0.53,0.47,4.0,4.0,0.11333333333333334,0.0,-1.8033333333333332,-1.57,5619.333333333333,6254.0
20085.0,3.966666666666754,200.0,220.33333333333334,46.0,0.0,78.66666666666667,100.0,-0.9033333333333333,0.25666666666666665,0.0,4.0,0.26,0.043333333333333335,-1.6566666666666665,-2.18,6522.666666666667,5885.0
20090.0,3.9500000000001023,194.0,215.66666666666666,0.0,0.0,77.0,99.0,-1.3599999999999999,0.030000000000000006,3.0,4.0,0.2833333333333333,0.07666666666666667,-1.6133333333333335,-2.1399999999999997,6773.333333333333,5951.666666666667
20095.0,3.950000000000273,190.0,209.0,0.0,0.0,77.0,97.0,-2.24,-0.25,3.0,4.0,0.34,0.04,-1.58,-1.54,6543.0,5702.0
20100.0,3.9333333333336213,183.0,204.0,0.0,46.0,72.0,97.33333333333333,-3.35,-0.57,3.0,4.0,0.7,0.15,-1.63,-2.05,6426.0,5739.666666666667
20105.0,3.9250000000002956,178.0,198.0,0.0,34.5,63.0,94.5,-3.39,-1.01,3.0,0.0,0.79,0.305,-1.37,-2.08,6301.0,6575.5
20110.0,3.9166666666667425,174.0,191.0,0.0,0.0,48.0,89.66666666666667,-3.71,-2.0833333333333335,3.0,3.0,0.74,0.2733333333333334,-1.13,-1.6866666666666665,6110.0,6594.0
20115.0,3.900000000000148,169.66666666666666,185.33333333333334,0.0,0.0,34.0,76.33333333333333,-4.696666666666666,-3.9633333333333334,3.0,3.0,1.04,0.46,-0.9233333333333333,-1.73,6045.0,6130.333333333333
20120.0,3.8916666666667084,166.0,180.0,0.0,0.0,22.5,58.0,-4.65,-5.503333333333333,3.0,3.0,1.26,1.19,-0.71,-1.6666666666666667,5951.5,6345.333333333333
20125.0,3.891666666666879,163.5,175.66666666666666,0.0,0.0,21.0,29.0,-5.02,-6.390000000000001,3.0,3.0,0.885,1.47,-0.59,-0.9533333333333334,5871.0,6264.333333333333
20130.0,3.8750000000001137,161.0,173.5,0.0,0.0,18.0,1.5,-6.79,-6.925000000000001,3.0,3.0,1.68,1.23,-0.83,-0.34,5786.0,6232.5
20135.0,3.875000000000341,159.0,172.5,0.0,0.0,15.0,0.0,-6.75,-7.015000000000001,3.0,3.0,1.85,2.0,-0.63,-0.295,5718.0,6212.0
20140.0,3.85000000000025,156.5,171.5,0.0,0.0,10.0,0.0,-5.91,-6.555,3.0,3.0,0.965,1.77,-0.355,-0.295,5615.5,6172.5
20145.0,3.85000000000025,154.33333333333334,170.0,0.0,0.0,9.0,0.0,-4.44,-4.8133333333333335,3.0,3.0,1.47,1.18,-0.4633333333333333,-0.25666666666666665,5548.666666666667,6113.0
20150.0,3.850000000000364,152.0,169.0,0.0,0.0,19.0,0.0,-2.21,-3.25,3.0,3.0,0.97,1.27,-0.55,-0.26,5465.0,6082.0
20155.0,3.8250000000000455,149.0,167.0,0.0,0.0,39.5,44.0,-1.325,-1.94,3.0,3.0,0.78,0.84,-0.95,-0.87,5337.0,5951.0
20160.0,3.816666666667061,145.0,161.66666666666666,69.0,0.0,44.0,86.33333333333333,-0.13,-1.3166666666666667,0.0,3.0,0.39,0.6266666666666667,-0.94,-1.67,5804.0,5664.333333333333
20165.0,3.800000000000068,141.0,153.5,0.0,34.5,48.5,98.0,1.455,-0.355,2.0,3.0,0.035,0.41500000000000004,-1.07,-1.865,6151.5,5830.5
20170.0,3.8000000000004093,136.0,147.0,0.0,0.0,49.0,100.0,2.35,0.49,2.0,2.0,-0.31,0.06,-1.13,-1.6,5944.0,5835.0
20175.0,3.7750000000002046,130.0,138.0,0.0,0.0,44.0,100.0,4.1,0.875,2.0,2.0,-0.34,-0.025,-0.79,-2.01,5677.0,5503.5
20180.0,3.7750000000002046,126.0,128.5,69.0,23.0,37.0,100.0,5.59,1.0699999999999998,0.0,0.0,-0.49,-0.105,-0.45,-1.46,6679.0,6376.0
20185.0,3.775000000000091,122.5,122.0,0.0,0.0,25.5,94.0,6.91,2.02,1.0,1.0,-1.115,-0.19,-0.7250000000000001,-1.49,6670.5,6095.0
20190.0,3.800000000000068,118.0,113.0,0.0,0.0,21.5,49.5,8.765,4.705,1.0,1.0,-1.46,-0.645,-0.6799999999999999,-1.355,6625.0,5965.5
20195.0,3.775000000000432,114.0,108.5,0.0,0.0,8.0,17.5,11.72,7.99,1.0,1.0,-1.35,-0.965,-0.44,-0.5900000000000001,6453.0,6097.5
20200.0,3.800000000000182,112.0,105.0,0.0,0.0,0.0,12.0,12.8,11.56,1.0,1.0,-1.49,-1.11,-0.3,-0.47,6365.0,5939.0
20205.0,3.825000000000159,111.0,102.5,0.0,0.0,0.0,0.0,15.04,13.835,1.0,1.0,-1.46,-1.345,-0.3,-0.28,6260.0,5827.0
20210.0,3.825000000000273,108.5,101.0,0.0,0.0,0.0,0.0,18.534999999999997,16.65,1.0,1.0,-1.565,-1.49,-0.31,-0.28,6144.0,5719.0
20215.0,3.850000000000364,106.0,98.0,0.0,0.0,0.0,0.0,21.3,20.73,1.0,1.0,-1.72,-1.68,-0.32,-0.26,6009.0,5538.0
20220.0,3.8500000000000227,103.5,95.5,0.0,0.0,0.0,0.0,21.5,19.835,1.0,1.0,-1.99,-1.595,-0.33999999999999997,-0.28,5853.5,5289.5
20225.0,3.850000000000364,101.0,93.0,18.0,0.0,0.0,0.0,20.32,19.84,1.0,1.0,-1.74,-1.2,-0.1,-0.29,5876.0,5061.0
20230.0,3.8750000000002274,101.0,90.0,38.5,21.0,0.0,0.0,17.78,17.88,1.0,1.0,-1.8250000000000002,-2.27,0.015000000000000001,-0.12,5919.5,5240.0
20235.0,3.900000000000091,100.0,89.0,50.0,47.0,0.0,0.0,12.97,11.02,1.0,1.0,-1.73,-1.97,0.07,0.12,5928.0,5372.0
20240.0,3.900000000000091,101.0,90.0,74.0,80.0,0.0,0.0,5.98,2.21,1.0,1.0,-1.27,-1.24,0.26,0.33,5982.0,5421.0
20245.0,3.9500000000000455,103.0,92.0,86.0,96.0,0.0,0.0,4.08,-2.26,1.0,1.0,-1.02,-0.52,0.33,0.44,6063.0,5455.0
20250.0,3.950000000000273,105.0,96.0,90.0,96.0,0.0,0.0,1.27,0.91,1.0,1.0,-0.48,-0.12,0.45,0.57,6232.0,5697.0
20255.0,4.000000000000227,108.0,100.0,92.0,89.0,0.0,0.0,-2.08,0.89,1.0,1.0,-0.12,-0.14,0.55,0.67,6441.0,6091.0
20260.0,3.9750000000001364,111.5,104.0,91.5,93.0,0.0,0.0,-4.949999999999999,-0.36,1.0,1.0,0.345,-0.12,0.625,0.69,6663.0,6273.0
20265.0,4.025000000000091,114.5,109.0,85.5,88.0,0.0,0.0,-6.675,-2.67,1.0,1.0,0.635,0.1,0.525,0.64,6902.5,6546.0
20270.0,4.025000000000318,116.0,112.0,36.0,69.0,0.0,0.0,-10.27,-5.24,2.0,1.0,0.7949999999999999,0.39,0.555,0.53,5692.0,6641.0
20275.0,4.0,118.0,114.0,27.0,45.0,0.0,0.0,-11.11,-10.87,2.0,1.0,1.36,0.98,0.2,0.38,5392.0,6694.0
20280.0,4.0,119.0,115.0,35.0,28.0,0.0,0.0,-11.41,-14.3,2.0,1.0,1.47,1.47,0.27,0.17,5453.0,6754.0
20285.0,4.025000000000432,120.0,116.0,48.0,17.5,0.0,0.0,-11.56,-15.28,2.0,1.0,1.62,1.355,0.33,0.05,5519.0,6788.5
20290.0,4.025000000000205,122.0,116.0,51.0,20.0,0.0,0.0,-12.97,-13.73,2.0,1.0,1.53,1.8450000000000002,0.33,-0.045,5667.0,6763.0
20295.0,4.025000000000205,123.0,116.0,22.0,30.0,0.0,0.0,-12.91,-9.274999999999999,2.0,1.0,1.48,1.245,0.16,0.11499999999999999,5609.0,6787.5
20300.0,4.075000000000273,123.0,117.0,19.0,44.0,0.0,0.0,-11.805,-7.56,2.0,1.0,1.51,1.3,0.065,0.27,5604.0,6893.0
20305.0,4.0750000000000455,123.0,118.0,42.5,44.0,0.0,0.0,-9.46,-9.28,2.0,1.0,1.55,1.32,0.26,0.24,5724.0,6980.0
20310.0,4.075000000000273,124.5,119.0,60.0,44.0,0.0,0.0,-4.515,-9.95,2.0,1.0,1.495,1.35,0.365,0.24,5809.5,6994.0
20315.0,4.0750000000000455,126.0,120.0,67.5,40.0,0.0,0.0,-3.285,-7.3,2.0,1.0,1.2,1.2,0.39,0.27,5916.0,7070.0
20320.0,4.100000000000364,128.0,121.0,70.0,41.0,0.0,0.0,-1.99,-2.05,2.0,1.0,1.3,1.08,0.52,0.31,5971.0,7100.0
20325.0,4.100000000000364,130.0,123.0,26.0,30.0,0.0,0.0,1.94,0.27,2.0,1.0,0.89,0.42,0.3,0.24,5864.0,7112.0
20330.0,4.100000000000136,127.0,122.0,0.0,0.0,47.0,18.0,5.14,0.19,2.0,1.0,-0.22,0.09,-0.92,-0.54,5593.0,6968.0
20335.0,4.100000000000136,122.0,118.0,69.0,0.0,54.0,49.0,5.75,0.55,0.0,1.0,-0.61,-0.03,-1.0,-1.03,6245.0,6622.0
20340.0,4.099999999999909,117.0,112.0,0.0,0.0,50.0,51.0,4.66,1.63,1.0,1.0,-0.6,-0.15,-1.09,-1.07,6516.0,6243.0
20345.0,4.100000000000364,112.0,107.0,0.0,0.0,40.0,47.0,5.69,2.88,1.0,1.0,-0.54,-0.26,-0.85,-0.98,6065.0,5930.0
20350.0,4.150000000000091,107.0,100.0,0.0,0.0,40.0,50.0,9.39,8.02,1.0,1.0,-0.87,-0.61,-0.88,-1.03,5791.0,5403.0
20355.0,4.150000000000091,100.0,91.0,0.0,0.0,41.0,29.0,13.82,14.5,1.0,1.0,-1.16,-1.14,-0.88,-0.76,5520.0,5096.0
20360.0,4.175000000000182,95.0,89.0,0.0,0.0,15.0,0.0,16.424999999999997,16.5,1.0,1.0,-1.3050000000000002,-1.13,-0.5599999999999999,-0.24,5309.0,5022.0
20365.0,4.175000000000409,92.5,87.0,0.0,7.0,0.0,0.0,19.605,20.22,1.0,1.0,-1.48,-1.38,-0.275,-0.05,5223.5,5016.0
20370.0,4.175000000000182,90.5,87.0,18.0,31.0,0.0,0.0,21.08,22.03,1.0,1.0,-1.355,-1.22,-0.085,0.07,5259.0,5078.0
20375.0,4.1749999999999545,91.0,88.0,48.0,53.0,0.0,0.0,20.994999999999997,20.49,1.0,1.0,-1.385,-1.33,0.21000000000000002,0.27,5396.5,5212.0
20380.0,4.200000000000273,92.0,89.0,53.0,58.0,0.0,0.0,20.08,18.11,1.0,1.0,-1.22,-1.22,0.34,0.36,5483.0,5449.0
20385.0,4.200000000000273,94.0,92.0,53.0,53.0,0.0,0.0,17.76,14.55,1.0,1.0,-1.51,-1.47,0.32,0.42,5699.0,5669.0
20390.0,4.200000000000273,96.0,94.0,55.0,52.0,0.0,0.0,13.14,9.06,1.0,1.0,-1.28,-1.22,0.37,0.39,5871.0,5812.0
20395.0,4.200000000000273,99.0,96.0,57.0,49.0,0.0,0.0,7.61,-1.75,1.0,1.0,-1.5,-1.3,0.45,0.49,6106.0,6021.0
20400.0,4.225000000000136,101.0,99.0,61.0,44.5,0.0,0.0,5.16,-7.59,1.0,1.0,-1.39,-1.02,0.5,0.485,6390.0,6127.5
20405.0,4.200000000000273,104.0,102.0,69.0,68.0,0.0,0.0,-0.07,-2.8,1.0,1.0,-1.46,-0.75,0.6,0.63,6532.0,6088.0
20410.0,4.225000000000364,105.0,105.5,68.0,87.0,0.0,0.0,-4.23,0.8849999999999999,1.0,1.0,-1.21,-0.155,0.12,0.645,6896.0,6372.5
20415.0,4.224999999999909,108.5,110.0,67.5,88.0,0.0,0.0,-8.98,6.54,1.0,1.0,-1.0350000000000001,-0.51,0.46499999999999997,0.58,6854.5,6702.0
20420.0,4.200000000000273,112.0,113.0,82.0,88.0,0.0,0.0,-8.03,6.26,1.0,1.0,-1.05,-1.05,0.65,0.63,6769.0,6829.0
20425.0,4.200000000000273,115.0,116.0,97.0,85.0,0.0,0.0,-3.04,4.29,1.0,1.0,-0.28,-0.78,0.7,0.28,6891.0,7043.0
20430.0,4.200000000000273,119.0,119.0,100.0,93.0,0.0,0.0,-0.86,2.62,1.0,1.0,0.1,-1.02,0.67,0.61,7025.0,7127.0
20435.0,4.200000000000273,122.0,120.0,100.0,65.0,0.0,0.0,0.09,3.71,1.0,2.0,0.07,-0.5,0.6,0.45,7222.0,6182.0
20440.0,4.199999999999818,125.0,123.0,100.0,91.0,0.0,0.0,0.07,2.93,1.0,2.0,0.03,-0.83,0.28,0.5,7311.0,5768.0
20445.0,4.200000000000273,126.0,126.0,97.0,92.0,0.0,0.0,-0.14,1.68,2.0,2.0,0.02,-0.5,0.84,0.39,5798.0,5910.0
20450.0,4.200000000000273,129.0,129.0,100.0,78.0,0.0,0.0,0.02,-1.82,2.0,2.0,0.01,-0.38,0.6,0.7,5967.0,6034.0
20455.0,4.200000000000273,131.5,131.0,100.0,84.5,0.0,0.0,0.125,-4.865,2.0,2.0,0.005,0.11,0.57,0.515,6087.0,5983.0
20460.0,4.225000000000364,135.0,134.0,100.0,99.0,0.0,0.0,0.55,1.89,2.0,2.0,-0.03,0.025,0.55,0.575,6180.0,6169.5
20465.0,4.200000000000273,138.0,136.0,100.0,100.0,0.0,0.0,0.83,2.8,2.0,2.0,-0.11,-0.19,0.55,0.53,6328.0,6255.0
20470.0,4.200000000000273,139.5,139.0,100.0,100.0,0.0,0.0,0.83,2.91,2.0,2.0,-0.14,-0.42500000000000004,0.535,0.54,6439.0,6420.0
20475.0,4.225000000000136,142.0,142.0,100.0,100.0,0.0,0.0,0.9,2.805,2.0,2.0,-0.17,-0.635,0.56,0.535,6540.0,6528.0
20480.0,4.225000000000364,144.5,144.0,100.0,100.0,0.0,0.0,1.56,2.02,2.0,2.0,-0.24,-0.58,0.525,0.51,6642.5,6636.0
20485.0,4.225000000000136,147.0,146.5,100.0,100.0,0.0,0.0,1.87,1.455,2.0,2.0,-0.33,-0.565,0.52,0.51,6753.0,6734.5
20490.0,4.200000000000273,149.5,148.5,100.0,100.0,0.0,0.0,1.82,1.015,2.0,2.0,-0.395,-0.485,0.505,0.485,6841.5,6796.5
20495.0,4.200000000000273,151.0,150.0,100.0,100.0,0.0,0.0,1.96,0.37,2.0,2.0,-0.41,-0.34,0.48,0.51,6948.0,6871.0
20500.0,4.225000000000364,153.0,152.5,100.0,100.0,0.0,0.0,3.09,0.17,2.0,2.0,-0.5,-0.18,0.46,0.475,7021.0,6988.5
20505.0,4.225000000000364,155.0,154.0,100.0,100.0,0.0,0.0,4.255,0.59,2.0,2.0,-0.71,-0.15,0.45,0.48,7106.0,7073.0
20510.0,4.200000000000273,155.0,156.0,100.0,100.0,0.0,0.0,3.49,1.03,3.0,2.0,-0.79,-0.18,-0.13,0.44,6579.0,7128.0
20515.0,4.225000000000364,157.0,158.0,100.0,100.0,0.0,0.0,2.53,1.5,3.0,2.0,-0.84,-0.27,0.46,0.385,5868.0,7204.5
20520.0,4.208333333333428,159.0,158.33333333333334,100.0,56.666666666666664,0.0,0.0,1.635,1.4,3.0,0.0,-0.705,-0.32666666666666666,0.42,-0.12333333333333334,5926.0,6738.666666666667
20525.0,4.225000000000136,160.5,160.0,100.0,100.0,0.0,0.0,1.795,1.9,3.0,3.0,-0.61,-0.4,0.44,0.43,5975.0,5953.0
20530.0,4.2166666666665265,162.0,162.33333333333334,100.0,100.0,0.0,0.0,1.39,2.04,3.0,3.0,-0.49,-0.45333333333333337,0.43,0.42333333333333334,6025.0,6016.333333333333
20535.0,4.225000000000136,164.0,163.5,100.0,100.0,0.0,0.0,1.0,1.92,3.0,3.0,-0.36,-0.41500000000000004,0.42,0.37,6125.0,6109.5
20540.0,4.208333333333428,165.33333333333334,165.0,100.0,100.0,0.0,0.0,1.52,1.91,3.0,3.0,-0.43666666666666665,-0.535,0.43666666666666665,0.44,6172.666666666667,6169.5
20545.0,4.225000000000364,167.5,167.0,90.5,100.0,0.0,0.0,1.365,1.36,3.0,3.0,-0.41000000000000003,-0.56,0.39,0.43,6190.0,6203.0
20550.0,4.225000000000364,168.0,168.0,32.5,100.0,0.0,0.0,1.26,1.18,3.0,3.0,-0.33999999999999997,-0.44,0.15,0.38,6152.5,6262.0
20555.0,4.2166666666668675,167.33333333333334,170.0,0.0,59.0,19.333333333333332,0.0,1.25,1.18,3.0,3.0,-0.36,-0.45,-0.51,0.31,6017.333333333333,6273.0
20560.0,4.216666666666981,165.0,167.66666666666666,0.0,0.0,45.0,63.0,1.1,0.9566666666666667,3.0,3.0,-0.3,-0.37,-0.91,-1.2266666666666666,5901.0,5981.666666666667
20565.0,4.224999999999909,161.0,162.5,0.0,0.0,57.0,84.5,1.07,0.695,3.0,3.0,-0.17,-0.125,-1.04,-1.29,5708.0,5544.5
20570.0,4.208333333333542,155.5,157.0,0.0,0.0,65.0,87.0,1.0,0.6333333333333333,3.0,3.0,-0.22,-0.06333333333333334,-1.3,-1.6833333333333333,5533.0,5044.666666666667
