dist,delta_t,ref_speed,drv_speed,ref_throttle,drv_throttle,ref_brake,drv_brake,ref_steering,drv_steering,ref_gear,drv_gear,ref_glat,drv_glat,ref_glong,drv_glong,ref_rpm,drv_rpm
0.0,0.0,242.0,242.0,100.0,100.0,0.0,0.0,0.03,0.01,5.0,5.0,-0.01,0.02,0.17,0.2,6915.0,6850.0
5.0,0.0,243.0,242.0,100.0,100.0,0.0,0.0,0.02,0.08,5.0,5.0,-0.02,0.0,0.2,0.19,6943.0,6880.0
10.0,-0.010000000000005116,243.0,243.0,100.0,100.0,0.0,0.0,0.055,0.03,5.0,5.0,0.0,0.01,0.195,0.21,6963.5,6894.0
15.0,0.0,244.0,243.0,100.0,100.0,0.0,0.0,0.04,0.0,5.0,5.0,-0.01,0.01,0.22,0.22,6963.0,6899.0
20.0,0.0,244.0,244.0,100.0,100.0,0.0,0.0,-0.01,0.0,5.0,5.0,0.0,0.01,0.2,0.2,6989.0,6915.0
25.0,0.0,245.0,244.0,100.0,100.0,0.0,0.0,0.0,0.07,5.0,5.0,0.005,0.005,0.20500000000000002,0.185,6995.5,6928.0
30.0,0.0,245.0,245.0,100.0,100.0,0.0,0.0,0.02,0.02,5.0,5.0,0.0,0.01,0.2,0.2,7012.0,6945.0
35.0,0.0,246.0,245.0,100.0,100.0,0.0,0.0,0.02,0.0,5.0,5.0,0.0,0.0,0.19,0.19,7040.0,6970.0
40.0,0.0,246.0,246.0,100.0,100.0,0.0,0.0,-0.005,0.0,5.0,5.0,0.005,0.005,0.2,0.2,7041.0,6978.0
45.0,0.0,247.0,246.0,100.0,100.0,0.0,0.0,0.01,0.02,5.0,5.0,0.01,0.01,0.18,0.19,7057.0,6983.0
50.0,0.0,247.0,247.0,100.0,100.0,0.0,0.0,-0.01,0.01,5.0,5.0,0.0,0.0,0.18,0.18,7085.0,7022.0
55.0,-0.010000000000005116,248.0,247.0,100.0,100.0,0.0,0.0,-0.02,0.01,5.0,5.0,0.01,0.0,0.19,0.18,7077.5,7024.0
60.0,0.0,248.0,248.0,100.0,100.0,0.0,0.0,-0.01,0.03,5.0,5.0,0.02,0.01,0.17,0.18,7092.0,7022.0
65.0,-0.009999999999990905,249.0,248.0,100.0,100.0,0.0,0.0,0.0,0.09,5.0,5.0,0.0,-0.005,0.17,0.175,7116.0,7052.5
70.0,0.0,249.0,249.0,100.0,100.0,0.0,0.0,-0.03,0.03,5.0,5.0,0.01,0.0,0.18,0.19,7107.0,7049.0
75.0,0.0,250.0,249.0,100.0,100.0,0.0,0.0,-0.01,0.07,5.0,5.0,0.01,0.0,0.16,0.18,7134.0,7072.0
80.0,0.0,250.0,250.0,100.0,100.0,0.0,0.0,0.005,0.03,5.0,5.0,0.02,0.0,0.165,0.175,7135.0,7081.5
85.0,0.0,250.0,250.0,39.0,100.0,0.0,0.0,0.0,-0.03,1.0,5.0,0.01,0.01,0.15,0.17,7133.0,7087.0
90.0,-0.010000000000005116,250.0,250.5,80.0,100.0,0.0,0.0,0.01,-0.01,4.0,5.0,0.01,0.005,-0.21,0.16,6502.0,7110.5
95.0,0.0,250.0,251.0,100.0,100.0,0.0,0.0,0.03,0.0,6.0,5.0,0.01,0.01,0.22,0.19,6178.0,7120.0
100.0,0.0,251.0,251.0,100.0,0.0,0.0,0.0,0.06,0.02,6.0,0.0,0.01,0.01,0.18,0.07,6185.0,7077.0
105.0,-0.010000000000005116,251.0,251.0,100.0,0.0,0.0,0.0,0.07500000000000001,0.05,6.0,0.0,-0.005,0.01,0.17,-0.23,6202.0,6642.0
110.0,0.0,252.0,251.0,100.0,100.0,0.0,0.0,0.04,0.06,6.0,6.0,-0.01,0.0,0.16,0.19,6221.0,6403.0
115.0,0.0,252.0,252.0,100.0,100.0,0.0,0.0,-0.015,0.035,6.0,6.0,0.0,0.0,0.18,0.165,6223.0,6397.0
120.0,0.0,253.0,252.0,100.0,100.0,0.0,0.0,-0.03,0.05,6.0,6.0,0.0,0.0,0.18,0.18,6232.0,6407.0
125.0,-0.010000000000005116,253.0,253.0,100.0,100.0,0.0,0.0,-0.05,0.055,6.0,6.0,0.01,0.0,0.15,0.17,6242.0,6413.5
130.0,0.0,254.0,253.0,100.0,100.0,0.0,0.0,-0.05,0.1,6.0,6.0,0.01,-0.01,0.18,0.17,6256.0,6433.0
135.0,0.0,254.0,254.0,100.0,100.0,0.0,0.0,-0.05,0.07,6.0,6.0,0.02,-0.01,0.15,0.15,6274.0,6451.0
140.0,0.0,254.0,254.0,100.0,100.0,0.0,0.0,-0.04,0.07,6.0,6.0,0.02,-0.01,0.18,0.17,6277.0,6452.0
145.0,0.0,255.0,254.0,100.0,100.0,0.0,0.0,0.0,0.07,6.0,6.0,0.02,0.0,0.17,0.16,6291.0,6466.0
150.0,-0.009999999999990905,255.0,255.0,100.0,100.0,0.0,0.0,0.11499999999999999,0.14,6.0,6.0,0.0,-0.02,0.16999999999999998,0.16,6295.5,6470.0
155.0,0.0,256.0,255.0,100.0,100.0,0.0,0.0,0.03,0.11,6.0,6.0,0.0,-0.02,0.16,0.15,6305.0,6479.0
160.0,0.0,256.0,255.5,100.0,100.0,0.0,0.0,0.02,0.11,6.0,6.0,0.0,-0.025,0.17,0.15000000000000002,6328.5,6505.0
165.0,0.0,257.0,256.0,100.0,100.0,0.0,0.0,0.0,0.04,6.0,6.0,0.0,-0.03,0.17,0.16,6328.0,6504.0
170.0,0.0,257.0,256.0,100.0,100.0,0.0,0.0,0.0,0.005,6.0,6.0,0.0,-0.01,0.15,0.15,6336.5,6510.0
175.0,0.0,257.0,257.0,100.0,100.0,0.0,0.0,0.0,0.04,6.0,6.0,0.0,-0.01,0.15,0.15,6351.0,6525.0
180.0,0.0,258.0,257.0,100.0,100.0,0.0,0.0,0.0,0.02,6.0,6.0,0.0,-0.005,0.175,0.165,6364.5,6542.5
185.0,0.0,258.0,258.0,100.0,100.0,0.0,0.0,0.04,-0.03,6.0,6.0,0.01,0.0,0.14,0.16,6368.0,6545.0
190.0,0.009999999999990905,258.0,258.0,100.0,100.0,0.0,0.0,0.02,0.005,6.0,6.0,0.0,0.015,0.16,0.155,6379.0,6551.0
195.0,0.0,259.0,258.0,100.0,100.0,0.0,0.0,0.1,0.02,6.0,6.0,0.0,0.01,0.16,0.15,6393.0,6570.0
200.0,0.0,259.0,259.0,100.0,100.0,0.0,0.0,0.13,-0.03,6.0,6.0,-0.01,0.02,0.16,0.16,6406.0,6583.0
205.0,0.0,260.0,259.0,100.0,100.0,0.0,0.0,0.2,0.04,6.0,6.0,-0.04,0.02,0.16,0.16,6410.0,6588.0
210.0,0.0,260.0,259.0,100.0,100.0,0.0,0.0,0.19,0.04,6.0,6.0,-0.05,0.01,0.17,0.17,6408.0,6585.0
215.0,0.0,261.0,260.0,100.0,100.0,0.0,0.0,0.1,0.04,6.0,6.0,-0.03,0.01,0.15,0.16,6430.0,6604.0
220.0,0.0,261.0,260.0,100.0,100.0,0.0,0.0,0.1,0.05,6.0,6.0,-0.04,0.01,0.15,0.15,6436.0,6614.0
225.0,0.0,261.0,261.0,100.0,100.0,0.0,0.0,0.05,0.005,6.0,6.0,-0.035,0.0,0.16,0.155,6438.0,6612.0
230.0,-2.842170943040401e-14,262.0,261.0,100.0,100.0,0.0,0.0,0.08,0.05,6.0,6.0,-0.04,0.0,0.14,0.14,6460.0,6639.0
235.0,-1.4210854715202004e-14,262.0,261.0,100.0,100.0,0.0,0.0,0.10500000000000001,0.055,6.0,6.0,-0.03,0.0,0.175,0.155,6467.0,6646.5
240.0,0.0,262.0,262.0,100.0,100.0,0.0,0.0,0.12,0.03,6.0,6.0,-0.04,0.0,0.16,0.15,6467.0,6645.0
245.0,0.010000000000005116,263.0,262.0,100.0,100.0,0.0,0.0,0.06,0.03,6.0,6.0,-0.02,0.0,0.13,0.14500000000000002,6483.0,6655.0
250.0,-2.842170943040401e-14,263.0,263.0,100.0,100.0,0.0,0.0,0.09,0.01,6.0,6.0,-0.03,0.0,0.15,0.16,6493.0,6671.0
255.0,0.0,264.0,263.0,100.0,100.0,0.0,0.0,0.1,-0.01,6.0,6.0,-0.03,0.0,0.13,0.14,6515.0,6684.0
260.0,0.0,264.0,263.0,100.0,100.0,0.0,0.0,0.1,0.03,6.0,6.0,-0.025,0.005,0.17,0.16,6504.5,6683.5
265.0,0.0,264.0,264.0,100.0,100.0,0.0,0.0,0.04,0.02,6.0,6.0,-0.02,0.0,0.15,0.14,6514.0,6689.0
270.0,0.009999999999990905,265.0,264.0,100.0,100.0,0.0,0.0,0.03,0.055,6.0,6.0,-0.02,0.0,0.16,0.14,6525.0,6705.0
275.0,0.0,265.0,264.0,100.0,100.0,0.0,0.0,0.07,0.07,6.0,6.0,-0.01,0.01,0.14,0.14,6541.0,6715.0
280.0,0.0,265.0,265.0,100.0,100.0,0.0,0.0,0.09,0.1,6.0,6.0,0.0,0.0,0.15,0.14,6543.0,6718.0
285.0,0.0,266.0,265.0,100.0,100.0,0.0,0.0,0.05,0.11,6.0,6.0,-0.01,-0.01,0.14,0.135,6553.5,6725.0
290.0,0.0,266.0,265.0,100.0,100.0,0.0,0.0,-0.03,0.04,6.0,6.0,0.0,-0.01,0.13,0.15,6560.0,6741.0
295.0,0.009999999999990905,267.0,266.0,100.0,100.0,0.0,0.0,-0.05,0.05,6.0,6.0,0.0,-0.005,0.13,0.135,6563.0,6740.0
300.0,0.009999999999990905,267.0,266.0,100.0,100.0,0.0,0.0,0.015,0.12,6.0,6.0,0.005,-0.03,0.14500000000000002,0.13,6587.5,6765.0
305.0,0.0,267.0,266.0,100.0,100.0,0.0,0.0,0.01,0.08,6.0,6.0,0.01,-0.02,0.17,0.13,6598.0,6783.0
310.0,0.010000000000005116,268.0,267.0,100.0,100.0,0.0,0.0,0.03,0.03,6.0,6.0,0.02,-0.015,0.13,0.14,6585.0,6762.5
315.0,0.010000000000005116,268.0,267.0,100.0,100.0,0.0,0.0,0.07500000000000001,0.07,6.0,6.0,0.01,-0.01,0.13,0.13,6606.0,6781.0
320.0,0.0,268.0,267.0,100.0,100.0,0.0,0.0,0.01,0.06,6.0,6.0,0.01,0.0,0.14,0.14,6613.0,6799.0
325.0,-1.4210854715202004e-14,269.0,268.0,100.0,100.0,0.0,0.0,-0.01,0.055,6.0,6.0,0.01,-0.015,0.14,0.14,6620.0,6800.5
330.0,0.0,269.0,268.0,100.0,100.0,0.0,0.0,0.0,0.07,6.0,6.0,0.01,0.0,0.14,0.14,6633.0,6807.0
335.0,0.0,269.0,268.0,100.0,100.0,0.0,0.0,0.0,0.04,6.0,6.0,0.01,-0.01,0.15,0.13,6630.0,6811.0
340.0,-1.4210854715202004e-14,270.0,269.0,100.0,100.0,0.0,0.0,-0.019999999999999997,0.005,6.0,6.0,0.005,0.0,0.135,0.135,6650.5,6826.0
345.0,-2.842170943040401e-14,270.0,269.0,100.0,100.0,0.0,0.0,-0.02,0.02,6.0,6.0,0.02,0.0,0.12,0.13,6653.0,6834.0
350.0,0.0,270.0,269.0,100.0,100.0,0.0,0.0,-0.03,0.03,6.0,6.0,0.01,0.0,0.13,0.13,6660.0,6838.0
355.0,0.0,271.0,270.0,100.0,100.0,0.0,0.0,-0.005,0.04,6.0,6.0,0.02,0.0,0.15000000000000002,0.135,6682.0,6859.5
360.0,0.010000000000005116,271.0,270.0,100.0,100.0,0.0,0.0,-0.02,0.03,6.0,6.0,0.02,0.0,0.14,0.14,6669.5,6851.0
365.0,0.0,271.0,270.0,100.0,100.0,0.0,0.0,-0.01,0.01,6.0,6.0,0.02,0.0,0.13,0.14,6682.0,6855.0
370.0,0.009999999999990905,272.0,271.0,100.0,100.0,0.0,0.0,-0.03,0.03,6.0,6.0,0.02,0.0,0.15,0.12,6700.0,6880.5
375.0,0.009999999999990905,272.0,271.0,100.0,100.0,0.0,0.0,-0.05,0.09,6.0,6.0,0.025,0.0,0.135,0.14,6695.0,6877.0
380.0,0.0,272.0,271.0,100.0,100.0,0.0,0.0,-0.03,0.01,6.0,6.0,0.03,0.0,0.12,0.13,6705.0,6883.0
385.0,0.010000000000005116,273.0,272.0,100.0,100.0,0.0,0.0,-0.03,0.015,6.0,6.0,0.03,0.0,0.15,0.125,6723.0,6903.0
390.0,0.010000000000005116,273.0,272.0,100.0,100.0,0.0,0.0,-0.07,-0.12,6.0,6.0,0.035,0.01,0.13,0.14,6720.0,6900.0
395.0,0.0,273.0,272.0,100.0,100.0,0.0,0.0,-0.1,-0.12,6.0,6.0,0.04,0.03,0.13,0.13,6731.0,6907.0
400.0,0.009999999999976694,274.0,273.0,100.0,100.0,0.0,0.0,-0.11,-0.11499999999999999,6.0,6.0,0.06,0.055,0.14,0.13,6736.0,6917.0
405.0,0.010000000000005116,274.0,273.0,100.0,100.0,0.0,0.0,-0.095,-0.1,6.0,6.0,0.055,0.06,0.125,0.12,6743.5,6925.0
410.0,0.010000000000005116,274.0,273.0,100.0,100.0,0.0,0.0,-0.1,-0.12,6.0,6.0,0.07,0.08,0.14,0.14,6755.0,6938.0
415.0,0.009999999999990905,274.0,274.0,100.0,100.0,0.0,0.0,-0.08,-0.10500000000000001,6.0,6.0,0.06,0.07,0.13,0.12,6750.0,6934.5
420.0,0.009999999999990905,275.0,274.0,100.0,100.0,0.0,0.0,-0.1,-0.15,6.0,6.0,0.05,0.08,0.12,0.11499999999999999,6769.0,6947.0
425.0,0.009999999999990905,275.0,274.0,100.0,100.0,0.0,0.0,-0.07500000000000001,-0.11,6.0,6.0,0.060000000000000005,0.08,0.12,0.1,6781.0,6956.0
430.0,0.0,275.0,274.0,100.0,100.0,0.0,0.0,-0.1,-0.14,6.0,6.0,0.07,0.1,0.13,0.13,6783.0,6962.0
435.0,0.010000000000005116,276.0,275.0,100.0,100.0,0.0,0.0,-0.08,-0.08499999999999999,6.0,6.0,0.06,0.1,0.12,0.12,6786.0,6967.0
440.0,0.020000000000010232,276.0,275.0,100.0,100.0,0.0,0.0,-0.1,-0.09,6.0,6.0,0.07,0.09,0.12,0.12,6787.0,6975.0
445.0,0.010000000000005116,276.0,275.0,100.0,100.0,0.0,0.0,-0.065,-0.05,6.0,6.0,0.055,0.09,0.10500000000000001,0.11,6808.5,6985.0
450.0,0.0,277.0,276.0,100.0,100.0,0.0,0.0,-0.08,-0.06,6.0,6.0,0.08,0.09,0.13,0.13,6804.0,6989.0
455.0,0.009999999999976694,277.0,276.0,100.0,100.0,0.0,0.0,-0.05,0.004999999999999999,6.0,6.0,0.05,0.08499999999999999,0.1,0.11,6817.0,6993.5
460.0,0.01999999999998181,277.0,276.0,100.0,100.0,0.0,0.0,-0.03,0.07,6.0,6.0,0.06,0.06,0.11,0.11,6822.0,7004.0
465.0,0.010000000000005116,277.0,276.0,100.0,100.0,0.0,0.0,-0.03,0.07,6.0,6.0,0.055,0.06,0.125,0.13,6828.5,7007.0
470.0,0.0,278.0,277.0,100.0,100.0,0.0,0.0,-0.05,0.06,6.0,6.0,0.06,0.03,0.1,0.13,6829.0,7011.0
475.0,0.009999999999990905,278.0,277.0,100.0,100.0,0.0,0.0,-0.03,0.05,6.0,6.0,0.05,0.025,0.12,0.10500000000000001,6843.0,7019.5
480.0,0.01999999999998181,278.0,277.0,100.0,100.0,0.0,0.0,-0.01,0.09,6.0,6.0,0.04,0.01,0.1,0.1,6856.0,7042.0
485.0,0.009999999999990905,278.0,277.0,100.0,100.0,0.0,0.0,0.015,0.1,6.0,6.0,0.035,0.0,0.12,0.11,6857.5,7038.0
490.0,0.009999999999990905,279.0,278.0,100.0,100.0,0.0,0.0,0.03,0.1,6.0,6.0,0.035,-0.02,0.125,0.1,6852.0,7031.0
495.0,0.010000000000005116,279.0,278.0,100.0,100.0,0.0,0.0,0.07,0.10500000000000001,6.0,6.0,0.01,-0.055,0.12,0.065,6870.0,7044.5
500.0,0.020000000000010232,279.0,278.0,100.0,100.0,0.0,0.0,0.12,0.12,6.0,6.0,0.02,-0.04,0.13,0.09,6868.0,7058.0
505.0,0.020000000000010232,279.0,278.0,100.0,100.0,0.0,0.0,0.13,0.13,6.0,6.0,-0.02,-0.03,0.16,0.08,6882.0,7057.0
510.0,0.010000000000005116,280.0,279.0,100.0,100.0,0.0,0.0,0.17,0.2,6.0,6.0,-0.07500000000000001,-0.11,0.22499999999999998,0.09,6891.5,7069.0
515.0,0.009999999999976694,280.0,279.0,100.0,100.0,0.0,0.0,0.2,0.175,6.0,6.0,0.02,-0.07,-0.07,0.05,6882.0,7059.5
520.0,0.010000000000005116,280.0,279.0,100.0,100.0,0.0,0.0,0.2,0.245,6.0,6.0,-0.02,-0.04,0.11,0.035,6949.0,7090.5
525.0,0.020000000000010232,280.0,279.0,100.0,100.0,0.0,0.0,0.23,0.24,6.0,6.0,-0.05,-0.04,-0.04,0.06,6919.0,7120.0
530.0,0.010000000000005116,280.0,279.0,100.0,100.0,0.0,0.0,0.24,0.13,6.0,6.0,0.04,0.01,0.065,0.09,6896.0,7063.0
535.0,0.010000000000005116,281.0,279.0,100.0,100.0,0.0,0.0,0.26,0.17,6.0,6.0,-0.0050000000000000044,0.05,-0.009999999999999995,0.05,6903.0,7069.0
540.0,0.009999999999990905,281.0,280.0,100.0,100.0,0.0,0.0,0.26,0.15,6.0,6.0,0.0,0.05500000000000001,0.01,0.13,6921.0,7108.5
545.0,0.009999999999990905,281.0,280.0,100.0,98.0,0.0,3.0,0.3,0.16999999999999998,6.0,6.0,-0.09,-0.01,0.1,0.08000000000000002,6929.0,7110.0
550.0,0.01999999999998181,281.0,279.0,98.0,42.0,0.0,78.0,0.33,0.28,6.0,6.0,-0.09,0.02,0.16,-0.97,6935.0,6909.0
555.0,0.009999999999990905,279.5,276.0,32.5,69.0,96.0,100.0,0.22999999999999998,0.37,6.0,0.0,-0.025,-0.04,-1.4249999999999998,-1.73,6739.0,7504.0
560.0,0.020000000000010232,275.5,270.5,69.0,0.0,100.0,100.0,0.125,0.425,0.0,5.0,-0.06,-0.09000000000000001,-2.205,-2.045,7459.0,7275.0
565.0,0.020000000000010232,271.0,266.0,0.0,0.0,100.0,100.0,0.07,0.33,5.0,5.0,-0.1,-0.15,-1.74,-2.08,7092.0,6966.0
570.0,0.01999999999998181,266.0,261.0,0.0,0.0,100.0,100.0,-0.15,0.0,5.0,5.0,-0.14,-0.26,-2.05,-2.29,7100.0,6833.0
575.0,0.01999999999998181,260.0,256.0,0.0,0.0,100.0,100.0,-0.32,-0.22,5.0,5.0,-0.08,-0.12,-2.48,-2.2,6748.0,6615.0
580.0,0.020000000000010232,254.0,251.0,0.0,69.0,100.0,100.0,-0.65,-0.7,5.0,0.0,-0.25,-0.31,-2.7,-2.04,6775.0,7437.0
585.0,0.020000000000010232,248.0,245.0,0.0,0.0,100.0,100.0,-0.95,-0.97,5.0,4.0,-0.1,-0.2,-2.61,-1.92,6696.0,7500.0
590.0,0.029999999999986926,243.5,239.0,0.0,0.0,100.0,100.0,-0.265,-0.57,5.0,4.0,-0.05,-0.08,-2.245,-1.53,6388.0,7155.0
595.0,0.030000000000015348,238.0,234.0,0.0,0.0,100.0,100.0,-0.22,-0.495,5.0,4.0,-0.03,0.0049999999999999975,-1.96,-2.3099999999999996,6042.0,6898.0
600.0,0.020000000000010232,232.0,228.0,0.0,0.0,100.0,100.0,-0.19,-0.14,5.0,4.0,-0.04,-0.06,-2.06,-1.5,6010.0,6900.0
605.0,0.01999999999998181,227.0,222.0,0.0,0.0,100.0,100.0,0.21,0.5,5.0,4.0,-0.07,0.04,-2.11,-1.89,6038.0,6736.0
610.0,0.030000000000001137,222.0,216.5,0.0,0.0,100.0,100.0,0.84,1.1800000000000002,5.0,4.0,-0.19,-0.060000000000000005,-1.91,-1.85,5720.0,6333.0
615.0,0.03999999999999204,216.0,210.0,0.0,0.0,100.0,100.0,1.7,1.87,0.0,4.0,-0.28,-0.23,-1.5,-1.93,6637.0,6126.0
620.0,0.03999999999999204,210.0,205.0,0.0,0.0,100.0,100.0,2.5,2.35,4.0,4.0,-0.57,-0.41,-2.35,-1.97,6482.0,6050.0
625.0,0.030000000000015348,203.0,198.5,0.0,0.0,100.0,100.0,2.75,2.24,4.0,4.0,-0.61,-0.595,-1.73,-1.935,6143.0,5719.0
630.0,0.03999999999999204,198.0,193.0,69.0,0.0,100.0,100.0,2.89,1.77,0.0,0.0,-0.94,-0.85,-2.0,-1.84,7186.0,6842.0
635.0,0.03999999999999204,191.0,187.0,0.0,0.0,100.0,100.0,2.73,1.8,3.0,3.0,-0.91,-0.81,-2.01,-1.61,6841.0,6469.0
640.0,0.040000000000020464,185.0,180.0,0.0,0.0,100.0,100.0,2.27,1.78,3.0,3.0,-1.19,-0.95,-1.84,-1.67,6565.0,6190.0
645.0,0.03999999999999204,179.0,174.0,0.0,0.0,100.0,100.0,2.31,1.74,3.0,3.0,-1.2,-0.86,-1.81,-1.59,6301.0,5944.0
650.0,0.03999999999999204,173.0,169.0,0.0,0.0,100.0,100.0,2.24,2.39,3.0,3.0,-1.09,-0.84,-1.61,-1.61,5987.0,5639.0
655.0,0.060000000000002274,167.0,161.0,0.0,0.0,100.0,100.0,1.06,2.72,3.0,0.0,-1.11,-1.07,-1.56,-1.6,5834.0,7141.0
660.0,0.060000000000002274,161.0,155.0,56.0,0.0,100.0,100.0,0.67,3.74,0.0,2.0,-0.97,-0.79,-1.41,-1.53,6844.0,6601.0
665.0,0.060000000000002274,155.0,149.0,0.0,0.0,100.0,100.0,1.64,4.01,2.0,2.0,-1.04,-0.86,-1.42,-1.52,6536.0,6265.0
670.0,0.07999999999998408,148.0,141.0,0.0,0.0,100.0,100.0,3.61,4.76,2.0,2.0,-1.05,-0.87,-1.45,-1.53,6314.0,6024.0
675.0,0.060000000000002274,140.0,134.0,0.0,0.0,100.0,100.0,11.37,7.97,3.0,2.0,-1.2,-1.1,-1.28,-1.64,5096.0,5764.0
680.0,0.0800000000000125,134.0,127.0,0.0,0.0,86.0,100.0,18.11,16.99,3.0,2.0,-1.08,-0.94,-1.39,-1.27,4634.0,5242.0
685.0,0.09999999999999432,127.0,119.0,0.0,0.0,64.0,24.0,21.39,21.93,3.0,2.0,-1.61,-1.76,-1.3,-0.92,4637.0,5425.0
690.0,0.09999999999999432,121.0,117.0,0.0,0.0,45.0,0.0,22.17,22.33,3.0,2.0,-1.64,-1.84,-1.0,-0.23,4398.0,5644.0
695.0,0.09999999999999432,116.0,114.0,0.0,0.0,0.0,0.0,21.75,22.33,3.0,2.0,-1.97,-1.91,-0.38,-0.25,4533.0,5538.0
700.0,0.10000000000002274,113.0,112.0,5.0,0.0,0.0,0.0,21.9,22.7,3.0,2.0,-1.91,-1.87,-0.19,-0.23,4528.0,5440.0
705.0,0.09999999999999432,112.0,110.0,61.0,48.0,0.0,0.0,21.84,22.86,3.0,2.0,-1.8,-1.73,0.17,-0.01,4713.0,5648.0
710.0,0.09999999999999432,111.0,111.0,67.0,54.0,0.0,0.0,21.88,22.41,3.0,2.0,-1.84,-1.74,0.23,0.42,4734.0,6008.0
715.0,0.09999999999999432,112.0,113.0,65.0,48.0,0.0,0.0,22.24,18.81,3.0,2.0,-1.73,-1.45,0.22,0.38,4758.0,6059.0
720.0,0.09999999999999432,112.0,114.0,68.0,53.0,0.0,0.0,22.38,7.19,3.0,2.0,-1.74,-1.58,0.28,0.4,4800.0,6073.0
725.0,0.09999999999999432,113.0,115.0,72.0,60.0,0.0,0.0,21.54,5.15,3.0,2.0,-1.71,-1.87,0.35,0.49,4861.0,6059.0
730.0,0.09999999999999432,115.0,117.0,68.0,62.0,0.0,0.0,19.05,8.79,3.0,2.0,-1.69,-1.78,0.47,0.5,4991.0,6227.0
735.0,0.0800000000000125,116.0,118.0,63.0,65.0,0.0,0.0,12.7,7.06,3.0,2.0,-1.69,-1.68,0.45,0.43,5129.0,6374.0
740.0,0.09999999999999432,118.0,120.0,62.0,0.0,0.0,0.0,4.81,2.92,3.0,0.0,-1.6,-1.7,0.43,-0.07,5222.0,6224.0
745.0,0.07999999999998408,119.0,121.0,62.0,73.0,0.0,0.0,-3.59,-2.24,3.0,3.0,-1.5,-1.51,0.41,0.68,5303.0,5083.0
750.0,0.09999999999999432,121.0,124.0,69.0,77.0,0.0,0.0,-6.45,-5.8,3.0,3.0,-1.39,-1.25,0.44,0.49,5331.0,5182.0
755.0,0.0800000000000125,123.0,126.0,69.0,82.0,0.0,0.0,-12.77,-8.32,3.0,3.0,-1.23,-1.24,0.56,0.66,5389.0,5287.0
760.0,0.07999999999998408,125.0,128.0,82.0,79.0,0.0,0.0,-13.43,-14.41,3.0,3.0,-0.78,-0.44,0.61,0.55,5387.0,5236.0
765.0,0.0800000000000125,128.0,131.0,81.0,77.0,0.0,0.0,-15.47,-14.1,3.0,3.0,0.83,0.97,0.49,0.46,5345.0,5270.0
770.0,0.07999999999998408,129.0,133.0,56.0,62.0,2.0,0.0,-15.36,-11.31,3.0,3.0,1.47,1.52,0.35,0.4,5486.0,5402.0
775.0,0.060000000000002274,131.0,134.0,53.0,60.0,0.0,0.0,-10.51,-6.85,3.0,3.0,1.55,1.46,0.32,0.34,5589.0,5479.0
780.0,0.060000000000002274,132.0,136.0,51.0,61.0,0.0,0.0,-7.5,-2.32,3.0,3.0,1.78,1.97,0.36,0.43,5678.0,5582.0
785.0,0.040000000000020464,132.0,137.0,53.0,61.0,0.0,0.0,-1.54,-5.14,3.0,3.0,1.5,1.76,0.31,0.42,5827.0,5668.0
790.0,0.060000000000002274,133.0,137.0,53.0,60.0,0.0,0.0,1.59,-2.0,3.0,3.0,1.45,1.72,0.4,0.51,5904.0,5945.0
795.0,0.05999999999997385,134.0,139.0,58.0,71.0,0.0,0.0,-6.7,-6.69,3.0,3.0,1.54,1.38,0.44,0.24,5949.0,5811.0
800.0,0.03999999999999204,135.0,139.0,70.0,63.0,0.0,0.0,-10.87,-10.9,3.0,3.0,1.73,1.41,0.49,0.48,6036.0,6057.0
805.0,0.03999999999999204,137.0,141.0,75.0,68.0,0.0,0.0,-11.41,-11.82,3.0,3.0,1.82,1.74,0.41,0.38,5892.0,5831.0
810.0,0.040000000000020464,138.0,142.0,76.0,68.0,0.0,0.0,-9.85,-11.73,3.0,3.0,1.61,1.93,0.4,0.36,5965.0,5796.0
815.0,0.03999999999999204,139.0,143.0,78.0,68.0,0.0,0.0,-7.73,-10.87,3.0,3.0,1.61,1.5,0.4,0.39,6009.0,5838.0
820.0,0.01999999999998181,140.0,144.0,79.0,72.0,0.0,0.0,-5.55,-7.9,3.0,3.0,1.76,1.85,0.48,0.53,6080.0,5940.0
825.0,0.03999999999999204,142.0,145.0,80.0,74.0,0.0,0.0,-3.14,-6.68,3.0,3.0,1.6,1.68,0.42,0.37,6175.0,6018.0
830.0,0.040000000000020464,143.0,146.0,79.0,77.0,0.0,0.0,-4.79,-4.85,3.0,3.0,1.77,1.84,0.4,0.44,6186.0,6000.0
835.0,0.01999999999998181,144.0,147.0,79.0,77.0,0.0,0.0,-1.51,-3.6,3.0,3.0,1.68,1.64,0.39,0.42,6262.0,6074.0
840.0,0.01999999999998181,145.0,148.0,79.0,78.0,0.0,0.0,1.77,-3.12,3.0,3.0,1.67,1.82,0.49,0.51,6296.0,6121.0
845.0,0.01999999999998181,146.0,149.0,78.0,77.0,0.0,0.0,0.08,-2.42,3.0,3.0,1.42,1.34,0.34,0.35,6481.0,6310.0
850.0,0.020000000000010232,147.0,150.0,82.0,81.0,0.0,0.0,2.17,-2.51,3.0,3.0,1.52,1.61,0.41,0.47,6424.0,6256.0
855.0,0.020000000000010232,148.0,151.0,82.0,81.0,0.0,0.0,-0.85,0.83,3.0,3.0,1.58,1.56,0.43,0.42,6483.0,6341.0
860.0,0.020000000000010232,149.0,153.0,86.0,88.0,0.0,0.0,0.03,2.47,3.0,3.0,1.51,1.46,0.43,0.47,6446.0,6310.0
865.0,0.020000000000010232,151.0,154.0,86.0,84.0,0.0,0.0,0.37,9.14,3.0,3.0,1.42,1.26,0.53,0.49,6568.0,6443.0
870.0,0.0,152.0,155.0,90.0,92.0,0.0,0.0,-0.1,7.31,3.0,3.0,1.31,1.31,0.45,0.43,6556.0,6342.0
875.0,0.0,154.0,157.0,94.0,100.0,0.0,0.0,0.88,-2.46,3.0,3.0,1.36,1.18,0.52,0.49,6582.0,6362.0
880.0,-2.842170943040401e-14,156.0,158.0,99.0,100.0,0.0,0.0,2.85,-0.26,3.0,3.0,1.03,1.07,0.51,0.47,6617.0,6377.0
885.0,0.0,158.0,161.0,100.0,100.0,0.0,0.0,5.55,2.27,3.0,3.0,0.54,0.8,0.55,0.51,6608.0,6412.0
890.0,-2.842170943040401e-14,159.0,162.0,100.0,100.0,0.0,0.0,8.23,5.15,3.0,3.0,-0.41,0.17,0.43,0.45,6658.0,6439.0
895.0,0.0,161.0,164.0,100.0,100.0,0.0,0.0,7.87,8.41,3.0,3.0,-1.14,-0.72,0.51,0.44,6776.0,6521.0
900.0,-2.842170943040401e-14,163.0,166.0,97.0,100.0,0.0,0.0,8.13,8.42,3.0,3.0,-1.49,-1.31,0.42,0.44,6842.0,6591.0
905.0,-0.01999999999998181,164.0,167.0,93.0,87.0,0.0,0.0,7.35,8.94,3.0,3.0,-1.38,-1.4,0.37,0.36,6959.0,6684.0
910.0,0.0,165.0,168.0,90.0,61.0,0.0,0.0,7.84,10.14,3.0,3.0,-1.71,-1.74,0.39,0.22,7007.0,6677.0
915.0,-0.01999999999998181,166.0,168.0,81.0,52.0,0.0,0.0,10.27,11.67,3.0,3.0,-1.45,-1.63,0.23,0.11,7088.0,6670.0
920.0,-0.020000000000010232,167.0,168.0,64.0,41.0,0.0,0.0,12.44,13.59,3.0,3.0,-1.72,-1.78,0.23,0.0,7023.0,6595.0
925.0,-0.020000000000010232,167.0,167.0,27.0,32.0,0.0,0.0,14.55,14.96,3.0,3.0,-1.93,-1.98,0.11,-0.08,6912.0,6491.0
930.0,-0.020000000000010232,166.0,166.0,23.0,20.0,0.0,0.0,15.71,16.61,3.0,3.0,-1.77,-1.71,0.02,-0.18,6887.0,6401.0
935.0,0.0,166.0,164.0,24.0,11.0,0.0,0.0,16.95,17.82,3.0,3.0,-1.71,-1.83,-0.02,-0.25,6886.0,6301.0
940.0,-0.020000000000010232,165.0,163.0,20.0,13.0,0.0,0.0,17.57,18.26,3.0,3.0,-1.8,-1.86,-0.03,-0.24,6770.0,6244.0
945.0,0.0,164.0,161.0,15.0,10.0,0.0,0.0,18.41,19.13,3.0,3.0,-1.63,-1.64,-0.08,-0.25,6749.0,6173.0
950.0,-0.020000000000010232,163.0,160.0,18.0,15.0,0.0,0.0,19.07,19.49,3.0,3.0,-1.88,-1.9,-0.1,-0.25,6697.0,6145.0
955.0,0.0,163.0,158.0,17.0,28.0,0.0,0.0,19.18,19.55,3.0,3.0,-1.73,-1.71,-0.1,-0.13,6647.0,6154.0
960.0,0.0,162.0,157.0,15.0,32.0,0.0,0.0,19.35,19.62,3.0,3.0,-1.79,-1.79,-0.1,-0.07,6614.0,6153.0
965.0,0.020000000000010232,161.0,156.0,7.0,32.0,0.0,0.0,19.39,19.61,3.0,3.0,-1.8,-1.78,-0.19,-0.07,6539.0,6120.0
970.0,0.0,160.0,156.0,3.0,29.0,0.0,0.0,19.35,19.59,3.0,3.0,-1.76,-1.78,-0.23,-0.09,6449.0,6079.0
975.0,0.0,158.0,155.0,3.0,21.0,0.0,0.0,19.27,19.59,3.0,3.0,-1.98,-1.91,-0.27,-0.16,6370.0,5993.0
980.0,0.01999999999998181,157.0,153.0,2.0,15.0,0.0,0.0,19.38,19.73,3.0,3.0,-1.77,-1.64,-0.27,-0.21,6296.0,5917.0
985.0,0.01999999999998181,155.0,152.0,0.0,13.0,0.0,0.0,19.44,19.77,3.0,3.0,-1.86,-1.83,-0.33,-0.21,6187.0,5844.0
990.0,0.01999999999998181,153.0,150.0,0.0,13.0,0.0,0.0,19.47,19.79,3.0,3.0,-1.68,-1.62,-0.32,-0.2,6108.0,5799.0
995.0,0.020000000000010232,151.0,149.0,22.0,15.0,0.0,0.0,19.5,19.73,3.0,3.0,-1.88,-1.77,-0.19,-0.19,6141.0,5752.0
1000.0,0.020000000000010232,150.0,148.0,80.0,68.0,0.0,0.0,19.08,19.49,3.0,3.0,-1.74,-1.65,0.14,0.3,6288.0,6021.0
1005.0,0.020000000000010232,151.0,149.0,80.0,69.0,0.0,0.0,18.45,18.13,3.0,3.0,-1.39,-1.43,0.17,0.3,6350.0,6147.0
1010.0,0.01999999999998181,151.0,150.0,78.0,75.0,0.0,0.0,16.77,8.77,3.0,3.0,-1.7,-1.72,0.23,0.43,6349.0,6173.0
1015.0,0.01999999999998181,151.0,151.0,76.0,78.0,0.0,0.0,15.18,6.4,3.0,3.0,-1.6,-1.61,0.22,0.4,6476.0,6327.0
1020.0,0.01999999999998181,152.0,152.0,75.0,79.0,0.0,0.0,12.43,4.02,3.0,3.0,-1.66,-1.77,0.28,0.43,6505.0,6267.0
1025.0,0.020000000000010232,153.0,153.0,74.0,76.0,0.0,0.0,11.15,3.24,3.0,3.0,-1.49,-1.5,0.31,0.39,6590.0,6367.0
1030.0,0.0,154.0,154.0,77.0,80.0,0.0,0.0,8.37,3.39,3.0,3.0,-1.67,-1.66,0.37,0.42,6659.0,6393.0
1035.0,0.01999999999998181,155.0,155.0,78.0,83.0,0.0,0.0,7.83,3.29,3.0,3.0,-1.7,-1.7,0.4,0.45,6659.0,6384.0
1040.0,0.020000000000010232,155.0,156.0,75.0,85.0,0.0,0.0,8.45,6.05,3.0,3.0,-1.73,-1.66,0.39,0.45,6730.0,6458.0
1045.0,0.020000000000010232,156.0,157.0,75.0,82.0,0.0,0.0,8.44,6.95,3.0,3.0,-1.6,-1.56,0.36,0.36,6756.0,6517.0
1050.0,0.0,157.0,158.0,75.0,82.0,0.0,0.0,8.17,7.8,3.0,3.0,-1.72,-1.66,0.37,0.4,6808.0,6586.0
1055.0,0.020000000000010232,157.0,159.0,76.0,83.0,0.0,0.0,7.51,7.97,3.0,3.0,-1.69,-1.59,0.34,0.35,6782.0,6620.0
1060.0,0.020000000000010232,158.0,160.0,76.0,89.0,0.0,0.0,7.92,7.6,3.0,3.0,-1.78,-1.78,0.35,0.45,6828.0,6643.0
1065.0,0.0,159.0,161.0,76.0,93.0,0.0,0.0,8.64,5.89,3.0,3.0,-1.6,-1.61,0.33,0.4,6830.0,6645.0
1070.0,0.020000000000010232,159.0,162.0,77.0,93.0,0.0,0.0,8.3,2.62,3.0,3.0,-1.69,-1.7,0.45,0.5,6901.0,6734.0
1075.0,0.0,160.0,163.0,82.0,93.0,0.0,0.0,6.32,3.06,3.0,3.0,-1.61,-1.67,0.34,0.42,6886.0,6765.0
1080.0,0.0,161.0,164.0,79.0,92.0,0.0,0.0,8.14,2.24,3.0,3.0,-1.67,-1.58,0.32,0.38,6936.0,6862.0
1085.0,0.0,162.0,165.0,84.0,94.0,0.0,0.0,7.54,1.45,3.0,3.0,-1.78,-1.79,0.42,0.44,6884.0,6757.0
1090.0,0.0,163.0,166.0,85.0,95.0,0.0,0.0,7.46,4.16,3.0,3.0,-1.59,-1.48,0.46,0.41,6936.0,6851.0
1095.0,0.0,163.0,167.0,83.0,92.0,0.0,0.0,7.43,6.34,3.0,3.0,-1.61,-1.67,0.39,0.46,7051.0,6956.0
1100.0,-0.020000000000010232,164.0,168.0,88.0,95.0,0.0,0.0,6.51,5.35,3.0,3.0,-1.5,-1.51,0.35,0.34,7031.0,6900.0
1105.0,0.0,165.0,169.0,0.0,96.0,0.0,0.0,6.87,5.5,0.0,3.0,-1.88,-1.77,0.11,0.47,6983.0,6938.0
1110.0,-0.020000000000010232,165.0,170.0,89.0,97.0,0.0,0.0,6.57,5.8,4.0,3.0,-1.5,-1.51,0.39,0.38,5826.0,6941.0
1115.0,-0.020000000000010232,166.0,171.0,90.0,97.0,0.0,0.0,6.42,5.74,4.0,3.0,-1.5,-1.6,0.43,0.51,5804.0,7070.0
1120.0,0.0,167.0,172.0,93.0,99.0,0.0,0.0,5.87,5.71,4.0,3.0,-1.66,-1.85,0.44,0.46,5825.0,6989.0
1125.0,-0.020000000000010232,168.0,173.0,91.0,98.0,0.0,0.0,6.41,5.71,4.0,3.0,-1.41,-1.52,0.35,0.38,5863.0,7079.0
1130.0,-0.01999999999998181,169.0,174.0,92.0,99.0,0.0,0.0,6.45,5.7,4.0,3.0,-1.63,-1.67,0.41,0.45,5888.0,7069.0
1135.0,-0.020000000000010232,170.0,174.0,92.0,99.0,0.0,0.0,6.25,5.39,4.0,3.0,-1.42,-1.6,0.33,0.38,5965.0,7164.0
1140.0,-0.03999999999999204,171.0,175.0,93.0,100.0,0.0,0.0,6.04,5.21,4.0,3.0,-1.66,-1.77,0.38,0.42,5950.0,7148.0
1145.0,-0.040000000000020464,172.0,176.0,94.0,100.0,0.0,0.0,6.06,4.93,4.0,3.0,-1.49,-1.56,0.36,0.35,5973.0,7128.0
1150.0,-0.040000000000020464,173.0,177.0,94.0,100.0,0.0,0.0,5.72,4.6,4.0,3.0,-1.62,-1.6,0.42,0.41,6030.0,7209.0
1155.0,-0.020000000000010232,174.0,178.0,95.0,100.0,0.0,0.0,5.8,4.47,4.0,3.0,-1.63,-1.67,0.39,0.41,6057.0,7180.0
1160.0,-0.020000000000010232,175.0,179.0,96.0,100.0,0.0,0.0,5.39,4.56,4.0,3.0,-1.49,-1.53,0.35,0.39,6119.0,7261.0
1165.0,-0.01999999999998181,176.0,179.0,98.0,0.0,0.0,0.0,4.67,4.42,4.0,0.0,-1.49,-1.78,0.38,-0.16,6125.0,6679.0
1170.0,-0.020000000000010232,178.0,180.0,100.0,100.0,0.0,0.0,4.0,4.37,4.0,4.0,-1.61,-1.64,0.44,0.44,6139.0,5962.0
1175.0,-0.03999999999999204,179.0,181.0,100.0,100.0,0.0,0.0,4.65,4.37,4.0,4.0,-1.43,-1.42,0.38,0.35,6199.0,6022.0
1180.0,-0.040000000000020464,180.0,182.0,100.0,100.0,0.0,0.0,3.92,4.49,4.0,4.0,-1.41,-1.45,0.42,0.39,6209.0,6057.0
1185.0,-0.04999999999999716,181.0,183.0,100.0,100.0,0.0,0.0,4.735,4.24,4.0,4.0,-1.38,-1.49,0.395,0.38,6248.0,6066.0
1190.0,-0.03999999999999204,182.0,184.0,100.0,100.0,0.0,0.0,4.28,4.2,4.0,4.0,-1.35,-1.33,0.37,0.35,6279.0,6114.0
1195.0,-0.040000000000020464,184.0,185.0,100.0,100.0,0.0,0.0,4.72,4.09,4.0,4.0,-1.3,-1.44,0.38,0.36,6298.0,6106.0
1200.0,-0.040000000000020464,185.0,186.0,100.0,100.0,0.0,0.0,3.76,3.94,4.0,4.0,-1.35,-1.5,0.41,0.39,6309.0,6120.0
1205.0,-0.03999999999999204,186.0,187.0,100.0,100.0,0.0,0.0,4.18,3.98,4.0,4.0,-1.21,-1.25,0.37,0.35,6355.0,6177.0
1210.0,-0.03999999999999204,187.0,188.0,100.0,100.0,0.0,0.0,3.97,4.04,4.0,4.0,-1.05,-1.24,0.33,0.36,6420.0,6211.0
1215.0,-0.060000000000002274,189.0,189.0,100.0,100.0,0.0,0.0,4.08,3.84,4.0,4.0,-1.29,-1.41,0.39,0.33,6429.0,6241.0
1220.0,-0.03999999999999204,190.0,190.0,100.0,100.0,0.0,0.0,3.83,3.17,4.0,4.0,-1.16,-1.25,0.38,0.34,6453.0,6243.0
1225.0,-0.03999999999999204,191.0,191.0,100.0,100.0,0.0,0.0,3.88,3.36,4.0,4.0,-1.13,-1.2,0.4,0.34,6529.0,6334.0
1230.0,-0.03999999999999204,192.0,192.0,100.0,100.0,0.0,0.0,3.78,3.03,4.0,4.0,-1.06,-1.19,0.36,0.37,6553.0,6308.0
1235.0,-0.04999999999999716,193.0,193.0,100.0,100.0,0.0,0.0,3.995,3.09,4.0,4.0,-1.115,-1.19,0.36,0.35,6613.5,6384.0
1240.0,-0.03999999999999204,194.0,194.0,100.0,100.0,0.0,0.0,3.52,2.61,4.0,4.0,-1.23,-1.23,0.36,0.35,6584.0,6355.0
1245.0,-0.060000000000002274,195.0,195.0,100.0,100.0,0.0,0.0,3.89,2.61,4.0,4.0,-1.13,-0.99,0.36,0.33,6656.0,6392.0
1250.0,-0.040000000000020464,196.0,196.0,100.0,100.0,0.0,0.0,3.21,2.55,4.0,4.0,-1.18,-1.12,0.4,0.37,6662.0,6419.0
1255.0,-0.03999999999999204,197.0,197.0,100.0,100.0,0.0,0.0,3.55,2.53,4.0,4.0,-1.05,-0.93,0.35,0.32,6720.0,6472.0
1260.0,-0.040000000000020464,198.0,198.0,100.0,100.0,0.0,0.0,2.95,2.55,4.0,4.0,-1.06,-0.96,0.36,0.35,6739.0,6504.0
1265.0,-0.040000000000020464,199.0,199.0,100.0,100.0,0.0,0.0,3.05,2.51,4.0,4.0,-1.03,-0.99,0.32,0.34,6781.0,6525.0
1270.0,-0.04999999999999716,200.0,200.0,100.0,100.0,0.0,0.0,2.5949999999999998,2.3,4.0,4.0,-1.0150000000000001,-0.92,0.345,0.33,6797.0,6552.0
1275.0,-0.040000000000020464,201.0,201.0,100.0,100.0,0.0,0.0,2.77,2.44,4.0,4.0,-0.95,-0.88,0.32,0.3,6824.0,6586.0
1280.0,-0.03999999999999204,202.0,202.0,100.0,100.0,0.0,0.0,2.47,2.5,4.0,4.0,-0.88,-0.95,0.34,0.34,6880.0,6637.0
1285.0,-0.04999999999999716,203.0,203.0,100.0,100.0,0.0,0.0,2.7,2.48,4.0,4.0,-0.97,-1.0,0.32,0.31,6886.0,6634.0
1290.0,-0.03999999999999204,204.0,204.0,100.0,100.0,0.0,0.0,2.04,2.46,4.0,4.0,-0.87,-0.93,0.32,0.3,6941.0,6680.0
1295.0,-0.060000000000002274,205.0,205.0,100.0,100.0,0.0,0.0,2.12,2.42,4.0,4.0,-0.85,-0.97,0.33,0.31,6957.0,6699.0
1300.0,-0.040000000000020464,206.0,206.0,100.0,100.0,0.0,0.0,2.14,2.4,4.0,4.0,-0.8,-0.96,0.32,0.29,6991.0,6742.0
1305.0,-0.03999999999999204,207.0,207.0,100.0,100.0,0.0,0.0,1.99,2.07,4.0,4.0,-0.78,-0.96,0.35,0.31,7006.0,6758.0
1310.0,-0.060000000000002274,208.0,208.0,100.0,100.0,0.0,0.0,1.71,1.85,4.0,4.0,-0.75,-0.91,0.35,0.3,7063.0,6795.0
1315.0,-0.03999999999999204,209.0,209.0,100.0,100.0,0.0,0.0,1.61,1.43,4.0,4.0,-0.74,-0.94,0.3,0.32,7063.0,6810.0
1320.0,-0.040000000000020464,210.0,209.0,100.0,100.0,0.0,0.0,1.38,1.25,4.0,4.0,-0.62,-0.74,0.25,0.27,7088.0,6830.0
1325.0,-0.04999999999999716,211.0,210.0,100.0,100.0,0.0,0.0,1.37,1.01,4.0,4.0,-0.5549999999999999,-0.65,0.29500000000000004,0.28,7133.5,6878.0
1330.0,-0.04999999999999716,212.0,211.0,100.0,100.0,0.0,0.0,1.15,0.2,4.0,4.0,-0.56,-0.5800000000000001,0.25,0.275,7146.0,6888.5
1335.0,-0.040000000000020464,212.0,212.0,100.0,100.0,0.0,0.0,1.17,-0.16,4.0,4.0,-0.38,-0.37,0.03,0.27,7176.0,6913.0
1340.0,-0.03999999999999204,213.0,213.0,100.0,100.0,0.0,0.0,1.01,-0.38,4.0,4.0,-0.46,-0.23,0.27,0.29,7187.0,6947.0
1345.0,-0.04999999999999716,214.0,214.0,100.0,100.0,0.0,0.0,0.43,-0.09,4.0,4.0,-0.375,-0.14,0.265,0.28,7207.0,6966.0
1350.0,-0.060000000000002274,214.0,215.0,100.0,100.0,0.0,0.0,0.06,-0.27,4.0,4.0,-0.28,-0.04,0.25,0.29,7223.0,6985.0
1355.0,-0.05000000000001137,214.0,215.5,0.0,100.0,0.0,0.0,0.09,0.05500000000000001,0.0,4.0,-0.18,-0.005,-0.17,0.28500000000000003,6629.0,7017.0
1360.0,-0.03999999999999204,215.0,216.0,100.0,100.0,0.0,0.0,0.38,-0.12,5.0,4.0,-0.12,0.0,0.27,0.27,6158.0,7048.0
1365.0,-0.040000000000020464,216.0,217.0,100.0,100.0,0.0,0.0,0.28,-0.07,5.0,4.0,-0.09,0.05,0.24,0.24,6197.0,7072.0
1370.0,-0.03999999999999204,217.0,218.0,100.0,100.0,0.0,0.0,0.22,-0.06,5.0,4.0,-0.1,0.03,0.31,0.31,6216.0,7094.0
1375.0,-0.04999999999999716,217.5,219.0,100.0,100.0,0.0,0.0,-0.005,0.29,5.0,4.0,-0.05,0.03,0.26,0.27,6244.0,7110.0
1380.0,-0.060000000000002274,218.0,219.0,100.0,100.0,0.0,0.0,0.23,0.44,5.0,4.0,-0.09,-0.01,0.25,0.27,6278.0,7138.0
1385.0,-0.060000000000002274,219.0,220.0,100.0,100.0,0.0,0.0,0.2,0.2,5.0,4.0,-0.01,-0.02,0.44,0.24,6287.0,7161.0
1390.0,-0.060000000000002274,220.0,221.0,100.0,100.0,0.0,0.0,0.11,0.16,5.0,4.0,-0.06,-0.02,0.36,0.24,6308.0,7180.0
1395.0,-0.05000000000001137,221.0,221.5,100.0,100.0,0.0,0.0,0.01,0.060000000000000005,5.0,4.0,-0.07,-0.035,0.2,0.24,6363.0,7207.0
1400.0,-0.04999999999999716,221.0,222.0,100.0,100.0,0.0,0.0,-0.03,-0.03,5.0,4.0,-0.06,-0.06,0.37,0.27,6364.0,7223.0
1405.0,-0.04999999999999716,222.0,223.0,100.0,100.0,0.0,0.0,-0.08,0.165,5.0,4.0,-0.06,-0.05500000000000001,0.17,0.28500000000000003,6375.0,7249.0
1410.0,-0.05000000000001137,223.0,223.0,100.0,0.0,0.0,0.0,-0.06,0.2,5.0,0.0,-0.07,-0.05500000000000001,0.37,-0.24,6424.0,6965.5
1415.0,-0.04999999999999716,223.0,223.0,100.0,100.0,0.0,0.0,-0.03,0.11,5.0,5.0,-0.02,-0.05,0.15,0.295,6420.0,6331.5
1420.0,-0.05000000000001137,224.0,224.0,100.0,100.0,0.0,0.0,-0.07,0.23,5.0,5.0,-0.01,-0.085,0.26,0.125,6433.0,6364.0
1425.0,-0.04999999999999716,225.0,224.5,100.0,100.0,0.0,0.0,-0.07,0.09,5.0,5.0,-0.08,-0.035,0.51,0.155,6465.0,6393.5
1430.0,-0.05000000000001137,226.0,225.0,100.0,100.0,0.0,0.0,-0.15,0.12,5.0,5.0,-0.02,-0.095,0.4,0.245,6494.0,6417.0
1435.0,-0.04999999999999716,226.0,226.0,100.0,100.0,0.0,0.0,-0.1,0.22,5.0,5.0,-0.02,-0.04,0.28,0.22999999999999998,6510.0,6436.0
1440.0,-0.04999999999999716,227.0,226.5,100.0,100.0,0.0,0.0,0.04,0.295,5.0,5.0,-0.04,-0.09,0.01,0.265,6507.0,6464.0
1445.0,-0.04999999999999716,228.0,227.0,100.0,100.0,0.0,0.0,0.18,0.325,5.0,5.0,-0.09,-0.135,0.31,0.22499999999999998,6550.0,6453.5
1450.0,-0.04999999999999716,228.0,228.0,100.0,100.0,0.0,0.0,0.32,0.42000000000000004,5.0,5.0,-0.08,-0.16,0.32,0.12,6542.0,6471.5
1455.0,-0.05000000000001137,229.0,228.0,100.0,65.5,2.0,38.0,0.79,0.395,5.0,5.0,-0.19,-0.2,0.3,-0.33999999999999997,6580.0,6392.5
1460.0,-0.060000000000002274,228.0,225.0,49.0,69.0,68.0,97.0,1.69,0.54,5.0,0.0,-0.33,-0.12,-0.93,-1.54,6424.0,6853.0
1465.0,-0.05000000000001137,224.0,219.0,0.0,0.0,100.0,100.0,3.08,1.78,0.0,0.0,-0.27,-0.245,-1.44,-1.9100000000000001,7111.0,6576.5
1470.0,-0.03999999999999204,217.0,212.0,0.0,0.0,100.0,100.0,3.16,3.04,4.0,4.0,-0.58,-0.47,-2.12,-2.21,6524.0,6368.0
1475.0,-0.040000000000020464,211.0,207.0,0.0,0.0,100.0,100.0,3.26,3.87,4.0,4.0,-0.7,-0.62,-1.91,-1.88,6377.0,6087.0
1480.0,-0.03999999999999204,206.0,201.0,0.0,0.0,100.0,100.0,3.4,3.44,4.0,0.0,-0.89,-0.77,-2.05,-1.94,6169.0,7178.0
1485.0,-0.040000000000020464,200.0,195.0,0.0,0.0,100.0,100.0,3.65,3.03,4.0,3.0,-0.83,-0.86,-1.83,-1.85,5895.0,6736.0
1490.0,-0.020000000000010232,194.0,189.0,69.0,0.0,100.0,100.0,3.63,2.49,0.0,3.0,-1.12,-0.7,-2.13,-1.41,7093.0,6430.0
1495.0,-0.03999999999999204,187.0,183.0,0.0,0.0,100.0,100.0,1.55,2.2,3.0,3.0,-0.97,-0.83,-1.98,-2.02,6570.0,6241.0
1500.0,-0.040000000000020464,181.0,177.0,0.0,0.0,100.0,100.0,2.89,2.96,3.0,3.0,-1.07,-0.91,-2.16,-1.45,6357.0,6092.0
1505.0,-0.020000000000010232,175.0,170.0,0.0,0.0,100.0,100.0,3.97,4.63,3.0,3.0,-0.87,-0.91,-1.59,-1.62,6114.0,5662.0
1510.0,-0.020000000000010232,169.0,164.0,0.0,69.0,100.0,100.0,3.27,2.03,3.0,0.0,-1.17,-1.13,-1.71,-1.64,5928.0,7076.0
1515.0,-0.020000000000010232,161.0,157.0,69.0,0.0,100.0,100.0,-0.2,0.46,0.0,2.0,-1.09,-0.97,-1.65,-1.59,5633.0,6707.0
1520.0,-0.020000000000010232,155.0,150.0,0.0,0.0,100.0,100.0,-0.1,2.0,2.0,2.0,-0.99,-0.79,-1.52,-1.5,6712.0,6399.0
1525.0,-0.01999999999998181,148.0,143.0,0.0,0.0,93.0,100.0,1.68,5.11,2.0,2.0,-1.07,-0.99,-1.56,-1.63,6367.0,6129.0
1530.0,-0.01999999999998181,141.0,137.0,0.0,0.0,83.0,100.0,4.98,9.45,0.0,2.0,-1.16,-0.92,-1.37,-1.46,5997.0,5750.0
1535.0,0.0,136.0,129.0,0.0,14.0,64.0,61.0,10.69,16.02,3.0,2.0,-1.51,-1.48,-1.35,-1.18,5061.0,5762.0
1540.0,0.0,131.0,126.0,15.0,21.0,17.0,0.0,16.19,17.5,3.0,2.0,-1.9,-1.89,-0.56,-0.11,5149.0,6205.0
1545.0,0.0,129.0,124.0,15.0,28.0,4.0,0.0,18.96,18.09,3.0,2.0,-1.95,-1.94,-0.17,-0.06,5242.0,6194.0
1550.0,0.01999999999998181,127.0,124.0,20.0,39.0,0.0,0.0,20.22,19.03,3.0,2.0,-1.8,-1.76,-0.04,0.1,5257.0,6309.0
1555.0,0.020000000000010232,126.0,123.0,14.0,24.0,0.0,0.0,21.01,19.56,3.0,2.0,-1.85,-1.85,-0.06,-0.04,5174.0,6121.0
1560.0,0.01999999999998181,124.0,122.0,0.0,0.0,19.0,0.0,21.61,20.12,3.0,2.0,-1.74,-1.76,-0.6,-0.27,4894.0,5933.0
1565.0,0.01999999999998181,120.0,120.0,0.0,0.0,15.0,0.0,21.57,20.07,3.0,2.0,-1.78,-1.81,-0.54,-0.27,4750.0,5839.0
1570.0,0.020000000000010232,118.0,118.0,0.0,0.0,0.0,0.0,21.48,20.87,3.0,2.0,-1.65,-1.71,-0.24,-0.25,4706.0,5737.0
1575.0,0.020000000000010232,115.0,116.0,0.0,0.0,0.0,0.0,21.54,21.15,3.0,2.0,-1.85,-1.82,-0.25,-0.25,4615.0,5639.0
1580.0,0.020000000000010232,113.0,114.0,0.0,0.0,0.0,0.0,22.03,21.68,3.0,2.0,-1.73,-1.75,-0.25,-0.25,4528.0,5522.0
1585.0,0.01999999999998181,111.0,112.0,0.0,0.0,0.0,0.0,22.4,21.91,3.0,3.0,-1.74,-1.81,-0.25,-0.29,4446.0,4272.0
1590.0,0.01999999999998181,109.0,112.0,62.0,50.0,0.0,0.0,22.49,21.37,3.0,3.0,-1.8,-1.65,0.08,0.45,4578.0,4630.0
1595.0,0.0,110.0,113.0,71.0,48.0,0.0,0.0,21.79,19.5,3.0,3.0,-1.7,-1.69,0.19,0.35,4635.0,4716.0
1600.0,-2.842170943040401e-14,110.0,115.0,66.0,48.0,0.0,0.0,21.23,13.87,3.0,3.0,-1.65,-1.62,0.19,0.31,4683.0,4787.0
1605.0,-0.020000000000010232,111.0,116.0,60.0,50.0,0.0,0.0,19.25,11.67,3.0,3.0,-1.64,-1.83,0.25,0.39,4734.0,4766.0
1610.0,-0.020000000000010232,112.0,117.0,57.0,51.0,0.0,0.0,15.07,9.09,3.0,3.0,-1.63,-1.64,0.26,0.33,4835.0,4902.0
1615.0,-0.020000000000010232,113.0,118.0,57.0,54.0,0.0,0.0,8.7,6.75,3.0,3.0,-1.69,-1.67,0.39,0.4,4893.0,4897.0
1620.0,-0.03999999999999204,115.0,119.0,59.0,56.0,0.0,0.0,4.94,5.74,3.0,3.0,-1.51,-1.64,0.44,0.47,5013.0,4999.0
1625.0,-0.01999999999998181,117.0,121.0,66.0,59.0,0.0,0.0,2.48,2.51,3.0,3.0,-1.52,-1.6,0.46,0.46,5078.0,5076.0
1630.0,-0.040000000000020464,119.0,122.0,76.0,59.0,0.0,0.0,2.45,1.01,3.0,3.0,-1.42,-1.55,0.52,0.44,5256.0,5195.0
1635.0,-0.040000000000020464,121.0,123.0,78.0,60.0,0.0,0.0,3.3,-0.06,3.0,3.0,-1.44,-1.6,0.49,0.48,5289.0,5174.0
1640.0,-0.03999999999999204,123.0,125.0,77.0,63.0,0.0,0.0,2.72,-1.77,3.0,3.0,-1.47,-1.54,0.49,0.48,5428.0,5325.0
1645.0,-0.040000000000020464,125.0,126.0,79.0,73.0,0.0,0.0,1.59,-2.6,3.0,3.0,-1.55,-1.66,0.56,0.54,5475.0,5363.0
1650.0,-0.03999999999999204,126.0,128.0,78.0,80.0,0.0,0.0,1.02,-3.01,3.0,3.0,-1.49,-1.54,0.48,0.54,5579.0,5528.0
1655.0,-0.040000000000020464,128.0,130.0,81.0,81.0,0.0,0.0,0.77,-3.59,3.0,3.0,-1.45,-1.48,0.47,0.48,5608.0,5558.0
1660.0,-0.03999999999999204,130.0,131.0,80.0,82.0,0.0,0.0,5.8,-4.68,3.0,3.0,-1.5,-1.63,0.48,0.58,5700.0,5640.0
1665.0,-0.040000000000020464,132.0,133.0,81.0,83.0,0.0,0.0,5.09,-4.45,3.0,3.0,-1.53,-1.6,0.45,0.56,5738.0,5647.0
1670.0,-0.060000000000002274,134.0,135.0,83.0,83.0,0.0,0.0,4.7,-3.5,3.0,3.0,-1.55,-1.43,0.53,0.57,5823.0,5702.0
1675.0,-0.060000000000002274,136.0,136.0,80.0,83.0,0.0,0.0,3.69,-2.64,3.0,3.0,-1.65,-1.65,0.55,0.61,5946.0,5848.0
1680.0,-0.03999999999999204,137.0,138.0,82.0,86.0,0.0,0.0,2.3,-2.21,3.0,3.0,-1.53,-1.51,0.48,0.52,5980.0,5831.0
1685.0,-0.060000000000002274,139.0,140.0,82.0,86.0,0.0,0.0,1.01,-3.3,3.0,3.0,-1.38,-1.42,0.5,0.57,6061.0,5893.0
1690.0,-0.060000000000002274,140.0,141.0,82.0,88.0,0.0,0.0,-0.17,-3.08,3.0,3.0,-1.53,-1.57,0.53,0.59,6147.0,5964.0
1695.0,-0.040000000000020464,142.0,143.0,85.0,90.0,0.0,0.0,-0.04,-1.41,3.0,3.0,-1.42,-1.44,0.51,0.55,6206.0,6022.0
1700.0,-0.060000000000002274,144.0,145.0,84.0,90.0,0.0,0.0,5.11,1.95,3.0,3.0,-1.35,-1.32,0.47,0.47,6297.0,6125.0
1705.0,-0.060000000000002274,146.0,147.0,89.0,94.0,0.0,0.0,3.88,1.21,3.0,3.0,-1.51,-1.57,0.46,0.52,6293.0,6095.0
1710.0,-0.060000000000002274,147.0,148.0,90.0,95.0,0.0,0.0,3.98,2.14,3.0,3.0,-1.35,-1.36,0.45,0.5,6348.0,6129.0
1715.0,-0.060000000000002274,149.0,150.0,92.0,96.0,0.0,0.0,2.39,2.7,3.0,3.0,-1.39,-1.46,0.52,0.55,6376.0,6176.0
1720.0,-0.060000000000002274,151.0,152.0,90.0,94.0,0.0,0.0,3.64,1.37,3.0,3.0,-1.32,-1.35,0.52,0.58,6543.0,6357.0
1725.0,-0.060000000000002274,153.0,153.0,94.0,97.0,0.0,0.0,3.5,0.39,3.0,3.0,-1.44,-1.63,0.48,0.57,6518.0,6291.0
1730.0,-0.060000000000002274,154.0,155.0,95.0,97.0,0.0,0.0,3.55,0.15,3.0,3.0,-1.38,-1.45,0.55,0.51,6618.0,6422.0
1735.0,-0.060000000000002274,156.0,157.0,95.0,99.0,0.0,0.0,3.71,0.6,3.0,3.0,-1.41,-1.51,0.5,0.54,6649.0,6397.0
1740.0,-0.060000000000002274,158.0,158.0,97.0,100.0,0.0,0.0,3.22,1.7,3.0,3.0,-1.26,-1.4,0.52,0.51,6721.0,6457.0
1745.0,-0.060000000000002274,160.0,160.0,97.0,100.0,0.0,0.0,3.26,0.95,3.0,3.0,-1.38,-1.42,0.52,0.57,6819.0,6552.0
1750.0,-0.0800000000000125,161.0,162.0,99.0,100.0,0.0,0.0,3.5,1.57,3.0,3.0,-1.36,-1.42,0.5,0.51,6882.0,6553.0
1755.0,-0.060000000000002274,163.0,163.0,98.0,100.0,0.0,0.0,3.93,1.47,3.0,3.0,-1.32,-1.33,0.47,0.49,6934.0,6635.0
1760.0,-0.0800000000000125,165.0,165.0,99.0,100.0,0.0,0.0,3.59,1.64,3.0,3.0,-1.3,-1.27,0.48,0.45,7011.0,6666.0
1765.0,-0.060000000000002274,166.0,167.0,100.0,100.0,0.0,0.0,3.83,2.12,3.0,3.0,-1.22,-1.13,0.42,0.47,7060.0,6713.0
1770.0,-0.060000000000002274,168.0,168.0,100.0,100.0,0.0,0.0,3.21,3.04,3.0,3.0,-1.24,-1.21,0.46,0.55,7102.0,6781.0
1775.0,-0.0800000000000125,169.0,170.0,100.0,100.0,0.0,0.0,3.09,3.04,3.0,3.0,-1.19,-1.14,0.45,0.45,7178.0,6798.0
1780.0,-0.060000000000002274,171.0,172.0,100.0,100.0,0.0,0.0,3.17,2.96,3.0,3.0,-1.34,-1.2,0.44,0.47,7182.0,6865.0
1785.0,-0.060000000000002274,171.0,173.0,0.0,100.0,0.0,0.0,2.97,2.54,0.0,3.0,-1.11,-1.03,-0.11,0.43,6663.0,6896.0
1790.0,-0.060000000000002274,172.0,175.0,100.0,100.0,0.0,0.0,3.53,2.53,4.0,3.0,-0.99,-0.99,0.51,0.48,5939.0,7017.0
1795.0,-0.0800000000000125,174.0,176.0,100.0,100.0,0.0,0.0,3.05,2.33,4.0,3.0,-1.0,-1.05,0.44,0.43,5967.0,6999.0
1800.0,-0.0800000000000125,176.0,178.0,100.0,100.0,0.0,0.0,2.56,1.42,4.0,3.0,-0.92,-0.94,0.46,0.46,5977.0,7045.0
1805.0,-0.0800000000000125,177.0,179.0,100.0,100.0,0.0,0.0,2.47,1.6,4.0,3.0,-0.85,-0.79,0.5,0.37,6129.0,7172.0
1810.0,-0.0800000000000125,179.0,181.0,100.0,100.0,0.0,0.0,1.75,0.87,4.0,3.0,-0.77,-0.76,0.38,0.41,6103.0,7150.0
1815.0,-0.07999999999998408,180.0,182.0,100.0,39.0,0.0,0.0,1.15,0.69,4.0,1.0,-0.67,-0.58,0.46,0.41,6131.0,7173.0
1820.0,-0.0800000000000125,182.0,182.0,100.0,100.0,0.0,0.0,0.04,0.58,4.0,4.0,-0.46,-0.43,0.46,0.62,6185.0,6251.0
1825.0,-0.0800000000000125,184.0,184.0,100.0,100.0,0.0,0.0,-0.83,-0.52,4.0,4.0,-0.21,-0.27,0.45,0.38,6236.0,6024.0
1830.0,-0.0800000000000125,185.0,185.0,100.0,100.0,0.0,0.0,-1.62,-1.21,4.0,4.0,0.05,-0.08,0.44,0.43,6261.0,6050.0
1835.0,-0.060000000000002274,186.0,187.0,100.0,100.0,0.0,0.0,-1.83,-1.6,4.0,4.0,0.26,0.13,0.41,0.39,6340.0,6120.0
1840.0,-0.060000000000002274,188.0,188.0,100.0,100.0,0.0,0.0,-2.33,-2.58,4.0,4.0,0.43,0.4,0.41,0.38,6374.0,6164.0
1845.0,-0.0800000000000125,189.0,189.0,100.0,100.0,0.0,0.0,-2.71,-2.56,4.0,4.0,0.6,0.58,0.45,0.39,6428.0,6201.0
1850.0,-0.0800000000000125,191.0,191.0,100.0,100.0,0.0,0.0,-3.03,-2.49,4.0,4.0,0.77,0.79,0.41,0.4,6496.0,6259.0
1855.0,-0.060000000000002274,192.0,192.0,100.0,100.0,0.0,0.0,-3.03,-2.66,4.0,4.0,0.88,0.89,0.39,0.38,6498.0,6273.0
1860.0,-0.0800000000000125,193.0,193.0,100.0,100.0,0.0,0.0,-2.95,-2.77,4.0,4.0,0.87,0.88,0.37,0.36,6569.0,6332.0
1865.0,-0.0800000000000125,195.0,194.0,100.0,100.0,0.0,0.0,-2.66,-2.62,4.0,4.0,0.85,0.89,0.37,0.37,6610.0,6370.0
1870.0,-0.060000000000002274,195.0,196.0,88.0,98.0,8.0,0.0,-2.64,-2.26,4.0,4.0,0.91,0.97,0.32,0.38,6636.0,6421.0
1875.0,-0.0800000000000125,194.0,195.0,17.0,23.0,76.0,78.0,-2.42,-1.68,4.0,4.0,0.72,0.87,-1.28,-1.09,6313.0,6091.0
1880.0,-0.0800000000000125,188.0,188.0,69.0,0.0,100.0,100.0,-1.9,-1.5,0.0,0.0,0.47,0.52,-1.81,-1.5,6526.0,6441.0
1885.0,-0.07999999999998408,181.0,183.0,0.0,0.0,100.0,100.0,-2.74,-2.8,3.0,3.0,0.67,0.54,-2.51,-1.47,6358.0,6202.0
1890.0,-0.07999999999998408,174.0,175.0,0.0,0.0,100.0,100.0,-3.32,-4.41,3.0,3.0,0.57,0.79,-1.86,-1.65,6153.0,6001.0
1895.0,-0.0800000000000125,167.0,170.0,0.0,0.0,100.0,100.0,-3.46,-4.7,3.0,3.0,0.51,0.82,-1.42,-1.58,5984.0,5791.0
1900.0,-0.060000000000002274,162.0,163.0,0.0,69.0,100.0,100.0,-3.32,-5.63,3.0,0.0,0.91,0.98,-2.35,-2.17,5678.0,6641.0
1905.0,-0.0800000000000125,154.0,157.0,69.0,0.0,100.0,100.0,-2.79,-6.53,0.0,2.0,0.64,0.65,-1.56,-1.44,6305.0,6815.0
1910.0,-0.07999999999998408,148.0,150.0,0.0,0.0,100.0,100.0,-5.1,-8.05,2.0,2.0,0.69,0.95,-1.94,-1.85,6386.0,6361.0
1915.0,-0.07999999999998408,141.0,144.0,0.0,0.0,100.0,100.0,-7.69,-9.18,2.0,2.0,0.77,0.87,-1.78,-1.53,6088.0,6178.0
1920.0,-0.0800000000000125,132.0,135.0,0.0,0.0,100.0,100.0,-9.74,-10.54,2.0,2.0,0.74,1.08,-1.48,-1.39,5690.0,5767.0
1925.0,-0.07999999999998408,125.0,128.0,0.0,0.0,92.0,100.0,-11.05,-11.88,2.0,2.0,0.9,1.05,-1.51,-1.5,5346.0,5421.0
1930.0,-0.09999999999999432,117.0,121.0,0.0,0.0,78.0,100.0,-10.93,-13.01,2.0,2.0,1.01,0.86,-1.26,-1.21,5023.0,5133.0
1935.0,-0.10000000000002274,110.0,114.0,1.0,0.0,50.0,100.0,-13.08,-14.26,2.0,2.0,1.28,1.04,-1.0,-1.13,4772.0,4804.0
1940.0,-0.10000000000002274,105.0,107.0,6.0,0.0,15.0,78.0,-13.56,-16.14,2.0,2.0,1.44,1.17,-0.41,-1.09,5023.0,4401.0
1945.0,-0.12000000000000455,102.0,100.0,3.0,0.0,8.0,42.0,-14.35,-17.66,2.0,2.0,1.58,1.45,-0.25,-0.8,4934.0,4379.0
1950.0,-0.09999999999999432,99.0,95.0,0.0,0.0,6.0,7.0,-14.87,-18.15,2.0,2.0,1.69,1.73,-0.27,-0.35,4694.0,4452.0
1955.0,-0.09999999999999432,95.0,92.0,0.0,7.0,0.0,0.0,-14.89,-18.88,2.0,2.0,1.7,1.68,-0.19,-0.06,4533.0,4489.0
1960.0,-0.09999999999999432,92.0,90.0,0.0,0.0,0.0,0.0,-15.18,-19.79,2.0,2.0,1.65,1.63,-0.15,-0.12,4402.0,4290.0
1965.0,-0.10000000000002274,89.0,87.0,0.0,0.0,0.0,0.0,-16.56,-21.43,2.0,2.0,1.71,1.7,-0.15,-0.14,4246.0,4159.0
1970.0,-0.0800000000000125,85.0,84.0,0.0,0.0,9.0,4.0,-18.68,-23.38,2.0,2.0,1.68,1.6,-0.31,-0.21,4013.0,3986.0
1975.0,-0.0800000000000125,82.0,82.0,57.0,47.0,1.0,1.0,-20.32,-24.17,2.0,2.0,1.61,1.46,0.26,0.57,4396.0,4635.0
1980.0,-0.07999999999998408,82.0,85.0,55.0,42.0,0.0,1.0,-19.82,-23.4,2.0,2.0,1.55,1.51,0.35,0.48,4448.0,4629.0
1985.0,-0.09999999999999432,83.0,86.0,57.0,41.0,0.0,0.0,-18.95,-19.84,2.0,2.0,1.53,1.57,0.44,0.49,4568.0,4734.0
1990.0,-0.10000000000002274,85.0,88.0,58.0,44.0,0.0,0.0,-16.52,-11.34,2.0,2.0,1.57,1.66,0.48,0.54,4712.0,4857.0
1995.0,-0.12000000000000455,88.0,90.0,65.0,47.0,0.0,0.0,-8.68,-0.25,2.0,2.0,1.42,1.5,0.58,0.55,4997.0,5025.0
2000.0,-0.09999999999999432,91.0,92.0,63.0,50.0,0.0,0.0,0.92,8.69,2.0,2.0,1.53,1.66,0.68,0.63,5203.0,5077.0
2005.0,-0.09999999999999432,95.0,95.0,61.0,59.0,0.0,0.0,12.7,10.5,2.0,2.0,1.41,1.54,0.69,0.71,5400.0,5353.0
2010.0,-0.10000000000002274,98.0,98.0,63.0,65.0,0.0,0.0,16.99,14.96,2.0,2.0,1.28,1.46,0.71,0.78,5516.0,5586.0
2015.0,-0.09999999999999432,101.0,101.0,73.0,66.0,0.0,0.0,2.55,23.93,2.0,2.0,1.41,1.38,0.73,0.78,5588.0,5705.0
2020.0,-0.09999999999999432,105.0,105.0,80.0,71.0,0.0,0.0,-0.93,19.13,2.0,2.0,1.18,1.07,0.67,0.7,5679.0,5831.0
2025.0,-0.09999999999999432,109.0,109.0,83.0,87.0,0.0,0.0,-0.23,-2.9,2.0,2.0,1.0,1.13,0.71,0.75,5846.0,5897.0
2030.0,-0.12000000000000455,113.0,112.0,89.0,91.0,0.0,0.0,-1.45,0.23,2.0,2.0,0.99,1.01,0.79,0.83,6033.0,6001.0
2035.0,-0.09999999999999432,117.0,117.0,89.0,94.0,0.0,0.0,-2.11,1.77,2.0,2.0,0.88,0.93,0.74,0.84,6241.0,6209.0
2040.0,-0.10000000000002274,120.0,121.0,88.0,95.0,0.0,0.0,-3.28,-1.67,2.0,2.0,0.82,0.8,0.63,0.73,6472.0,6478.0
2045.0,-0.09999999999999432,124.0,125.0,95.0,100.0,0.0,0.0,-2.87,-1.43,2.0,2.0,0.91,0.92,0.74,0.72,6514.0,6459.0
2050.0,-0.10000000000002274,127.0,128.0,96.0,100.0,0.0,0.0,-2.37,-1.37,2.0,2.0,0.82,0.83,0.9,0.78,6681.0,6648.0
2055.0,-0.09999999999999432,131.0,132.0,94.0,100.0,0.0,0.0,-2.14,-2.04,2.0,2.0,0.8,0.72,0.62,0.6,6836.0,6782.0
2060.0,-0.10000000000002274,134.0,135.0,98.0,100.0,0.0,0.0,-2.21,-1.86,2.0,2.0,0.6,0.71,0.79,0.7,7022.0,6976.0
2065.0,-0.12000000000000455,137.0,137.0,100.0,100.0,0.0,0.0,-1.94,-0.67,2.0,2.0,0.63,0.57,0.39,0.7,7220.0,7111.0
2070.0,-0.09999999999999432,139.0,141.0,0.0,100.0,0.0,0.0,-1.46,-1.27,0.0,2.0,0.62,0.46,-0.05,0.74,6838.0,7190.0
2075.0,-0.12000000000000455,142.0,143.0,100.0,100.0,0.0,0.0,-1.13,-1.2,3.0,2.0,0.45,0.37,0.67,0.65,6007.0,7323.0
2080.0,-0.12000000000000455,144.0,145.0,100.0,100.0,0.0,0.0,-1.2,-0.91,3.0,3.0,0.24,0.25,0.35,0.81,6092.0,6288.0
2085.0,-0.12000000000000455,147.0,147.0,100.0,100.0,0.0,0.0,-1.19,-0.65,3.0,3.0,0.28,0.25,0.5,0.69,6131.0,5884.0
2090.0,-0.12000000000000455,150.0,150.0,100.0,100.0,0.0,0.0,-0.69,-0.74,3.0,3.0,0.18,0.19,0.59,0.68,6286.0,6019.0
2095.0,-0.12000000000000455,152.0,152.0,100.0,100.0,0.0,0.0,-0.54,-0.73,3.0,3.0,0.13,0.13,0.8,0.56,6429.0,6094.0
2100.0,-0.12000000000000455,155.0,155.0,100.0,100.0,0.0,0.0,-0.8,-0.8,3.0,3.0,0.15,0.17,0.59,0.59,6461.0,6169.0
2105.0,-0.12000000000000455,157.0,157.0,100.0,100.0,0.0,0.0,-0.8,-0.77,3.0,3.0,0.18,0.2,0.6,0.57,6578.0,6264.0
2110.0,-0.12000000000000455,159.0,160.0,100.0,100.0,0.0,0.0,-0.8,-0.93,3.0,3.0,0.21,0.25,0.59,0.59,6639.0,6327.0
2115.0,-0.12000000000000455,162.0,162.0,100.0,100.0,0.0,0.0,-0.59,-0.89,3.0,3.0,0.19,0.26,0.58,0.55,6758.0,6434.0
2120.0,-0.09999999999999432,164.0,164.0,100.0,100.0,0.0,0.0,-0.81,-0.83,3.0,3.0,0.21,0.28,0.54,0.54,6822.0,6520.0
2125.0,-0.12000000000000455,166.0,166.0,100.0,100.0,0.0,0.0,-0.88,-0.72,3.0,3.0,0.22,0.26,0.53,0.5,6916.0,6598.0
2130.0,-0.11999999999997613,168.0,168.0,100.0,100.0,0.0,0.0,-0.79,-0.57,3.0,3.0,0.25,0.27,0.56,0.55,6979.0,6647.0
2135.0,-0.09999999999999432,170.0,170.0,100.0,100.0,0.0,0.0,-0.84,-0.75,3.0,3.0,0.24,0.25,0.51,0.51,7057.0,6749.0
2140.0,-0.12000000000003297,172.0,172.0,100.0,100.0,0.0,0.0,-0.94,-0.87,3.0,3.0,0.25,0.24,0.46,0.5,7149.0,6820.0
2145.0,-0.11999999999997613,173.0,174.0,0.0,100.0,0.0,0.0,-0.97,-0.83,0.0,3.0,0.29,0.29,-0.09,0.52,7011.0,6873.0
2150.0,-0.11999999999997613,174.0,176.0,100.0,100.0,0.0,0.0,-1.08,-0.95,4.0,3.0,0.29,0.3,0.77,0.49,5855.0,6940.0
2155.0,-0.12000000000003297,176.0,177.0,100.0,100.0,0.0,0.0,-1.29,-1.13,4.0,3.0,0.3,0.31,0.46,0.48,5992.0,7020.0
2160.0,-0.11999999999997613,178.0,179.0,100.0,100.0,0.0,0.0,-1.38,-1.26,4.0,3.0,0.38,0.39,0.49,0.46,6027.0,7067.0
2165.0,-0.12000000000003297,179.0,181.0,100.0,100.0,0.0,0.0,-1.55,-1.37,4.0,3.0,0.4,0.42,0.46,0.45,6099.0,7140.0
2170.0,-0.11999999999997613,181.0,182.0,100.0,100.0,0.0,0.0,-2.06,-1.64,4.0,3.0,0.51,0.5,0.46,0.44,6146.0,7194.0
2175.0,-0.11999999999997613,183.0,184.0,100.0,100.0,0.0,0.0,-2.05,-1.68,4.0,3.0,0.53,0.53,0.41,0.41,6195.0,7243.0
2180.0,-0.12000000000003297,184.0,185.0,100.0,100.0,0.0,0.0,-2.13,-1.73,4.0,3.0,0.6,0.58,0.47,0.41,6246.0,7296.0
2185.0,-0.11999999999997613,186.0,186.0,100.0,0.0,0.0,0.0,-2.1,-1.77,4.0,0.0,0.7,0.68,0.45,-0.1,6303.0,6881.0
2190.0,-0.12000000000003297,187.0,187.0,100.0,100.0,0.0,0.0,-2.22,-2.1,4.0,4.0,0.64,0.64,0.42,0.3,6356.0,6145.0
2195.0,-0.13999999999995794,189.0,188.0,100.0,100.0,0.0,0.0,-2.56,-2.6,4.0,4.0,0.74,0.66,0.43,0.42,6430.0,6185.0
2200.0,-0.12000000000003297,190.0,190.0,100.0,100.0,0.0,0.0,-2.34,-1.99,4.0,4.0,0.81,0.82,0.42,0.41,6426.0,6186.0
2205.0,-0.11999999999997613,191.0,191.0,100.0,100.0,0.0,0.0,-2.38,-2.19,4.0,4.0,0.83,0.85,0.43,0.4,6478.0,6228.0
2210.0,-0.12000000000003297,193.0,192.0,100.0,100.0,0.0,0.0,-2.57,-2.39,4.0,4.0,0.77,0.81,0.42,0.39,6552.0,6304.0
2215.0,-0.11999999999997613,194.0,193.0,100.0,100.0,0.0,0.0,-2.8,-2.45,4.0,4.0,0.83,0.9,0.4,0.4,6570.0,6322.0
2220.0,-0.12000000000003297,195.0,195.0,100.0,100.0,0.0,0.0,-2.89,-2.34,4.0,4.0,0.97,0.99,0.41,0.4,6611.0,6350.0
2225.0,-0.11999999999997613,196.5,196.0,100.0,100.0,0.0,0.0,-2.92,-2.475,4.0,4.0,0.875,0.87,0.35,0.36,6670.0,6414.0
2230.0,-0.12000000000003297,198.0,197.0,100.0,100.0,0.0,0.0,-2.98,-2.26,4.0,4.0,1.03,1.02,0.4,0.38,6700.0,6436.0
2235.0,-0.11999999999997613,199.0,198.0,100.0,100.0,0.0,0.0,-2.99,-2.2,4.0,4.0,0.95,0.92,0.36,0.34,6761.0,6480.0
2240.0,-0.12000000000003297,200.0,199.0,100.0,100.0,0.0,0.0,-3.01,-2.1,4.0,4.0,1.09,0.99,0.38,0.38,6764.0,6498.0
2245.0,-0.11999999999997613,201.0,200.0,100.0,100.0,0.0,0.0,-3.02,-2.11,4.0,4.0,0.98,0.89,0.33,0.34,6816.0,6552.0
2250.0,-0.11999999999997613,202.0,201.0,100.0,100.0,0.0,0.0,-3.11,-2.13,4.0,4.0,1.06,0.95,0.38,0.36,6851.0,6578.0
2255.0,-0.10999999999998522,203.0,202.0,100.0,100.0,0.0,0.0,-3.05,-2.14,4.0,4.0,1.06,0.96,0.345,0.34,6871.5,6601.0
2260.0,-0.11999999999997613,204.0,203.0,100.0,100.0,0.0,0.0,-2.84,-2.13,4.0,4.0,1.01,0.88,0.36,0.36,6916.0,6640.0
2265.0,-0.12000000000003297,205.0,204.0,100.0,100.0,0.0,0.0,-2.62,-2.08,4.0,4.0,1.06,0.97,0.35,0.35,6955.0,6679.0
2270.0,-0.11999999999997613,206.0,205.0,100.0,100.0,0.0,0.0,-2.24,-1.98,4.0,4.0,0.97,0.91,0.35,0.33,6974.0,6701.0
2275.0,-0.11999999999997613,207.0,206.0,100.0,100.0,0.0,0.0,-2.27,-1.96,4.0,4.0,0.88,0.86,0.33,0.32,7025.0,6748.0
2280.0,-0.11000000000001364,208.0,207.0,100.0,100.0,0.0,0.0,-2.32,-2.05,4.0,4.0,1.0,0.98,0.31,0.32999999999999996,7026.0,6752.0
2285.0,-0.11999999999997613,209.0,208.0,100.0,100.0,0.0,0.0,-2.32,-2.33,4.0,4.0,0.86,0.88,0.3,0.29,7071.0,6802.0
2290.0,-0.12000000000003297,210.0,209.0,100.0,100.0,0.0,0.0,-2.08,-2.19,4.0,4.0,0.89,0.96,0.31,0.32,7088.0,6822.0
2295.0,-0.12000000000003297,209.0,210.0,53.0,75.0,68.0,16.0,-1.62,-1.91,4.0,4.0,0.84,1.09,-0.98,0.02,6909.0,6772.0
2300.0,-0.12000000000003297,203.0,206.0,0.0,0.0,100.0,100.0,-1.35,-1.59,4.0,4.0,0.38,0.63,-1.82,-1.77,6282.0,6336.0
2305.0,-0.12000000000003297,197.0,200.0,42.0,14.0,100.0,100.0,-1.47,-1.08,0.0,0.0,0.46,0.61,-2.03,-1.96,7158.0,6723.0
2310.0,-0.11999999999997613,190.0,193.0,0.0,0.0,100.0,100.0,-2.0,-0.6,3.0,3.0,0.54,0.79,-2.03,-1.93,7098.0,6793.0
2315.0,-0.14000000000001478,182.0,188.0,0.0,0.0,100.0,100.0,-2.52,-0.68,3.0,3.0,0.59,0.71,-2.03,-1.95,6618.0,6497.0
2320.0,-0.14000000000001478,176.0,182.0,0.0,0.0,100.0,100.0,-2.79,-1.14,3.0,3.0,0.66,0.83,-1.82,-1.85,6323.0,6260.0
2325.0,-0.14000000000001478,170.0,174.0,0.0,69.0,100.0,100.0,-2.4,-2.03,3.0,0.0,0.78,0.85,-1.83,-1.73,6165.0,7720.0
2330.0,-0.12000000000003297,162.0,166.0,0.0,0.0,100.0,100.0,-1.88,-3.6,3.0,2.0,0.72,0.85,-2.19,-2.02,5764.0,7185.0
2335.0,-0.14000000000001478,154.0,160.0,0.0,0.0,100.0,100.0,-3.45,-5.78,3.0,2.0,0.88,0.97,-1.99,-1.81,5386.0,6964.0
2340.0,-0.14000000000001478,147.0,152.0,0.0,0.0,99.0,100.0,-7.93,-8.17,3.0,2.0,1.08,1.29,-1.71,-1.85,5259.0,6683.0
2345.0,-0.14000000000001478,140.0,146.0,0.0,0.0,84.0,100.0,-10.97,-9.48,3.0,2.0,1.31,1.04,-1.57,-1.5,4941.0,6189.0
2350.0,-0.14000000000001478,133.0,137.0,0.0,0.0,37.0,98.0,-10.58,-10.24,3.0,2.0,1.51,1.26,-0.96,-1.54,4873.0,5786.0
2355.0,-0.1599999999999966,130.0,131.0,0.0,0.0,0.0,76.0,-10.91,-11.08,3.0,2.0,1.59,1.2,-0.23,-1.29,5165.0,5557.0
2360.0,-0.14000000000001478,128.0,124.0,0.0,0.0,0.0,38.0,-11.46,-11.19,3.0,2.0,1.76,1.56,-0.23,-0.89,5079.0,5423.0
2365.0,-0.14000000000001478,126.0,120.0,0.0,0.0,3.0,0.0,-12.99,-11.02,3.0,2.0,1.6,1.65,-0.25,-0.34,4984.0,5667.0
2370.0,-0.12000000000003297,123.0,117.0,0.0,0.0,10.0,0.0,-15.0,-9.87,3.0,0.0,1.82,1.84,-0.41,-0.1,4843.0,5414.0
2375.0,-0.13999999999995794,120.0,116.0,0.0,38.0,13.0,0.0,-16.77,8.5,3.0,3.0,1.84,1.65,-0.5,0.23,4658.0,4789.0
2380.0,-0.12000000000003297,118.0,116.0,72.0,45.0,5.0,0.0,-17.1,9.32,3.0,3.0,1.93,1.9,0.09,0.37,4951.0,4746.0
2385.0,-0.11999999999997613,118.0,117.0,75.0,63.0,0.0,0.0,-9.23,-2.31,3.0,3.0,1.89,1.87,0.27,0.52,5005.0,4933.0
2390.0,-0.14000000000001478,119.0,119.0,80.0,72.0,0.0,0.0,-8.48,-6.42,3.0,3.0,1.79,1.79,0.36,0.48,5099.0,5052.0
2395.0,-0.12000000000003297,120.0,120.0,71.0,81.0,0.0,0.0,-9.35,-6.05,3.0,3.0,1.54,1.83,0.39,0.5,5137.0,5082.0
2400.0,-0.13999999999995794,121.0,122.0,68.0,75.0,0.0,0.0,-10.69,-4.8,3.0,3.0,2.0,1.75,0.4,0.49,5283.0,5230.0
2405.0,-0.12000000000003297,122.0,124.0,59.0,71.0,0.0,0.0,-10.93,0.3,3.0,3.0,0.52,1.76,0.17,0.53,5811.0,5226.0
2410.0,-0.12000000000003297,124.0,125.0,56.0,71.0,0.0,0.0,-8.62,1.83,3.0,3.0,2.34,1.67,0.54,0.5,5517.0,5361.0
2415.0,-0.11999999999997613,125.0,126.0,59.0,66.0,0.0,0.0,-2.35,7.95,3.0,3.0,1.36,1.59,0.3,0.51,5654.0,5516.0
2420.0,-0.14000000000001478,126.0,128.0,58.0,66.0,0.0,0.0,20.65,11.5,3.0,3.0,1.41,1.54,0.47,0.48,5622.0,5467.0
2425.0,-0.14000000000001478,127.0,129.0,61.0,69.0,0.0,0.0,22.22,12.69,3.0,3.0,1.35,1.39,0.47,0.46,5669.0,5566.0
2430.0,-0.14000000000001478,128.0,130.0,65.0,67.0,0.0,0.0,11.48,16.92,3.0,3.0,1.24,1.25,0.42,0.46,5754.0,5671.0
2435.0,-0.13999999999995794,130.0,132.0,78.0,70.0,0.0,0.0,-2.45,14.81,3.0,3.0,1.29,1.15,0.34,0.41,5930.0,5735.0
2440.0,-0.1599999999999966,132.0,134.0,85.0,85.0,0.0,0.0,-1.16,7.88,3.0,3.0,1.23,1.33,0.48,0.56,5784.0,5661.0
2445.0,-0.14000000000001478,134.0,136.0,87.0,94.0,0.0,0.0,-0.56,-0.58,3.0,3.0,1.16,1.19,0.49,0.48,5837.0,5688.0
2450.0,-0.14000000000001478,136.0,138.0,94.0,100.0,0.0,0.0,1.73,-0.57,3.0,3.0,1.28,1.11,0.54,0.54,5826.0,5546.0
2455.0,-0.14000000000001478,138.0,140.0,100.0,100.0,0.0,0.0,4.22,2.34,3.0,3.0,0.77,0.39,0.6,0.51,5809.0,5785.0
2460.0,-0.1599999999999966,141.0,143.0,100.0,100.0,0.0,0.0,4.06,3.2,3.0,3.0,-0.26,-0.03,0.55,0.53,5946.0,5657.0
2465.0,-0.14000000000001478,143.0,145.0,100.0,100.0,0.0,0.0,3.44,3.13,3.0,3.0,-0.58,-0.47,0.51,0.57,6014.0,5877.0
2470.0,-0.14000000000001478,145.0,147.0,100.0,100.0,0.0,0.0,3.52,2.87,3.0,3.0,-0.74,-0.54,0.55,0.54,6114.0,5873.0
2475.0,-0.1599999999999966,147.0,148.0,100.0,100.0,0.0,0.0,3.17,2.83,3.0,3.0,-0.6,-0.71,0.45,0.13,6201.0,6010.0
2480.0,-0.1599999999999966,149.0,150.0,92.0,100.0,0.0,0.0,2.47,3.04,3.0,3.0,-0.68,-0.72,0.22,0.47,6499.0,5983.0
2485.0,-0.1599999999999966,150.0,152.0,100.0,100.0,0.0,0.0,3.0,2.26,3.0,3.0,-0.37,-0.58,0.04,0.41,7077.0,5924.0
2490.0,-0.1599999999999966,151.0,152.0,99.0,100.0,0.0,0.0,2.9,2.97,3.0,3.0,-2.26,-0.15,0.79,-0.14,6502.0,7699.0
2495.0,-0.13999999999995794,153.0,154.0,100.0,100.0,0.0,0.0,2.4,2.89,3.0,3.0,-1.31,-2.31,0.48,0.06,6406.0,5940.0
2500.0,-0.1599999999999966,155.0,154.0,100.0,100.0,0.0,0.0,2.71,2.37,3.0,3.0,-0.89,-0.63,0.47,0.22,6573.0,6265.0
2505.0,-0.1599999999999966,157.0,156.0,100.0,98.0,0.0,0.0,2.63,2.52,3.0,3.0,-1.01,-1.41,0.51,0.86,6551.0,6597.0
2510.0,-0.1599999999999966,159.0,158.0,100.0,100.0,0.0,0.0,2.88,2.67,3.0,3.0,-0.74,-1.11,0.41,0.33,6726.0,6338.0
2515.0,-0.14000000000001478,160.0,159.0,100.0,99.0,0.0,0.0,2.5,1.83,3.0,3.0,-0.81,-1.07,0.43,0.6,6691.0,6703.0
2520.0,-0.1599999999999966,162.0,161.0,100.0,100.0,0.0,0.0,2.28,2.07,3.0,3.0,-0.88,-1.31,0.48,0.41,6796.0,6508.0
2525.0,-0.13999999999995794,163.0,162.0,100.0,100.0,0.0,0.0,2.46,1.81,3.0,3.0,-0.74,-1.28,0.38,0.44,6886.0,6581.0
2530.0,-0.1599999999999966,165.0,164.0,100.0,100.0,0.0,0.0,2.51,1.04,3.0,3.0,-0.87,-1.35,0.43,0.45,6899.0,6609.0
2535.0,-0.14000000000001478,167.0,165.0,100.0,100.0,0.0,0.0,2.25,-0.43,3.0,3.0,-0.85,-1.25,0.46,0.44,6966.0,6623.0
2540.0,-0.1599999999999966,169.0,166.0,100.0,100.0,0.0,0.0,2.33,-0.55,3.0,3.0,-0.75,-0.98,0.41,0.41,7072.0,6655.0
2545.0,-0.1599999999999966,170.0,168.0,100.0,100.0,0.0,0.0,2.17,0.73,3.0,3.0,-0.74,-0.82,0.4,0.43,7085.0,6676.0
2550.0,-0.14000000000001478,171.0,170.0,100.0,100.0,0.0,0.0,1.76,1.86,3.0,3.0,-0.7,-0.67,0.36,0.43,7126.0,6730.0
2555.0,-0.14000000000001478,173.0,171.0,100.0,100.0,0.0,0.0,1.33,0.64,3.0,3.0,-0.64,-0.49,0.38,0.43,7167.0,6788.0
2560.0,-0.16000000000005343,173.0,172.0,100.0,100.0,0.0,0.0,1.52,0.34,4.0,3.0,-0.43,-0.41,0.54,0.4,6215.0,6894.0
2565.0,-0.1599999999999966,174.0,174.0,100.0,100.0,0.0,0.0,1.34,-0.25,4.0,3.0,-0.46,-0.16,0.51,0.37,5968.0,6970.0
2570.0,-0.14000000000001478,176.0,175.0,100.0,100.0,0.0,0.0,1.27,-0.24,4.0,3.0,-0.47,-0.08,0.4,0.64,6023.0,6971.0
2575.0,-0.13999999999995794,177.0,177.0,100.0,100.0,0.0,0.0,1.21,0.41,4.0,3.0,-0.2,0.09,0.11,0.27,6103.0,7087.0
2580.0,-0.14000000000001478,178.0,178.0,100.0,100.0,0.0,0.0,1.17,0.48,4.0,3.0,-0.27,0.13,0.4,0.29,6062.0,7098.0
2585.0,-0.14000000000001478,180.0,179.0,100.0,100.0,0.0,0.0,1.06,0.59,4.0,3.0,-0.22,0.06,0.37,0.35,6098.0,7125.0
2590.0,-0.14000000000001478,181.0,180.0,100.0,100.0,0.0,0.0,0.73,1.69,4.0,3.0,-0.21,0.02,0.34,0.29,6153.0,7118.0
2595.0,-0.14000000000001478,182.0,181.0,100.0,100.0,0.0,0.0,0.86,1.68,4.0,3.0,-0.27,-0.09,0.37,0.37,6190.0,7156.0
2600.0,-0.13999999999995794,183.0,183.0,100.0,100.0,0.0,0.0,0.66,1.35,4.0,3.0,-0.24,-0.25,0.36,0.32,6234.0,7223.0
2605.0,-0.14000000000001478,185.0,184.0,100.0,100.0,0.0,0.0,0.62,1.0,4.0,3.0,-0.25,-0.31,0.35,0.33,6277.0,7258.0
2610.0,-0.1500000000000341,186.0,185.0,100.0,100.0,0.0,0.0,0.54,0.045000000000000005,4.0,3.0,-0.24,-0.30000000000000004,0.41,0.32999999999999996,6318.0,7287.0
2615.0,-0.14000000000001478,187.0,186.0,100.0,100.0,0.0,0.0,0.58,0.72,4.0,3.0,-0.21,-0.28,0.33,0.31,6343.0,7324.0
2620.0,-0.13999999999995794,188.0,187.0,100.0,100.0,0.0,0.0,0.66,0.93,4.0,3.0,-0.21,-0.28,0.35,0.3,6398.0,7371.0
2625.0,-0.14000000000001478,190.0,188.0,100.0,100.0,0.0,0.0,0.65,1.43,4.0,3.0,-0.21,-0.35,0.34,0.28,6435.0,7405.0
2630.0,-0.14000000000001478,191.0,189.0,100.0,100.0,0.0,0.0,0.61,0.72,4.0,3.0,-0.24,-0.35,0.38,0.26,6454.0,7430.0
2635.0,-0.14000000000001478,192.0,190.0,100.0,100.0,0.0,0.0,0.65,0.74,4.0,3.0,-0.19,-0.33,0.34,0.25,6495.0,7458.0
2640.0,-0.13999999999995794,192.0,190.0,100.0,100.0,0.0,0.0,0.78,0.76,4.0,3.0,-0.1,-0.43,0.04,0.15,6651.0,7508.0
2645.0,-0.14000000000001478,194.0,191.0,93.0,100.0,4.0,0.0,1.59,1.32,4.0,3.0,-0.08,-0.22,0.28,0.02,6572.0,7532.0
2650.0,-0.11999999999997613,191.0,189.0,7.0,28.0,100.0,90.0,6.28,3.24,4.0,3.0,-0.39,-0.25,-1.87,-1.59,6137.0,7026.0
2655.0,-0.14000000000001478,185.0,184.0,0.0,0.0,100.0,100.0,13.27,7.53,4.0,3.0,-1.06,-0.8,-2.04,-2.13,5580.0,6456.0
2660.0,-0.12000000000003297,179.0,176.0,0.0,0.0,50.0,54.0,13.93,11.88,4.0,3.0,-1.24,-0.97,-1.41,-1.2,5347.0,6103.0
2665.0,-0.11999999999997613,176.0,173.0,17.0,21.0,0.0,0.0,13.69,10.99,4.0,3.0,-1.88,-1.65,-0.16,-0.4,5880.0,6710.0
2670.0,-0.12000000000003297,176.0,173.0,14.0,38.0,0.0,0.0,13.98,10.87,4.0,3.0,-1.72,-1.69,-0.09,-0.02,5891.0,6744.0
2675.0,-0.14000000000001478,174.0,172.0,14.0,16.0,0.0,0.0,14.66,11.77,4.0,3.0,-1.83,-1.61,-0.11,-0.17,5831.0,6628.0
2680.0,-0.14000000000001478,173.0,170.0,13.0,6.0,0.0,0.0,15.34,12.81,4.0,3.0,-1.83,-1.86,-0.13,-0.27,5777.0,6505.0
2685.0,-0.12000000000003297,172.0,168.0,12.0,3.0,0.0,0.0,16.36,13.99,4.0,3.0,-1.57,-1.66,-0.13,-0.28,5737.0,6417.0
2690.0,-0.11999999999997613,171.0,167.0,6.0,3.0,0.0,0.0,17.42,14.74,4.0,3.0,-2.0,-1.9,-0.18,-0.3,5674.0,6365.0
2695.0,-0.11999999999997613,170.0,165.0,0.0,2.0,0.0,0.0,18.46,15.28,4.0,3.0,-1.53,-1.7,-0.31,-0.27,5570.0,6313.0
2700.0,-0.11999999999997613,168.0,164.0,0.0,15.0,0.0,0.0,18.78,16.11,4.0,3.0,-1.7,-1.84,-0.31,-0.23,5534.0,6282.0
2705.0,-0.12000000000003297,166.0,162.0,0.0,20.0,0.0,0.0,18.81,16.57,4.0,3.0,-1.79,-1.89,-0.32,-0.19,5485.0,6267.0
2710.0,-0.12000000000003297,165.0,161.0,0.0,16.0,0.0,0.0,18.84,16.87,4.0,3.0,-1.69,-1.75,-0.3,-0.19,5429.0,6206.0
2715.0,-0.09999999999999432,163.0,160.0,0.0,27.0,0.0,0.0,18.93,17.18,4.0,3.0,-1.68,-1.64,-0.29,-0.2,5367.0,6175.0
2720.0,-0.11999999999997613,162.0,159.0,0.0,54.0,0.0,0.0,19.04,17.37,4.0,3.0,-1.78,-1.59,-0.3,0.14,5300.0,6388.0
2725.0,-0.10000000000005116,160.0,159.0,0.0,50.0,0.0,0.0,18.97,16.51,4.0,3.0,-2.04,-1.91,-0.31,0.13,5250.0,6317.0
2730.0,-0.10000000000005116,159.0,159.0,69.0,48.0,0.0,0.0,18.91,15.13,4.0,3.0,-1.63,-1.57,0.01,0.05,5415.0,6431.0
2735.0,-0.11999999999997613,158.0,159.0,77.0,53.0,0.0,0.0,18.03,13.95,4.0,3.0,-1.75,-1.75,0.08,0.17,5432.0,6422.0
2740.0,-0.09999999999999432,158.0,159.0,76.0,51.0,0.0,0.0,17.07,13.38,4.0,3.0,-1.66,-1.52,0.15,0.15,5446.0,6435.0
2745.0,-0.09999999999999432,158.0,159.0,77.0,61.0,0.0,0.0,17.13,10.92,4.0,3.0,-1.65,-1.67,0.19,0.27,5467.0,6511.0
2750.0,-0.12000000000003297,159.0,160.0,77.0,66.0,0.0,0.0,17.54,10.63,4.0,3.0,-1.56,-1.52,0.2,0.3,5512.0,6582.0
2755.0,-0.10000000000005116,159.0,160.0,76.0,78.0,0.0,0.0,17.31,6.01,4.0,3.0,-1.62,-1.49,0.29,0.4,5534.0,6702.0
2760.0,-0.11999999999997613,160.0,161.0,73.0,91.0,0.0,0.0,17.44,5.84,4.0,3.0,-1.69,-1.57,0.32,0.41,5598.0,6833.0
2765.0,-0.09999999999999432,161.0,163.0,73.0,91.0,0.0,0.0,17.63,7.6,4.0,3.0,-1.66,-1.61,0.28,0.45,5603.0,6673.0
2770.0,-0.12000000000003297,161.0,163.0,72.0,96.0,0.0,0.0,17.61,3.7,4.0,3.0,-1.73,-1.69,0.32,0.46,5644.0,6764.0
2775.0,-0.12000000000003297,162.0,165.0,70.0,96.0,0.0,0.0,17.46,3.65,4.0,3.0,-1.54,-1.57,0.26,0.43,5701.0,6821.0
2780.0,-0.11999999999997613,162.0,166.0,70.0,96.0,0.0,0.0,12.75,2.28,4.0,3.0,-1.73,-1.67,0.31,0.45,5675.0,6862.0
2785.0,-0.11999999999997613,163.0,167.0,80.0,98.0,0.0,0.0,7.62,2.64,4.0,3.0,-1.76,-1.66,0.36,0.42,5707.0,6825.0
2790.0,-0.11999999999997613,163.0,168.0,85.0,99.0,0.0,0.0,5.98,4.1,4.0,3.0,-1.62,-1.58,0.36,0.42,5746.0,6897.0
2795.0,-0.14000000000001478,164.0,169.0,84.0,99.0,0.0,0.0,6.49,5.11,4.0,3.0,-1.56,-1.61,0.35,0.4,5775.0,6928.0
2800.0,-0.12000000000003297,165.0,170.0,85.0,99.0,0.0,0.0,6.46,5.69,4.0,3.0,-1.68,-1.49,0.38,0.41,5793.0,6998.0
2805.0,-0.13999999999995794,166.0,171.0,86.0,97.0,0.0,0.0,6.0,6.16,4.0,3.0,-1.44,-1.46,0.32,0.39,5838.0,7016.0
2810.0,-0.14000000000001478,167.0,173.0,90.0,98.0,0.0,0.0,5.29,5.73,4.0,3.0,-1.57,-1.47,0.42,0.41,5838.0,7081.0
2815.0,-0.14000000000001478,168.0,173.0,92.0,99.0,0.0,0.0,4.2,4.56,4.0,3.0,-1.39,-1.47,0.34,0.38,5903.0,7116.0
2820.0,-0.16000000000005343,169.0,174.0,94.0,99.0,0.0,0.0,3.85,1.56,4.0,3.0,-1.5,-1.69,0.42,0.45,5908.0,7148.0
2825.0,-0.14000000000001478,170.0,176.0,94.0,99.0,0.0,0.0,4.22,1.19,4.0,3.0,-1.34,-1.28,0.37,0.33,6032.0,7212.0
2830.0,-0.14000000000001478,172.0,176.0,98.0,0.0,0.0,0.0,3.27,1.92,4.0,0.0,-1.5,-1.42,0.56,-0.12,5969.0,6875.0
2835.0,-0.13999999999995794,172.0,176.0,96.0,99.0,0.0,0.0,3.83,4.22,4.0,4.0,-1.13,-0.88,0.29,0.16,6087.0,6103.0
2840.0,-0.1599999999999966,174.0,178.0,100.0,100.0,0.0,0.0,2.4,3.65,4.0,4.0,-1.57,-1.72,0.53,0.47,6021.0,5886.0
2845.0,-0.1599999999999966,175.0,179.0,100.0,100.0,0.0,0.0,2.37,4.27,4.0,4.0,-1.5,-1.01,0.45,0.39,6073.0,5950.0
2850.0,-0.1599999999999966,176.0,180.0,100.0,100.0,0.0,0.0,1.95,3.6,4.0,4.0,-0.5,-1.06,0.44,0.22,6184.0,6164.0
2855.0,-0.1599999999999966,178.0,181.0,100.0,100.0,0.0,0.0,1.97,0.58,4.0,4.0,-0.33,-1.02,0.22,0.44,6275.0,6151.0
2860.0,-0.1599999999999966,179.0,182.0,100.0,100.0,0.0,0.0,2.66,1.08,4.0,4.0,-0.22,-1.08,0.47,0.41,6232.0,6320.0
2865.0,-0.1599999999999966,180.0,183.0,100.0,98.0,0.0,0.0,3.67,-3.22,4.0,4.0,-0.26,-0.95,0.63,0.5,6353.0,6458.0
2870.0,-0.1599999999999966,182.0,184.0,100.0,100.0,0.0,0.0,3.82,-3.25,4.0,4.0,-0.32,-1.43,0.14,0.65,6265.0,6273.0
2875.0,-0.1599999999999966,183.0,185.0,100.0,100.0,0.0,0.0,2.96,-4.82,4.0,4.0,-0.25,-1.2,0.08,0.44,6347.0,6314.0
2880.0,-0.1799999999999784,184.0,187.0,100.0,100.0,0.0,0.0,1.8,-5.64,4.0,4.0,-0.39,-1.04,0.33,0.4,6560.0,6122.0
2885.0,-0.18000000000003524,185.0,187.0,100.0,100.0,0.0,0.0,1.91,-5.67,4.0,4.0,-0.44,-0.15,0.39,0.21,6545.0,6280.0
2890.0,-0.1599999999999966,186.0,189.0,100.0,100.0,0.0,0.0,1.16,-1.11,4.0,4.0,-0.37,0.35,0.1,0.25,6430.0,6214.0
2895.0,-0.16000000000005343,188.0,190.0,100.0,100.0,0.0,0.0,1.02,1.47,4.0,4.0,-0.27,0.62,0.2,0.3,6412.0,6244.0
2900.0,-0.1799999999999784,189.0,191.0,100.0,100.0,0.0,0.0,0.51,0.45,4.0,4.0,-0.17,0.59,0.33,0.43,6464.0,6286.0
2905.0,-0.18000000000003524,191.0,193.0,100.0,100.0,0.0,0.0,0.36,-0.12,4.0,4.0,-0.15,0.44,0.62,0.39,6473.0,6291.0
2910.0,-0.1599999999999966,192.0,194.0,100.0,100.0,0.0,0.0,0.36,0.18,4.0,4.0,-0.08,0.29,0.54,0.4,6546.0,6336.0
2915.0,-0.18000000000003524,193.0,195.0,100.0,100.0,0.0,0.0,0.4,0.34,4.0,4.0,-0.02,0.18,0.45,0.38,6588.0,6375.0
2920.0,-0.1799999999999784,195.0,196.0,100.0,100.0,0.0,0.0,0.2,-0.1,4.0,4.0,0.01,0.13,0.41,0.36,6598.0,6419.0
2925.0,-0.17000000000004434,196.0,198.0,100.0,100.0,0.0,0.0,0.13,0.24,4.0,4.0,-0.01,0.08,0.38,0.375,6628.0,6465.5
2930.0,-0.1799999999999784,197.0,199.0,100.0,100.0,0.0,0.0,0.1,0.19,4.0,4.0,-0.03,0.05,0.38,0.37,6673.0,6482.0
2935.0,-0.1699999999999875,198.0,200.0,100.0,100.0,0.0,0.0,-0.12,-0.005,4.0,4.0,0.0,0.03,0.38,0.36,6709.0,6523.5
2940.0,-0.1799999999999784,199.0,201.0,100.0,100.0,0.0,0.0,-0.19,0.12,4.0,4.0,0.01,0.01,0.41,0.38,6773.0,6584.0
2945.0,-0.1699999999999875,201.0,202.5,100.0,100.0,0.0,0.0,-0.11,0.045,4.0,4.0,0.03,0.015,0.36,0.345,6785.0,6608.0
2950.0,-0.18000000000003524,202.0,203.0,100.0,100.0,0.0,0.0,-0.1,0.02,4.0,4.0,0.05,0.01,0.37,0.37,6833.0,6634.0
2955.0,-0.1799999999999784,203.0,204.0,100.0,100.0,0.0,0.0,-0.08,0.01,4.0,4.0,0.04,0.01,0.36,0.34,6861.0,6660.0
2960.0,-0.18000000000003524,204.0,206.0,100.0,100.0,0.0,0.0,-0.03,0.03,4.0,4.0,0.04,0.02,0.37,0.35,6909.0,6715.0
2965.0,-0.1799999999999784,205.0,207.0,100.0,100.0,0.0,0.0,-0.06,0.04,4.0,4.0,0.04,0.02,0.36,0.34,6949.0,6742.0
2970.0,-0.18999999999999773,206.5,208.0,100.0,100.0,0.0,0.0,-0.01,-0.03,4.0,4.0,0.04,0.02,0.345,0.33,6979.5,6762.0
2975.0,-0.18000000000003524,208.0,209.0,100.0,100.0,0.0,0.0,-0.05,0.0,4.0,4.0,0.04,0.02,0.37,0.35,7026.0,6816.0
2980.0,-0.1799999999999784,209.0,210.0,100.0,100.0,0.0,0.0,-0.05,0.03,4.0,4.0,0.04,0.02,0.35,0.33,7041.0,6830.0
2985.0,-0.18999999999999773,210.0,211.0,100.0,100.0,0.0,0.0,-0.08499999999999999,-0.07,4.0,4.0,0.04,0.03,0.335,0.3,7097.0,6879.0
2990.0,-0.18999999999999773,211.0,212.0,100.0,100.0,0.0,0.0,-0.1,0.1,4.0,4.0,0.04,0.015,0.31,0.32,7105.0,6890.5
2995.0,-0.1799999999999784,212.0,213.0,100.0,100.0,0.0,0.0,-0.11,0.06,4.0,4.0,0.03,0.01,0.3,0.31,7140.0,6931.0
3000.0,-0.18000000000003524,212.0,214.0,100.0,100.0,0.0,0.0,-0.12,0.04,4.0,4.0,0.04,0.0,0.26,0.31,7170.0,6978.0
3005.0,-0.19000000000002615,213.0,215.0,19.5,100.0,0.0,0.0,-0.095,0.03,1.0,4.0,0.04,0.01,0.07,0.32,7050.0,7003.0
3010.0,-0.20000000000001705,213.0,215.0,100.0,100.0,0.0,0.0,-0.09,-0.03,5.0,4.0,0.05,0.01,0.37,0.32,6086.0,7013.0
3015.0,-0.19000000000002615,214.0,216.5,100.0,100.0,0.0,0.0,-0.02,0.075,5.0,4.0,0.04,0.01,0.31,0.31,6148.0,7047.0
3020.0,-0.18999999999999773,215.0,217.0,100.0,100.0,0.0,0.0,-0.05,-0.11499999999999999,5.0,4.0,0.03,0.025,0.29,0.29,6170.0,7072.5
3025.0,-0.1799999999999784,216.0,218.0,100.0,100.0,0.0,0.0,-0.05,-0.07,5.0,4.0,0.02,0.04,0.34,0.29,6200.0,7102.0
3030.0,-0.18000000000003524,217.0,219.0,100.0,100.0,0.0,0.0,0.0,-0.06,5.0,4.0,0.02,0.04,0.3,0.28,6223.0,7128.0
3035.0,-0.19000000000002615,218.0,220.0,100.0,100.0,0.0,0.0,-0.01,-0.08,5.0,4.0,0.02,0.04,0.315,0.27,6253.5,7159.0
3040.0,-0.20000000000001705,219.0,221.0,100.0,100.0,0.0,0.0,-0.01,-0.01,5.0,4.0,0.02,0.04,0.29,0.28,6277.0,7180.0
3045.0,-0.20000000000001705,220.0,222.0,100.0,100.0,0.0,0.0,0.07,0.0,5.0,4.0,0.01,0.05,0.31,0.26,6309.0,7211.0
3050.0,-0.20000000000001705,220.0,222.0,100.0,0.0,0.0,0.0,0.02,-0.03,5.0,0.0,0.01,0.05,0.3,0.07,6323.0,7126.0
3055.0,-0.1999999999999602,221.0,222.0,100.0,100.0,0.0,0.0,0.07,0.05,5.0,5.0,0.01,0.02,0.29,0.54,6347.0,6460.0
3060.0,-0.20000000000001705,222.0,223.0,100.0,100.0,0.0,0.0,0.09,-0.04,5.0,5.0,0.0,0.04,0.29,0.26,6379.0,6337.0
3065.0,-0.20000000000001705,223.0,224.0,100.0,100.0,0.0,0.0,0.08,0.01,5.0,5.0,-0.01,0.02,0.28,0.28,6401.0,6368.0
3070.0,-0.20000000000001705,224.0,224.0,100.0,100.0,0.0,0.0,0.11,0.04,5.0,5.0,-0.02,0.02,0.29,0.27,6410.0,6382.0
3075.0,-0.1999999999999602,225.0,225.0,100.0,100.0,0.0,0.0,0.01,-0.09,5.0,5.0,-0.03,0.03,0.28,0.27,6447.0,6401.0
3080.0,-0.20000000000001705,226.0,226.0,100.0,100.0,0.0,0.0,0.02,-0.05,5.0,5.0,-0.01,0.04,0.29,0.26,6459.0,6425.0
3085.0,-0.20000000000001705,226.0,227.0,100.0,100.0,0.0,0.0,0.03,-0.05,5.0,5.0,0.0,0.04,0.26,0.27,6500.0,6460.0
3090.0,-0.1999999999999602,227.0,228.0,100.0,100.0,0.0,0.0,0.0,-0.03,5.0,5.0,-0.01,0.04,0.27,0.27,6516.0,6477.0
3095.0,-0.20000000000001705,228.0,228.0,100.0,100.0,0.0,0.0,-0.05,0.01,5.0,5.0,0.01,0.05,0.27,0.26,6532.0,6493.0
3100.0,-0.20000000000001705,229.0,229.0,100.0,100.0,0.0,0.0,-0.06,-0.03,5.0,5.0,0.01,0.05,0.28,0.26,6554.0,6515.0
3105.0,-0.20000000000001705,229.0,230.0,100.0,100.0,0.0,0.0,-0.09,-0.03,5.0,5.0,0.03,0.04,0.27,0.27,6571.0,6532.0
3110.0,-0.1999999999999602,230.0,231.0,100.0,100.0,0.0,0.0,-0.14,0.08,5.0,5.0,0.04,0.04,0.28,0.26,6603.0,6553.0
3115.0,-0.18999999999999773,231.0,231.0,100.0,100.0,0.0,0.0,-0.21500000000000002,-0.01,5.0,5.0,0.055,0.03,0.27,0.25,6623.5,6584.0
3120.0,-0.20000000000001705,232.0,232.0,100.0,100.0,0.0,0.0,-0.27,-0.025,5.0,5.0,0.08499999999999999,0.025,0.28,0.265,6638.0,6594.0
3125.0,-0.18999999999999773,232.0,233.0,100.0,100.0,0.0,0.0,-0.3,-0.01,5.0,5.0,0.1,0.03,0.27,0.255,6641.0,6601.5
3130.0,-0.20000000000001705,233.0,233.0,100.0,100.0,0.0,0.0,-0.36,-0.08,5.0,5.0,0.11,0.04,0.23,0.25,6699.0,6645.0
3135.0,-0.20000000000001705,234.0,234.0,100.0,100.0,0.0,0.0,-0.39,-0.09,5.0,5.0,0.14,0.04,0.27,0.28,6686.0,6645.0
3140.0,-0.20000000000001705,235.0,235.0,100.0,100.0,0.0,0.0,-0.42,-0.18,5.0,5.0,0.16,0.06,0.22,0.25,6722.0,6666.0
3145.0,-0.20000000000001705,235.0,235.0,100.0,100.0,0.0,0.0,-0.38,-0.24,5.0,5.0,0.17,0.07,0.24,0.25,6731.0,6690.0
3150.0,-0.19999999999998863,236.0,236.0,100.0,100.0,0.0,0.0,-0.39,-0.355,5.0,5.0,0.17,0.10500000000000001,0.255,0.24,6759.0,6709.0
3155.0,-0.1899999999999693,236.0,237.0,100.0,100.0,0.0,0.0,-0.4,-0.46499999999999997,5.0,5.0,0.18,0.11499999999999999,0.2,0.28,6786.0,6748.0
3160.0,-0.20000000000001705,237.0,237.0,100.0,100.0,0.0,0.0,-0.37,-0.55,5.0,5.0,0.22,0.18,0.32,0.13,6794.0,6749.0
3165.0,-0.20000000000001705,238.0,238.0,100.0,100.0,0.0,0.0,-0.37,-0.53,5.0,5.0,0.18,0.16,0.29,0.17,6813.0,6751.0
3170.0,-0.19000000000002615,238.0,238.0,100.0,100.0,0.0,0.0,-0.425,-0.54,5.0,5.0,0.125,0.13,0.25,0.3,6854.5,6786.0
3175.0,-0.19999999999998863,239.0,239.0,100.0,100.0,0.0,0.0,-0.6950000000000001,-0.65,5.0,5.0,0.1,0.155,0.14,0.22,6852.5,6805.0
3180.0,-0.1999999999999602,240.0,239.0,100.0,100.0,0.0,0.0,-0.84,-0.86,5.0,5.0,0.14,0.2,0.32,0.25,6849.0,6805.0
3185.0,-0.20000000000001705,240.0,240.0,100.0,100.0,0.0,0.0,-0.89,-0.83,5.0,5.0,0.21,0.28,0.19,0.2,6894.0,6829.0
3190.0,-0.19000000000002615,241.0,241.0,100.0,100.0,0.0,0.0,-0.9550000000000001,-0.72,5.0,5.0,0.22,0.23,0.17500000000000002,0.28,6923.0,6867.0
3195.0,-0.19000000000002615,241.0,240.5,90.0,63.5,5.0,55.0,-0.97,-0.495,5.0,5.0,0.49,0.245,0.35,-0.705,6891.0,6711.0
3200.0,-0.20000000000001705,239.0,237.0,9.0,48.0,100.0,100.0,-0.82,-0.05,5.0,0.0,0.26,0.18,-2.07,-1.96,6575.0,7350.0
3205.0,-0.1999999999999602,233.0,231.0,69.0,0.0,100.0,100.0,-0.52,0.4,0.0,4.0,0.25,0.08,-2.04,-2.57,7231.0,6858.0
3210.0,-0.20000000000001705,228.0,225.0,0.0,0.0,100.0,100.0,-0.46,0.14,4.0,4.0,0.33,0.13,-1.48,-1.76,7074.0,6704.0
3215.0,-0.20000000000001705,222.0,219.0,0.0,0.0,100.0,100.0,-0.51,-0.14,4.0,4.0,0.44,0.07,-2.57,-2.31,6768.0,6545.0
3220.0,-0.1999999999999602,216.0,214.0,0.0,0.0,100.0,100.0,-0.25,-0.08,4.0,4.0,0.32,0.19,-1.93,-2.58,6557.0,6426.0
3225.0,-0.19000000000002615,211.0,207.5,0.0,34.5,100.0,100.0,-0.27,-0.27,4.0,0.0,0.24,0.195,-1.83,-1.965,6043.0,7093.0
3230.0,-0.19000000000002615,204.0,201.0,69.0,0.0,100.0,100.0,0.19,-0.65,0.0,3.0,0.53,0.24,-2.07,-1.67,7006.5,7064.0
3235.0,-0.1899999999999693,197.0,195.0,0.0,0.0,100.0,100.0,0.14,-0.545,3.0,3.0,0.52,0.275,-2.3,-1.9049999999999998,7106.0,6879.5
3240.0,-0.20000000000001705,192.0,189.0,0.0,0.0,100.0,100.0,0.04,-1.01,3.0,3.0,0.41,0.22,-2.0,-1.48,6700.0,6408.0
3245.0,-0.1799999999999784,186.0,182.0,0.0,0.0,100.0,100.0,0.12,-1.3,3.0,3.0,0.55,0.49,-2.15,-1.89,6646.0,6251.0
3250.0,-0.1799999999999784,179.0,176.0,0.0,0.0,100.0,100.0,-0.46,-1.79,3.0,3.0,0.5,0.65,-1.78,-1.87,6183.0,5985.0
3255.0,-0.20000000000001705,172.0,169.0,0.0,0.0,100.0,100.0,-0.24,-2.03,3.0,3.0,0.65,0.89,-1.77,-1.78,6047.0,5702.0
3260.0,-0.1799999999999784,165.0,163.0,0.0,0.0,100.0,100.0,-0.58,-2.05,3.0,3.0,0.61,0.9,-1.55,-1.58,5811.0,5455.0
3265.0,-0.1799999999999784,157.0,155.0,0.0,69.0,100.0,100.0,-1.63,-1.77,3.0,0.0,0.73,0.92,-1.66,-1.65,5517.0,5416.0
3270.0,-0.1799999999999784,152.0,149.0,0.0,0.0,100.0,100.0,-2.94,-1.18,3.0,2.0,0.67,0.73,-1.52,-1.5,5243.0,6503.0
3275.0,-0.1799999999999784,143.0,142.0,0.0,0.0,100.0,100.0,-4.61,-1.85,2.0,2.0,0.89,0.8,-1.61,-1.68,6258.0,6088.0
3280.0,-0.1799999999999784,136.0,135.0,0.0,0.0,100.0,100.0,-4.4,-2.38,2.0,2.0,0.9,0.79,-1.59,-1.57,5859.0,5752.0
3285.0,-0.1799999999999784,128.0,127.0,0.0,0.0,100.0,90.0,-3.55,-3.86,2.0,2.0,0.96,0.86,-1.51,-1.5,5490.0,5329.0
3290.0,-0.1599999999999966,121.0,118.0,0.0,1.0,99.0,80.0,-3.43,-6.12,2.0,2.0,0.94,1.02,-1.45,-1.25,5099.0,5163.0
3295.0,-0.1799999999999784,112.0,112.0,0.0,5.0,87.0,70.0,-6.05,-6.67,2.0,2.0,1.01,1.1,-1.33,-1.09,4798.0,4937.0
3300.0,-0.1599999999999966,105.0,105.0,0.0,14.0,71.0,53.0,-11.48,-9.32,2.0,2.0,1.05,1.25,-1.19,-0.88,4468.0,4918.0
3305.0,-0.1599999999999966,97.0,99.0,0.0,11.0,38.0,37.0,-14.81,-9.31,2.0,2.0,1.48,1.45,-0.91,-0.72,4293.0,4679.0
3310.0,-0.18000000000003524,93.0,95.0,6.0,0.0,0.0,22.0,-16.19,-9.87,2.0,2.0,1.7,1.58,-0.04,-0.41,4655.0,4556.0
3315.0,-0.1799999999999784,91.0,91.0,0.0,0.0,0.0,17.0,-18.29,-8.71,2.0,2.0,1.59,1.55,-0.2,-0.46,4409.0,4286.0
3320.0,-0.1799999999999784,88.0,88.0,0.0,0.0,8.0,0.0,-20.34,-9.45,2.0,2.0,1.5,1.49,-0.34,-0.14,4209.0,4257.0
3325.0,-0.1799999999999784,84.0,86.0,0.0,0.0,13.0,0.0,-22.03,-14.36,2.0,2.0,1.55,1.41,-0.41,-0.14,3998.0,4156.0
3330.0,-0.1799999999999784,80.0,83.0,46.0,0.0,8.0,7.0,-23.0,-21.3,2.0,2.0,1.38,1.46,0.0,-0.32,4156.0,4009.0
3335.0,-0.20000000000001705,79.0,82.0,44.0,37.0,1.0,0.0,-21.25,-22.3,2.0,2.0,1.29,1.28,0.19,0.64,4205.0,4462.0
3340.0,-0.1999999999999602,80.0,84.0,46.0,36.0,0.0,0.0,-16.5,-18.3,2.0,2.0,1.32,1.63,0.27,0.52,4255.0,4599.0
3345.0,-0.21999999999999886,82.0,85.0,51.0,33.0,0.0,0.0,-16.68,-11.83,2.0,2.0,1.38,1.38,0.37,0.31,4379.0,4690.0
3350.0,-0.21999999999999886,84.0,86.0,47.0,32.0,0.0,0.0,-12.66,-3.11,2.0,2.0,1.33,1.39,0.34,0.24,4625.0,4678.0
3355.0,-0.2200000000000557,86.0,86.0,46.0,32.0,0.0,0.0,-8.75,7.63,2.0,2.0,1.37,1.48,0.42,0.3,4751.0,4640.0
3360.0,-0.21999999999999886,89.0,87.0,42.0,35.0,0.0,0.0,-0.56,9.45,2.0,2.0,1.3,1.39,0.45,0.34,5033.0,4741.0
3365.0,-0.21999999999999886,91.0,88.0,42.0,38.0,0.0,0.0,7.7,17.35,2.0,2.0,1.32,1.35,0.48,0.39,5160.0,4770.0
3370.0,-0.20000000000001705,93.0,89.0,41.0,45.0,0.0,0.0,14.72,19.26,2.0,2.0,1.35,1.38,0.54,0.51,5318.0,4934.0
3375.0,-0.1999999999999602,95.0,91.0,44.0,54.0,0.0,0.0,18.36,19.04,2.0,2.0,1.27,1.2,0.53,0.6,5412.0,5191.0
3380.0,-0.1799999999999784,97.0,94.0,58.0,61.0,0.0,0.0,18.86,18.37,2.0,2.0,1.15,1.09,0.59,0.6,5648.0,5374.0
3385.0,-0.1799999999999784,100.0,97.0,60.0,69.0,0.0,0.0,18.31,12.19,2.0,2.0,1.19,1.13,0.62,0.66,5789.0,5651.0
3390.0,-0.1799999999999784,102.0,101.0,63.0,72.0,0.0,0.0,13.92,11.78,2.0,2.0,1.07,1.03,0.6,0.67,5811.0,5697.0
3395.0,-0.18000000000003524,105.0,105.0,71.0,79.0,0.0,0.0,5.42,8.31,2.0,2.0,1.29,1.17,0.67,0.78,5856.0,5799.0
3400.0,-0.1799999999999784,108.0,108.0,74.0,83.0,0.0,0.0,1.23,3.85,2.0,2.0,1.16,1.03,0.59,0.7,6014.0,5953.0
3405.0,-0.1799999999999784,111.0,112.0,76.0,86.0,0.0,0.0,1.93,0.44,2.0,2.0,1.19,1.14,0.62,0.71,6091.0,6071.0
3410.0,-0.18000000000003524,114.0,115.0,78.0,86.0,0.0,0.0,2.34,3.57,2.0,2.0,1.14,1.03,0.65,0.69,6247.0,6290.0
3415.0,-0.1799999999999784,117.0,118.0,80.0,87.0,0.0,0.0,1.6,1.4,2.0,2.0,1.2,1.28,0.64,0.73,6312.0,6425.0
3420.0,-0.20000000000001705,120.0,121.0,85.0,89.0,0.0,0.0,0.04,1.86,2.0,2.0,1.1,1.19,0.61,0.59,6429.0,6485.0
3425.0,-0.18000000000003524,123.0,125.0,89.0,92.0,0.0,0.0,-2.5,1.28,2.0,2.0,1.0,1.11,0.63,0.65,6525.0,6628.0
3430.0,-0.1799999999999784,126.0,127.0,93.0,95.0,0.0,0.0,-4.56,-0.07,2.0,2.0,1.26,1.35,0.67,0.72,6600.0,6698.0
3435.0,-0.1799999999999784,128.0,130.0,89.0,95.0,0.0,0.0,-4.69,-1.72,2.0,2.0,1.09,1.09,0.54,0.55,6826.0,6866.0
3440.0,-0.18000000000003524,131.0,133.0,90.0,99.0,0.0,0.0,-4.67,-2.23,2.0,2.0,1.16,1.17,0.49,0.59,6898.0,6917.0
3445.0,-0.20000000000001705,133.0,135.0,91.0,99.0,0.0,0.0,-4.57,-3.2,2.0,2.0,1.29,1.2,0.55,0.58,7040.0,7061.0
3450.0,-0.20000000000001705,135.0,137.0,90.0,98.0,0.0,0.0,-4.3,-4.51,2.0,2.0,1.24,1.1,0.47,0.49,7195.0,7196.0
3455.0,-0.20000000000001705,136.0,139.0,0.0,97.0,0.0,0.0,-3.32,-3.69,0.0,2.0,1.45,1.33,-0.13,0.53,6803.0,7266.0
3460.0,-0.1999999999999602,137.0,141.0,90.0,96.0,0.0,0.0,-2.58,-2.64,3.0,2.0,1.27,1.37,0.56,0.5,5921.0,7417.0
3465.0,-0.20000000000001705,139.0,141.0,89.0,59.0,0.0,0.0,-2.57,-0.96,3.0,1.0,1.25,1.57,0.49,-0.12,6037.0,6875.0
3470.0,-0.21999999999999886,141.0,143.0,90.0,93.0,0.0,0.0,-1.96,1.21,3.0,3.0,1.33,1.34,0.47,0.49,6112.0,5928.0
3475.0,-0.1999999999999602,143.0,145.0,93.0,95.0,0.0,0.0,0.41,4.03,3.0,3.0,1.2,1.32,0.45,0.53,6135.0,6018.0
3480.0,-0.1999999999999602,145.0,147.0,100.0,98.0,0.0,0.0,1.23,4.45,3.0,3.0,1.12,1.28,0.6,0.51,6162.0,6072.0
3485.0,-0.20000000000001705,147.0,149.0,100.0,100.0,0.0,0.0,2.82,6.25,3.0,3.0,0.58,1.0,0.56,0.51,6178.0,5947.0
3490.0,-0.21999999999999886,150.0,151.0,100.0,100.0,0.0,0.0,5.65,7.92,3.0,3.0,-0.32,-0.07,0.52,0.48,6260.0,6011.0
3495.0,-0.20000000000001705,151.0,153.0,100.0,100.0,0.0,0.0,7.12,9.04,3.0,3.0,-0.8,-0.91,0.51,0.47,6374.0,6104.0
3500.0,-0.20000000000001705,154.0,154.0,100.0,100.0,0.0,0.0,7.18,8.58,3.0,3.0,-1.17,-1.33,0.48,0.52,6534.0,6280.0
3505.0,-0.21999999999999886,155.0,156.0,96.0,99.0,0.0,0.0,6.46,6.89,3.0,3.0,-1.28,-1.44,0.45,0.45,6614.0,6368.0
3510.0,-0.21999999999999886,157.0,157.0,92.0,97.0,0.0,0.0,5.73,4.52,3.0,3.0,-1.23,-1.4,0.35,0.42,6735.0,6477.0
3515.0,-0.21999999999999886,158.0,159.0,94.0,94.0,0.0,0.0,3.45,0.67,3.0,3.0,-1.4,-1.52,0.45,0.45,6776.0,6559.0
3520.0,-0.21999999999999886,159.0,159.0,90.0,63.0,0.0,2.0,1.91,-0.87,3.0,3.0,-1.28,-1.46,0.43,0.35,6876.0,6582.0
3525.0,-0.21999999999999886,159.0,157.0,10.0,0.0,63.0,72.0,1.73,-1.07,3.0,3.0,-1.28,-1.34,-0.68,-0.98,6354.0,5610.0
3530.0,-0.21999999999999886,152.0,150.0,0.0,0.0,100.0,100.0,5.7,-3.2,0.0,0.0,-1.15,-1.29,-1.81,-1.53,6697.0,6440.0
3535.0,-0.21999999999999886,144.0,144.0,0.0,0.0,100.0,100.0,13.62,-0.6,2.0,2.0,-1.44,-1.6,-1.83,-1.6,6379.0,6124.0
3540.0,-0.20000000000001705,137.0,135.0,0.0,0.0,100.0,100.0,18.88,8.32,2.0,2.0,-1.3,-1.45,-1.76,-1.49,5992.0,5702.0
3545.0,-0.20000000000001705,129.0,128.0,0.0,0.0,93.0,100.0,21.46,19.9,2.0,2.0,-1.18,-1.29,-1.5,-1.29,5447.0,5338.0
3550.0,-0.1999999999999602,122.0,121.0,10.0,11.0,46.0,44.0,22.68,23.71,2.0,2.0,-1.66,-1.71,-0.97,-1.04,5522.0,5340.0
3555.0,-0.21999999999999886,117.0,118.0,16.0,34.0,18.0,0.0,23.74,24.23,2.0,2.0,-1.75,-1.65,-0.38,0.01,5860.0,5972.0
3560.0,-0.21999999999999886,114.0,117.0,15.0,28.0,14.0,0.0,24.12,24.36,2.0,2.0,-1.71,-1.78,-0.27,-0.04,5746.0,5851.0
3565.0,-0.21999999999999886,111.0,115.0,0.0,17.0,24.0,0.0,24.52,24.5,2.0,2.0,-1.57,-1.57,-0.63,-0.16,5353.0,5732.0
3570.0,-0.21999999999999886,107.0,114.0,10.0,7.0,3.0,0.0,24.56,24.5,2.0,2.0,-1.65,-1.69,-0.25,-0.21,5333.0,5593.0
3575.0,-0.24000000000003752,106.0,112.0,19.0,0.0,0.0,0.0,24.7,24.46,2.0,2.0,-1.63,-1.66,-0.02,-0.28,5376.0,5460.0
3580.0,-0.23999999999998067,105.0,110.0,13.0,8.0,0.0,0.0,24.82,24.35,2.0,2.0,-1.63,-1.65,-0.08,-0.24,5299.0,5387.0
3585.0,-0.2600000000000193,104.0,108.0,14.0,2.0,0.0,0.0,24.98,24.4,2.0,2.0,-1.51,-1.75,-0.06,-0.21,5229.0,5277.0
3590.0,-0.24000000000003752,103.0,105.0,16.0,0.0,0.0,0.0,24.94,24.51,2.0,2.0,-1.49,-1.65,-0.04,-0.26,5223.0,5107.0
3595.0,-0.2599999999999625,102.0,103.0,12.0,0.0,0.0,0.0,24.85,24.61,2.0,2.0,-1.73,-1.7,-0.07,-0.26,5175.0,4999.0
3600.0,-0.2599999999999625,100.0,101.0,0.0,0.0,0.0,0.0,24.73,25.05,2.0,2.0,-1.64,-1.63,-0.3,-0.25,4937.0,4884.0
3605.0,-0.2599999999999625,98.0,98.0,0.0,0.0,0.0,0.0,24.46,25.4,2.0,2.0,-1.64,-1.69,-0.29,-0.25,4809.0,4768.0
3610.0,-0.2600000000000193,97.0,96.0,55.0,53.0,0.0,0.0,21.92,25.03,2.0,2.0,-1.6,-1.4,0.2,0.41,5082.0,5236.0
3615.0,-0.2599999999999625,98.0,98.0,53.0,46.0,0.0,0.0,11.73,21.09,2.0,2.0,-1.54,-1.51,0.28,0.35,5128.0,5234.0
3620.0,-0.2600000000000193,99.0,100.0,59.0,44.0,0.0,0.0,11.92,7.86,2.0,2.0,-1.47,-1.52,0.35,0.34,5231.0,5364.0
3625.0,-0.2600000000000193,101.0,101.0,60.0,46.0,0.0,0.0,9.69,0.22,2.0,2.0,-1.48,-1.54,0.42,0.45,5344.0,5379.0
3630.0,-0.28000000000000114,102.0,103.0,68.0,50.0,0.0,0.0,8.85,-0.59,3.0,2.0,-1.49,-1.47,0.46,0.41,4410.0,5518.0
3635.0,-0.2600000000000193,104.0,105.0,69.0,58.0,0.0,0.0,9.14,3.66,3.0,2.0,-1.44,-1.62,0.49,0.59,4499.0,5590.0
3640.0,-0.2599999999999625,107.0,107.0,66.0,60.0,0.0,0.0,6.86,3.2,3.0,2.0,-1.42,-1.43,0.46,0.52,4706.0,5784.0
3645.0,-0.2600000000000193,109.0,110.0,71.0,62.0,0.0,0.0,3.18,1.43,3.0,2.0,-1.42,-1.43,0.45,0.53,4862.0,5906.0
3650.0,-0.2600000000000193,111.0,112.0,75.0,65.0,0.0,0.0,-2.93,-0.37,3.0,2.0,-1.35,-1.56,0.53,0.6,4897.0,6025.0
3655.0,-0.2600000000000193,113.0,114.0,79.0,70.0,0.0,0.0,-2.73,-1.3,3.0,2.0,-1.41,-1.53,0.57,0.6,4950.0,6250.0
3660.0,-0.2600000000000193,116.0,117.0,84.0,77.0,0.0,0.0,6.77,-4.82,3.0,2.0,-1.31,-1.39,0.51,0.57,5030.0,6374.0
3665.0,-0.28000000000000114,119.0,119.0,82.0,83.0,0.0,0.0,10.19,-3.22,3.0,2.0,-1.33,-1.43,0.51,0.65,5153.0,6484.0
3670.0,-0.2599999999999625,121.0,122.0,81.0,84.0,0.0,0.0,7.29,-3.85,3.0,2.0,-1.55,-1.51,0.51,0.65,5238.0,6659.0
3675.0,-0.28000000000000114,123.0,124.0,82.0,85.0,0.0,0.0,2.97,-3.63,3.0,2.0,-1.46,-1.39,0.5,0.59,5409.0,6709.0
3680.0,-0.28000000000000114,125.0,126.0,82.0,86.0,0.0,0.0,1.75,-0.48,3.0,2.0,-1.48,-1.56,0.51,0.61,5474.0,6765.0
3685.0,-0.28000000000000114,127.0,129.0,84.0,89.0,0.0,0.0,2.98,-4.29,3.0,2.0,-1.17,-1.33,0.47,0.61,5542.0,6876.0
3690.0,-0.28000000000000114,129.0,131.0,81.0,88.0,0.0,0.0,5.38,-2.83,3.0,2.0,-1.37,-1.38,0.78,0.58,5668.0,7280.0
3695.0,-0.28000000000000114,131.0,133.0,78.0,90.0,0.0,0.0,0.75,-2.42,3.0,2.0,-1.36,-1.19,0.53,0.51,5861.0,7208.0
3700.0,-0.28000000000000114,133.0,136.0,81.0,94.0,0.0,0.0,-1.91,-2.23,3.0,2.0,-1.37,-1.33,0.53,0.64,5826.0,7128.0
3705.0,-0.28000000000000114,135.0,138.0,78.0,95.0,0.0,0.0,-5.89,0.73,3.0,2.0,-1.22,-1.2,0.53,0.56,5926.0,7328.0
3710.0,-0.28000000000000114,137.0,140.0,84.0,98.0,0.0,0.0,-2.34,-1.43,3.0,2.0,-1.15,-1.13,0.6,0.55,5997.0,7337.0
3715.0,-0.28000000000000114,139.0,142.0,91.0,97.0,0.0,0.0,-1.78,-2.4,3.0,2.0,-1.42,-0.89,0.58,0.38,6064.0,7417.0
3720.0,-0.3000000000000398,141.0,143.0,98.0,0.0,0.0,0.0,-2.57,-0.36,3.0,0.0,-0.78,-1.06,0.53,-0.16,6050.0,7118.0
3725.0,-0.29999999999998295,144.0,145.0,100.0,99.0,0.0,0.0,-0.6,1.3,3.0,3.0,-0.54,-0.51,0.58,0.66,6059.0,6064.0
3730.0,-0.28000000000000114,146.0,148.0,100.0,100.0,0.0,0.0,0.93,0.87,3.0,3.0,-0.33,-0.53,0.61,0.5,6154.0,5913.0
3735.0,-0.28000000000000114,149.0,150.0,100.0,100.0,0.0,0.0,-0.77,-1.59,3.0,3.0,-0.12,-0.26,0.59,0.56,6262.0,6005.0
3740.0,-0.28000000000000114,151.0,152.0,100.0,100.0,0.0,0.0,0.03,-0.53,3.0,3.0,-0.05,-0.04,0.6,0.58,6346.0,6084.0
3745.0,-0.29999999999998295,154.0,154.0,100.0,100.0,0.0,0.0,0.06,0.03,3.0,3.0,0.0,0.04,0.54,0.57,6437.0,6146.0
3750.0,-0.29999999999998295,156.0,157.0,100.0,100.0,0.0,0.0,0.21,0.87,3.0,3.0,0.0,-0.02,0.55,0.56,6513.0,6222.0
3755.0,-0.29999999999998295,158.0,159.0,100.0,100.0,0.0,0.0,-0.06,0.17,3.0,3.0,0.02,-0.04,0.58,0.46,6712.0,6442.0
3760.0,-0.3000000000000398,160.0,161.0,100.0,100.0,0.0,0.0,0.26,0.27,3.0,3.0,0.0,-0.05,0.52,0.58,6683.0,6377.0
3765.0,-0.29999999999998295,162.0,163.0,100.0,100.0,0.0,0.0,0.05,0.39,3.0,3.0,0.02,-0.07,0.53,0.54,6768.0,6494.0
3770.0,-0.29999999999998295,164.0,165.0,100.0,100.0,0.0,0.0,0.5,0.45,3.0,3.0,0.0,-0.06,0.63,0.57,6923.0,6607.0
3775.0,-0.29999999999998295,167.0,167.0,100.0,100.0,0.0,0.0,0.54,0.75,3.0,3.0,-0.02,-0.08,0.48,0.5,6960.0,6626.0
3780.0,-0.3000000000000398,168.0,169.0,0.0,100.0,0.0,0.0,0.81,1.53,0.0,3.0,-0.07,-0.15,0.06,0.5,6891.0,6711.0
3785.0,-0.3200000000000216,169.0,170.0,100.0,100.0,0.0,0.0,3.95,2.95,4.0,3.0,-0.32,-0.32,0.56,0.48,5797.0,6785.0
3790.0,-0.29999999999998295,171.0,172.0,100.0,100.0,0.0,0.0,7.9,5.02,4.0,3.0,-0.88,-0.65,0.56,0.45,5878.0,6866.0
3795.0,-0.3000000000000398,172.0,174.0,100.0,100.0,0.0,0.0,9.42,4.9,4.0,3.0,-1.24,-0.96,0.46,0.5,5899.0,6894.0
3800.0,-0.29999999999998295,174.0,176.0,94.0,100.0,0.0,0.0,9.51,7.04,4.0,3.0,-1.25,-1.17,0.36,0.49,5979.0,6993.0
3805.0,-0.29999999999998295,175.0,175.0,84.0,43.0,0.0,0.0,10.56,10.37,4.0,2.0,-1.57,-1.43,0.25,-0.12,6071.0,6480.0
3810.0,-0.3000000000000398,176.0,176.0,57.0,36.0,0.0,0.0,12.3,13.23,4.0,4.0,-1.18,-1.2,0.17,0.08,6107.0,5694.0
3815.0,-0.31999999999996476,176.0,175.0,37.0,11.0,0.0,0.0,14.61,14.77,4.0,4.0,-1.79,-1.66,0.19,-0.15,6010.0,5602.0
3820.0,-0.3200000000000216,176.0,175.0,28.0,11.0,0.0,0.0,16.18,16.14,4.0,4.0,-1.73,-1.64,0.13,-0.14,5995.0,5573.0
3825.0,-0.3000000000000398,176.0,173.0,41.0,6.0,0.0,0.0,17.48,17.45,4.0,4.0,-1.61,-1.69,0.16,-0.17,6014.0,5502.0
3830.0,-0.29999999999998295,176.0,172.0,53.0,7.0,0.0,0.0,18.58,18.18,4.0,4.0,-1.56,-1.54,0.23,-0.15,6093.0,5466.0
3835.0,-0.3000000000000398,177.0,171.0,47.0,45.0,0.0,0.0,19.46,18.94,4.0,4.0,-1.41,-1.53,0.21,0.12,6069.0,5630.0
3840.0,-0.29999999999998295,177.0,172.0,39.0,64.0,0.0,0.0,19.82,19.72,4.0,4.0,-1.58,-1.53,0.24,0.27,6051.0,5782.0
3845.0,-0.28000000000000114,177.0,172.0,34.0,64.0,0.0,0.0,20.24,20.27,4.0,4.0,-1.81,-1.59,0.14,0.24,6042.0,5782.0
3850.0,-0.28000000000000114,177.0,173.0,35.0,61.0,0.0,0.0,20.25,20.36,4.0,4.0,-1.89,-1.91,0.1,0.29,5998.0,5709.0
3855.0,-0.28000000000000114,178.0,173.0,39.0,52.0,0.0,0.0,20.21,20.29,4.0,4.0,-1.64,-1.64,0.18,0.2,6015.0,5692.0
3860.0,-0.28000000000000114,178.0,174.0,37.0,58.0,0.0,0.0,20.44,20.29,4.0,4.0,-1.5,-1.39,0.17,0.23,6072.0,5771.0
3865.0,-0.28000000000000114,178.0,174.0,34.0,70.0,0.0,0.0,20.42,19.73,4.0,4.0,-1.69,-1.61,0.16,0.36,6050.0,5813.0
3870.0,-0.28000000000000114,178.0,175.0,31.0,73.0,0.0,0.0,20.39,17.34,4.0,4.0,-1.5,-1.57,0.15,0.34,6043.0,5860.0
3875.0,-0.2600000000000193,178.0,176.0,35.0,76.0,0.0,0.0,20.1,15.4,4.0,4.0,-1.76,-1.9,0.09,0.26,6006.0,5835.0
3880.0,-0.28000000000000114,178.0,177.0,43.0,69.0,0.0,0.0,20.2,15.26,4.0,4.0,-1.15,-1.46,0.25,0.44,6084.0,5890.0
3885.0,-0.28000000000000114,179.0,177.0,49.0,57.0,0.0,0.0,20.44,16.25,4.0,4.0,-1.8,-1.08,0.29,0.21,6284.0,6337.0
3890.0,-0.28000000000000114,179.0,178.0,80.0,65.0,0.0,0.0,19.74,15.74,4.0,4.0,-2.6,-2.98,0.27,0.41,6092.0,5813.0
3895.0,-0.28000000000000114,180.0,178.0,87.0,65.0,0.0,0.0,19.66,16.02,4.0,4.0,-0.99,-1.55,0.32,0.31,6269.0,5896.0
3900.0,-0.28000000000000114,180.0,179.0,82.0,61.0,0.0,0.0,19.46,17.29,4.0,4.0,-2.05,-1.02,0.17,0.27,6687.0,6606.0
3905.0,-0.28000000000000114,181.0,179.0,73.0,67.0,0.0,0.0,18.05,16.83,4.0,4.0,-2.62,-3.26,0.33,0.05,6140.0,5888.0
3910.0,-0.28000000000000114,181.0,179.0,69.0,70.0,0.0,0.0,16.81,16.84,4.0,4.0,-1.44,-1.3,0.22,0.19,6318.0,5985.0
3915.0,-0.2699999999999818,181.0,179.0,70.0,71.0,0.0,0.0,15.844999999999999,16.89,4.0,4.0,-2.035,-1.87,0.36,0.47,6272.5,6145.0
3920.0,-0.2600000000000193,182.0,180.0,74.0,76.0,0.0,0.0,13.22,15.55,4.0,4.0,-1.91,-2.16,0.33,0.34,6261.0,5955.0
3925.0,-0.2600000000000193,182.0,180.0,73.0,85.0,0.0,0.0,13.26,10.8,4.0,4.0,-2.26,-1.94,0.28,0.31,6301.0,6165.0
3930.0,-0.2599999999999625,183.0,181.0,79.0,100.0,0.0,0.0,13.6,6.97,4.0,4.0,-1.41,-1.83,0.25,0.42,6244.0,5972.0
3935.0,-0.2600000000000193,183.0,182.0,74.0,93.0,0.0,0.0,13.28,7.74,4.0,4.0,-1.38,-1.12,0.38,0.22,6518.0,6428.0
3940.0,-0.2599999999999625,184.0,183.0,79.0,99.0,0.0,0.0,14.38,6.26,4.0,4.0,-1.77,-1.66,0.32,0.52,6341.0,6192.0
3945.0,-0.2600000000000193,185.0,184.0,80.0,100.0,0.0,0.0,13.96,5.97,4.0,4.0,-1.47,-1.63,0.33,0.41,6345.0,6133.0
3950.0,-0.28000000000000114,185.0,185.0,77.0,100.0,0.0,0.0,13.42,4.06,4.0,4.0,-1.82,-1.45,0.33,0.44,6408.0,6253.0
3955.0,-0.28000000000000114,186.0,186.0,84.0,100.0,0.0,0.0,9.54,4.35,4.0,4.0,-1.34,-1.97,0.26,0.47,6410.0,6158.0
3960.0,-0.27000000000001023,187.0,187.0,93.5,100.0,0.0,0.0,6.555,4.73,4.0,4.0,-1.9100000000000001,-1.22,0.63,0.28,6536.5,6323.0
3965.0,-0.2600000000000193,188.0,189.0,97.0,100.0,0.0,0.0,4.09,3.44,4.0,4.0,-1.25,-1.7,0.33,0.52,6546.0,6249.0
3970.0,-0.2600000000000193,189.0,190.0,93.0,100.0,0.0,0.0,3.25,3.09,4.0,4.0,-1.07,-1.11,0.22,0.37,6630.0,6288.0
3975.0,-0.28000000000000114,190.0,191.0,100.0,100.0,0.0,0.0,1.83,3.68,4.0,4.0,-1.31,-1.09,0.29,0.38,6566.0,6404.0
3980.0,-0.28000000000000114,191.0,192.0,100.0,100.0,0.0,0.0,1.11,2.49,4.0,4.0,-1.36,-1.45,0.47,0.31,6638.0,6337.0
3985.0,-0.2600000000000193,192.0,193.0,100.0,100.0,0.0,0.0,0.05,1.79,4.0,4.0,-1.02,-0.76,0.24,0.16,6752.0,6378.0
3990.0,-0.28000000000000114,194.0,194.0,100.0,100.0,0.0,0.0,0.26,1.29,4.0,4.0,-1.13,-0.78,0.65,0.47,6668.0,6604.0
3995.0,-0.27000000000001023,195.0,196.0,100.0,100.0,0.0,0.0,-2.5300000000000002,1.4,4.0,4.0,-0.9650000000000001,-1.26,0.35,0.43,6630.0,6406.0
4000.0,-0.27000000000001023,196.0,197.0,100.0,100.0,0.0,0.0,-4.75,-0.545,4.0,4.0,-0.22,-0.575,0.34,0.22999999999999998,6666.0,6504.5
4005.0,-0.28000000000000114,198.0,198.0,100.0,100.0,0.0,0.0,-4.11,-3.43,4.0,4.0,0.5,-0.6,0.52,0.72,6700.0,6573.0
4010.0,-0.2600000000000193,199.0,199.0,100.0,100.0,0.0,0.0,-1.91,-3.35,4.0,4.0,0.73,-0.08,0.36,0.41,6742.0,6491.0
4015.0,-0.28000000000000114,200.0,201.0,100.0,100.0,0.0,0.0,-1.02,-3.24,4.0,4.0,0.59,0.24,0.2,0.33,6980.0,6575.0
4020.0,-0.2699999999999818,201.0,202.0,100.0,100.0,0.0,0.0,-1.06,-2.455,4.0,4.0,0.74,0.94,0.4,0.39,6787.0,6569.5
4025.0,-0.28000000000000114,203.0,203.0,100.0,100.0,0.0,0.0,-0.97,-0.75,4.0,4.0,0.53,0.69,0.3,0.36,6931.0,6637.0
4030.0,-0.28000000000000114,204.0,204.0,100.0,100.0,0.0,0.0,-0.37,-0.07,4.0,4.0,0.52,0.6,0.39,0.41,6882.0,6722.0
4035.0,-0.2600000000000193,205.0,205.0,100.0,100.0,0.0,0.0,-0.28,0.42,4.0,4.0,0.36,0.59,0.36,0.43,6951.0,6703.0
4040.0,-0.28000000000000114,206.0,206.0,63.0,100.0,9.0,0.0,0.69,0.89,4.0,4.0,0.19,0.41,0.24,0.53,6913.0,6765.0
4045.0,-0.2699999999999818,204.0,207.5,0.0,87.5,61.0,0.0,1.04,1.205,4.0,4.0,-0.02,0.185,-1.22,0.33999999999999997,6623.0,6734.0
4050.0,-0.28000000000000114,198.0,204.0,0.0,69.0,100.0,100.0,1.51,2.85,4.0,0.0,-0.19,-0.23,-2.08,-1.85,6252.0,7446.0
4055.0,-0.28000000000000114,193.0,199.0,0.0,0.0,100.0,100.0,2.59,4.78,4.0,3.0,-0.34,-0.58,-2.11,-1.94,6013.0,7130.0
4060.0,-0.28000000000000114,187.0,193.0,0.0,0.0,100.0,100.0,7.14,6.05,4.0,3.0,-0.64,-0.82,-1.82,-1.94,5543.0,6685.0
4065.0,-0.28000000000000114,181.0,187.0,0.0,1.0,39.0,63.0,12.36,7.69,4.0,3.0,-1.43,-1.07,-1.3,-1.32,5667.0,6467.0
4070.0,-0.29999999999998295,179.0,184.0,3.0,9.0,0.0,0.0,12.48,8.5,4.0,3.0,-2.07,-1.63,-0.29,-0.48,5914.0,7102.0
4075.0,-0.3000000000000398,178.0,183.0,14.0,10.0,0.0,0.0,12.96,10.18,4.0,3.0,-1.89,-1.91,-0.08,-0.2,5940.0,7016.0
4080.0,-0.29999999999998295,177.0,182.0,11.0,7.0,0.0,0.0,13.8,12.5,4.0,3.0,-1.8,-1.49,-0.1,-0.2,5896.0,6953.0
4085.0,-0.29999999999998295,177.0,181.0,12.0,4.0,0.0,0.0,14.53,13.97,4.0,3.0,-1.71,-1.84,-0.07,-0.24,5898.0,6909.0
4090.0,-0.3000000000000398,176.0,179.0,6.0,7.0,0.0,0.0,15.5,14.42,4.0,3.0,-1.98,-1.87,-0.11,-0.23,5835.0,6856.0
4095.0,-0.29999999999998295,175.0,178.0,3.0,11.0,0.0,0.0,15.96,15.04,4.0,3.0,-1.93,-1.83,-0.18,-0.2,5775.0,6818.0
4100.0,-0.3200000000000216,174.0,177.0,11.0,20.0,0.0,0.0,16.18,15.34,4.0,3.0,-1.73,-1.91,-0.12,-0.16,5777.0,6796.0
4105.0,-0.3200000000000216,173.0,176.0,28.0,21.0,0.0,0.0,16.36,16.13,4.0,3.0,-1.71,-1.71,0.0,-0.11,5789.0,6769.0
4110.0,-0.29999999999998295,173.0,175.0,29.0,24.0,0.0,0.0,16.56,16.67,4.0,3.0,-1.88,-1.85,-0.01,-0.12,5786.0,6732.0
4115.0,-0.29999999999998295,172.0,174.0,36.0,23.0,0.0,0.0,16.74,17.01,4.0,3.0,-1.73,-1.85,0.02,-0.12,5780.0,6699.0
4120.0,-0.29999999999998295,172.0,173.0,20.0,17.0,0.0,0.0,16.75,17.46,4.0,3.0,-1.96,-2.07,-0.02,-0.17,5742.0,6645.0
4125.0,-0.31999999999996476,171.0,171.0,14.0,5.0,0.0,0.0,16.84,18.04,4.0,3.0,-1.7,-2.04,-0.07,-0.24,5707.0,6561.0
4130.0,-0.3200000000000216,171.0,170.0,14.0,4.0,0.0,0.0,16.93,18.49,4.0,3.0,-1.85,-1.67,-0.05,-0.22,5701.0,6507.0
4135.0,-0.3000000000000398,170.0,169.0,15.0,4.0,0.0,0.0,16.97,18.71,4.0,3.0,-2.03,-2.06,-0.1,-0.25,5675.0,6450.0
4140.0,-0.29999999999998295,169.0,167.0,19.0,2.0,0.0,0.0,17.04,18.65,4.0,3.0,-1.75,-1.77,-0.06,-0.22,5664.0,6398.0
4145.0,-0.29999999999998295,169.0,166.0,32.0,52.0,0.0,0.0,16.99,18.51,4.0,3.0,-2.07,-2.18,0.0,0.09,5658.0,6584.0
4150.0,-0.3000000000000398,168.0,166.0,34.0,53.0,0.0,0.0,17.22,18.72,4.0,3.0,-1.87,-1.79,0.0,0.2,5667.0,6596.0
4155.0,-0.29999999999998295,168.0,166.0,57.0,50.0,0.0,0.0,17.18,18.6,4.0,3.0,-1.86,-2.03,0.09,0.16,5674.0,6579.0
4160.0,-0.29999999999998295,168.0,166.0,56.0,58.0,0.0,0.0,17.08,18.59,4.0,3.0,-1.87,-1.93,0.13,0.23,5701.0,6633.0
4165.0,-0.3000000000000398,168.0,167.0,58.0,63.0,0.0,0.0,17.09,18.63,4.0,3.0,-1.87,-1.85,0.14,0.23,5725.0,6673.0
4170.0,-0.28000000000000114,168.0,167.0,62.0,79.0,0.0,0.0,17.06,18.27,4.0,3.0,-1.9,-1.9,0.17,0.38,5746.0,6780.0
4175.0,-0.29999999999998295,169.0,168.0,70.0,79.0,0.0,0.0,17.01,18.05,4.0,3.0,-1.81,-1.82,0.14,0.36,5779.0,6776.0
4180.0,-0.29999999999998295,169.0,169.0,60.0,76.0,0.0,0.0,16.95,17.43,4.0,3.0,-1.81,-1.82,0.26,0.34,5806.0,6874.0
4185.0,-0.28000000000000114,169.0,170.0,68.0,77.0,0.0,0.0,16.77,14.27,4.0,3.0,-1.82,-1.76,0.24,0.29,5867.0,6894.0
4190.0,-0.29999999999998295,170.0,170.0,75.0,86.0,0.0,0.0,16.05,10.84,4.0,3.0,-1.9,-1.98,0.3,0.43,5856.0,6876.0
4195.0,-0.29999999999998295,171.0,171.0,73.0,86.0,0.0,0.0,14.97,10.46,4.0,3.0,-1.73,-1.68,0.29,0.38,5928.0,6967.0
4200.0,-0.3000000000000398,171.0,172.0,75.0,85.0,0.0,0.0,12.64,10.85,4.0,3.0,-2.11,-2.07,0.36,0.44,5900.0,7002.0
4205.0,-0.28000000000000114,172.0,173.0,78.0,87.0,0.0,0.0,11.19,10.21,4.0,3.0,-1.85,-1.8,0.35,0.4,5918.0,6958.0
4210.0,-0.29999999999998295,172.0,173.0,78.0,87.0,0.0,0.0,10.87,10.1,4.0,3.0,-1.95,-1.93,0.4,0.43,5962.0,7126.0
4215.0,-0.3000000000000398,173.0,174.0,79.0,88.0,0.0,0.0,10.65,9.82,4.0,3.0,-1.62,-1.78,0.29,0.36,5999.0,7032.0
4220.0,-0.29999999999998295,174.0,175.0,83.0,90.0,0.0,0.0,9.23,8.49,4.0,3.0,-1.76,-1.64,0.39,0.38,6071.0,7246.0
4225.0,-0.29999999999998295,175.0,176.0,84.0,97.0,0.0,0.0,8.6,6.07,4.0,3.0,-1.67,-1.73,0.35,0.4,6058.0,7140.0
4230.0,-0.3000000000000398,175.0,176.0,87.0,100.0,0.0,0.0,8.2,4.86,4.0,3.0,-1.67,-1.79,0.38,0.44,6048.0,7174.0
4235.0,-0.29999999999998295,176.0,177.0,89.0,100.0,0.0,0.0,7.16,3.49,4.0,3.0,-1.71,-1.77,0.38,0.38,6139.0,7235.0
4240.0,-0.3200000000000216,177.0,178.0,93.0,0.0,0.0,0.0,6.37,3.78,4.0,0.0,-1.47,-1.71,0.36,-0.11,6198.0,6822.0
4245.0,-0.3200000000000216,179.0,178.0,97.0,100.0,0.0,0.0,5.1,4.37,4.0,4.0,-1.34,-1.31,0.41,0.51,6196.0,6029.0
4250.0,-0.31999999999996476,180.0,179.0,100.0,100.0,0.0,0.0,3.92,4.06,4.0,4.0,-0.95,-1.76,0.43,0.38,6219.0,5983.0
4255.0,-0.3200000000000216,181.0,180.0,99.0,100.0,0.0,0.0,4.3,4.38,4.0,4.0,-1.24,-0.55,0.41,0.16,6397.0,6042.0
4260.0,-0.3200000000000216,182.0,182.0,100.0,100.0,0.0,0.0,3.44,3.93,4.0,4.0,-1.38,-1.21,0.41,0.51,6218.0,6074.0
4265.0,-0.3000000000000398,183.0,183.0,100.0,100.0,0.0,0.0,3.79,3.16,4.0,4.0,-0.89,-0.97,0.43,0.38,6345.0,5993.0
4270.0,-0.29999999999998295,185.0,184.0,100.0,100.0,0.0,0.0,1.91,3.3,4.0,4.0,-1.06,-0.97,0.55,0.6,6320.0,6087.0
4275.0,-0.29999999999998295,186.0,185.0,100.0,100.0,0.0,0.0,1.65,1.0,4.0,4.0,-0.86,-0.58,0.26,0.44,6366.0,6122.0
4280.0,-0.3000000000000398,187.0,187.0,100.0,100.0,0.0,0.0,0.84,0.74,4.0,4.0,-0.73,-0.44,0.38,0.48,6413.0,6106.0
4285.0,-0.29999999999998295,189.0,188.0,100.0,100.0,0.0,0.0,1.5,2.03,4.0,4.0,-0.62,-0.31,0.17,0.26,6464.0,6218.0
4290.0,-0.3200000000000216,190.0,189.0,100.0,100.0,0.0,0.0,-0.48,2.35,4.0,4.0,-0.42,-0.28,0.52,0.15,6464.0,6220.0
4295.0,-0.29999999999998295,191.0,191.0,100.0,100.0,0.0,0.0,0.43,0.71,4.0,4.0,-0.35,-0.43,0.43,0.4,6526.0,6268.0
4300.0,-0.3000000000000398,192.0,192.0,100.0,100.0,0.0,0.0,0.02,0.43,4.0,4.0,-0.09,-0.38,0.18,0.29,6842.0,6309.0
4305.0,-0.30999999999997385,193.0,193.0,100.0,100.0,0.0,0.0,0.9,0.675,4.0,4.0,-0.09,-0.33,0.47,0.195,6810.0,6321.0
4310.0,-0.3000000000000398,194.0,194.0,100.0,100.0,0.0,0.0,0.53,0.64,4.0,4.0,0.05,-0.13,0.24,0.26,6676.0,6372.0
4315.0,-0.29999999999998295,196.0,195.0,100.0,100.0,0.0,0.0,0.56,0.78,4.0,4.0,0.15,-0.17,0.48,0.12,6657.0,6606.0
4320.0,-0.29999999999998295,197.0,196.0,100.0,100.0,0.0,0.0,0.5,0.58,4.0,4.0,0.08,0.02,0.42,0.66,6694.0,6578.0
4325.0,-0.29999999999998295,198.0,197.0,100.0,100.0,0.0,0.0,1.07,1.06,4.0,4.0,0.02,0.12,0.1,0.21,6730.0,6520.0
4330.0,-0.30000000000001137,199.0,198.0,100.0,100.0,0.0,0.0,0.8049999999999999,1.2850000000000001,4.0,4.0,-0.025,0.09,0.41500000000000004,0.56,6764.0,6523.5
4335.0,-0.29999999999998295,200.0,199.0,100.0,100.0,0.0,0.0,-0.5,1.77,4.0,4.0,0.06,-0.0,0.55,0.36,6855.0,6511.0
4340.0,-0.30000000000001137,201.5,200.5,100.0,100.0,0.0,0.0,-0.305,1.1349999999999998,4.0,4.0,0.135,-0.11,0.41500000000000004,0.405,6854.0,6567.0
4345.0,-0.3000000000000398,203.0,202.0,100.0,100.0,0.0,0.0,0.01,1.7,4.0,4.0,0.17,-0.18,0.38,0.08,6863.0,6587.0
4350.0,-0.29999999999998295,204.0,203.0,100.0,100.0,0.0,0.0,-0.14,-0.02,4.0,4.0,0.15,-0.02,0.34,0.21,6894.0,6692.0
4355.0,-0.3000000000000398,205.0,204.0,100.0,100.0,0.0,0.0,-0.08,-0.56,4.0,4.0,0.11,0.04,0.37,0.36,6932.0,6662.0
4360.0,-0.29999999999998295,206.0,205.0,100.0,100.0,0.0,0.0,-0.15,-0.08,4.0,4.0,0.09,0.07,0.31,0.22,6970.0,6691.0
4365.0,-0.28000000000000114,207.0,206.0,100.0,100.0,0.0,0.0,-0.15,-0.33,4.0,4.0,0.09,0.17,0.35,0.33,7003.0,6727.0
4370.0,-0.3000000000000398,208.0,207.0,100.0,100.0,0.0,0.0,-0.13,-0.19,4.0,4.0,0.07,0.15,0.36,0.32,7044.0,6752.0
4375.0,-0.29999999999998295,209.0,208.0,100.0,100.0,0.0,0.0,-0.15,-0.35,4.0,4.0,0.08,0.16,0.32,0.42,7078.0,6820.0
4380.0,-0.28999999999999204,210.0,209.0,100.0,100.0,0.0,0.0,-0.16,-0.275,4.0,4.0,0.08,0.18,0.32,0.33,7109.0,6835.0
4385.0,-0.29999999999998295,211.0,210.0,100.0,100.0,0.0,0.0,-0.14,-0.24,4.0,4.0,0.09,0.22,0.32,0.33,7129.0,6844.0
4390.0,-0.29999999999998295,211.0,211.0,0.0,100.0,0.0,0.0,-0.16,-0.23,0.0,4.0,0.07,0.2,-0.14,0.34,6541.0,6872.0
4395.0,-0.3000000000000398,212.0,212.0,100.0,100.0,0.0,0.0,-0.14,-0.17,5.0,4.0,0.08,0.18,0.38,0.31,6085.0,6928.0
4400.0,-0.28000000000000114,213.0,213.0,100.0,100.0,0.0,0.0,-0.18,0.16,5.0,4.0,0.07,0.13,0.31,0.31,6106.0,6936.0
4405.0,-0.28999999999999204,214.0,214.0,100.0,100.0,0.0,0.0,-0.23,-0.03,5.0,4.0,0.07,0.1,0.315,0.31,6149.5,6979.0
4410.0,-0.3000000000000398,215.0,215.0,100.0,100.0,0.0,0.0,-0.23,-0.18,5.0,4.0,0.09,0.09,0.31,0.31,6185.0,7029.0
4415.0,-0.29999999999998295,216.0,216.0,100.0,100.0,0.0,0.0,-0.18,-0.09,5.0,4.0,0.08,0.1,0.28,0.32,6186.0,7002.0
4420.0,-0.29999999999998295,217.0,217.0,100.0,100.0,0.0,0.0,-0.23,-0.03,5.0,4.0,0.09,0.09,0.31,0.3,6219.0,7053.0
4425.0,-0.29000000000002046,218.0,218.0,100.0,100.0,0.0,0.0,-0.22,-0.01,5.0,4.0,0.09,0.08,0.3,0.29,6256.0,7100.5
4430.0,-0.29000000000002046,218.0,218.5,100.0,100.0,0.0,0.0,-0.2,0.03,5.0,4.0,0.11,0.065,0.32,0.29,6260.0,7104.5
4435.0,-0.28999999999999204,219.0,219.0,100.0,100.0,0.0,0.0,-0.2,0.03,5.0,4.0,0.095,0.04,0.28500000000000003,0.27,6300.0,7134.0
4440.0,-0.29000000000002046,220.0,220.0,100.0,100.0,0.0,0.0,-0.15000000000000002,0.04,5.0,4.0,0.10500000000000001,0.05,0.31,0.29,6318.0,7170.0
4445.0,-0.28999999999999204,221.0,221.0,100.0,100.0,0.0,0.0,-0.085,0.03,5.0,4.0,0.08,0.02,0.28500000000000003,0.26,6336.5,7176.0
4450.0,-0.29999999999998295,222.0,222.0,100.0,100.0,0.0,0.0,-0.01,0.02,5.0,4.0,0.06,0.02,0.27,0.26,6374.0,7205.0
4455.0,-0.3000000000000398,223.0,222.0,100.0,100.0,0.0,0.0,-0.06,0.0,5.0,4.0,0.05,0.02,0.3,0.25,6390.0,7231.0
4460.0,-0.3000000000000398,224.0,223.0,100.0,100.0,0.0,0.0,-0.02,-0.02,5.0,4.0,0.04,0.02,0.27,0.25,6418.0,7248.0
4465.0,-0.29999999999998295,224.0,224.0,100.0,0.0,0.0,0.0,0.02,-0.05,5.0,0.0,0.02,0.03,0.28,-0.01,6423.0,7149.0
4470.0,-0.29999999999998295,225.0,223.0,100.0,100.0,0.0,0.0,0.02,-0.1,5.0,5.0,0.02,0.03,0.29,0.48,6456.0,6584.0
4475.0,-0.3000000000000398,226.0,224.0,100.0,100.0,0.0,0.0,0.08,-0.04,5.0,5.0,0.01,0.04,0.23,0.25,6493.0,6358.0
4480.0,-0.29999999999998295,227.0,225.0,100.0,100.0,0.0,0.0,0.07,-0.07,5.0,5.0,0.0,0.05,0.28,0.27,6500.0,6414.0
4485.0,-0.29999999999998295,227.0,226.0,100.0,100.0,0.0,0.0,0.04,-0.04,5.0,5.0,0.0,0.06,0.26,0.28,6511.0,6415.0
4490.0,-0.29000000000002046,228.0,227.0,100.0,100.0,0.0,0.0,0.095,-0.07,5.0,5.0,0.0,0.06,0.25,0.25,6542.5,6439.0
4495.0,-0.29000000000002046,229.0,227.0,100.0,100.0,0.0,0.0,0.05,-0.1,5.0,5.0,-0.01,0.06,0.25,0.23,6570.5,6475.0
4500.0,-0.28999999999999204,230.0,228.0,100.0,100.0,0.0,0.0,0.03,-0.06,5.0,5.0,-0.005,0.07,0.275,0.27,6586.5,6490.0
4505.0,-0.28000000000000114,230.0,229.0,100.0,100.0,0.0,0.0,0.03,-0.01,5.0,5.0,0.0,0.06,0.25,0.25,6595.0,6501.0
4510.0,-0.28000000000000114,231.0,230.0,100.0,100.0,0.0,0.0,0.03,-0.01,5.0,5.0,0.0,0.05,0.26,0.27,6624.0,6533.0
4515.0,-0.28000000000000114,232.0,230.0,100.0,100.0,0.0,0.0,0.04,0.06,5.0,5.0,-0.01,0.03,0.25,0.24,6644.0,6549.0
4520.0,-0.28999999999999204,232.0,231.0,100.0,100.0,0.0,0.0,0.09,0.065,5.0,5.0,-0.01,0.035,0.25,0.245,6656.0,6561.0
4525.0,-0.28999999999999204,233.0,231.5,100.0,100.0,0.0,0.0,-0.01,0.045,5.0,5.0,0.0,0.02,0.26,0.245,6679.0,6577.5
4530.0,-0.29999999999998295,234.0,232.0,100.0,100.0,0.0,0.0,-0.02,-0.03,5.0,5.0,0.0,0.02,0.24,0.25,6702.0,6603.0
4535.0,-0.29000000000002046,234.5,233.0,100.0,100.0,0.0,0.0,0.0,0.0,5.0,5.0,0.0,0.02,0.235,0.24,6716.0,6617.0
4540.0,-0.28000000000000114,235.0,233.0,100.0,100.0,0.0,0.0,-0.01,0.05,5.0,5.0,0.0,0.02,0.25,0.25,6728.0,6627.0
4545.0,-0.28000000000000114,236.0,234.0,100.0,100.0,0.0,0.0,0.0,0.05,5.0,5.0,0.0,0.01,0.23,0.22,6774.0,6659.0
4550.0,-0.28000000000000114,237.0,235.0,100.0,100.0,0.0,0.0,0.0,0.07,5.0,5.0,0.01,0.01,0.23,0.25,6764.0,6671.0
4555.0,-0.2900000000000489,237.0,235.5,100.0,100.0,0.0,0.0,0.12,0.07,5.0,5.0,0.0,0.005,0.24,0.225,6802.0,6696.5
4560.0,-0.29000000000002046,238.0,236.0,100.0,100.0,0.0,0.0,0.035,0.05,5.0,5.0,0.0,0.0,0.22999999999999998,0.22,6804.0,6704.0
4565.0,-0.28000000000000114,238.0,237.0,100.0,100.0,0.0,0.0,0.0,0.09,5.0,5.0,-0.01,-0.01,0.23,0.22,6829.0,6730.0
4570.0,-0.28000000000000114,239.0,237.0,100.0,100.0,0.0,0.0,0.04,0.11,5.0,5.0,0.0,-0.01,0.26,0.23,6840.0,6754.0
4575.0,-0.28000000000000114,240.0,238.0,100.0,100.0,0.0,0.0,0.06,0.16,5.0,5.0,0.0,-0.02,0.21,0.22,6843.0,6744.0
4580.0,-0.28000000000000114,240.0,238.5,100.0,100.0,0.0,0.0,0.03,0.11,5.0,5.0,-0.005,-0.02,0.215,0.195,6898.5,6783.0
4585.0,-0.28000000000000114,241.0,239.0,100.0,100.0,0.0,0.0,0.07,0.01,5.0,5.0,0.0,-0.01,0.23,0.25,6882.0,6805.0
4590.0,-0.28000000000000114,241.0,240.0,100.0,100.0,0.0,0.0,0.06,-0.05,5.0,5.0,0.0,0.0,0.2,0.22,6904.0,6805.0
