dist,delta_t,ref_speed,drv_speed,ref_throttle,drv_throttle,ref_brake,drv_brake,ref_steering,drv_steering,ref_gear,drv_gear,ref_glat,drv_glat,ref_glong,drv_glong,ref_rpm,drv_rpm
0.0,0.0,168.0,170.0,0.0,0.0,100.0,100.0,0.27,-0.09,2.0,0.0,-0.07,0.0,-1.74,-1.73,6777.0,8454.0
5.0,0.0,162.0,165.0,0.0,0.0,100.0,100.0,-0.57,-0.11,2.0,2.0,0.01,0.02,-1.24,-1.47,6242.0,8284.0
10.0,0.0,158.0,160.0,0.0,0.0,100.0,100.0,-1.02,-0.25,2.0,2.0,0.06,0.05,-1.1,-0.89,6061.0,7654.0
15.0,-0.01999999999998181,152.0,156.0,0.0,0.0,100.0,100.0,-1.22,-0.76,2.0,2.0,0.13,0.14,-1.39,-1.31,5774.0,7646.0
20.0,-0.01999999999998181,145.0,149.0,27.0,0.0,100.0,100.0,-2.1,-1.9,0.0,2.0,0.34,0.23,-1.8,-1.61,7323.0,7385.0
25.0,-0.01999999999998181,137.0,141.0,0.0,0.0,100.0,100.0,-3.71,-5.07,1.0,2.0,0.23,0.36,-1.15,-1.71,6757.0,7333.0
30.0,-0.01999999999998181,132.0,136.0,0.0,69.0,100.0,100.0,-5.87,-8.72,1.0,0.0,0.41,0.42,-1.49,-1.36,6575.0,7396.0
35.0,-0.01999999999998181,125.0,128.0,0.0,0.0,100.0,100.0,-8.0,-11.7,1.0,1.0,0.47,0.6,-1.35,-1.37,6060.0,8152.0
40.0,-0.040000000000020464,116.0,122.0,0.0,0.0,97.0,100.0,-11.0,-13.84,1.0,1.0,0.85,1.01,-1.44,-1.17,5747.0,7780.0
45.0,-0.03999999999996362,109.0,114.0,9.0,0.0,44.0,100.0,-15.69,-14.93,1.0,1.0,1.13,1.13,-0.71,-1.23,5851.0,7302.0
50.0,-0.040000000000020464,106.0,107.0,8.0,0.0,16.0,100.0,-18.23,-15.76,1.0,1.0,1.44,0.98,-0.31,-1.16,6037.0,6735.0
55.0,-0.040000000000020464,104.0,100.0,1.0,0.0,6.0,75.0,-20.24,-16.7,1.0,1.0,1.38,1.16,-0.21,-0.98,5852.0,6424.0
60.0,-0.020000000000038654,101.0,94.0,0.0,0.0,11.0,20.0,-23.26,-18.33,1.0,1.0,1.85,1.73,-0.44,-0.63,5615.0,6380.0
65.0,-0.020000000000038654,97.0,89.0,0.0,0.0,17.0,14.0,-24.86,-19.0,1.0,1.0,1.69,1.93,-0.5,-0.33,5321.0,6322.0
70.0,0.0,93.0,85.0,0.0,0.0,14.0,11.0,-25.65,-19.45,1.0,1.0,1.67,1.84,-0.36,-0.29,5038.0,5956.0
75.0,0.01999999999998181,88.0,84.0,31.0,42.0,4.0,0.0,-26.17,-17.86,1.0,1.0,2.15,1.75,-0.1,0.39,5084.0,6744.0
80.0,0.020000000000038654,87.0,85.0,63.0,49.0,0.0,0.0,-25.12,-10.62,1.0,1.0,2.01,1.76,0.29,0.55,5350.0,6761.0
85.0,0.040000000000020464,88.0,88.0,65.0,60.0,0.0,0.0,-13.76,-6.94,1.0,1.0,2.1,2.0,0.37,0.74,5420.0,6961.0
90.0,0.03999999999996362,89.0,92.0,68.0,86.0,0.0,0.0,-7.52,-4.97,1.0,1.0,1.67,1.64,0.5,0.87,5615.0,7329.0
95.0,0.01999999999998181,92.0,96.0,68.0,86.0,0.0,0.0,-3.55,-3.85,1.0,1.0,1.38,1.32,0.64,0.84,5794.0,7844.0
100.0,0.0,96.0,101.0,72.0,88.0,0.0,0.0,0.22,-5.06,1.0,1.0,1.43,1.37,0.67,0.83,5975.0,8029.0
105.0,0.0,99.0,105.0,73.0,88.0,0.0,0.0,-1.58,-3.92,1.0,1.0,1.42,1.22,0.74,0.69,6288.0,8420.0
110.0,0.0,103.0,107.0,75.0,78.0,0.0,0.0,-1.3,-3.58,1.0,2.0,1.21,1.09,0.66,0.92,6447.0,7445.0
115.0,-0.020000000000038654,107.0,111.0,83.0,87.0,0.0,0.0,0.28,3.1,1.0,2.0,1.12,1.49,0.79,0.8,6549.0,6789.0
120.0,-0.01999999999998181,111.0,114.0,80.0,82.0,0.0,0.0,-3.0,8.11,1.0,2.0,0.93,1.08,0.76,0.54,6924.0,7280.0
125.0,-0.020000000000038654,114.0,118.0,89.0,84.0,0.0,0.0,-3.81,11.79,1.0,2.0,1.02,1.41,0.72,0.77,6972.0,7087.0
130.0,-0.03999999999996362,118.0,121.0,93.0,91.0,0.0,0.0,-4.13,9.18,1.0,2.0,1.01,1.18,0.65,0.8,7121.0,7189.0
135.0,-0.040000000000020464,120.0,124.0,91.0,100.0,0.0,0.0,-3.56,-1.24,2.0,2.0,0.87,0.89,0.63,0.71,6445.0,7274.0
140.0,-0.020000000000038654,124.0,128.0,97.0,100.0,0.0,0.0,-2.27,-2.71,2.0,2.0,0.93,0.82,0.73,0.73,5763.0,7353.0
145.0,-0.060000000000002274,128.0,131.0,98.0,100.0,0.0,0.0,-2.13,-2.44,2.0,2.0,0.7,0.62,0.73,0.66,5964.0,7571.0
150.0,-0.060000000000002274,131.0,135.0,100.0,100.0,0.0,0.0,-1.71,-1.93,2.0,2.0,0.63,0.68,0.75,0.73,6090.0,7754.0
155.0,-0.040000000000020464,134.0,138.0,100.0,100.0,0.0,0.0,-1.53,-1.22,2.0,2.0,0.5,0.53,0.68,0.66,6244.0,7961.0
160.0,-0.060000000000002274,138.0,141.0,100.0,100.0,0.0,0.0,-0.08,-0.57,2.0,2.0,0.49,0.56,0.74,0.75,6332.0,8132.0
165.0,-0.040000000000020464,140.0,144.0,100.0,100.0,0.0,0.0,0.11,0.09,2.0,2.0,0.25,0.33,0.63,0.57,6572.0,8319.0
170.0,-0.060000000000002274,144.0,147.0,100.0,100.0,0.0,0.0,0.41,0.11,2.0,2.0,0.13,0.28,0.63,0.62,6607.0,8362.0
175.0,-0.060000000000002274,147.0,148.0,100.0,40.0,0.0,0.0,0.73,0.28,2.0,1.0,0.0,0.11,0.64,0.02,6756.0,8175.0
180.0,-0.060000000000002274,150.0,151.0,100.0,100.0,0.0,0.0,0.97,0.27,2.0,3.0,-0.11,0.05,0.63,0.62,6832.0,6926.0
185.0,-0.060000000000002274,152.0,154.0,100.0,100.0,0.0,0.0,1.36,0.62,2.0,3.0,-0.21,-0.05,0.61,0.57,6960.0,7104.0
190.0,-0.060000000000002274,155.0,156.0,100.0,100.0,0.0,0.0,1.93,1.39,2.0,3.0,-0.3,-0.18,0.56,0.55,7091.0,7223.0
195.0,-0.08000000000004093,156.0,158.0,100.0,100.0,0.0,0.0,2.17,1.23,3.0,3.0,-0.35,-0.23,0.75,0.58,6094.0,7273.0
200.0,-0.060000000000002274,158.0,161.0,100.0,100.0,0.0,0.0,2.54,1.24,3.0,3.0,-0.5,-0.26,0.66,0.59,5895.0,7461.0
205.0,-0.07999999999998408,161.0,163.0,100.0,100.0,0.0,0.0,2.88,1.55,3.0,3.0,-0.74,-0.41,0.58,0.58,6013.0,7551.0
210.0,-0.060000000000002274,163.0,165.0,100.0,100.0,0.0,0.0,2.9,2.19,3.0,3.0,-0.72,-0.53,0.53,0.55,6023.0,7591.0
215.0,-0.08000000000004093,165.0,167.0,100.0,100.0,0.0,0.0,3.39,3.24,3.0,3.0,-0.69,-0.52,0.55,0.45,6229.0,7787.0
220.0,-0.060000000000002274,167.0,169.0,100.0,100.0,0.0,0.0,3.45,3.33,3.0,3.0,-0.87,-0.9,0.52,0.54,6211.0,7818.0
225.0,-0.07999999999998408,169.0,171.0,100.0,100.0,0.0,0.0,3.33,3.33,3.0,3.0,-1.01,-1.08,0.56,0.54,6287.0,7934.0
230.0,-0.08000000000004093,171.0,173.0,100.0,100.0,0.0,0.0,3.4,3.1,3.0,3.0,-1.02,-1.22,0.55,0.54,6325.0,7954.0
235.0,-0.07999999999998408,173.0,175.0,100.0,100.0,0.0,0.0,4.44,4.16,3.0,3.0,-0.79,-0.86,0.46,0.45,6433.0,8066.0
240.0,-0.060000000000002274,175.0,177.0,100.0,100.0,0.0,0.0,5.43,4.02,3.0,3.0,-1.07,-1.22,0.52,0.57,6491.0,8199.0
245.0,-0.07999999999998408,177.0,178.0,100.0,100.0,0.0,0.0,5.25,4.07,3.0,3.0,-0.96,-1.14,0.51,0.52,6552.0,8192.0
250.0,-0.07999999999998408,178.0,180.0,100.0,100.0,0.0,0.0,5.34,4.05,3.0,3.0,-1.35,-1.32,0.56,0.56,6623.0,8368.0
255.0,-0.07999999999998408,180.0,182.0,100.0,100.0,0.0,0.0,5.33,4.1,3.0,3.0,-1.39,-1.48,0.53,0.5,6691.0,8367.0
260.0,-0.08000000000004093,182.0,183.0,100.0,100.0,0.0,0.0,5.22,3.92,3.0,3.0,-0.98,-1.06,0.49,0.49,6740.0,8433.0
265.0,-0.0999999999999659,183.0,184.0,100.0,0.0,0.0,0.0,4.83,4.2,3.0,0.0,-1.47,-1.26,0.72,-0.04,6905.0,8275.0
270.0,-0.10000000000002274,185.0,185.0,100.0,100.0,0.0,0.0,4.06,3.44,3.0,4.0,-1.25,-1.56,0.44,0.38,6845.0,7065.0
275.0,-0.07999999999998408,186.0,186.0,100.0,100.0,0.0,0.0,4.22,3.53,3.0,4.0,-1.02,-1.04,0.42,0.38,6964.0,7186.0
280.0,-0.08000000000004093,187.0,188.0,100.0,100.0,0.0,0.0,3.52,3.35,3.0,4.0,-1.36,-1.3,0.51,0.49,6942.0,7251.0
285.0,-0.07999999999998408,189.0,189.0,100.0,100.0,0.0,0.0,3.51,3.49,3.0,4.0,-1.26,-1.54,0.46,0.44,6991.0,7253.0
290.0,-0.07999999999998408,191.0,191.0,100.0,100.0,0.0,0.0,3.35,2.64,3.0,4.0,-1.13,-1.17,0.43,0.41,7057.0,7342.0
295.0,-0.08999999999997499,192.0,192.0,100.0,100.0,0.0,0.0,3.615,3.09,3.0,4.0,-1.0550000000000002,-1.21,0.44,0.46,7083.5,7384.0
300.0,-0.08000000000004093,193.0,193.0,0.0,100.0,0.0,0.0,3.69,3.23,0.0,4.0,-1.15,-1.28,-0.03,0.44,7015.0,7438.0
305.0,-0.07999999999998408,194.0,195.0,100.0,100.0,0.0,0.0,3.09,2.68,4.0,4.0,-1.26,-1.49,0.47,0.44,5773.0,7470.0
310.0,-0.09000000000003183,195.0,196.0,100.0,100.0,0.0,0.0,2.635,2.53,4.0,4.0,-1.005,-1.2,0.425,0.42,5874.5,7491.0
315.0,-0.07999999999998408,196.0,197.0,100.0,100.0,0.0,0.0,3.07,2.92,4.0,4.0,-0.85,-0.84,0.39,0.34,6063.0,7685.0
320.0,-0.10000000000002274,198.0,198.0,100.0,100.0,0.0,0.0,2.57,2.68,4.0,4.0,-1.25,-1.61,0.42,0.58,5956.0,7664.0
325.0,-0.07999999999998408,199.0,200.0,100.0,100.0,0.0,0.0,2.44,2.0,4.0,4.0,-1.1,-1.51,0.41,0.41,6002.0,7643.0
330.0,-0.10000000000002274,200.0,201.0,100.0,100.0,0.0,0.0,2.63,1.32,4.0,4.0,-0.57,-0.73,0.34,0.32,6087.0,7763.0
335.0,-0.07999999999998408,202.0,202.0,100.0,100.0,0.0,0.0,3.41,1.43,4.0,4.0,-1.12,-1.0,0.57,0.53,6128.0,8041.0
340.0,-0.10000000000002274,203.0,203.0,100.0,100.0,0.0,0.0,4.38,1.08,4.0,4.0,-1.26,-1.36,0.39,0.43,6133.0,7804.0
345.0,-0.07999999999998408,204.0,205.0,100.0,100.0,0.0,0.0,4.67,1.36,4.0,4.0,-1.34,-1.23,0.41,0.41,6157.0,7839.0
350.0,-0.08999999999997499,205.0,206.0,100.0,100.0,0.0,0.0,4.824999999999999,2.62,4.0,4.0,-1.33,-1.13,0.385,0.41,6201.5,7886.0
355.0,-0.09000000000003183,206.0,207.0,100.0,100.0,0.0,0.0,5.31,4.244999999999999,4.0,4.0,-1.34,-1.185,0.4,0.4,6237.0,7929.0
360.0,-0.07999999999998408,207.0,208.0,100.0,100.0,0.0,0.0,6.97,5.49,4.0,4.0,-1.28,-1.14,0.34,0.38,6340.0,8033.0
365.0,-0.10000000000002274,208.0,209.0,100.0,100.0,0.0,0.0,8.74,5.36,4.0,4.0,-1.3,-1.17,0.36,0.39,6352.0,8046.0
370.0,-0.10000000000002274,209.0,210.0,92.0,100.0,0.0,0.0,9.71,5.24,4.0,4.0,-1.07,-1.1,0.28,0.36,6464.0,8134.0
375.0,-0.07999999999998408,210.0,211.0,81.0,100.0,0.0,0.0,10.92,5.5,4.0,4.0,-1.45,-1.37,0.2,0.37,6477.0,8282.0
380.0,-0.09000000000000341,210.0,212.0,83.0,100.0,0.0,0.0,11.025,5.68,4.0,4.0,-2.93,-2.62,0.25,0.47,6347.5,8169.0
385.0,-0.10000000000002274,211.0,212.0,83.0,100.0,0.0,0.0,11.31,5.88,4.0,4.0,-1.59,-2.0,0.26,0.36,6380.0,8109.0
390.0,-0.08999999999997499,211.0,213.0,72.0,100.0,0.0,0.0,12.29,4.785,4.0,4.0,-1.04,-0.625,0.18,-0.010000000000000002,6704.0,8632.0
395.0,-0.08000000000004093,212.0,213.0,75.0,100.0,0.0,0.0,12.62,3.07,4.0,4.0,-2.16,-2.18,0.28,0.47,6437.0,8321.0
400.0,-0.0999999999999659,212.0,214.0,79.0,100.0,0.0,0.0,12.66,3.83,4.0,4.0,-2.14,-2.48,0.26,0.41,6436.0,8211.0
405.0,-0.10000000000002274,212.0,215.0,76.0,100.0,0.0,0.0,12.97,5.89,4.0,4.0,-1.68,-1.48,0.18,0.27,6479.0,8310.0
410.0,-0.10000000000002274,213.0,215.0,80.0,100.0,0.0,0.0,13.1,6.82,4.0,4.0,-1.89,-1.45,0.27,0.41,6448.0,8395.0
415.0,-0.09000000000000341,213.0,215.5,80.0,0.0,0.0,0.0,13.31,8.585,4.0,0.0,-1.84,-2.205,0.23,-0.11499999999999999,6473.0,8168.5
420.0,-0.09000000000000341,214.0,216.0,83.0,100.0,0.0,0.0,12.975000000000001,9.01,4.0,5.0,-2.1500000000000004,-2.16,0.28500000000000003,0.25,6473.0,7058.0
425.0,-0.10000000000002274,214.0,217.0,86.0,100.0,0.0,0.0,12.35,9.39,4.0,5.0,-2.56,-2.27,0.28,0.29,6466.0,7024.0
430.0,-0.0999999999999659,215.0,217.0,86.0,100.0,0.0,0.0,11.52,9.43,4.0,5.0,-2.13,-2.65,0.28,0.34,6469.0,7022.0
435.0,-0.10000000000002274,215.0,218.0,81.0,100.0,0.0,0.0,11.6,9.37,4.0,5.0,-1.49,-1.76,0.19,0.27,6548.0,7058.0
440.0,-0.10000000000002274,215.0,218.0,81.0,97.0,0.0,0.0,11.53,9.36,4.0,5.0,-2.21,-1.7,0.25,0.29,6565.0,7233.0
445.0,-0.11000000000001364,216.0,218.0,87.0,99.0,0.0,0.0,10.925,8.53,4.0,5.0,-2.85,-3.05,0.22999999999999998,0.37,6501.0,7088.0
450.0,-0.11000000000001364,216.0,218.0,88.0,100.0,0.0,0.0,10.73,8.465,4.0,5.0,-1.95,-2.16,0.21,0.27,6538.0,7048.5
455.0,-0.10000000000002274,217.0,218.0,89.0,99.0,0.0,0.0,10.4,8.2,4.0,5.0,-2.67,-2.33,0.32,0.39,6542.0,7187.0
460.0,-0.0999999999999659,217.0,219.0,92.0,100.0,0.0,0.0,10.14,6.46,4.0,5.0,-2.31,-2.8,0.27,0.33,6534.0,7072.0
465.0,-0.10000000000002274,217.0,219.0,88.0,100.0,0.0,0.0,10.27,5.99,4.0,5.0,-1.96,-2.15,0.29,0.26,6599.0,7124.0
470.0,-0.10000000000002274,218.0,219.0,91.0,100.0,0.0,0.0,9.53,4.89,4.0,5.0,-2.54,-2.49,0.26,0.36,6582.0,7174.0
475.0,-0.11000000000001364,218.0,219.0,98.5,100.0,0.0,0.0,7.785,3.0,4.0,5.0,-2.145,-2.5,0.29000000000000004,0.31,6601.5,7090.0
480.0,-0.12000000000000455,219.0,220.0,98.0,100.0,0.0,0.0,8.53,3.7,4.0,5.0,-2.58,-2.6,0.28,0.31,6593.0,7116.0
485.0,-0.12000000000000455,219.0,220.0,100.0,100.0,0.0,0.0,8.57,3.07,4.0,5.0,-2.65,-2.85,0.29,0.31,6600.0,7094.0
490.0,-0.10999999999998522,220.0,220.0,97.0,100.0,0.0,0.0,8.78,3.62,4.0,5.0,-2.23,-2.375,0.24,0.265,6639.0,7101.5
495.0,-0.11000000000001364,220.0,220.5,100.0,100.0,0.0,0.0,8.06,2.705,4.0,5.0,-2.49,-2.375,0.31,0.29000000000000004,6644.0,7114.5
500.0,-0.10000000000002274,221.0,221.0,100.0,100.0,0.0,0.0,7.19,2.3,4.0,5.0,-2.26,-1.88,0.27,0.25,6665.0,7123.0
505.0,-0.10000000000002274,221.0,221.0,100.0,100.0,0.0,0.0,6.92,2.45,4.0,5.0,-2.27,-1.96,0.28,0.28,6689.0,7150.0
510.0,-0.0999999999999659,221.0,222.0,100.0,100.0,0.0,0.0,4.77,1.44,4.0,5.0,-1.5,-1.28,0.23,0.24,6715.0,7182.0
515.0,-0.10000000000002274,222.0,223.0,100.0,100.0,0.0,0.0,4.44,1.65,4.0,5.0,-1.64,-1.36,0.28,0.3,6834.0,7229.0
520.0,-0.10000000000002274,223.0,223.0,100.0,100.0,0.0,0.0,2.03,0.55,4.0,5.0,-2.2,-1.57,0.36,0.29,6728.0,7198.0
525.0,-0.10999999999998522,223.0,224.0,100.0,100.0,0.0,0.0,1.725,0.16,4.0,5.0,-1.345,-1.17,0.275,0.26,6703.5,7184.0
530.0,-0.10999999999998522,224.0,224.0,100.0,100.0,0.0,0.0,1.4300000000000002,0.66,4.0,5.0,-0.56,-0.41,0.019999999999999997,0.01,7078.0,7417.0
535.0,-0.11000000000001364,225.0,225.0,100.0,100.0,0.0,0.0,0.005000000000000001,0.22,4.0,5.0,-1.3250000000000002,-1.02,0.36,0.69,6743.0,7366.0
540.0,-0.11000000000001364,225.0,226.0,100.0,100.0,0.0,0.0,0.27,-0.03,4.0,5.0,-0.755,-1.0,0.28,0.25,6764.5,7257.0
545.0,-0.10999999999998522,226.0,227.0,100.0,100.0,0.0,0.0,-0.75,-0.81,4.0,5.0,-0.375,-0.49,0.23500000000000001,0.16,6879.0,7365.0
550.0,-0.11000000000001364,227.0,227.0,100.0,100.0,0.0,0.0,-1.725,-1.6,4.0,5.0,-0.09000000000000001,-0.54,0.30000000000000004,0.26,6807.5,7306.0
555.0,-0.11000000000001364,228.0,228.0,100.0,100.0,0.0,0.0,-1.74,-1.82,4.0,5.0,0.185,-0.07,0.22999999999999998,0.22,6898.5,7343.0
560.0,-0.0999999999999659,228.0,229.0,100.0,100.0,0.0,0.0,-2.05,-1.91,4.0,5.0,0.46,0.19,0.3,0.27,6870.0,7387.0
565.0,-0.0999999999999659,229.0,229.0,100.0,100.0,0.0,0.0,-2.79,-1.88,4.0,5.0,0.62,0.43,0.25,0.24,6921.0,7398.0
570.0,-0.10000000000002274,230.0,230.0,100.0,100.0,0.0,0.0,-2.42,-1.8,4.0,5.0,0.88,0.71,0.28,0.26,6925.0,7416.0
575.0,-0.11000000000001364,231.0,231.0,100.0,100.0,0.0,0.0,-2.73,-2.04,4.0,5.0,0.76,0.6799999999999999,0.19,0.22,6976.0,7435.5
580.0,-0.10999999999998522,231.0,231.0,100.0,100.0,0.0,0.0,-3.2,-2.67,4.0,5.0,1.1,0.95,0.32,0.26,6959.0,7472.5
585.0,-0.12000000000000455,232.0,232.0,100.0,100.0,0.0,0.0,-3.28,-2.67,4.0,5.0,1.12,1.16,0.24,0.25,6983.0,7477.0
590.0,-0.12000000000000455,232.0,232.0,100.0,100.0,0.0,0.0,-3.72,-2.68,4.0,5.0,1.05,1.07,0.24,0.2,7030.0,7515.0
595.0,-0.12000000000000455,233.0,233.0,100.0,100.0,0.0,0.0,-3.76,-2.63,4.0,5.0,1.13,1.23,0.23,0.26,7019.0,7511.0
600.0,-0.11000000000001364,234.0,234.0,100.0,100.0,0.0,0.0,-3.925,-2.68,4.0,5.0,1.24,1.34,0.22,0.21,7068.0,7556.0
605.0,-0.10999999999998522,234.0,234.0,0.0,100.0,0.0,0.0,-3.725,-2.5,0.0,5.0,1.12,1.23,-0.275,0.22,6885.5,7532.0
610.0,-0.10000000000002274,234.0,235.0,100.0,100.0,0.0,0.0,-4.16,-3.04,5.0,5.0,0.36,0.38,-0.08,0.12,6253.0,7660.0
615.0,-0.11000000000001364,234.0,234.0,95.0,100.0,0.0,0.0,-4.32,-3.395,5.0,5.0,1.06,0.615,0.53,0.1,6326.0,8320.5
620.0,-0.10999999999998522,235.0,236.0,100.0,100.0,0.0,0.0,-3.96,-3.115,5.0,5.0,1.75,1.9700000000000002,0.24,0.42000000000000004,6031.0,7633.0
625.0,-0.1199999999999477,235.0,236.0,100.0,100.0,0.0,0.0,-3.92,-3.25,5.0,5.0,2.08,2.39,0.26,0.14,6007.0,7587.0
630.0,-0.12000000000000455,236.0,236.0,100.0,100.0,0.0,0.0,-3.3,-2.91,5.0,5.0,1.44,1.84,0.19,0.21,6013.0,7595.0
635.0,-0.11000000000001364,236.0,237.0,100.0,100.0,0.0,0.0,-3.315,-2.39,5.0,5.0,0.785,0.76,0.060000000000000005,0.06,6182.0,7854.0
640.0,-0.10000000000002274,237.0,237.0,100.0,100.0,0.0,0.0,-4.05,-2.45,5.0,5.0,1.45,1.56,0.41,0.31,6094.0,7698.0
645.0,-0.10999999999998522,237.0,238.0,100.0,100.0,0.0,0.0,-3.84,-2.235,5.0,5.0,1.37,1.685,0.21,0.215,6086.0,7677.0
650.0,-0.12000000000000455,238.0,238.0,100.0,100.0,0.0,0.0,-3.33,-1.63,5.0,5.0,1.64,1.72,0.3,0.23,6108.0,7711.0
655.0,-0.12000000000000455,238.0,239.0,100.0,100.0,0.0,0.0,-2.82,-0.85,5.0,5.0,1.46,1.51,0.22,0.22,6110.0,7704.0
660.0,-0.11000000000001364,239.0,239.0,100.0,100.0,0.0,0.0,-2.865,-1.07,5.0,5.0,1.095,1.22,0.21000000000000002,0.23,6108.5,7699.0
665.0,-0.11000000000001364,239.0,239.5,100.0,100.0,0.0,0.0,-3.6,-1.46,5.0,5.0,1.15,1.1400000000000001,0.22,0.235,6182.0,7779.0
670.0,-0.12000000000000455,240.0,240.0,100.0,100.0,0.0,0.0,-3.23,-1.22,5.0,5.0,1.5,1.29,0.24,0.24,6137.0,7742.0
675.0,-0.12000000000000455,240.0,241.0,100.0,100.0,0.0,0.0,-2.58,-0.56,5.0,5.0,1.34,1.32,0.23,0.24,6124.0,7720.0
680.0,-0.11000000000001364,241.0,241.0,100.0,100.0,0.0,0.0,-2.835,-0.51,5.0,5.0,0.475,0.39,0.009999999999999995,0.12,6270.5,7792.0
685.0,-0.11000000000001364,241.0,241.0,100.0,100.0,0.0,0.0,-2.8,-0.9450000000000001,5.0,5.0,1.17,0.5349999999999999,0.58,0.135,6461.0,8533.0
690.0,-0.12000000000000455,242.0,242.0,100.0,100.0,0.0,0.0,-2.14,-0.69,5.0,5.0,1.61,1.4,0.22,0.22,6207.0,7817.0
695.0,-0.1199999999999477,242.0,243.0,100.0,100.0,0.0,0.0,-0.85,-0.22,5.0,5.0,1.41,1.28,0.2,0.23,6184.0,7782.0
700.0,-0.10999999999998522,243.0,243.0,100.0,100.0,0.0,0.0,-0.385,0.21,5.0,5.0,1.025,0.89,0.20500000000000002,0.19,6207.5,7848.0
705.0,-0.11000000000001364,243.0,244.0,100.0,100.0,0.0,0.0,-0.59,0.425,5.0,5.0,0.91,0.9,0.24,0.255,6203.0,7833.5
710.0,-0.12000000000000455,244.0,244.0,100.0,100.0,0.0,0.0,-1.14,0.34,5.0,5.0,0.63,0.67,0.17,0.2,6237.0,7854.0
715.0,-0.11000000000001364,244.0,245.0,100.0,100.0,0.0,0.0,-1.4,0.13,5.0,5.0,0.525,0.45,0.185,0.2,6260.0,7897.0
720.0,-0.10999999999998522,245.0,245.0,98.0,90.0,2.0,25.5,-1.58,-0.52,5.0,5.0,0.59,0.475,0.18,0.065,6252.0,7868.5
725.0,-0.1199999999999477,243.0,243.0,69.0,25.0,82.0,98.0,-1.74,-1.34,0.0,5.0,0.58,0.52,-1.5,-1.33,6412.0,7610.0
730.0,-0.12000000000000455,237.0,239.0,0.0,69.0,100.0,100.0,-2.05,-2.1,4.0,0.0,0.5,0.53,-1.95,-1.86,6754.0,8490.0
735.0,-0.11000000000001364,233.0,233.0,0.0,0.0,100.0,100.0,-3.21,-3.94,4.0,4.0,0.485,0.47,-1.935,-1.69,6385.5,8085.0
740.0,-0.11000000000001364,227.5,227.0,69.0,0.0,100.0,100.0,-4.545,-5.4,0.0,4.0,0.88,1.1,-2.235,-2.05,6529.5,7880.0
745.0,-0.10999999999998522,221.5,222.0,34.5,0.0,100.0,100.0,-4.725,-5.31,0.0,4.0,1.16,1.49,-2.1100000000000003,-1.99,7465.0,7819.0
750.0,-0.12000000000000455,215.0,216.0,0.0,0.0,100.0,100.0,-5.91,-5.13,3.0,4.0,1.5,1.73,-2.27,-1.81,7349.0,7520.0
755.0,-0.12000000000000455,209.0,211.0,0.0,56.0,100.0,100.0,-8.15,-5.14,3.0,0.0,1.58,2.11,-1.83,-1.9,7293.0,7484.0
760.0,-0.1199999999999477,204.0,206.0,0.0,0.0,100.0,100.0,-8.25,-4.64,3.0,0.0,1.1,1.33,-1.66,-1.43,6813.0,8381.0
765.0,-0.12000000000000455,197.0,201.0,0.0,0.0,100.0,100.0,-9.27,-2.82,3.0,3.0,1.22,0.98,-1.73,-1.33,6198.0,7814.0
770.0,-0.12000000000000455,192.0,196.0,0.0,0.0,100.0,100.0,-11.98,-0.16,3.0,3.0,1.8,1.98,-1.82,-1.79,6272.0,7830.0
775.0,-0.12000000000000455,186.0,189.0,0.0,0.0,56.0,100.0,-13.41,6.46,3.0,3.0,1.59,1.55,-1.23,-1.5,6080.0,7552.0
780.0,-0.12000000000000455,183.0,184.0,0.0,0.0,0.0,92.0,-13.76,5.88,3.0,3.0,2.19,1.65,-0.53,-1.47,6456.0,7236.0
785.0,-0.12000000000000455,181.0,180.0,0.0,4.0,0.0,2.0,-11.62,2.57,3.0,3.0,1.91,1.82,-0.27,-0.47,6422.0,7532.0
790.0,-0.12000000000000455,179.0,178.0,7.0,16.0,0.0,0.0,-8.83,8.91,3.0,3.0,2.3,2.14,-0.19,-0.08,6439.0,7902.0
795.0,-0.12000000000000455,178.0,176.0,22.0,18.0,0.0,0.0,-6.13,6.45,3.0,3.0,2.6,2.63,-0.08,-0.05,6452.0,7879.0
800.0,-0.12000000000000455,177.0,175.0,21.0,29.0,0.0,0.0,-1.52,8.39,3.0,3.0,2.33,2.3,-0.05,0.0,6412.0,7882.0
805.0,-0.12000000000000455,173.0,174.0,69.0,24.0,96.0,12.0,2.93,9.8,0.0,3.0,1.28,1.91,-1.36,-0.07,6056.0,7845.0
810.0,-0.1199999999999477,168.0,170.0,0.0,0.0,100.0,100.0,3.32,15.93,2.0,3.0,0.6,0.54,-1.61,-1.32,6325.0,6394.0
815.0,-0.12000000000000455,161.0,164.0,0.0,0.0,100.0,100.0,2.18,14.95,2.0,3.0,0.42,1.0,-1.46,-1.66,6432.0,6688.0
820.0,-0.12000000000000455,156.0,158.0,0.0,0.0,100.0,100.0,2.39,3.52,2.0,0.0,-0.01,-0.08,-1.34,-1.17,5785.0,7504.0
825.0,-0.12000000000000455,149.0,153.0,0.0,0.0,100.0,100.0,4.93,3.21,2.0,2.0,-0.49,-0.82,-1.53,-1.47,5750.0,7585.0
830.0,-0.12000000000000455,141.0,145.0,0.0,0.0,100.0,100.0,9.97,0.84,2.0,2.0,-0.85,-1.07,-1.6,-1.44,5737.0,7296.0
835.0,-0.13999999999998636,134.0,139.0,0.0,0.0,42.0,56.0,16.53,10.31,2.0,2.0,-1.29,-1.14,-1.26,-1.22,5405.0,6801.0
840.0,-0.13999999999998636,132.0,136.0,7.0,5.0,0.0,0.0,19.91,16.8,2.0,2.0,-1.62,-1.66,-0.1,-0.11,5884.0,7498.0
845.0,-0.160000000000025,131.0,135.0,7.0,1.0,0.0,0.0,21.43,17.55,2.0,2.0,-2.27,-2.07,-0.15,-0.18,5834.0,7414.0
850.0,-0.13999999999998636,130.0,134.0,28.0,25.0,0.0,0.0,22.26,16.38,2.0,3.0,-1.88,-1.65,0.0,0.94,5849.0,6081.0
855.0,-0.1400000000000432,130.0,133.0,43.0,19.0,0.0,0.0,23.0,16.16,2.0,3.0,-1.81,-1.69,0.07,-0.04,5920.0,6309.0
860.0,-0.13999999999998636,129.0,132.0,60.0,21.0,0.0,0.0,22.61,16.01,2.0,3.0,-1.84,-2.31,-0.04,0.27,6336.0,6363.0
865.0,-0.15999999999996817,128.0,132.0,46.0,31.0,0.0,0.0,22.32,16.39,2.0,3.0,-1.93,-1.53,-0.03,0.13,6746.0,6221.0
870.0,-0.15999999999996817,128.0,132.0,47.0,35.0,0.0,0.0,21.39,16.68,2.0,3.0,-1.79,-2.18,0.33,0.11,6414.0,6226.0
875.0,-0.160000000000025,129.0,132.0,77.0,58.0,0.0,0.0,14.19,17.71,2.0,3.0,-1.93,-1.47,0.38,0.31,6018.0,6390.0
880.0,-0.160000000000025,130.0,132.0,81.0,66.0,0.0,0.0,12.2,16.09,2.0,3.0,-2.16,-3.21,0.38,0.24,5975.0,6176.0
885.0,-0.15999999999996817,131.0,133.0,77.0,68.0,0.0,0.0,12.05,12.59,2.0,3.0,-1.55,-0.98,0.43,0.25,6210.0,6529.0
890.0,-0.18000000000000682,133.0,134.0,78.0,77.0,0.0,0.0,11.51,8.81,2.0,3.0,-1.81,-2.28,0.51,0.67,6208.0,6398.0
895.0,-0.18000000000000682,134.0,136.0,76.0,84.0,0.0,0.0,9.61,5.13,2.0,3.0,-1.78,-1.62,0.5,0.47,6428.0,6655.0
900.0,-0.18000000000000682,136.0,137.0,81.0,95.0,0.0,0.0,3.68,0.19,2.0,3.0,-1.39,-1.58,0.44,0.49,6511.0,6590.0
905.0,-0.18000000000000682,137.0,139.0,79.0,93.0,0.0,0.0,3.06,-1.72,2.0,3.0,-1.72,-1.62,0.48,0.57,6565.0,6770.0
910.0,-0.18000000000000682,139.0,141.0,78.0,96.0,0.0,0.0,-0.33,-3.99,2.0,3.0,-1.42,-1.63,0.36,0.45,6705.0,6768.0
915.0,-0.18000000000000682,140.0,142.0,81.0,96.0,0.0,0.0,-3.96,-3.95,2.0,3.0,-1.5,-1.55,0.46,0.55,6682.0,6841.0
920.0,-0.19999999999998863,142.0,144.0,83.0,98.0,0.0,0.0,-0.44,-1.64,2.0,3.0,-1.11,-1.22,0.38,0.49,6856.0,6875.0
925.0,-0.18000000000000682,143.0,146.0,86.0,97.0,0.0,0.0,1.84,0.46,2.0,3.0,-1.41,-1.39,0.54,0.58,6860.0,7113.0
930.0,-0.18000000000000682,145.0,147.0,86.0,99.0,0.0,0.0,4.74,1.14,2.0,3.0,-1.42,-1.44,0.49,0.44,6974.0,7101.0
935.0,-0.18000000000000682,147.0,149.0,91.0,100.0,0.0,0.0,3.62,0.07,2.0,3.0,-1.43,-1.58,0.52,0.54,6863.0,7081.0
940.0,-0.18000000000000682,148.0,151.0,90.0,100.0,0.0,0.0,2.85,-2.45,2.0,3.0,-1.64,-1.79,0.6,0.62,7026.0,7231.0
945.0,-0.18000000000000682,150.0,153.0,92.0,100.0,0.0,0.0,3.34,1.08,2.0,3.0,-1.35,-1.43,0.39,0.4,7063.0,7238.0
950.0,-0.18000000000000682,151.0,154.0,0.0,100.0,0.0,0.0,2.06,0.58,0.0,3.0,-1.64,-1.67,-0.09,0.51,6646.0,7200.0
955.0,-0.20000000000004547,153.0,156.0,100.0,100.0,0.0,0.0,1.2,1.05,3.0,3.0,-1.4,-1.65,0.53,0.47,5711.0,7233.0
960.0,-0.20000000000004547,155.0,158.0,100.0,100.0,0.0,0.0,-0.16,-1.54,3.0,3.0,-0.42,-0.62,0.29,0.37,5863.0,7328.0
965.0,-0.19999999999998863,157.0,160.0,100.0,100.0,0.0,0.0,-1.91,-4.15,3.0,3.0,-0.16,-0.17,0.5,0.5,5829.0,7386.0
970.0,-0.21999999999997044,159.0,162.0,100.0,100.0,0.0,0.0,-5.51,-7.1,3.0,3.0,0.46,0.61,0.47,0.42,5927.0,7466.0
975.0,-0.19999999999998863,161.0,163.0,100.0,100.0,0.0,0.0,-6.85,-7.41,3.0,3.0,0.81,1.11,0.47,0.46,5985.0,7564.0
980.0,-0.22000000000002728,162.0,165.0,90.0,100.0,0.0,0.0,-7.8,-7.15,3.0,3.0,0.62,0.63,0.19,0.27,6362.0,7798.0
985.0,-0.19999999999998863,164.0,166.0,92.0,100.0,0.0,0.0,-7.58,-5.95,3.0,3.0,1.25,1.17,0.47,0.55,6240.0,8129.0
990.0,-0.21999999999997044,165.0,168.0,82.0,100.0,0.0,0.0,-9.38,-5.53,3.0,3.0,1.28,1.31,0.27,0.37,6412.0,7980.0
995.0,-0.19999999999998863,166.0,169.0,84.0,100.0,0.0,0.0,-8.57,-2.49,3.0,3.0,1.76,1.73,0.35,0.51,6312.0,8033.0
1000.0,-0.22000000000002728,167.0,170.0,83.0,100.0,0.0,0.0,-7.23,0.67,3.0,3.0,1.67,1.7,0.39,0.44,6342.0,8098.0
1005.0,-0.22000000000002728,168.0,171.0,83.0,100.0,0.0,0.0,-7.27,0.62,3.0,3.0,1.48,1.52,0.37,0.48,6406.0,8183.0
1010.0,-0.21999999999997044,169.0,172.0,79.0,100.0,0.0,0.0,-8.02,0.96,3.0,3.0,1.96,1.82,0.35,0.44,6480.0,8352.0
1015.0,-0.21999999999997044,169.0,173.0,84.0,100.0,0.0,0.0,-9.39,-2.41,3.0,3.0,2.29,2.75,0.36,0.49,6281.0,8012.0
1020.0,-0.22000000000002728,170.0,174.0,77.0,100.0,0.0,0.0,-10.66,-3.62,3.0,3.0,1.7,1.13,0.23,0.19,6573.0,8346.0
1025.0,-0.21999999999997044,170.0,175.0,96.0,100.0,0.0,0.0,-6.56,-0.6,3.0,3.0,2.89,3.19,0.17,-0.04,6318.0,8066.0
1030.0,-0.2400000000000091,171.0,175.0,97.0,100.0,0.0,0.0,-2.34,0.12,3.0,3.0,1.3,1.35,0.25,0.23,6614.0,8126.0
1035.0,-0.2400000000000091,173.0,176.0,100.0,100.0,0.0,0.0,-0.7,0.79,3.0,3.0,1.42,1.16,0.41,0.55,6477.0,8329.0
1040.0,-0.23999999999995225,174.0,178.0,100.0,100.0,0.0,0.0,0.35,1.49,3.0,3.0,0.98,1.09,0.47,0.42,6541.0,8239.0
1045.0,-0.2400000000000091,174.0,178.0,29.0,45.0,64.0,44.0,1.79,2.01,3.0,3.0,0.67,0.71,-0.75,-0.38,6273.0,8020.0
1050.0,-0.2400000000000091,167.0,171.0,0.0,69.0,100.0,100.0,4.9,4.86,1.0,0.0,-0.06,-0.01,-1.82,-1.74,6926.0,7875.0
1055.0,-0.23999999999995225,161.0,165.0,0.0,0.0,100.0,100.0,7.95,6.24,2.0,2.0,-0.44,-0.43,-1.87,-1.68,6292.0,8105.0
1060.0,-0.23999999999995225,154.0,158.0,0.0,0.0,92.0,100.0,10.59,5.97,2.0,2.0,-0.62,-0.63,-1.42,-1.53,5965.0,7793.0
1065.0,-0.2599999999999909,149.0,154.0,0.0,0.0,5.0,100.0,14.4,7.79,2.0,2.0,-1.63,-0.76,-0.63,-1.47,6303.0,7499.0
1070.0,-0.2400000000000091,147.0,147.0,0.0,0.0,0.0,13.0,16.17,10.12,2.0,2.0,-1.46,-1.52,-0.26,-0.64,6447.0,7926.0
1075.0,-0.2400000000000091,146.0,145.0,0.0,0.0,0.0,0.0,17.84,13.12,2.0,2.0,-1.62,-1.67,-0.27,-0.21,6350.0,8000.0
1080.0,-0.2599999999999909,144.0,144.0,0.0,0.0,0.0,0.0,20.1,14.22,2.0,2.0,-1.48,-1.44,-0.26,-0.16,6255.0,7908.0
1085.0,-0.2599999999999909,142.0,143.0,0.0,8.0,0.0,0.0,22.25,15.91,2.0,2.0,-1.47,-1.38,-0.26,-0.14,6170.0,7850.0
1090.0,-0.2400000000000091,140.0,141.0,16.0,20.0,0.0,0.0,24.18,17.1,2.0,2.0,-2.32,-2.54,-0.22,-0.13,6255.0,7844.0
1095.0,-0.2599999999999909,140.0,140.0,72.0,35.0,0.0,0.0,25.33,17.11,2.0,2.0,-1.58,-1.81,0.11,0.05,6369.0,7903.0
1100.0,-0.23999999999995225,140.0,139.0,67.0,45.0,0.0,0.0,24.83,15.95,2.0,2.0,-2.16,-1.92,0.14,0.12,6401.0,8471.0
1105.0,-0.26000000000004775,140.0,140.0,67.0,64.0,0.0,0.0,20.74,11.4,2.0,2.0,-1.47,-1.72,0.12,0.28,6448.0,8002.0
1110.0,-0.26000000000004775,141.0,141.0,65.0,75.0,0.0,0.0,9.9,3.37,2.0,2.0,-2.03,-1.61,0.29,0.45,6471.0,8251.0
1115.0,-0.23999999999995225,142.0,143.0,77.0,43.0,0.0,33.0,-0.69,-1.99,2.0,2.0,-1.62,-1.58,0.42,-0.15,6555.0,8005.0
1120.0,-0.2599999999999909,141.0,138.0,6.0,0.0,90.0,88.0,-7.02,-2.48,2.0,3.0,-0.31,-0.5,-0.76,-0.34,6080.0,6270.0
1125.0,-0.2400000000000091,138.0,136.0,0.0,0.0,32.0,21.0,-11.65,-13.39,2.0,3.0,0.41,0.48,-0.68,-0.52,4354.0,5358.0
1130.0,-0.2400000000000091,135.0,133.0,18.0,0.0,0.0,0.0,-15.49,-14.91,2.0,3.0,1.51,1.33,0.09,-0.17,6081.0,5993.0
1135.0,-0.2599999999999909,135.0,132.0,4.0,5.0,0.0,0.0,-17.41,-11.62,2.0,3.0,1.47,1.3,-0.08,-0.11,6006.0,5948.0
1140.0,-0.2400000000000091,134.0,132.0,11.0,35.0,0.0,0.0,-18.19,-10.1,2.0,3.0,2.04,1.99,-0.04,0.19,5997.0,6089.0
1145.0,-0.2400000000000091,133.0,132.0,9.0,45.0,6.0,0.0,-19.3,-14.36,2.0,3.0,2.3,2.17,-0.16,0.29,5935.0,6174.0
1150.0,-0.2400000000000091,131.0,133.0,66.0,71.0,7.0,2.0,-19.56,-16.16,2.0,3.0,2.1,1.99,0.07,0.35,6019.0,6246.0
1155.0,-0.2400000000000091,131.0,134.0,76.0,72.0,0.0,3.0,-19.15,-16.67,2.0,3.0,2.13,2.17,0.22,0.32,6094.0,6356.0
1160.0,-0.2599999999999909,132.0,135.0,77.0,79.0,0.0,1.0,-18.37,-16.43,2.0,3.0,1.92,1.98,0.29,0.35,6151.0,6382.0
1165.0,-0.2400000000000091,133.0,136.0,77.0,90.0,0.0,0.0,-18.02,-9.96,2.0,3.0,2.34,2.39,0.37,0.48,6167.0,6440.0
1170.0,-0.2599999999999909,134.0,137.0,75.0,97.0,0.0,0.0,-15.44,-5.51,2.0,3.0,2.31,2.39,0.4,0.46,6262.0,6493.0
1175.0,-0.2599999999999909,135.0,139.0,76.0,97.0,0.0,0.0,-7.84,0.11,2.0,3.0,1.89,1.88,0.26,0.39,6432.0,6617.0
1180.0,-0.28000000000002956,137.0,140.0,82.0,99.0,0.0,0.0,-0.46,-1.12,2.0,3.0,1.68,1.87,0.43,0.48,6467.0,6633.0
1185.0,-0.26000000000004775,138.0,142.0,82.0,61.0,0.0,0.0,1.45,-3.16,2.0,3.0,1.34,1.29,0.46,0.35,6611.0,6711.0
1190.0,-0.28000000000002956,140.0,143.0,81.0,70.0,0.0,0.0,-3.09,-8.02,2.0,3.0,1.48,1.51,0.57,0.44,6791.0,6896.0
1195.0,-0.28000000000002956,141.0,144.0,81.0,86.0,0.0,0.0,-1.87,-4.48,2.0,3.0,1.13,1.25,0.33,0.39,6810.0,6901.0
1200.0,-0.26000000000004775,142.0,146.0,88.0,91.0,0.0,0.0,0.3,-2.76,2.0,3.0,2.03,2.32,0.69,0.7,6668.0,6858.0
1205.0,-0.28000000000002956,144.0,147.0,83.0,98.0,0.0,0.0,-4.78,-0.05,2.0,3.0,0.73,0.73,0.32,0.23,6961.0,7248.0
1210.0,-0.28000000000002956,146.0,149.0,96.0,100.0,0.0,0.0,-5.39,1.57,2.0,3.0,1.69,1.76,0.54,0.7,6818.0,7035.0
1215.0,-0.28000000000002956,148.0,150.0,96.0,100.0,0.0,0.0,-5.0,-2.17,2.0,3.0,1.28,0.8,0.3,0.34,6996.0,7078.0
1220.0,-0.28000000000002956,150.0,152.0,100.0,100.0,0.0,0.0,-4.84,-1.28,2.0,3.0,1.26,1.46,0.5,0.47,6960.0,7093.0
1225.0,-0.28000000000002956,150.0,154.0,100.0,100.0,0.0,0.0,-3.79,-3.13,3.0,3.0,0.91,0.89,-0.12,0.43,6349.0,7093.0
1230.0,-0.2799999999999727,152.0,155.0,92.0,100.0,0.0,0.0,-1.28,-2.09,3.0,3.0,1.14,0.56,0.81,0.77,5974.0,7573.0
1235.0,-0.2999999999999545,154.0,157.0,100.0,100.0,0.0,0.0,-0.49,-0.1,3.0,3.0,0.75,0.81,0.41,0.48,5752.0,7353.0
1240.0,-0.2999999999999545,156.0,159.0,100.0,100.0,0.0,0.0,2.04,-0.13,3.0,3.0,0.46,0.78,0.53,0.45,5880.0,7318.0
1245.0,-0.30000000000001137,158.0,160.0,100.0,100.0,0.0,0.0,4.36,1.53,3.0,3.0,-0.16,0.39,0.46,0.5,5882.0,7458.0
1250.0,-0.30000000000001137,159.0,162.0,100.0,100.0,0.0,0.0,5.22,2.37,3.0,3.0,-0.54,0.01,0.42,0.43,5969.0,7514.0
1255.0,-0.30000000000001137,161.0,164.0,100.0,100.0,0.0,0.0,5.41,2.76,3.0,3.0,-0.94,-0.31,0.43,0.46,6051.0,7609.0
1260.0,-0.2999999999999545,163.0,166.0,100.0,100.0,0.0,0.0,4.84,2.72,3.0,3.0,-1.17,-0.55,0.47,0.43,6140.0,7658.0
1265.0,-0.30000000000001137,165.0,167.0,100.0,100.0,0.0,0.0,3.85,2.73,3.0,3.0,-1.16,-0.67,0.47,0.46,6178.0,7752.0
1270.0,-0.30000000000001137,166.0,169.0,100.0,98.0,0.0,1.0,-0.35,3.35,3.0,3.0,-1.05,-0.93,0.5,0.45,6225.0,7826.0
1275.0,-0.3199999999999932,168.0,168.0,83.0,24.0,20.0,79.0,-0.3,3.27,3.0,3.0,-0.71,-0.9,0.13,-1.24,6170.0,7409.0
1280.0,-0.2999999999999545,165.0,161.0,69.0,0.0,100.0,100.0,1.03,4.09,0.0,0.0,-0.13,-0.3,-1.21,-1.13,5911.0,7794.0
1285.0,-0.2999999999999545,158.0,155.0,0.0,0.0,100.0,100.0,4.48,5.89,2.0,2.0,-0.42,-1.24,-2.12,-1.93,6196.0,7637.0
1290.0,-0.30000000000001137,149.0,148.0,0.0,0.0,100.0,100.0,7.07,7.94,2.0,2.0,-0.47,-1.01,-1.61,-1.47,6296.0,7542.0
1295.0,-0.30000000000001137,142.0,142.0,0.0,0.0,100.0,100.0,11.68,12.35,2.0,2.0,-1.01,-1.19,-2.08,-1.65,5622.0,6915.0
1300.0,-0.30000000000001137,135.0,134.0,0.0,0.0,100.0,100.0,14.09,13.3,2.0,2.0,-0.82,-1.19,-1.43,-1.36,5374.0,6734.0
1305.0,-0.2999999999999545,129.0,129.0,1.0,15.0,20.0,7.0,17.66,14.36,2.0,2.0,-1.58,-1.6,-1.01,-0.57,5240.0,6757.0
1310.0,-0.30000000000001137,127.0,128.0,7.0,25.0,0.0,0.0,18.75,15.07,2.0,2.0,-1.56,-1.59,-0.1,0.02,5654.0,7199.0
1315.0,-0.30000000000001137,126.0,127.0,19.0,27.0,0.0,0.0,19.91,15.55,2.0,2.0,-1.58,-1.61,-0.02,0.07,5662.0,7180.0
1320.0,-0.2999999999999545,125.0,127.0,28.0,20.0,0.0,0.0,20.75,16.16,2.0,2.0,-1.66,-1.66,0.06,0.0,5670.0,7115.0
1325.0,-0.30000000000001137,125.0,126.0,18.0,11.0,0.0,0.0,21.41,16.47,2.0,2.0,-1.84,-1.84,0.02,-0.09,5625.0,6999.0
1330.0,-0.30000000000001137,124.0,125.0,13.0,13.0,0.0,0.0,22.08,16.65,2.0,2.0,-1.83,-1.78,-0.05,-0.04,5553.0,6966.0
1335.0,-0.3199999999999932,123.0,124.0,1.0,0.0,0.0,0.0,22.61,16.85,2.0,2.0,-1.83,-1.84,-0.22,-0.18,5419.0,6825.0
1340.0,-0.30000000000001137,121.0,122.0,0.0,0.0,0.0,0.0,22.95,16.97,2.0,2.0,-1.82,-1.78,-0.26,-0.17,5326.0,6728.0
1345.0,-0.3199999999999932,119.0,120.0,26.0,12.0,0.0,0.0,23.0,17.21,2.0,2.0,-1.67,-1.77,-0.06,-0.12,5398.0,6685.0
1350.0,-0.2999999999999545,119.0,120.0,68.0,49.0,0.0,0.0,22.05,17.46,2.0,2.0,-1.7,-1.84,0.17,0.25,5557.0,7096.0
1355.0,-0.3199999999999932,120.0,121.0,61.0,47.0,0.0,0.0,16.9,17.46,2.0,2.0,-1.78,-1.66,0.16,0.12,5701.0,7190.0
1360.0,-0.3199999999999932,121.0,122.0,65.0,47.0,0.0,0.0,11.46,17.35,2.0,2.0,-1.43,-1.3,0.26,0.36,5686.0,7186.0
1365.0,-0.3199999999999932,122.0,123.0,74.0,53.0,0.0,0.0,9.02,15.24,2.0,2.0,-1.75,-1.8,0.45,0.32,5923.0,7288.0
1370.0,-0.3199999999999932,124.0,124.0,78.0,60.0,0.0,0.0,-2.53,11.04,2.0,2.0,-1.26,-1.49,0.46,0.4,5949.0,7257.0
1375.0,-0.3199999999999932,126.0,126.0,77.0,64.0,0.0,0.0,-2.22,3.62,2.0,2.0,-1.35,-1.3,0.64,0.52,6166.0,7494.0
1380.0,-0.32000000000005,129.0,128.0,77.0,81.0,0.0,0.0,-4.99,-5.31,2.0,2.0,-0.8,-1.06,0.61,0.61,6278.0,7674.0
1385.0,-0.3199999999999932,130.0,130.0,68.0,91.0,0.0,0.0,-8.34,-7.88,2.0,2.0,-0.8,-0.78,0.33,0.24,7121.0,8480.0
1390.0,-0.3199999999999932,133.0,132.0,79.0,85.0,0.0,0.0,-1.84,-11.38,2.0,2.0,-0.88,-1.01,0.65,0.91,6773.0,8163.0
1395.0,-0.3199999999999932,136.0,134.0,86.0,80.0,0.0,0.0,-1.61,-10.95,2.0,3.0,-0.81,-0.26,0.72,0.86,6603.0,7063.0
1400.0,-0.30000000000001137,138.0,138.0,88.0,100.0,0.0,0.0,-1.14,-1.65,2.0,3.0,-0.73,-0.05,0.34,0.66,6759.0,6419.0
1405.0,-0.3199999999999932,141.0,140.0,79.0,100.0,0.0,0.0,-6.13,-0.96,2.0,3.0,-0.17,0.13,0.36,0.46,6925.0,6641.0
1410.0,-0.3199999999999932,144.0,143.0,95.0,100.0,0.0,0.0,-12.44,-6.66,2.0,3.0,0.17,0.39,0.67,0.71,6579.0,6587.0
1415.0,-0.30000000000001137,146.0,145.0,89.0,100.0,0.0,0.0,-13.68,-9.24,2.0,3.0,0.95,0.94,0.52,0.64,6784.0,6853.0
1420.0,-0.30000000000001137,148.0,148.0,82.0,96.0,0.0,0.0,-12.8,-8.82,2.0,3.0,1.72,1.12,0.55,0.55,6853.0,7203.0
1425.0,-0.30000000000001137,149.0,150.0,75.0,96.0,0.0,0.0,-11.66,-6.75,3.0,3.0,1.91,2.16,0.83,0.75,5830.0,7121.0
1430.0,-0.30000000000001137,150.0,151.0,78.0,100.0,0.0,0.0,-12.18,-2.85,3.0,3.0,1.84,2.21,0.46,0.53,5642.0,7075.0
1435.0,-0.30000000000001137,152.0,153.0,78.0,100.0,0.0,0.0,-12.99,-4.32,3.0,3.0,2.11,2.09,0.46,0.67,5741.0,7256.0
1440.0,-0.30000000000001137,153.0,155.0,83.0,100.0,0.0,0.0,-12.71,-5.5,3.0,3.0,2.17,1.9,0.44,0.53,5732.0,7224.0
1445.0,-0.3199999999999932,155.0,157.0,83.0,100.0,0.0,0.0,-11.77,-7.27,3.0,3.0,2.32,2.01,0.48,0.6,5783.0,7275.0
1450.0,-0.3199999999999932,156.0,159.0,87.0,100.0,0.0,0.0,-9.54,-6.96,3.0,3.0,2.19,1.93,0.43,0.55,5916.0,7372.0
1455.0,-0.32000000000005,158.0,161.0,100.0,100.0,0.0,0.0,-7.94,-6.35,3.0,3.0,2.13,1.85,0.53,0.56,5862.0,7409.0
1460.0,-0.3199999999999932,159.0,163.0,99.0,100.0,0.0,0.0,-8.14,-6.45,3.0,3.0,1.98,1.82,0.56,0.55,5959.0,7518.0
1465.0,-0.3199999999999932,161.0,165.0,100.0,100.0,0.0,0.0,-7.58,-5.89,3.0,3.0,1.85,1.83,0.47,0.54,6007.0,7604.0
1470.0,-0.339999999999975,164.0,166.0,100.0,100.0,0.0,0.0,-6.69,-4.88,3.0,3.0,1.66,1.76,0.5,0.54,6083.0,7670.0
1475.0,-0.3199999999999932,165.0,168.0,100.0,100.0,0.0,0.0,-5.63,-3.57,3.0,3.0,1.25,1.25,0.48,0.46,6167.0,7816.0
1480.0,-0.3199999999999932,167.0,170.0,100.0,100.0,0.0,0.0,-4.23,-2.84,3.0,3.0,1.35,1.5,0.6,0.57,6291.0,7858.0
1485.0,-0.339999999999975,169.0,172.0,100.0,100.0,0.0,0.0,-1.54,-1.32,3.0,3.0,1.18,1.21,0.54,0.44,6357.0,7977.0
1490.0,-0.34000000000003183,171.0,173.0,100.0,100.0,0.0,0.0,-0.64,0.78,3.0,3.0,1.03,1.03,0.52,0.5,6382.0,8096.0
1495.0,-0.3199999999999932,173.0,175.0,100.0,100.0,0.0,0.0,0.37,1.44,3.0,3.0,0.85,0.89,0.6,0.47,6450.0,8179.0
1500.0,-0.339999999999975,174.0,177.0,100.0,100.0,0.0,0.0,0.52,1.28,3.0,3.0,0.46,0.78,0.4,0.21,6649.0,8541.0
1505.0,-0.34000000000003183,177.0,178.0,100.0,100.0,0.0,0.0,0.42,1.44,3.0,3.0,0.61,1.05,0.54,0.6,6545.0,8212.0
1510.0,-0.339999999999975,178.0,179.0,100.0,0.0,0.0,0.0,0.3,0.6,3.0,0.0,0.26,0.59,0.51,-0.03,6615.0,8022.0
1515.0,-0.339999999999975,180.0,181.0,100.0,100.0,0.0,0.0,0.54,0.49,3.0,4.0,0.07,0.33,0.5,0.46,6673.0,6940.0
1520.0,-0.34000000000003183,182.0,183.0,100.0,100.0,0.0,0.0,0.29,0.57,3.0,4.0,-0.01,0.19,0.5,0.45,6728.0,6998.0
1525.0,-0.339999999999975,184.0,184.0,100.0,100.0,0.0,0.0,0.19,0.69,3.0,4.0,-0.05,0.0,0.48,0.44,6762.0,7050.0
1530.0,-0.34000000000003183,185.0,186.0,100.0,100.0,0.0,0.0,0.16,0.5,3.0,4.0,-0.06,-0.06,0.48,0.44,6861.0,7140.0
1535.0,-0.339999999999975,187.0,187.0,100.0,100.0,0.0,0.0,0.14,0.36,3.0,4.0,-0.04,-0.09,0.47,0.44,6899.0,7163.0
1540.0,-0.34000000000003183,188.0,189.0,100.0,100.0,0.0,0.0,0.16,0.21,3.0,4.0,-0.06,-0.11,0.48,0.44,7002.0,7239.0
1545.0,-0.339999999999975,190.0,190.0,100.0,100.0,0.0,0.0,0.12,-0.06,3.0,4.0,-0.06,-0.1,0.45,0.43,7011.0,7280.0
1550.0,-0.339999999999975,191.0,191.0,0.0,100.0,0.0,0.0,0.1,-0.2,0.0,4.0,-0.04,-0.07,-0.14,0.42,6875.0,7335.0
1555.0,-0.339999999999975,192.0,193.0,100.0,100.0,0.0,0.0,0.01,-0.13,4.0,4.0,-0.04,-0.03,0.62,0.43,6059.0,7387.0
1560.0,-0.34000000000003183,194.0,194.0,100.0,100.0,0.0,0.0,0.0,0.0,4.0,4.0,-0.02,-0.01,0.45,0.42,5841.0,7434.0
1565.0,-0.339999999999975,195.0,196.0,100.0,100.0,0.0,0.0,0.09,0.02,4.0,4.0,-0.02,-0.01,0.42,0.4,5879.0,7499.0
1570.0,-0.34000000000003183,196.0,197.0,100.0,100.0,0.0,0.0,0.19,-0.02,4.0,4.0,-0.04,-0.03,0.4,0.4,5914.0,7537.0
1575.0,-0.339999999999975,198.0,198.0,100.0,100.0,0.0,0.0,0.1,-0.1,4.0,4.0,-0.04,-0.02,0.4,0.38,5958.0,7582.0
1580.0,-0.35000000000002274,199.0,199.0,100.0,100.0,0.0,0.0,0.05,-0.16,4.0,4.0,-0.03,0.0,0.39,0.38,5990.0,7638.0
1585.0,-0.339999999999975,200.0,201.0,100.0,100.0,0.0,0.0,0.19,-0.12,4.0,4.0,-0.04,0.01,0.39,0.38,6033.0,7688.0
1590.0,-0.3499999999999943,201.0,202.0,100.0,100.0,0.0,0.0,0.015,-0.28,4.0,4.0,-0.02,0.06,0.38,0.38,6064.0,7720.0
1595.0,-0.339999999999975,203.0,203.0,100.0,100.0,0.0,0.0,0.03,-0.23,4.0,4.0,-0.02,0.08,0.37,0.37,6112.0,7789.0
1600.0,-0.339999999999975,204.0,204.0,100.0,100.0,0.0,0.0,0.02,-0.03,4.0,4.0,-0.01,0.07,0.36,0.36,6140.0,7829.0
1605.0,-0.339999999999975,205.0,205.0,100.0,100.0,0.0,0.0,-0.03,-0.01,4.0,4.0,0.0,0.06,0.37,0.37,6170.0,7862.0
1610.0,-0.339999999999975,206.0,207.0,100.0,100.0,0.0,0.0,-0.04,0.0,4.0,4.0,0.0,0.06,0.37,0.36,6187.0,7883.0
1615.0,-0.36000000000001364,207.0,208.0,100.0,100.0,0.0,0.0,-0.01,0.18,4.0,4.0,0.0,0.01,0.35,0.36,6237.0,7932.0
1620.0,-0.339999999999975,208.0,209.0,100.0,100.0,0.0,0.0,-0.04,-0.03,4.0,4.0,0.0,0.0,0.34,0.35,6267.0,7992.0
1625.0,-0.339999999999975,209.0,210.0,100.0,100.0,0.0,0.0,0.03,-0.02,4.0,4.0,0.0,0.0,0.33,0.31,6313.0,8042.0
1630.0,-0.35000000000002274,210.0,211.0,100.0,100.0,0.0,0.0,0.005,0.01,4.0,4.0,0.0,0.0,0.335,0.33,6328.0,8059.0
1635.0,-0.3499999999999659,211.0,212.0,100.0,100.0,0.0,0.0,0.02,0.06,4.0,4.0,0.0,0.0,0.32,0.32,6350.0,8093.0
1640.0,-0.34000000000003183,212.0,213.0,100.0,100.0,0.0,0.0,0.04,0.02,4.0,4.0,-0.01,-0.01,0.32,0.32,6374.0,8124.0
1645.0,-0.34000000000003183,213.0,214.0,100.0,100.0,0.0,0.0,0.08,0.04,4.0,4.0,-0.01,-0.02,0.31,0.3,6420.0,8171.0
1650.0,-0.3499999999999659,214.0,215.0,100.0,100.0,0.0,0.0,0.08,0.02,4.0,4.0,-0.03,-0.02,0.315,0.3,6439.5,8199.0
1655.0,-0.36000000000001364,215.0,215.0,100.0,100.0,0.0,0.0,0.08,0.07,4.0,4.0,-0.03,-0.02,0.29,0.28,6495.0,8255.0
1660.0,-0.3499999999999943,216.0,216.0,100.0,100.0,0.0,0.0,0.08,0.08,4.0,4.0,-0.04,-0.025,0.31,0.3,6495.0,8268.0
1665.0,-0.339999999999975,217.0,217.0,100.0,100.0,0.0,0.0,0.1,0.16,4.0,4.0,-0.05,-0.05,0.32,0.29,6509.0,8279.0
1670.0,-0.34000000000003183,218.0,218.0,100.0,100.0,0.0,0.0,0.14,0.18,4.0,4.0,-0.06,-0.05,0.25,0.24,6571.0,8353.0
1675.0,-0.34000000000003183,218.0,219.0,100.0,100.0,0.0,0.0,0.06,0.15,4.0,4.0,-0.06,-0.07,0.3,0.29,6565.0,8361.0
1680.0,-0.3499999999999659,219.0,218.0,100.0,100.0,0.0,0.0,0.09,0.15,4.0,5.0,-0.045,-0.07,0.26,0.4,6603.0,7947.0
1685.0,-0.36000000000001364,220.0,220.0,100.0,100.0,0.0,0.0,0.09,0.13,4.0,5.0,-0.04,-0.08,0.27,0.27,6627.0,7099.0
1690.0,-0.36000000000001364,221.0,220.0,100.0,100.0,0.0,0.0,0.08,0.16,4.0,5.0,-0.04,-0.08,0.27,0.21,6653.0,7100.0
1695.0,-0.3599999999999568,222.0,221.0,100.0,100.0,0.0,0.0,0.11,0.16,4.0,5.0,-0.04,-0.09,0.27,0.23,6696.0,7135.0
1700.0,-0.35000000000002274,222.0,222.0,100.0,100.0,0.0,0.0,0.08,0.15,4.0,5.0,-0.04,-0.09,0.26,0.245,6696.0,7143.0
1705.0,-0.35000000000002274,223.0,222.0,100.0,100.0,0.0,0.0,0.09,0.175,4.0,5.0,-0.04,-0.1,0.28,0.24,6710.0,7145.0
1710.0,-0.3499999999999943,224.0,223.0,100.0,100.0,0.0,0.0,0.1,0.275,4.0,5.0,-0.01,-0.07500000000000001,0.25,0.2,6732.0,7178.5
1715.0,-0.339999999999975,225.0,224.0,100.0,100.0,0.0,0.0,0.16,0.33,4.0,5.0,0.0,-0.11,0.3,0.22,6743.0,7206.0
1720.0,-0.34000000000003183,225.0,224.0,100.0,100.0,0.0,0.0,0.34,0.37,4.0,5.0,-0.02,-0.15,0.19,0.24,6936.0,7246.0
1725.0,-0.339999999999975,226.0,225.0,100.0,100.0,0.0,0.0,0.24,0.38,4.0,5.0,-0.06,-0.16,0.3,0.23,6790.0,7254.0
1730.0,-0.339999999999975,227.0,226.0,100.0,100.0,0.0,0.0,0.41,0.74,4.0,5.0,-0.06,-0.16,0.21,0.22,6882.0,7293.0
1735.0,-0.34000000000003183,227.0,226.0,100.0,100.0,0.0,0.0,0.38,0.97,4.0,5.0,-0.12,-0.23,0.42,0.24,7002.0,7393.0
1740.0,-0.34000000000003183,228.0,227.0,100.0,100.0,0.0,0.0,0.41,0.69,4.0,5.0,-0.17,-0.33,0.27,0.26,6853.0,7306.0
1745.0,-0.3499999999999943,229.0,227.5,100.0,100.0,0.0,0.0,0.69,0.935,4.0,5.0,-0.01,-0.045,-0.14,0.0050000000000000044,7302.0,7442.5
1750.0,-0.3499999999999659,228.0,227.0,0.0,100.0,0.0,0.0,1.08,1.34,0.0,5.0,-0.18,-0.255,-0.14,-0.15,7118.0,8451.0
1755.0,-0.35000000000002274,229.0,229.0,100.0,100.0,0.0,0.0,0.94,1.0550000000000002,5.0,5.0,-0.45,-0.635,0.46,0.415,5952.0,7436.5
1760.0,-0.35000000000002274,230.0,229.5,100.0,100.0,0.0,0.0,1.04,1.0150000000000001,5.0,5.0,-0.39,-0.57,0.2,0.20500000000000002,5900.0,7398.5
1765.0,-0.35000000000002274,230.0,230.0,100.0,100.0,0.0,0.0,0.975,0.8,5.0,5.0,-0.385,-0.48,0.275,0.26,5883.0,7425.0
1770.0,-0.3499999999999659,231.0,231.0,100.0,100.0,0.0,0.0,1.4,1.24,5.0,5.0,-0.345,-0.49,0.18,0.26,5992.5,7482.0
1775.0,-0.3499999999999943,232.0,232.0,100.0,100.0,0.0,0.0,1.54,1.11,5.0,5.0,-0.47,-0.52,0.28,0.26,5934.5,7480.0
1780.0,-0.34000000000003183,232.0,232.0,100.0,100.0,0.0,0.0,1.67,1.13,5.0,5.0,-0.42,-0.44,0.18,0.18,5983.0,7559.0
1785.0,-0.339999999999975,233.0,233.0,100.0,100.0,0.0,0.0,1.7,1.12,5.0,5.0,-0.64,-0.56,0.28,0.29,5971.0,7527.0
1790.0,-0.339999999999975,234.0,234.0,100.0,100.0,0.0,0.0,1.87,1.22,5.0,5.0,-0.72,-0.66,0.25,0.26,6016.0,7553.0
1795.0,-0.34000000000003183,235.0,235.0,100.0,100.0,0.0,0.0,1.78,1.07,5.0,5.0,-0.9,-0.8,0.26,0.27,5985.0,7537.0
1800.0,-0.35000000000002274,235.0,235.0,100.0,100.0,0.0,0.0,1.8,1.09,5.0,5.0,-0.8,-0.745,0.25,0.255,6014.0,7571.0
1805.0,-0.35000000000002274,236.0,236.0,100.0,100.0,0.0,0.0,1.8,1.08,5.0,5.0,-0.845,-0.76,0.26,0.26,6031.5,7602.0
1810.0,-0.339999999999975,237.0,237.0,100.0,100.0,0.0,0.0,1.82,0.97,5.0,5.0,-0.89,-0.83,0.27,0.26,6039.0,7604.0
1815.0,-0.339999999999975,237.0,237.0,100.0,100.0,0.0,0.0,1.91,1.01,5.0,5.0,-0.92,-0.9,0.23,0.24,6056.0,7626.0
1820.0,-0.34000000000003183,238.0,238.0,100.0,100.0,0.0,0.0,1.73,0.9,5.0,5.0,-0.96,-0.89,0.24,0.26,6059.0,7632.0
1825.0,-0.35000000000002274,239.0,239.0,100.0,100.0,0.0,0.0,1.7,1.065,5.0,5.0,-0.77,-0.7,0.23,0.22,6084.0,7663.5
1830.0,-0.35000000000002274,239.0,239.0,100.0,100.0,0.0,0.0,2.0549999999999997,1.28,5.0,5.0,-0.775,-0.72,0.23,0.21,6131.5,7729.0
1835.0,-0.339999999999975,240.0,240.0,100.0,100.0,0.0,0.0,2.0,0.98,5.0,5.0,-0.98,-0.96,0.24,0.24,6107.0,7695.0
1840.0,-0.339999999999975,240.0,240.0,100.0,100.0,0.0,0.0,1.91,0.99,5.0,5.0,-0.92,-0.92,0.2,0.22,6123.0,7706.0
1845.0,-0.35000000000002274,241.0,241.0,100.0,100.0,0.0,0.0,2.04,1.045,5.0,5.0,-0.81,-0.76,0.19,0.195,6145.0,7737.5
1850.0,-0.35000000000002274,241.5,241.0,100.0,100.0,0.0,0.0,2.145,1.07,5.0,5.0,-0.98,-0.87,0.20500000000000002,0.21,6167.5,7772.0
1855.0,-0.339999999999975,242.0,242.0,100.0,100.0,0.0,0.0,1.89,0.87,5.0,5.0,-1.06,-1.0,0.19,0.21,6152.0,7746.0
1860.0,-0.339999999999975,242.0,242.0,100.0,100.0,0.0,0.0,1.84,0.84,5.0,5.0,-0.97,-0.89,0.17,0.17,6168.0,7765.0
1865.0,-0.35000000000002274,243.0,243.0,100.0,100.0,0.0,0.0,1.8,0.8,5.0,5.0,-0.84,-0.735,0.16,0.165,6186.0,7786.5
1870.0,-0.3499999999999943,243.0,243.0,100.0,100.0,0.0,0.0,1.9,0.86,5.0,5.0,-0.875,-0.7,0.155,0.15,6210.0,7818.0
1875.0,-0.34000000000003183,244.0,243.0,100.0,100.0,0.0,0.0,1.77,0.76,5.0,5.0,-0.88,-0.74,0.16,0.16,6204.0,7816.0
1880.0,-0.3499999999999943,244.0,244.0,100.0,100.0,0.0,0.0,1.66,0.73,5.0,5.0,-0.79,-0.645,0.14,0.14,6233.0,7838.5
1885.0,-0.3499999999999659,244.0,244.0,100.0,100.0,0.0,0.0,1.41,0.63,5.0,5.0,-0.815,-0.66,0.16,0.14,6237.5,7860.0
1890.0,-0.339999999999975,245.0,245.0,100.0,100.0,0.0,0.0,1.1,0.33,5.0,5.0,-0.8,-0.67,0.15,0.15,6236.0,7853.0
1895.0,-0.34000000000003183,245.0,245.0,100.0,100.0,0.0,0.0,1.04,0.28,5.0,5.0,-0.66,-0.56,0.13,0.13,6251.0,7873.0
1900.0,-0.35000000000002274,245.0,245.0,100.0,100.0,0.0,0.0,0.625,0.27,5.0,5.0,-0.595,-0.49,0.155,0.14,6258.5,7886.0
1905.0,-0.34000000000003183,246.0,246.0,100.0,100.0,0.0,0.0,0.16,0.25,5.0,5.0,-0.44,-0.42,0.13,0.13,6269.0,7903.0
1910.0,-0.339999999999975,246.0,246.0,100.0,100.0,0.0,0.0,0.11,0.17,5.0,5.0,-0.36,-0.44,0.15,0.14,6278.0,7909.0
1915.0,-0.3499999999999659,246.0,246.0,100.0,100.0,0.0,0.0,-0.085,0.02,5.0,5.0,-0.235,-0.38,0.135,0.13,6275.5,7904.0
1920.0,-0.339999999999975,247.0,247.0,100.0,100.0,0.0,0.0,-0.08,-0.07,5.0,5.0,-0.14,-0.29,0.12,0.12,6281.0,7912.0
1925.0,-0.35000000000002274,247.0,247.0,100.0,100.0,0.0,0.0,-0.12,-0.22999999999999998,5.0,5.0,-0.06,-0.24,0.13,0.11499999999999999,6285.0,7919.5
1930.0,-0.35000000000002274,247.0,247.0,100.0,100.0,0.0,0.0,-0.16999999999999998,-0.22,5.0,5.0,-0.005,-0.13,0.1,0.1,6302.0,7931.0
1935.0,-0.34000000000003183,248.0,247.0,100.0,100.0,0.0,0.0,-0.13,-0.27,5.0,5.0,0.01,-0.05,0.08,0.07,6352.0,8001.0
1940.0,-0.3499999999999943,248.0,248.0,100.0,100.0,0.0,0.0,-0.04,-0.18,5.0,5.0,0.04,-0.025,0.11,0.12,6306.0,7951.5
1945.0,-0.3499999999999659,248.0,248.0,100.0,100.0,0.0,0.0,-0.015,-0.07,5.0,5.0,0.03,-0.01,0.095,0.1,6318.0,7948.0
1950.0,-0.339999999999975,248.0,248.0,100.0,100.0,0.0,0.0,0.02,-0.03,5.0,5.0,0.02,0.0,0.1,0.07,6350.0,7998.0
1955.0,-0.35000000000002274,249.0,248.5,100.0,100.0,0.0,0.0,0.11,-0.025,5.0,5.0,0.0,0.0,0.09,0.1,6333.0,7979.5
1960.0,-0.34000000000003183,249.0,249.0,100.0,100.0,0.0,0.0,0.1,0.09,5.0,5.0,-0.02,0.0,0.08,0.08,6337.0,7976.0
1965.0,-0.34000000000003183,249.0,249.0,100.0,100.0,0.0,0.0,0.03,-0.01,5.0,5.0,-0.02,0.0,0.08,0.07,6328.0,7973.0
1970.0,-0.35000000000002274,249.0,249.0,100.0,100.0,0.0,0.0,-0.04,-0.09,5.0,5.0,0.0,0.01,0.055,0.06,6348.0,7993.0
1975.0,-0.339999999999975,249.0,249.0,100.0,100.0,0.0,0.0,-0.11,0.0,5.0,5.0,0.01,0.0,0.05,0.06,6341.0,7989.0
1980.0,-0.3499999999999659,250.0,249.0,100.0,100.0,0.0,0.0,-0.06,-0.04,5.0,5.0,0.0,0.005,0.03,0.03,6363.0,8004.5
1985.0,-0.3499999999999943,250.0,249.0,100.0,100.0,0.0,0.0,-0.135,-0.09,5.0,5.0,0.03,0.01,0.045,0.02,6380.0,8036.0
1990.0,-0.34000000000003183,250.0,250.0,100.0,100.0,0.0,0.0,-0.18,-0.09,5.0,5.0,0.04,0.02,0.04,0.04,6367.0,8022.0
1995.0,-0.35000000000002274,250.0,250.0,100.0,100.0,0.0,0.0,-0.2,-0.17,5.0,5.0,0.05,0.025,0.02,0.02,6418.0,8052.0
2000.0,-0.34000000000003183,250.0,250.0,100.0,100.0,0.0,0.0,-0.32,-0.25,5.0,5.0,0.08,0.04,0.06,0.05,6410.0,8076.0
2005.0,-0.3499999999999943,250.0,250.0,100.0,100.0,0.0,0.0,-0.37,-0.23,5.0,5.0,0.03,0.02,-0.13,-0.11,6510.0,8204.5
2010.0,-0.3499999999999659,250.0,250.0,98.0,100.0,0.0,0.0,-0.28500000000000003,-0.22,5.0,5.0,0.060000000000000005,0.05,0.155,0.16,6805.5,8387.0
2015.0,-0.339999999999975,250.0,250.0,100.0,100.0,0.0,0.0,-0.27,-0.15,5.0,5.0,0.13,0.11,0.07,0.07,6430.0,8082.0
2020.0,-0.35000000000002274,251.0,250.0,100.0,100.0,0.0,0.0,-0.29,-0.1,5.0,5.0,0.12,0.11,0.06,0.05,6462.0,8103.0
2025.0,-0.34000000000003183,251.0,251.0,100.0,100.0,0.0,0.0,-0.28,-0.09,5.0,5.0,0.18,0.15,0.13,0.12,6449.0,8093.0
2030.0,-0.34000000000003183,251.0,251.0,100.0,100.0,0.0,0.0,-0.09,-0.03,5.0,5.0,0.17,0.13,0.07,0.08,6401.0,8063.0
2035.0,-0.35000000000002274,251.0,251.0,100.0,100.0,0.0,0.0,-0.015,-0.01,5.0,5.0,0.045,0.05,-0.015,-0.01,6505.5,8156.0
2040.0,-0.339999999999975,251.0,250.0,91.0,100.0,0.0,0.0,0.05,-0.02,5.0,5.0,0.04,0.07,0.04,-0.03,7049.0,8473.0
2045.0,-0.3499999999999659,252.0,251.0,100.0,100.0,0.0,0.0,0.2,0.05,5.0,5.0,0.1,0.175,0.13,0.18,6445.0,8082.0
2050.0,-0.339999999999975,252.0,251.0,100.0,100.0,0.0,0.0,0.37,0.11,5.0,5.0,0.03,0.12,0.1,0.09,6437.0,8075.0
2055.0,-0.35000000000002274,252.0,251.0,100.0,100.0,0.0,0.0,0.36,0.095,5.0,5.0,0.0,0.045,-0.06,-0.045000000000000005,6641.0,8246.0
2060.0,-0.35000000000002274,252.5,251.0,100.0,100.0,0.0,0.0,0.365,0.19,5.0,5.0,-0.065,0.07,0.305,0.33,6504.0,8288.0
2065.0,-0.34000000000003183,253.0,252.0,100.0,100.0,0.0,0.0,0.37,0.4,5.0,5.0,-0.06,0.07,0.06,0.09,6501.0,8154.0
2070.0,-0.3400000000000034,253.0,252.0,100.0,100.0,0.0,0.0,0.365,0.6599999999999999,5.0,5.0,-0.13,0.005,0.28,0.185,6631.0,8157.5
2075.0,-0.339999999999975,254.0,253.0,96.0,100.0,0.0,0.0,0.39,1.06,5.0,5.0,-0.14,-0.07,0.14,0.12,6468.0,8136.0
2080.0,-0.3499999999999659,253.0,253.0,37.0,80.0,39.0,15.0,0.62,1.645,5.0,5.0,-0.18,-0.22,-0.46,0.0050000000000000044,6387.0,8146.5
2085.0,-0.339999999999975,251.0,252.0,0.0,24.0,47.0,57.0,1.64,2.56,5.0,5.0,-0.31,-0.42,-1.05,-0.95,6235.0,7898.0
2090.0,-0.34000000000003183,249.0,248.0,0.0,0.0,13.0,45.0,3.61,3.43,5.0,5.0,-0.68,-1.02,-0.61,-1.15,6214.0,7780.0
2095.0,-0.35000000000002274,248.0,247.0,0.0,0.0,0.0,14.0,6.395,4.56,5.0,5.0,-1.23,-1.31,-0.345,-0.62,6215.0,7774.0
2100.0,-0.34000000000003183,247.0,245.0,0.0,0.0,0.0,0.0,8.61,6.3,5.0,5.0,-1.77,-1.81,-0.37,-0.33,6191.0,7768.0
2105.0,-0.339999999999975,246.0,244.0,0.0,0.0,0.0,0.0,9.23,8.0,5.0,5.0,-1.59,-1.5,-0.34,-0.32,6154.0,7730.0
2110.0,-0.339999999999975,244.5,243.5,0.5,0.0,0.0,0.0,9.515,8.155,5.0,5.0,-1.355,-1.24,-0.325,-0.295,6113.0,7687.0
2115.0,-0.339999999999975,243.0,242.0,1.0,0.0,0.0,0.0,10.17,8.78,5.0,5.0,-1.52,-1.44,-0.32,-0.3,6082.0,7645.0
2120.0,-0.34000000000003183,242.0,241.0,10.0,0.0,0.0,0.0,10.47,9.14,5.0,5.0,-1.72,-1.89,-0.24,-0.3,6101.0,7600.0
2125.0,-0.3499999999999943,241.0,240.0,19.0,0.0,0.0,0.0,11.29,9.175,5.0,5.0,-2.21,-2.135,-0.22,-0.31,6093.0,7557.0
2130.0,-0.3499999999999659,240.0,239.0,23.0,15.0,0.0,0.0,11.690000000000001,9.21,5.0,5.0,-2.495,-2.62,-0.20500000000000002,-0.29,6067.0,7536.0
2135.0,-0.339999999999975,239.0,237.0,32.0,37.0,0.0,0.0,12.43,9.56,5.0,5.0,-2.29,-2.36,-0.17,-0.14,6053.0,7564.0
2140.0,-0.34000000000003183,239.0,236.0,42.0,43.0,0.0,0.0,13.34,10.35,5.0,5.0,-1.87,-1.81,-0.15,-0.1,6062.0,7585.0
2145.0,-0.34000000000003183,238.0,236.0,56.0,76.0,0.0,0.0,14.46,11.6,5.0,5.0,-1.76,-1.8,-0.08,0.07,6067.0,7668.0
2150.0,-0.3299999999999841,237.5,236.0,75.5,85.0,0.0,0.0,15.215,12.57,5.0,5.0,-1.9849999999999999,-2.26,-0.065,0.12,6072.0,7664.0
2155.0,-0.3299999999999841,237.0,235.5,83.0,92.0,0.0,0.0,15.29,12.71,5.0,5.0,-2.51,-2.475,-0.02,0.13,6039.0,7604.5
2160.0,-0.339999999999975,237.0,235.0,84.0,94.0,0.0,0.0,15.28,12.98,5.0,5.0,-1.7,-1.55,0.0,0.11,6045.0,7619.0
2165.0,-0.34000000000003183,236.0,235.0,80.0,76.0,0.0,0.0,15.0,13.01,5.0,5.0,-1.96,-2.12,0.05,0.12,6118.0,7684.0
2170.0,-0.34000000000003183,236.0,235.0,82.0,62.0,0.0,0.0,13.9,12.66,5.0,5.0,-2.58,-2.66,0.09,0.03,6027.0,7546.0
2175.0,-0.3299999999999841,236.0,235.0,79.0,70.0,0.0,0.0,13.54,12.54,5.0,5.0,-2.23,-2.3,0.025,0.0,6054.5,7577.0
2180.0,-0.3299999999999841,235.0,234.0,78.0,66.0,0.0,0.0,13.415,12.24,5.0,5.0,-3.0650000000000004,-2.93,-0.009999999999999995,0.07,6007.0,7539.0
2185.0,-0.3299999999999841,235.0,233.0,78.0,59.0,0.0,0.0,12.89,12.129999999999999,5.0,5.0,-2.57,-2.625,0.0,0.01,5998.0,7490.5
2190.0,-0.34000000000003183,234.0,233.0,73.0,54.0,0.0,0.0,13.01,12.31,5.0,5.0,-1.15,-1.33,0.01,-0.06,6097.0,7545.0
2195.0,-0.339999999999975,234.0,232.0,73.0,67.0,0.0,0.0,13.18,12.4,5.0,5.0,-1.4,-1.26,0.09,0.04,6102.0,7685.0
2200.0,-0.339999999999975,234.0,232.0,77.0,88.0,0.0,0.0,13.19,12.14,5.0,5.0,-1.95,-1.95,0.12,0.19,6066.0,7661.0
2205.0,-0.34000000000003183,234.0,232.0,79.0,93.0,0.0,0.0,13.28,11.83,5.0,5.0,-1.57,-1.72,0.02,0.1,6004.0,7546.0
2210.0,-0.3300000000000125,234.0,232.0,84.0,96.0,0.0,0.0,13.52,11.48,5.0,5.0,-1.775,-1.73,0.115,0.13,6021.5,7574.0
2215.0,-0.3299999999999841,234.0,233.0,85.5,100.0,0.0,0.0,13.515,10.84,5.0,5.0,-1.81,-1.64,0.13,0.2,6002.5,7533.0
2220.0,-0.3199999999999932,234.0,233.0,82.0,100.0,0.0,0.0,13.89,10.55,5.0,5.0,-1.4,-1.6,0.02,0.16,6057.0,7599.0
2225.0,-0.3299999999999841,234.0,233.0,82.0,100.0,0.0,0.0,13.85,10.465,5.0,5.0,-1.61,-1.495,0.13,0.2,6026.0,7589.0
2230.0,-0.3300000000000409,234.0,233.0,80.0,99.5,0.0,0.0,14.12,10.66,5.0,5.0,-1.63,-1.5899999999999999,0.04,0.16,6052.0,7615.0
2235.0,-0.34000000000003183,234.0,233.0,82.0,100.0,0.0,0.0,14.15,9.82,5.0,5.0,-1.7,-1.57,0.13,0.19,6021.0,7600.0
2240.0,-0.339999999999975,234.0,234.0,80.0,100.0,0.0,0.0,14.49,8.83,5.0,5.0,-1.37,-1.24,0.12,0.14,6067.0,7660.0
2245.0,-0.3299999999999841,234.0,234.0,80.0,100.0,0.0,0.0,14.57,9.09,5.0,5.0,-2.075,-1.79,0.12000000000000001,0.24,6048.0,7726.0
2250.0,-0.3300000000000125,234.0,234.0,81.5,100.0,0.0,0.0,14.129999999999999,8.33,5.0,5.0,-1.9899999999999998,-2.17,0.09,0.19,6002.5,7593.0
2255.0,-0.3199999999999932,234.0,234.0,79.0,100.0,0.0,0.0,13.76,7.98,5.0,5.0,-1.75,-1.63,0.05,0.12,6030.0,7651.0
2260.0,-0.3299999999999841,234.0,234.0,80.0,100.0,0.0,0.0,13.31,5.26,5.0,5.0,-1.83,-1.65,0.11,0.21500000000000002,6028.0,7693.0
2265.0,-0.3299999999999841,234.0,234.0,84.0,100.0,0.0,0.0,11.4,4.0649999999999995,5.0,5.0,-1.75,-1.8900000000000001,0.1,0.21,6022.0,7658.0
2270.0,-0.34000000000003183,234.0,234.0,91.0,100.0,0.0,0.0,9.41,4.19,5.0,5.0,-2.01,-2.28,0.13,0.22,6035.0,7645.0
2275.0,-0.34000000000003183,234.0,235.0,96.0,100.0,0.0,0.0,8.93,3.56,5.0,5.0,-2.37,-2.49,0.19,0.25,5995.0,7578.0
2280.0,-0.3299999999999841,234.0,235.0,96.5,100.0,0.0,0.0,9.045,4.11,5.0,5.0,-1.865,-1.82,0.135,0.16,6007.0,7612.0
2285.0,-0.3299999999999841,234.5,235.0,94.0,100.0,0.0,0.0,8.785,3.71,5.0,5.0,-1.715,-1.75,0.15000000000000002,0.23,6051.0,7652.0
2290.0,-0.3299999999999841,235.0,235.0,100.0,100.0,0.0,0.0,7.4,3.295,5.0,5.0,-2.39,-2.3600000000000003,0.2,0.24,6008.0,7596.5
2295.0,-0.3300000000000409,235.0,235.0,100.0,100.0,0.0,0.0,6.04,3.645,5.0,5.0,-2.18,-2.1799999999999997,0.18,0.185,6008.0,7576.0
2300.0,-0.34000000000003183,235.0,235.0,100.0,100.0,0.0,0.0,6.44,3.03,5.0,5.0,-1.73,-1.63,0.2,0.18,6041.0,7612.0
2305.0,-0.339999999999975,235.0,236.0,100.0,100.0,0.0,0.0,5.66,2.81,5.0,5.0,-1.79,-1.81,0.18,0.23,6056.0,7660.0
2310.0,-0.3299999999999841,236.0,236.0,100.0,100.0,0.0,0.0,5.32,2.09,5.0,5.0,-1.685,-1.66,0.165,0.2,6037.5,7619.0
2315.0,-0.3300000000000125,236.0,236.0,100.0,100.0,0.0,0.0,4.62,1.94,5.0,5.0,-1.52,-1.58,0.20500000000000002,0.19,6093.5,7652.0
2320.0,-0.3300000000000125,236.0,237.0,100.0,100.0,0.0,0.0,4.92,1.75,5.0,5.0,-1.43,-1.355,0.17,0.185,6049.0,7650.0
2325.0,-0.339999999999975,237.0,237.0,100.0,100.0,0.0,0.0,4.96,1.23,5.0,5.0,-1.29,-1.23,0.2,0.2,6118.0,7678.0
2330.0,-0.339999999999975,237.0,238.0,100.0,100.0,0.0,0.0,4.18,1.69,5.0,5.0,-1.5,-1.37,0.18,0.2,6082.0,7681.0
2335.0,-0.34000000000003183,238.0,238.0,100.0,100.0,0.0,0.0,4.13,0.66,5.0,5.0,-1.51,-1.35,0.19,0.2,6088.0,7667.0
2340.0,-0.3300000000000125,238.0,238.0,100.0,100.0,0.0,0.0,3.335,0.67,5.0,5.0,-1.43,-1.13,0.185,0.19,6096.5,7687.0
2345.0,-0.3300000000000125,238.0,239.0,100.0,100.0,0.0,0.0,3.11,0.05499999999999999,5.0,5.0,-1.3,-0.97,0.17,0.195,6088.0,7695.0
2350.0,-0.339999999999975,239.0,239.0,100.0,100.0,0.0,0.0,2.19,-0.22,5.0,5.0,-1.14,-0.81,0.2,0.2,6129.0,7722.0
2355.0,-0.339999999999975,239.0,240.0,100.0,100.0,0.0,0.0,1.16,-0.02,5.0,5.0,-1.14,-0.67,0.16,0.2,6123.0,7719.0
2360.0,-0.3300000000000125,240.0,240.0,100.0,100.0,0.0,0.0,0.815,-0.12,5.0,5.0,-0.875,-0.55,0.17,0.19,6113.5,7730.0
2365.0,-0.3300000000000409,240.0,241.0,100.0,100.0,0.0,0.0,0.55,-0.625,5.0,5.0,-0.73,-0.37,0.17,0.195,6132.0,7744.5
2370.0,-0.34000000000003183,241.0,241.0,100.0,100.0,0.0,0.0,-0.21,-0.84,5.0,5.0,-0.44,-0.16,0.16,0.18,6139.0,7762.0
2375.0,-0.339999999999975,241.0,242.0,100.0,100.0,0.0,0.0,-0.89,-0.87,5.0,5.0,-0.13,0.0,0.15,0.16,6159.0,7803.0
2380.0,-0.3299999999999841,241.5,242.0,100.0,100.0,0.0,0.0,-1.8900000000000001,-1.15,5.0,5.0,0.11499999999999999,0.18,0.21,0.18,6177.0,7801.0
2385.0,-0.3299999999999841,242.0,243.0,100.0,100.0,0.0,0.0,-2.48,-1.47,5.0,5.0,0.42,0.375,0.16,0.18,6171.0,7797.5
2390.0,-0.34000000000003183,242.0,243.0,100.0,100.0,0.0,0.0,-2.57,-1.69,5.0,5.0,0.56,0.41,0.15,0.13,6201.0,7840.0
2395.0,-0.34000000000003183,243.0,244.0,100.0,100.0,0.0,0.0,-2.74,-1.75,5.0,5.0,0.91,0.67,0.21,0.19,6229.0,7870.0
2400.0,-0.3400000000000034,243.0,244.0,100.0,100.0,0.0,0.0,-2.9050000000000002,-1.8250000000000002,5.0,5.0,0.84,0.715,0.14500000000000002,0.15,6220.5,7865.5
2405.0,-0.339999999999975,244.0,244.0,100.0,100.0,0.0,0.0,-3.29,-1.82,5.0,5.0,1.11,0.91,0.2,0.16,6282.0,7901.0
2410.0,-0.339999999999975,244.0,245.0,100.0,100.0,0.0,0.0,-3.05,-1.72,5.0,5.0,1.26,1.01,0.17,0.17,6231.0,7879.0
2415.0,-0.3400000000000034,244.5,245.0,100.0,100.0,0.0,0.0,-3.17,-1.8050000000000002,5.0,5.0,1.05,0.94,0.14,0.15000000000000002,6278.0,7919.0
2420.0,-0.34000000000003183,245.0,246.0,100.0,100.0,0.0,0.0,-3.48,-1.98,5.0,5.0,0.83,0.69,0.15,0.15,6285.0,7964.0
2425.0,-0.339999999999975,245.0,246.0,100.0,100.0,0.0,0.0,-3.72,-2.07,5.0,5.0,1.41,1.05,0.25,0.26,6273.0,7942.0
2430.0,-0.3400000000000034,245.5,246.0,100.0,100.0,0.0,0.0,-3.2800000000000002,-1.895,5.0,5.0,1.295,0.8999999999999999,0.16,0.11000000000000001,6267.0,7943.0
2435.0,-0.339999999999975,246.0,247.0,100.0,100.0,0.0,0.0,-3.24,-2.19,5.0,5.0,1.07,0.83,0.15,0.23,6313.0,7960.0
2440.0,-0.339999999999975,246.0,247.0,100.0,100.0,0.0,0.0,-3.39,-1.79,5.0,5.0,1.22,0.95,0.14,0.18,6310.0,7990.0
2445.0,-0.3400000000000034,247.0,247.0,100.0,100.0,0.0,0.0,-3.535,-2.035,5.0,5.0,1.185,0.985,0.14500000000000002,0.16999999999999998,6310.0,7969.0
2450.0,-0.34000000000003183,247.0,248.0,100.0,100.0,0.0,0.0,-3.53,-2.21,5.0,5.0,0.96,0.85,0.18,0.17,6354.0,8012.0
2455.0,-0.339999999999975,247.0,248.0,100.0,100.0,0.0,0.0,-3.17,-1.95,5.0,5.0,1.0,0.91,0.2,0.16,6388.0,8082.0
2460.0,-0.339999999999975,248.0,248.5,100.0,100.0,0.0,0.0,-2.7750000000000004,-1.855,5.0,5.0,1.115,1.085,0.2,0.195,6361.0,8045.0
2465.0,-0.339999999999975,248.0,249.0,100.0,100.0,0.0,0.0,-2.18,-1.14,5.0,5.0,0.92,1.04,0.16,0.18,6374.0,8050.0
2470.0,-0.34000000000003183,249.0,249.0,100.0,100.0,0.0,0.0,-2.13,-1.05,5.0,5.0,1.12,1.17,0.23,0.19,6383.0,8067.0
2475.0,-0.3400000000000034,249.0,250.0,100.0,100.0,0.0,0.0,-1.7149999999999999,-1.1099999999999999,5.0,5.0,1.095,1.21,0.19,0.18,6362.5,8046.0
2480.0,-0.34000000000003183,249.0,250.0,100.0,100.0,0.0,0.0,-1.84,-0.9,5.0,5.0,0.94,1.09,0.16,0.18,6373.0,8052.0
2485.0,-0.3499999999999943,250.0,250.0,100.0,100.0,0.0,0.0,-2.12,-1.2650000000000001,5.0,5.0,0.86,0.935,0.18,0.16,6404.0,8097.0
2490.0,-0.339999999999975,250.0,251.0,100.0,100.0,0.0,0.0,-2.02,-1.32,5.0,5.0,0.92,1.14,0.2,0.19,6393.0,8084.0
2495.0,-0.339999999999975,251.0,251.0,100.0,100.0,0.0,0.0,-1.6,-1.13,5.0,5.0,0.92,1.17,0.19,0.17,6399.0,8074.0
2500.0,-0.3400000000000034,251.0,251.5,100.0,100.0,0.0,0.0,-1.685,-1.11,5.0,5.0,0.86,1.0550000000000002,0.16499999999999998,0.16,6415.0,8098.0
2505.0,-0.34000000000003183,252.0,252.0,100.0,100.0,0.0,0.0,-1.53,-0.91,5.0,5.0,0.87,1.08,0.19,0.17,6416.0,8104.0
2510.0,-0.35000000000002274,252.0,252.0,100.0,100.0,0.0,0.0,-1.51,-0.79,5.0,5.0,0.82,1.0750000000000002,0.17,0.16,6425.0,8105.5
2515.0,-0.34000000000003183,252.0,253.0,100.0,100.0,0.0,0.0,-1.56,-0.6,5.0,5.0,0.85,1.01,0.16,0.16,6439.0,8118.0
2520.0,-0.339999999999975,253.0,253.0,100.0,100.0,0.0,0.0,-1.5,-0.14,5.0,5.0,0.84,0.85,0.17,0.16,6445.0,8124.0
2525.0,-0.3499999999999659,253.0,253.0,100.0,100.0,0.0,0.0,-1.4649999999999999,-0.26,5.0,5.0,0.75,0.74,0.15,0.16,6458.0,8139.0
2530.0,-0.339999999999975,254.0,254.0,100.0,100.0,0.0,0.0,-1.48,-0.47,5.0,5.0,0.72,0.66,0.17,0.14,6476.0,8164.0
2535.0,-0.3499999999999943,254.0,254.0,100.0,100.0,0.0,0.0,-1.295,-0.23,5.0,5.0,0.78,0.68,0.16,0.16,6476.5,8169.0
2540.0,-0.34000000000003183,254.0,254.0,100.0,100.0,0.0,0.0,-1.18,-0.59,5.0,5.0,0.74,0.65,0.17,0.15,6487.0,8173.0
2545.0,-0.3400000000000034,255.0,255.0,100.0,100.0,0.0,0.0,-1.2650000000000001,-0.505,5.0,5.0,0.705,0.605,0.14500000000000002,0.14500000000000002,6492.0,8182.0
2550.0,-0.34000000000003183,255.0,255.0,100.0,100.0,0.0,0.0,-1.21,-0.45,5.0,5.0,0.71,0.59,0.14,0.15,6499.0,8192.0
2555.0,-0.3499999999999943,255.0,255.0,100.0,100.0,0.0,0.0,-1.38,-0.59,5.0,5.0,0.68,0.545,0.15,0.135,6519.0,8207.0
2560.0,-0.339999999999975,256.0,256.0,100.0,100.0,0.0,0.0,-1.46,-0.58,5.0,5.0,0.73,0.58,0.14,0.14,6518.0,8215.0
2565.0,-0.3499999999999659,256.0,256.0,100.0,100.0,0.0,0.0,-1.2,-0.53,5.0,5.0,0.65,0.525,0.12,0.125,6534.0,8228.0
2570.0,-0.339999999999975,256.0,256.0,100.0,100.0,0.0,0.0,-1.18,-0.65,5.0,5.0,0.68,0.53,0.14,0.16,6544.0,8248.0
2575.0,-0.35000000000002274,257.0,257.0,100.0,100.0,0.0,0.0,-1.17,-0.8300000000000001,5.0,5.0,0.65,0.56,0.13,0.125,6557.0,8260.0
2580.0,-0.339999999999975,257.0,257.0,100.0,100.0,0.0,0.0,-1.15,-1.01,5.0,5.0,0.6,0.55,0.14,0.12,6572.0,8281.0
2585.0,-0.35000000000002274,257.0,257.0,100.0,100.0,0.0,0.0,-1.18,-1.105,5.0,5.0,0.61,0.62,0.13,0.12,6592.0,8300.0
2590.0,-0.34000000000003183,258.0,258.0,100.0,100.0,0.0,0.0,-1.15,-0.94,5.0,5.0,0.6,0.67,0.13,0.15,6583.0,8297.0
2595.0,-0.3499999999999943,258.0,258.0,100.0,0.0,0.0,0.0,-1.23,-0.985,5.0,0.0,0.6,0.715,0.13,-0.25,6599.0,8180.0
2600.0,-0.339999999999975,259.0,258.0,100.0,100.0,0.0,0.0,-1.29,-0.94,5.0,6.0,0.62,0.7,0.13,0.46,6602.0,7392.0
2605.0,-0.3499999999999943,259.0,258.0,100.0,100.0,0.0,0.0,-1.52,-0.875,5.0,6.0,0.66,0.71,0.16,0.095,6626.0,7356.5
2610.0,-0.339999999999975,259.0,258.0,100.0,100.0,0.0,0.0,-1.59,-0.86,5.0,6.0,0.74,0.78,0.14,0.13,6617.0,7342.0
2615.0,-0.3499999999999659,260.0,259.0,100.0,100.0,0.0,0.0,-1.49,-0.85,5.0,6.0,0.73,0.745,0.17,0.125,6629.0,7348.0
2620.0,-0.339999999999975,260.0,259.0,100.0,100.0,0.0,0.0,-1.61,-0.89,5.0,6.0,0.72,0.71,0.16,0.1,6646.0,7370.0
2625.0,-0.3400000000000034,260.0,259.0,100.0,100.0,0.0,0.0,-1.6099999999999999,-0.92,5.0,6.0,0.7949999999999999,0.81,0.16499999999999998,0.14,6637.5,7363.5
2630.0,-0.34000000000003183,261.0,259.0,100.0,100.0,0.0,0.0,-1.44,-1.02,5.0,6.0,0.63,0.63,0.12,0.11,6651.0,7380.0
2635.0,-0.3400000000000034,261.0,260.0,100.0,100.0,0.0,0.0,-1.59,-1.205,5.0,6.0,0.575,0.64,0.14500000000000002,0.16,6729.5,7450.5
2640.0,-0.34000000000003183,261.0,260.0,100.0,100.0,0.0,0.0,-1.39,-0.98,5.0,6.0,0.92,0.95,0.17,0.18,6680.0,7399.0
2645.0,-0.3400000000000034,262.0,260.5,100.0,100.0,0.0,0.0,-0.885,-0.515,5.0,6.0,0.7350000000000001,0.7949999999999999,0.15,0.135,6657.5,7377.0
2650.0,-0.339999999999975,262.0,261.0,100.0,100.0,0.0,0.0,-1.14,-0.79,5.0,6.0,0.49,0.49,0.08,0.02,6717.0,7479.0
2655.0,-0.339999999999975,262.0,261.0,100.0,100.0,0.0,0.0,-1.23,-0.7,5.0,6.0,0.71,0.61,0.28,0.21,6746.0,7607.0
2660.0,-0.339999999999975,263.0,261.0,100.0,100.0,0.0,0.0,-0.75,0.0,5.0,6.0,0.72,0.95,0.15,0.14,6695.0,7421.0
2665.0,-0.339999999999975,263.0,262.0,100.0,100.0,0.0,0.0,-0.83,0.05,5.0,6.0,0.55,0.76,0.16,0.14,6724.0,7429.0
2670.0,-0.3300000000000125,264.0,262.0,100.0,100.0,0.0,0.0,-1.08,-0.09,5.0,6.0,0.485,0.56,0.14500000000000002,0.14,6772.0,7523.0
2675.0,-0.34000000000003183,264.0,262.0,100.0,100.0,0.0,0.0,-0.79,0.07,5.0,6.0,0.47,0.47,0.17,0.16,6743.0,7482.0
2680.0,-0.34000000000003183,264.0,263.0,100.0,100.0,0.0,0.0,-0.83,-0.16999999999999998,5.0,6.0,0.41500000000000004,0.43,0.13,0.15,6800.0,7499.0
2685.0,-0.34000000000003183,265.0,263.0,100.0,100.0,0.0,0.0,-0.71,-0.28,5.0,6.0,0.51,0.46,0.19,0.17,6752.0,7479.0
2690.0,-0.3300000000000125,265.0,263.5,100.0,100.0,0.0,0.0,-0.49,0.19,5.0,6.0,0.46,0.38,0.18,0.165,6753.0,7472.5
2695.0,-0.339999999999975,266.0,264.0,100.0,100.0,0.0,0.0,-0.88,0.02,5.0,6.0,0.37,0.23,0.13,0.13,6799.0,7514.0
2700.0,-0.339999999999975,266.0,264.0,100.0,100.0,0.0,0.0,-0.79,-0.29,5.0,6.0,0.35,0.22,0.16,0.16,6806.0,7548.0
2705.0,-0.339999999999975,266.5,265.0,100.0,100.0,0.0,0.0,-0.75,-0.125,5.0,6.0,0.43,0.245,0.185,0.185,6793.0,7523.0
2710.0,-0.339999999999975,267.0,265.0,100.0,100.0,0.0,0.0,-0.76,-0.1,5.0,6.0,0.39,0.22,0.17,0.17,6808.0,7525.0
2715.0,-0.3299999999999841,267.0,265.5,100.0,100.0,0.0,0.0,-0.78,-0.475,5.0,6.0,0.39,0.22,0.18,0.15,6820.0,7552.0
2720.0,-0.3300000000000125,268.0,266.0,100.0,100.0,0.0,0.0,-0.82,-0.65,5.0,6.0,0.4,0.27,0.18,0.17,6833.5,7567.0
2725.0,-0.339999999999975,268.0,266.0,100.0,100.0,0.0,0.0,-0.82,-0.64,5.0,6.0,0.4,0.32,0.17,0.17,6843.0,7569.0
2730.0,-0.3299999999999841,269.0,267.0,100.0,100.0,0.0,0.0,-0.78,-0.68,5.0,6.0,0.37,0.33,0.17,0.15,6855.0,7592.0
2735.0,-0.34000000000003183,269.0,267.0,100.0,100.0,0.0,0.0,-0.91,-0.63,5.0,6.0,0.44,0.42,0.21,0.19,6876.0,7616.0
2740.0,-0.3300000000000125,269.0,267.5,100.0,100.0,0.0,0.0,-0.95,-0.375,5.0,6.0,0.46,0.435,0.18,0.175,6865.0,7606.0
2745.0,-0.3299999999999841,270.0,268.0,100.0,100.0,0.0,0.0,-0.9550000000000001,-0.44,5.0,6.0,0.515,0.5,0.185,0.18,6879.0,7603.0
2750.0,-0.34000000000003183,270.0,268.0,100.0,100.0,0.0,0.0,-0.82,-0.66,5.0,6.0,0.45,0.47,0.16,0.16,6885.0,7615.0
2755.0,-0.3300000000000125,271.0,269.0,100.0,100.0,0.0,0.0,-1.15,-1.025,5.0,6.0,0.39,0.42,0.15,0.155,6988.0,7702.5
2760.0,-0.3299999999999841,271.0,269.0,100.0,100.0,0.0,0.0,-1.42,-0.97,5.0,6.0,0.585,0.58,0.2,0.19,6918.5,7666.0
2765.0,-0.339999999999975,272.0,269.0,100.0,100.0,0.0,0.0,-1.5,-0.91,5.0,6.0,0.62,0.66,0.18,0.19,6924.0,7659.0
2770.0,-0.3299999999999841,272.0,270.0,100.0,100.0,0.0,0.0,-1.53,-0.975,5.0,6.0,0.67,0.695,0.2,0.175,6954.0,7679.5
2775.0,-0.3299999999999841,272.0,270.0,100.0,100.0,0.0,0.0,-1.62,-0.91,5.0,6.0,0.685,0.65,0.185,0.18,6950.0,7694.0
2780.0,-0.3299999999999841,273.0,271.0,100.0,100.0,0.0,0.0,-1.745,-0.99,5.0,6.0,0.6799999999999999,0.65,0.185,0.19,6982.0,7722.0
2785.0,-0.3299999999999841,273.0,271.0,100.0,100.0,0.0,0.0,-1.82,-1.13,5.0,6.0,0.77,0.74,0.2,0.2,6980.0,7724.0
2790.0,-0.3199999999999932,274.0,272.0,100.0,100.0,0.0,0.0,-1.75,-1.09,5.0,6.0,0.8,0.8,0.18,0.2,6985.0,7724.0
2795.0,-0.3300000000000125,274.0,272.0,100.0,100.0,0.0,0.0,-1.795,-1.04,5.0,6.0,0.8049999999999999,0.8,0.18,0.19,7005.5,7743.0
2800.0,-0.3299999999999841,274.0,272.0,0.0,100.0,0.0,0.0,-1.67,-0.95,0.0,6.0,0.82,0.825,-0.16,0.2,6581.0,7751.5
2805.0,-0.3199999999999932,274.0,273.0,100.0,100.0,0.0,0.0,-1.62,-0.92,6.0,6.0,0.87,0.9,0.31,0.21,6016.0,7755.0
2810.0,-0.3300000000000125,274.5,273.0,100.0,100.0,0.0,0.0,-1.695,-0.94,6.0,6.0,0.7949999999999999,0.81,0.185,0.19,6053.0,7769.0
2815.0,-0.3300000000000125,275.0,274.0,100.0,100.0,0.0,0.0,-1.82,-0.975,6.0,6.0,0.87,0.845,0.21,0.195,6059.0,7790.0
2820.0,-0.3300000000000125,275.0,274.0,100.0,100.0,0.0,0.0,-1.54,-0.97,6.0,6.0,0.85,0.86,0.21,0.185,6067.0,7798.5
2825.0,-0.32000000000005,276.0,275.0,100.0,100.0,0.0,0.0,-1.54,-0.88,6.0,6.0,0.86,0.88,0.17,0.19,6069.0,7803.0
2830.0,-0.3300000000000409,276.0,275.0,100.0,100.0,0.0,0.0,-1.645,-1.02,6.0,6.0,0.7,0.76,0.15,0.17,6094.0,7831.0
2835.0,-0.3300000000000125,277.0,275.0,100.0,100.0,0.0,0.0,-1.6,-1.07,6.0,6.0,0.89,0.985,0.2,0.215,6093.0,7835.0
2840.0,-0.3199999999999932,277.0,276.0,100.0,100.0,0.0,0.0,-1.38,-0.78,6.0,6.0,0.83,0.96,0.19,0.19,6088.0,7825.0
2845.0,-0.3199999999999932,277.0,276.0,100.0,100.0,0.0,0.0,-1.48,-0.88,6.0,6.0,0.8,0.88,0.2,0.17,6107.0,7849.0
2850.0,-0.3299999999999841,278.0,277.0,100.0,100.0,0.0,0.0,-1.58,-0.96,6.0,6.0,0.815,0.88,0.195,0.17,6116.5,7869.0
2855.0,-0.3299999999999841,278.0,277.0,100.0,100.0,0.0,0.0,-1.56,-0.85,6.0,6.0,0.84,0.94,0.19,0.185,6127.0,7874.5
2860.0,-0.3199999999999932,279.0,278.0,100.0,100.0,0.0,0.0,-1.49,-0.46,6.0,6.0,0.92,0.98,0.18,0.19,6127.0,7874.0
2865.0,-0.3199999999999932,279.0,278.0,100.0,100.0,0.0,0.0,-1.42,-0.04,6.0,6.0,0.84,0.84,0.2,0.19,6134.0,7887.0
2870.0,-0.3299999999999841,280.0,278.0,100.0,100.0,0.0,0.0,-1.5,-0.13,6.0,6.0,0.835,0.74,0.175,0.17,6154.5,7909.0
2875.0,-0.3299999999999841,280.0,279.0,100.0,100.0,0.0,0.0,-1.42,-0.435,6.0,6.0,0.86,0.76,0.19,0.195,6154.0,7911.5
2880.0,-0.3199999999999932,280.0,279.0,100.0,100.0,0.0,0.0,-1.36,-0.44,6.0,6.0,0.76,0.69,0.18,0.19,6163.0,7919.0
2885.0,-0.3199999999999932,281.0,280.0,100.0,100.0,0.0,0.0,-1.41,-0.33,6.0,6.0,0.79,0.64,0.21,0.2,6180.0,7936.0
2890.0,-0.3299999999999841,281.0,280.0,100.0,100.0,0.0,0.0,-1.4049999999999998,-0.53,6.0,6.0,0.835,0.64,0.18,0.2,6188.0,7956.0
2895.0,-0.3199999999999932,282.0,280.0,100.0,100.0,0.0,0.0,-1.31,-0.785,6.0,6.0,0.8,0.66,0.18,0.195,6183.5,7949.5
2900.0,-0.3299999999999841,282.0,281.0,100.0,100.0,0.0,0.0,-1.5,-0.8200000000000001,6.0,6.0,0.68,0.585,0.16,0.16999999999999998,6214.0,7976.5
2905.0,-0.3199999999999932,282.0,281.0,100.0,100.0,0.0,0.0,-1.68,-0.89,6.0,6.0,0.78,0.68,0.19,0.19,6226.0,8010.0
2910.0,-0.3199999999999932,283.0,282.0,100.0,100.0,0.0,0.0,-1.6,-0.82,6.0,6.0,0.84,0.73,0.17,0.18,6216.0,8000.0
2915.0,-0.3299999999999841,283.0,282.0,100.0,100.0,0.0,0.0,-1.5350000000000001,-0.88,6.0,6.0,0.96,0.87,0.175,0.19,6221.5,8003.0
2920.0,-0.3199999999999932,283.5,282.0,100.0,100.0,0.0,0.0,-1.25,-0.535,6.0,6.0,1.06,0.985,0.18,0.15500000000000003,6212.5,7988.0
2925.0,-0.3299999999999841,284.0,283.0,100.0,100.0,0.0,0.0,-0.84,-0.435,6.0,6.0,0.86,0.8049999999999999,0.14,0.165,6216.0,7994.5
2930.0,-0.3199999999999932,284.0,283.0,100.0,100.0,0.0,0.0,-0.9,-0.53,6.0,6.0,0.74,0.73,0.15,0.15,6231.0,8016.0
2935.0,-0.3199999999999932,284.0,283.0,100.0,100.0,0.0,0.0,-1.16,-0.56,6.0,6.0,0.78,0.74,0.14,0.15,6231.0,8016.0
2940.0,-0.3199999999999932,285.0,284.0,100.0,100.0,0.0,0.0,-0.93,-0.48,6.0,6.0,0.71,0.68,0.14,0.13,6243.0,8025.0
2945.0,-0.3200000000000216,285.0,284.0,100.0,100.0,0.0,0.0,-1.045,-0.63,6.0,6.0,0.725,0.645,0.14,0.125,6252.5,8042.0
2950.0,-0.3200000000000216,285.0,284.0,100.0,100.0,0.0,0.0,-1.025,-0.605,6.0,6.0,0.685,0.615,0.11499999999999999,0.125,6258.5,8053.5
2955.0,-0.3199999999999932,285.0,284.0,100.0,100.0,0.0,0.0,-0.88,-0.56,6.0,6.0,0.65,0.62,0.11,0.12,6268.0,8062.0
2960.0,-0.3199999999999932,286.0,285.0,100.0,100.0,0.0,0.0,-0.84,-0.58,6.0,6.0,0.61,0.62,0.12,0.11,6273.0,8068.0
2965.0,-0.3199999999999932,286.0,285.0,100.0,100.0,0.0,0.0,-0.82,-0.53,6.0,6.0,0.63,0.63,0.1,0.11,6283.0,8081.0
2970.0,-0.3199999999999932,286.0,285.0,100.0,100.0,0.0,0.0,-0.65,-0.37,6.0,6.0,0.63,0.67,0.11,0.11,6279.0,8077.0
2975.0,-0.3199999999999932,286.0,285.0,100.0,100.0,0.0,0.0,-0.2,-0.165,6.0,6.0,0.53,0.6100000000000001,0.1,0.11,6278.5,8073.5
2980.0,-0.3200000000000216,287.0,286.0,100.0,100.0,0.0,0.0,-0.095,-0.265,6.0,6.0,0.345,0.45999999999999996,0.07,0.08499999999999999,6300.5,8098.5
2985.0,-0.3200000000000216,287.0,286.0,100.0,100.0,0.0,0.0,-0.275,-0.46,6.0,6.0,0.315,0.47,0.115,0.09,6314.0,8128.5
2990.0,-0.32000000000005,287.0,286.0,100.0,100.0,0.0,0.0,-0.13,-0.23,6.0,6.0,0.26,0.54,0.1,0.1,6300.0,8106.0
2995.0,-0.3199999999999932,287.0,286.0,100.0,100.0,0.0,0.0,0.06,-0.04,6.0,6.0,0.19,0.48,0.12,0.09,6310.0,8107.0
3000.0,-0.3199999999999932,288.0,286.0,100.0,100.0,0.0,0.0,0.12,0.03,6.0,6.0,0.16,0.42,0.09,0.08,6308.0,8111.0
3005.0,-0.3199999999999932,288.0,287.0,100.0,100.0,0.0,0.0,0.13,0.2,6.0,6.0,0.11,0.34,0.1,0.08,6313.0,8119.0
3010.0,-0.3199999999999932,288.0,287.0,100.0,100.0,0.0,0.0,0.1,0.405,6.0,6.0,0.04,0.20500000000000002,0.09,0.08,6316.5,8124.5
3015.0,-0.3199999999999932,288.0,287.0,100.0,100.0,0.0,0.0,0.05,0.44999999999999996,6.0,6.0,0.0,0.11,0.08,0.07,6326.0,8132.0
3020.0,-0.3100000000000307,288.0,287.0,100.0,100.0,0.0,0.0,0.06,0.27,6.0,6.0,-0.015,0.01,0.07500000000000001,0.07,6338.5,8150.0
3025.0,-0.32000000000005,289.0,287.0,100.0,100.0,0.0,0.0,0.05,0.26,6.0,6.0,-0.04,-0.02,0.08,0.08,6342.0,8152.0
3030.0,-0.32000000000005,289.0,287.0,100.0,100.0,0.0,0.0,0.05,0.31,6.0,6.0,-0.05,-0.08,0.07,0.08,6340.0,8149.0
3035.0,-0.3199999999999932,289.0,288.0,100.0,100.0,0.0,0.0,0.09,0.22,6.0,6.0,-0.04,-0.09,0.07,0.07,6344.0,8150.0
3040.0,-0.3199999999999932,289.0,288.0,100.0,100.0,0.0,0.0,0.11,0.19,6.0,6.0,-0.04,-0.13,0.06,0.06,6343.0,8151.0
3045.0,-0.30999999999997385,289.0,288.0,100.0,100.0,0.0,0.0,0.15,0.20500000000000002,6.0,6.0,-0.04,-0.155,0.06,0.065,6338.0,8150.0
3050.0,-0.3199999999999932,289.0,288.0,100.0,100.0,0.0,0.0,0.195,0.2,6.0,6.0,-0.08499999999999999,-0.175,0.05,0.06,6344.5,8156.0
3055.0,-0.3199999999999932,289.0,288.0,100.0,100.0,0.0,0.0,0.14,0.12000000000000001,6.0,6.0,-0.08,-0.165,0.04,0.05,6357.5,8167.0
3060.0,-0.3100000000000307,290.0,288.0,100.0,100.0,0.0,0.0,0.135,0.1,6.0,6.0,-0.095,-0.2,0.05,0.06,6364.5,8176.0
3065.0,-0.3100000000000307,290.0,288.0,100.0,100.0,0.0,0.0,0.32,0.07,6.0,6.0,-0.14500000000000002,-0.22,0.05,0.06,6351.0,8165.0
3070.0,-0.32000000000005,290.0,289.0,100.0,100.0,0.0,0.0,0.34,0.05,6.0,6.0,-0.16,-0.18,0.03,0.05,6360.0,8167.0
3075.0,-0.3199999999999932,290.0,289.0,100.0,100.0,0.0,0.0,0.26,0.12,6.0,6.0,-0.16,-0.15,0.02,0.03,6384.0,8190.0
3080.0,-0.3199999999999932,290.0,289.0,100.0,100.0,0.0,0.0,0.29,0.29,6.0,6.0,-0.18,-0.16,0.04,0.05,6393.0,8223.0
3085.0,-0.30999999999997385,290.0,289.0,100.0,100.0,0.0,0.0,0.24,0.28500000000000003,6.0,6.0,-0.24,-0.245,0.05,0.06,6366.0,8186.0
3090.0,-0.30999999999997385,290.0,289.0,100.0,100.0,0.0,0.0,0.16,0.1,6.0,6.0,-0.21,-0.245,0.04,0.05,6370.0,8178.5
3095.0,-0.3199999999999932,290.0,289.0,100.0,100.0,0.0,0.0,0.275,0.065,6.0,6.0,-0.2,-0.22499999999999998,0.04,0.03,6374.5,8190.5
3100.0,-0.3100000000000307,290.0,289.0,100.0,100.0,0.0,0.0,0.305,0.08,6.0,6.0,-0.20500000000000002,-0.2,0.045,0.03,6376.5,8198.0
3105.0,-0.3100000000000307,291.0,289.0,100.0,100.0,0.0,0.0,0.30000000000000004,0.05,6.0,6.0,-0.185,-0.16,0.03,0.03,6385.5,8204.0
3110.0,-0.3100000000000307,291.0,289.0,100.0,100.0,0.0,0.0,0.445,-0.02,6.0,6.0,-0.20500000000000002,-0.14,0.05,0.03,6397.5,8216.0
3115.0,-0.3199999999999932,291.0,289.0,100.0,100.0,0.0,0.0,0.56,-0.03,6.0,6.0,-0.21,-0.08,0.03,0.0,6387.0,8207.0
3120.0,-0.3199999999999932,291.0,289.0,100.0,100.0,0.0,0.0,0.49,-0.04,6.0,6.0,-0.2,-0.09,0.03,0.04,6415.0,8229.0
3125.0,-0.30999999999997385,291.0,289.0,100.0,100.0,0.0,0.0,0.45,-0.05,6.0,6.0,-0.13,-0.045,0.03,-0.010000000000000002,6413.0,8246.0
3130.0,-0.30999999999997385,291.0,289.0,100.0,100.0,0.0,0.0,0.5,-0.04,6.0,6.0,-0.03,-0.025,-0.2,-0.16999999999999998,6654.0,8451.5
3135.0,-0.30999999999997385,291.0,289.0,95.0,100.0,0.0,0.0,0.33,-0.05,6.0,6.0,-0.1,-0.075,0.19,-0.010000000000000002,6907.0,8491.0
3140.0,-0.30000000000001137,291.0,289.0,100.0,100.0,0.0,0.0,0.17,-0.11,6.0,6.0,-0.17,-0.15,0.11,0.07,6411.0,8189.0
3145.0,-0.3100000000000307,291.0,289.0,100.0,100.0,0.0,0.0,0.32,-0.24,6.0,6.0,-0.155,-0.14,0.05,0.0,6414.0,8211.0
3150.0,-0.3100000000000307,292.0,289.0,100.0,100.0,0.0,0.0,0.455,-0.21,6.0,6.0,-0.155,-0.12,0.06,0.02,6470.0,8294.0
3155.0,-0.3100000000000023,292.0,289.0,100.0,100.0,0.0,0.0,0.37,-0.26,6.0,6.0,-0.215,-0.14,0.125,0.14,6428.0,8266.0
3160.0,-0.3100000000000023,292.0,290.0,100.0,100.0,0.0,0.0,0.0050000000000000044,-0.28,6.0,6.0,-0.175,-0.14,0.060000000000000005,0.06,6435.0,8252.0
3165.0,-0.3199999999999932,292.0,290.0,100.0,100.0,0.0,0.0,-0.39,-0.24,6.0,6.0,-0.13,-0.14,0.09,0.03,6446.0,8239.0
3170.0,-0.30999999999997385,292.0,290.0,100.0,100.0,0.0,0.0,-0.32,-0.195,6.0,6.0,-0.1,-0.15000000000000002,0.07,0.07500000000000001,6416.0,8219.5
3175.0,-0.30999999999997385,293.0,290.0,100.0,100.0,0.0,0.0,-0.08,-0.265,6.0,6.0,-0.05,-0.12,0.09,0.08,6424.0,8219.0
3180.0,-0.3100000000000023,293.0,290.0,100.0,100.0,0.0,0.0,-0.08,-0.265,6.0,6.0,-0.01,-0.08499999999999999,0.06,0.045,6433.0,8231.0
3185.0,-0.30000000000001137,293.0,290.0,100.0,100.0,0.0,0.0,-0.16,-0.18,6.0,6.0,0.0,-0.1,0.06,0.02,6433.0,8234.0
3190.0,-0.30000000000001137,293.0,290.0,100.0,100.0,0.0,0.0,0.0,-0.25,6.0,6.0,0.0,-0.11,0.03,0.09,6453.0,8246.0
3195.0,-0.30000000000001137,293.0,291.0,100.0,100.0,0.0,0.0,0.1,-0.19,6.0,6.0,-0.01,-0.08,0.09,0.06,6439.0,8246.0
3200.0,-0.30000000000001137,293.0,291.0,100.0,100.0,0.0,0.0,0.05,-0.13,6.0,6.0,-0.03,-0.07,0.08,0.07,6440.0,8244.0
3205.0,-0.3100000000000023,293.0,291.0,100.0,100.0,0.0,0.0,-0.065,-0.11,6.0,6.0,-0.03,-0.07,0.06,0.04,6451.0,8248.0
3210.0,-0.3100000000000023,294.0,291.0,100.0,100.0,0.0,0.0,-0.06,-0.18,6.0,6.0,-0.025,-0.06,0.065,0.08,6455.0,8259.0
3215.0,-0.29999999999998295,294.0,291.0,100.0,100.0,0.0,0.0,-0.07500000000000001,-0.32,6.0,6.0,-0.01,-0.045,0.1,0.09,6456.0,8258.5
3220.0,-0.30000000000001137,294.0,291.0,100.0,100.0,0.0,0.0,-0.05,-0.425,6.0,6.0,-0.02,0.005000000000000001,0.045,0.05,6461.5,8265.5
3225.0,-0.30000000000001137,294.0,291.0,100.0,100.0,0.0,0.0,-0.2,-0.375,6.0,6.0,0.0,0.019999999999999997,0.065,0.07,6468.5,8271.0
3230.0,-0.3100000000000023,294.0,292.0,100.0,100.0,0.0,0.0,-0.23,-0.23,6.0,6.0,0.01,0.015,0.08,0.06,6460.0,8262.0
3235.0,-0.30000000000001137,294.0,292.0,100.0,100.0,0.0,0.0,-0.14,-0.21,6.0,6.0,0.01,0.04,0.05,0.08,6474.0,8283.0
3240.0,-0.30000000000001137,295.0,292.0,100.0,100.0,0.0,0.0,-0.17,-0.3,6.0,6.0,0.03,0.04,0.05,0.04,6471.0,8282.0
3245.0,-0.30000000000001137,295.0,292.0,100.0,100.0,0.0,0.0,-0.25,-0.41,6.0,6.0,0.02,0.08,0.08,0.08,6476.0,8289.0
3250.0,-0.30000000000001137,295.0,292.0,100.0,100.0,0.0,0.0,-0.35,-0.55,6.0,6.0,0.05,0.07,0.04,0.04,6507.0,8310.0
3255.0,-0.30000000000001137,295.0,292.0,100.0,100.0,0.0,0.0,-0.49,-0.78,6.0,6.0,0.09,0.11,0.07,0.07,6487.0,8306.0
3260.0,-0.30000000000001137,295.0,292.0,100.0,100.0,0.0,0.0,-0.63,-1.07,6.0,6.0,0.14,0.26,0.05,0.08,6487.0,8297.0
3265.0,-0.30000000000001137,295.0,293.0,100.0,100.0,0.0,0.0,-0.87,-1.35,6.0,6.0,0.2,0.38,0.04,0.05,6482.0,8291.0
3270.0,-0.29000000000002046,296.0,293.0,100.0,100.0,0.0,0.0,-1.19,-1.49,6.0,6.0,0.3,0.42500000000000004,0.07,0.045,6489.0,8306.0
3275.0,-0.29000000000002046,296.0,293.0,100.0,100.0,0.0,0.0,-1.64,-1.53,6.0,6.0,0.44,0.575,0.04,0.04,6500.0,8307.0
3280.0,-0.29000000000002046,296.0,293.0,100.0,100.0,0.0,0.0,-2.5,-1.54,6.0,6.0,0.6,0.71,0.01,0.035,6500.0,8308.5
3285.0,-0.30000000000001137,296.0,293.0,100.0,100.0,0.0,0.0,-3.33,-1.5950000000000002,6.0,6.0,1.0350000000000001,0.94,0.065,0.05500000000000001,6501.0,8311.5
3290.0,-0.30000000000001137,296.0,293.0,80.5,100.0,15.5,0.0,-3.61,-2.03,6.0,6.0,1.38,1.23,-0.25,0.065,6614.5,8290.5
3295.0,-0.29000000000002046,295.0,293.0,42.5,71.0,16.0,39.0,-4.1,-2.83,0.0,6.0,1.48,1.18,-0.48,-0.39,7410.5,8218.0
3300.0,-0.29000000000002046,293.5,291.0,14.5,27.0,19.0,29.0,-5.235,-3.5,3.0,6.0,1.435,1.3,-0.575,-0.61,7300.5,8130.0
3305.0,-0.29000000000002046,292.0,290.0,0.0,23.0,25.0,0.0,-6.115,-3.85,5.0,6.0,2.4749999999999996,2.13,-0.825,-0.34,7281.5,8137.0
3310.0,-0.30000000000001137,290.0,289.0,0.0,20.0,19.0,0.0,-6.86,-4.51,5.0,6.0,2.25,2.09,-0.69,-0.29,7232.0,8103.0
3315.0,-0.30000000000001137,288.0,289.0,0.0,16.0,1.0,0.0,-7.07,-4.78,5.0,6.0,1.97,1.86,-0.44,-0.31,7203.0,8084.0
3320.0,-0.30000000000001137,287.0,288.0,2.0,10.0,0.0,0.0,-7.7,-4.77,5.0,6.0,2.22,1.93,-0.37,-0.31,7190.0,8054.0
3325.0,-0.29000000000002046,286.0,287.0,1.0,12.0,0.0,0.0,-8.75,-5.345000000000001,5.0,6.0,1.73,1.79,-0.37,-0.305,7155.0,8019.5
3330.0,-0.29000000000002046,285.0,285.5,1.0,12.0,0.0,0.0,-9.55,-5.995,5.0,6.0,3.05,2.96,-0.71,-0.44500000000000006,7127.0,7992.5
3335.0,-0.29000000000002046,282.5,284.0,2.5,11.0,0.0,0.0,-10.05,-6.43,5.0,6.0,2.12,2.23,-0.59,-0.31,7090.5,7918.0
3340.0,-0.29000000000002046,282.0,283.0,2.0,10.0,0.0,0.0,-11.07,-7.48,5.0,6.0,1.045,0.83,-0.315,-0.29,7041.5,7890.0
3345.0,-0.30000000000001137,281.0,282.0,0.0,10.0,0.0,0.0,-11.84,-8.17,5.0,6.0,1.98,1.63,-0.39,-0.32,7020.0,7877.0
3350.0,-0.30000000000001137,280.0,281.0,1.0,9.0,0.0,1.0,-12.15,-8.64,5.0,6.0,2.12,2.12,-0.38,-0.32,6999.0,7843.0
3355.0,-0.30000000000001137,279.0,280.0,1.5,1.5,0.0,5.0,-12.245000000000001,-9.09,5.0,6.0,1.3199999999999998,1.625,-0.33,-0.355,6973.5,7792.0
3360.0,-0.29000000000002046,278.0,278.0,2.5,0.0,0.0,5.0,-12.5,-9.43,5.0,6.0,1.615,1.7,-0.33999999999999997,-0.4,6954.0,7745.0
3365.0,-0.30000000000001137,277.0,277.0,6.0,0.0,0.0,4.0,-12.37,-9.29,5.0,6.0,1.57,1.58,-0.28,-0.36,6952.0,7730.0
3370.0,-0.30000000000001137,276.0,276.0,8.0,0.0,0.0,2.0,-12.56,-9.45,5.0,6.0,0.38,0.56,-0.22,-0.27,6941.0,7701.0
3375.0,-0.29999999999998295,275.5,276.0,18.0,3.5,0.0,1.0,-13.065,-9.73,5.0,6.0,0.605,0.48,-0.175,-0.3,6955.5,7664.0
3380.0,-0.29000000000002046,275.0,275.0,49.5,9.0,0.0,0.0,-13.025,-9.74,5.0,6.0,1.45,1.51,-0.165,-0.29,6980.5,7687.0
3385.0,-0.30000000000001137,275.0,274.0,84.0,12.0,0.0,0.0,-12.31,-9.2,5.0,6.0,1.68,1.74,-0.08,-0.26,6960.0,7681.0
3390.0,-0.28999999999999204,274.0,273.0,86.0,11.5,0.0,0.0,-12.04,-8.95,5.0,6.0,0.66,0.845,-0.08,-0.22,6989.0,7657.0
3395.0,-0.2899999999999636,274.0,273.0,85.0,18.0,0.0,0.0,-12.23,-9.04,5.0,6.0,0.12000000000000001,0.08,-0.11000000000000001,-0.18,7197.5,7649.0
3400.0,-0.2999999999999545,274.0,272.0,82.0,39.0,0.0,0.0,-12.47,-9.04,5.0,6.0,1.13,0.62,0.16,-0.19,7154.0,7752.0
3405.0,-0.2899999999999636,274.0,272.0,93.0,77.5,0.0,0.0,-12.07,-8.379999999999999,5.0,6.0,1.97,2.015,0.05,0.135,6983.0,7755.0
3410.0,-0.29999999999998295,274.0,272.0,93.5,99.5,0.0,0.0,-11.505,-7.92,5.0,6.0,2.105,2.315,0.045,0.14,6973.5,7734.0
3415.0,-0.30000000000001137,274.0,272.0,91.0,100.0,0.0,0.0,-11.25,-7.57,5.0,6.0,2.54,2.48,0.05,0.13,6971.0,7748.0
3420.0,-0.30000000000001137,274.0,272.0,90.0,100.0,0.0,0.0,-10.8,-7.33,5.0,6.0,2.52,2.27,0.08,0.14,6970.0,7764.0
3425.0,-0.29000000000002046,274.0,272.0,86.0,100.0,0.0,0.0,-10.13,-7.0649999999999995,5.0,6.0,2.41,2.395,0.08,0.14500000000000002,6985.0,7773.0
3430.0,-0.29000000000002046,273.0,272.0,84.5,100.0,0.0,0.0,-9.620000000000001,-7.19,5.0,6.0,2.1950000000000003,2.26,0.06,0.13,6987.0,7790.0
3435.0,-0.30000000000001137,273.0,272.0,84.0,100.0,0.0,0.0,-9.52,-6.98,5.0,6.0,2.56,2.59,0.08,0.16,6983.0,7786.0
3440.0,-0.29000000000002046,273.0,272.0,86.0,100.0,0.0,0.0,-9.07,-6.875,5.0,6.0,2.09,2.08,0.09,0.14500000000000002,6962.0,7763.5
3445.0,-0.29000000000002046,273.0,272.0,83.5,99.0,0.0,0.0,-9.385,-7.39,5.0,6.0,1.585,1.62,0.09,0.15,7040.0,7845.0
3450.0,-0.30000000000001137,273.0,272.0,87.0,99.0,0.0,0.0,-9.29,-7.37,5.0,6.0,1.96,1.79,0.12,0.17,6985.0,7836.0
3455.0,-0.29000000000002046,273.0,272.0,92.0,100.0,0.0,0.0,-8.84,-7.265000000000001,5.0,6.0,2.24,2.37,0.12,0.175,6979.0,7778.0
3460.0,-0.29000000000002046,273.0,272.0,96.5,100.0,0.0,0.0,-8.185,-6.96,5.0,6.0,2.005,2.27,0.125,0.16,6968.5,7741.0
3465.0,-0.30000000000001137,273.0,272.0,96.0,100.0,0.0,0.0,-8.25,-6.95,5.0,6.0,1.8,1.78,0.13,0.09,6997.0,7773.0
3470.0,-0.28999999999999204,273.0,272.0,99.0,100.0,0.0,0.0,-8.09,-6.85,5.0,6.0,1.88,1.815,0.14,0.14,6984.0,7776.0
3475.0,-0.2799999999999727,273.0,272.0,98.0,100.0,0.0,0.0,-7.89,-6.77,5.0,6.0,1.78,1.85,0.09,0.13,7000.0,7787.0
3480.0,-0.2899999999999636,273.0,272.0,100.0,100.0,0.0,0.0,-7.265000000000001,-6.01,5.0,6.0,2.17,2.37,0.17,0.15,6982.0,7755.0
3485.0,-0.2899999999999636,273.0,272.0,100.0,100.0,0.0,0.0,-6.27,-4.57,5.0,6.0,1.96,2.215,0.13,0.15000000000000002,6972.0,7739.5
3490.0,-0.2799999999999727,273.0,272.0,100.0,100.0,0.0,0.0,-6.22,-3.81,5.0,6.0,1.79,1.73,0.13,0.12,6984.0,7763.0
3495.0,-0.28999999999999204,274.0,272.0,100.0,100.0,0.0,0.0,-6.355,-3.52,5.0,6.0,2.205,2.22,0.185,0.17,6982.5,7774.0
3500.0,-0.30000000000001137,274.0,272.0,100.0,100.0,0.0,0.0,-4.95,-3.05,5.0,6.0,2.37,2.61,0.11,0.17,6960.0,7729.0
3505.0,-0.29000000000002046,274.0,272.0,100.0,100.0,0.0,0.0,-4.43,-1.9649999999999999,5.0,6.0,2.2,2.39,0.14,0.15,6962.0,7714.5
3510.0,-0.28999999999999204,274.0,272.0,100.0,100.0,0.0,0.0,-4.745,-2.87,5.0,6.0,2.21,2.23,0.12,0.14,6970.5,7730.0
3515.0,-0.30000000000001137,274.0,272.0,100.0,100.0,0.0,0.0,-4.53,-2.53,5.0,6.0,2.06,2.17,0.12,0.14,6968.0,7724.0
3520.0,-0.29000000000002046,274.0,272.0,100.0,100.0,0.0,0.0,-4.23,-1.52,5.0,6.0,1.67,1.74,0.1,0.11,7007.0,7753.5
3525.0,-0.28000000000002956,274.0,273.0,100.0,100.0,0.0,0.0,-3.92,-0.75,5.0,6.0,1.74,1.56,0.14,0.12,6998.0,7765.0
3530.0,-0.29000000000002046,274.0,273.0,100.0,100.0,0.0,0.0,-2.7249999999999996,0.09,5.0,6.0,1.335,1.3,0.1,0.12,7006.0,7765.0
3535.0,-0.29000000000002046,275.0,273.0,100.0,100.0,0.0,0.0,-2.16,0.335,5.0,6.0,1.18,1.08,0.14,0.135,7020.0,7774.5
3540.0,-0.28000000000002956,275.0,273.0,100.0,71.0,0.0,50.0,-1.62,0.52,5.0,6.0,1.25,1.08,0.17,-0.31,7036.0,7678.0
3545.0,-0.29000000000002046,274.5,271.0,59.5,20.0,44.5,96.0,-0.45,0.74,5.0,6.0,1.0750000000000002,0.92,-0.385,-1.16,6920.0,7494.0
3550.0,-0.28999999999999204,272.0,267.0,2.0,0.0,100.0,100.0,-0.62,0.595,5.0,0.0,0.72,0.56,-1.45,-1.63,6686.0,8313.0
3555.0,-0.2799999999999727,268.0,262.0,69.0,0.0,100.0,100.0,-0.88,0.61,0.0,5.0,0.65,0.39,-1.94,-2.04,7245.0,8090.0
3560.0,-0.2799999999999727,262.5,258.0,0.0,0.0,100.0,100.0,-0.20500000000000002,0.9850000000000001,4.0,5.0,0.44,0.18,-2.355,-2.01,7665.0,7941.5
3565.0,-0.2799999999999727,258.0,252.0,0.0,0.0,100.0,100.0,-0.19,1.09,4.0,5.0,0.28,-0.03,-1.94,-1.97,7225.0,7667.0
3570.0,-0.28000000000000114,252.5,248.0,0.0,0.0,100.0,100.0,0.33999999999999997,1.0950000000000002,4.0,5.0,0.24,-0.18,-2.435,-2.125,7082.5,7535.5
3575.0,-0.28000000000002956,247.0,242.0,0.0,0.0,100.0,100.0,0.72,0.79,4.0,5.0,0.12,-0.36,-2.12,-2.02,7124.0,7477.0
3580.0,-0.28000000000002956,241.0,236.0,0.0,69.0,100.0,100.0,0.69,-0.21,4.0,0.0,0.0,-0.41,-2.12,-2.0,6887.0,8484.0
3585.0,-0.2699999999999818,236.5,231.0,0.0,0.0,100.0,100.0,0.745,-0.41,4.0,4.0,-0.05,-0.28,-1.845,-1.72,6778.5,8407.0
3590.0,-0.2699999999999818,231.5,227.0,34.5,0.0,100.0,100.0,1.225,0.15,4.0,4.0,-0.065,-0.13,-1.9949999999999999,-1.97,6027.0,7599.0
3595.0,-0.27000000000001023,225.5,221.0,69.0,0.0,100.0,100.0,1.705,0.55,0.0,4.0,-0.175,-0.16,-1.99,-2.18,7232.0,7688.0
3600.0,-0.27000000000003865,220.5,215.0,0.0,0.0,100.0,100.0,2.025,0.95,3.0,4.0,-0.21000000000000002,-0.19,-1.7999999999999998,-1.81,7249.5,7596.0
3605.0,-0.2799999999999727,213.0,209.0,0.0,0.0,100.0,100.0,2.74,1.63,3.0,4.0,-0.46,-0.28,-2.15,-1.98,6779.0,7178.0
3610.0,-0.26000000000004775,208.0,203.0,0.0,69.0,100.0,100.0,2.99,2.12,3.0,0.0,-0.76,-0.58,-2.05,-2.02,6805.0,8176.0
3615.0,-0.2599999999999909,203.0,198.0,0.0,0.0,100.0,100.0,2.27,2.45,3.0,3.0,-0.87,-0.69,-1.84,-1.63,6658.0,8417.0
3620.0,-0.2599999999999909,197.0,191.0,0.0,0.0,100.0,100.0,1.49,2.72,3.0,3.0,-0.9,-0.84,-1.88,-1.8,6404.0,7865.0
3625.0,-0.2599999999999909,190.0,186.0,0.0,0.0,100.0,100.0,1.17,3.04,3.0,3.0,-0.45,-0.48,-1.41,-1.26,6037.0,7516.0
3630.0,-0.2400000000000091,185.0,180.0,0.0,0.0,100.0,100.0,1.54,3.35,3.0,3.0,-0.95,-1.02,-2.0,-1.85,5895.0,7211.0
3635.0,-0.2400000000000091,179.0,174.0,69.0,0.0,100.0,100.0,2.24,3.63,0.0,3.0,-0.8,-0.97,-1.55,-1.48,6913.0,7039.0
3640.0,-0.2599999999999909,172.0,169.0,0.0,0.0,100.0,100.0,4.21,4.04,2.0,3.0,-0.98,-1.0,-1.92,-1.7,6751.0,6704.0
3645.0,-0.2599999999999909,166.0,162.0,0.0,69.0,100.0,100.0,5.38,3.63,2.0,0.0,-0.94,-1.11,-1.62,-1.37,6707.0,7179.0
3650.0,-0.2599999999999909,160.0,157.0,0.0,0.0,100.0,100.0,9.2,2.95,2.0,2.0,-0.86,-0.81,-1.43,-1.26,6136.0,7477.0
3655.0,-0.2400000000000091,154.0,151.0,0.0,0.0,100.0,100.0,11.65,2.64,2.0,2.0,-1.17,-1.28,-1.49,-1.47,5926.0,7384.0
3660.0,-0.2400000000000091,148.0,144.0,0.0,0.0,100.0,100.0,13.61,2.15,2.0,2.0,-1.11,-0.9,-1.15,-1.13,5773.0,7010.0
3665.0,-0.2400000000000091,142.0,137.0,0.0,0.0,100.0,100.0,15.72,3.77,2.0,2.0,-1.42,-1.37,-1.42,-1.61,5493.0,6684.0
3670.0,-0.2400000000000091,135.0,131.0,0.0,0.0,68.0,100.0,16.59,5.89,2.0,2.0,-1.81,-1.36,-1.27,-1.46,5380.0,6446.0
3675.0,-0.21999999999997044,129.0,122.0,0.0,0.0,27.0,95.0,17.3,12.57,2.0,2.0,-1.85,-1.36,-0.81,-1.37,5345.0,6086.0
3680.0,-0.21999999999997044,126.0,115.0,0.0,17.0,0.0,48.0,18.17,16.51,2.0,2.0,-2.08,-2.03,-0.22,-0.98,5480.0,6071.0
3685.0,-0.21999999999997044,123.0,114.0,0.0,30.0,0.0,0.0,19.4,17.4,2.0,2.0,-2.05,-1.9,-0.21,0.19,5374.0,6520.0
3690.0,-0.19999999999998863,121.0,114.0,0.0,29.0,0.0,0.0,20.85,18.25,2.0,2.0,-2.01,-1.73,-0.22,0.18,5304.0,6489.0
3695.0,-0.18000000000000682,119.0,114.0,0.0,35.0,0.0,0.0,22.53,19.14,2.0,2.0,-2.0,-1.85,-0.23,0.29,5232.0,6515.0
3700.0,-0.18000000000000682,117.0,115.0,0.0,14.0,0.0,0.0,24.03,20.03,2.0,2.0,-1.86,-1.59,-0.23,0.04,5163.0,6397.0
3705.0,-0.18000000000000682,115.0,115.0,0.0,19.0,0.0,0.0,25.08,20.5,2.0,2.0,-1.75,-1.74,-0.22,0.1,5097.0,6396.0
3710.0,-0.18000000000000682,114.0,115.0,19.0,19.0,0.0,0.0,25.67,20.89,2.0,2.0,-1.86,-1.69,-0.08,0.07,5162.0,6418.0
3715.0,-0.18000000000000682,114.0,114.0,85.0,20.0,0.0,0.0,25.19,20.83,2.0,2.0,-1.74,-1.98,0.27,0.02,5274.0,6408.0
3720.0,-0.18000000000000682,116.0,116.0,82.0,71.0,0.0,0.0,23.03,20.57,2.0,2.0,-1.66,-1.51,0.36,0.63,5356.0,6834.0
3725.0,-0.18000000000000682,117.0,118.0,80.0,66.0,0.0,0.0,20.45,19.03,2.0,2.0,-1.9,-1.93,0.42,0.51,5440.0,7005.0
3730.0,-0.18000000000000682,119.0,120.0,78.0,67.0,0.0,0.0,15.1,12.34,2.0,2.0,-1.9,-1.84,0.37,0.54,5579.0,7107.0
3735.0,-0.18000000000000682,121.0,123.0,80.0,81.0,0.0,0.0,11.17,6.53,2.0,2.0,-1.75,-1.95,0.49,0.71,5648.0,7296.0
3740.0,-0.19999999999998863,123.0,125.0,77.0,91.0,0.0,0.0,11.99,6.35,2.0,2.0,-1.92,-1.96,0.66,0.74,5807.0,7485.0
3745.0,-0.19999999999998863,125.0,128.0,74.0,92.0,0.0,0.0,13.92,6.19,2.0,2.0,-1.85,-2.02,0.57,0.71,6050.0,7552.0
3750.0,-0.19999999999998863,128.0,130.0,76.0,93.0,0.0,0.0,11.9,1.76,2.0,2.0,-1.89,-1.94,0.47,0.73,6090.0,7815.0
3755.0,-0.20000000000004547,130.0,133.0,78.0,96.0,0.0,0.0,11.34,1.3,2.0,2.0,-1.98,-1.94,0.56,0.73,6111.0,7788.0
3760.0,-0.19999999999998863,132.0,135.0,80.0,98.0,0.0,0.0,9.81,3.68,2.0,2.0,-1.91,-2.22,0.58,0.91,6175.0,8020.0
3765.0,-0.19999999999998863,135.0,139.0,86.0,100.0,0.0,0.0,9.3,4.84,2.0,2.0,-1.66,-1.73,0.6,0.64,6257.0,8040.0
3770.0,-0.19999999999998863,137.0,141.0,84.0,100.0,0.0,0.0,10.25,5.31,2.0,2.0,-1.87,-1.87,0.59,0.7,6419.0,8203.0
3775.0,-0.21999999999997044,139.0,142.0,84.0,0.0,0.0,0.0,11.1,7.47,2.0,0.0,-1.97,-1.75,0.51,-0.02,6496.0,7937.0
3780.0,-0.19999999999998863,141.0,145.0,91.0,100.0,0.0,0.0,8.47,6.84,2.0,3.0,-1.7,-1.82,0.56,0.62,6540.0,6813.0
3785.0,-0.21999999999997044,144.0,147.0,91.0,100.0,0.0,0.0,9.06,4.15,2.0,3.0,-1.56,-1.37,0.58,0.53,6650.0,6949.0
3790.0,-0.21999999999997044,146.0,149.0,86.0,100.0,0.0,0.0,8.65,2.72,2.0,3.0,-1.82,-1.68,0.61,0.66,6813.0,6964.0
3795.0,-0.21999999999997044,148.0,152.0,91.0,100.0,0.0,0.0,6.94,3.13,2.0,3.0,-1.57,-1.47,0.51,0.57,6854.0,7133.0
3800.0,-0.21999999999997044,150.0,154.0,93.0,100.0,0.0,0.0,4.47,4.18,2.0,3.0,-1.78,-1.39,0.61,0.57,6994.0,7141.0
3805.0,-0.2400000000000091,152.0,156.0,95.0,100.0,0.0,0.0,3.51,4.2,2.0,3.0,-1.37,-1.15,0.56,0.56,7124.0,7335.0
3810.0,-0.2400000000000091,153.0,158.0,93.0,100.0,0.0,0.0,1.42,3.3,3.0,3.0,-1.13,-1.14,0.84,0.5,6241.0,7439.0
3815.0,-0.2400000000000091,156.0,160.0,100.0,100.0,0.0,0.0,1.01,2.94,3.0,3.0,-0.7,-0.9,0.16,0.42,5840.0,7592.0
3820.0,-0.2400000000000091,158.0,162.0,100.0,100.0,0.0,0.0,1.67,0.42,3.0,3.0,-0.84,-1.36,0.53,0.51,5934.0,7496.0
3825.0,-0.23999999999995225,160.0,164.0,100.0,100.0,0.0,0.0,-0.39,-1.37,3.0,3.0,-0.74,-0.83,0.56,0.57,5946.0,7751.0
3830.0,-0.2599999999999909,162.0,166.0,100.0,100.0,0.0,0.0,-0.29,0.58,3.0,3.0,-0.46,-0.94,0.51,0.78,6083.0,7849.0
3835.0,-0.2400000000000091,164.0,168.0,100.0,100.0,0.0,0.0,-1.29,0.14,3.0,3.0,-0.22,-0.41,0.56,0.56,6093.0,7742.0
3840.0,-0.2599999999999909,166.0,170.0,100.0,100.0,0.0,0.0,-0.62,0.42,3.0,3.0,0.01,-0.22,0.58,0.42,6179.0,7827.0
3845.0,-0.26000000000004775,168.0,172.0,100.0,100.0,0.0,0.0,-0.73,0.4,3.0,3.0,0.15,-0.12,0.54,0.46,6241.0,7896.0
3850.0,-0.2400000000000091,170.0,174.0,100.0,100.0,0.0,0.0,-0.74,0.16,3.0,3.0,0.14,0.03,0.49,0.7,6380.0,8079.0
3855.0,-0.2599999999999909,172.0,176.0,100.0,100.0,0.0,0.0,-0.75,0.0,3.0,3.0,0.22,-0.04,0.58,0.58,6406.0,8051.0
3860.0,-0.26000000000004775,174.0,178.0,100.0,100.0,0.0,0.0,-0.16,-0.3,3.0,3.0,0.11,0.0,0.52,0.43,6422.0,8171.0
3865.0,-0.2599999999999909,176.0,179.0,100.0,100.0,0.0,0.0,-0.18,-0.32,3.0,3.0,0.11,0.02,0.55,0.51,6554.0,8383.0
3870.0,-0.2599999999999909,178.0,180.0,100.0,100.0,0.0,0.0,-0.16,-0.27,3.0,4.0,0.13,0.08,0.48,1.07,6622.0,7789.0
3875.0,-0.2599999999999909,180.0,182.0,100.0,100.0,0.0,0.0,0.1,-0.24,3.0,4.0,0.12,0.11,0.48,0.5,6640.0,6961.0
3880.0,-0.2599999999999909,181.0,184.0,100.0,100.0,0.0,0.0,0.36,-0.29,3.0,4.0,0.07,0.14,0.5,0.48,6732.0,7064.0
3885.0,-0.26000000000004775,183.0,185.0,100.0,100.0,0.0,0.0,0.29,-0.15,3.0,4.0,0.04,0.15,0.51,0.42,6781.0,7087.0
3890.0,-0.2599999999999909,185.0,187.0,100.0,100.0,0.0,0.0,0.32,-0.19,3.0,4.0,0.01,0.14,0.42,0.44,6828.0,7133.0
3895.0,-0.28000000000002956,186.0,188.0,100.0,100.0,0.0,0.0,0.2,-0.18,3.0,4.0,0.0,0.12,0.46,0.42,6872.0,7203.0
3900.0,-0.2699999999999818,188.0,189.0,100.0,100.0,0.0,0.0,0.3,-0.07,3.0,4.0,-0.005,0.11,0.46499999999999997,0.43,6953.5,7264.0
3905.0,-0.2599999999999909,189.0,191.0,100.0,100.0,0.0,0.0,0.28,-0.09,3.0,4.0,-0.01,0.09,0.44,0.42,6990.0,7320.0
3910.0,-0.2599999999999909,191.0,192.0,100.0,100.0,0.0,0.0,0.24,-0.19,3.0,4.0,-0.02,0.1,0.47,0.42,7055.0,7373.0
3915.0,-0.28000000000002956,191.0,194.0,0.0,100.0,0.0,0.0,0.0,-0.3,0.0,4.0,-0.01,0.1,-0.06,0.43,6623.0,7420.0
3920.0,-0.2599999999999909,193.0,195.0,100.0,100.0,0.0,0.0,0.0,-0.3,4.0,4.0,0.0,0.12,0.38,0.42,5847.0,7478.0
3925.0,-0.27000000000001023,194.0,196.5,100.0,100.0,0.0,0.0,0.0,-0.365,4.0,4.0,0.01,0.14,0.42,0.41,5865.0,7526.5
3930.0,-0.2799999999999727,196.0,198.0,100.0,100.0,0.0,0.0,0.05,-0.48,4.0,4.0,0.02,0.16,0.42,0.4,5908.0,7573.0
3935.0,-0.2599999999999909,197.0,199.0,100.0,100.0,0.0,0.0,0.17,-0.52,4.0,4.0,0.01,0.2,0.39,0.4,5941.0,7637.0
3940.0,-0.2799999999999727,198.0,200.0,100.0,100.0,0.0,0.0,-0.13,-0.56,4.0,4.0,0.03,0.24,0.39,0.39,5989.0,7679.0
3945.0,-0.26000000000004775,199.0,202.0,100.0,100.0,0.0,0.0,-0.22,-0.63,4.0,4.0,0.05,0.24,0.41,0.4,6025.0,7745.0
3950.0,-0.2799999999999727,201.0,203.0,100.0,100.0,0.0,0.0,-0.2,-0.61,4.0,4.0,0.07,0.26,0.4,0.4,6081.0,7785.0
3955.0,-0.2699999999999818,202.0,204.0,100.0,100.0,0.0,0.0,-0.22,-0.475,4.0,4.0,0.08,0.27,0.39,0.395,6102.0,7857.0
3960.0,-0.2799999999999727,203.0,205.0,100.0,100.0,0.0,0.0,-0.53,-0.35,4.0,4.0,0.12,0.27,0.4,0.4,6160.0,7902.0
3965.0,-0.2799999999999727,204.0,206.0,100.0,100.0,0.0,0.0,-0.62,-0.48,4.0,4.0,0.13,0.25,0.37,0.4,6205.0,7968.0
3970.0,-0.28000000000002956,206.0,208.0,100.0,100.0,0.0,0.0,-0.84,-0.56,4.0,4.0,0.18,0.32,0.4,0.44,6299.0,8022.0
3975.0,-0.2799999999999727,207.0,209.0,100.0,100.0,0.0,0.0,-1.12,-0.43,4.0,4.0,0.32,0.37,0.43,0.41,6271.0,8015.0
3980.0,-0.2799999999999727,208.0,210.0,100.0,100.0,0.0,0.0,-1.28,-0.59,4.0,4.0,0.37,0.35,0.41,0.4,6291.0,8066.0
3985.0,-0.28999999999999204,210.0,211.5,100.0,100.0,0.0,0.0,-1.61,-1.145,4.0,4.0,0.46,0.41,0.4,0.41,6340.0,8116.5
3990.0,-0.2799999999999727,211.0,213.0,100.0,100.0,0.0,0.0,-1.95,-1.68,4.0,4.0,0.53,0.51,0.4,0.4,6367.0,8154.0
3995.0,-0.28000000000002956,212.0,214.0,100.0,100.0,0.0,0.0,-2.21,-1.89,4.0,4.0,0.62,0.6,0.39,0.4,6400.0,8202.0
4000.0,-0.29000000000002046,213.0,215.0,100.0,100.0,0.0,0.0,-2.7199999999999998,-1.95,4.0,4.0,0.73,0.69,0.385,0.38,6445.5,8241.0
4005.0,-0.30000000000001137,214.0,216.0,100.0,100.0,0.0,0.0,-2.79,-2.11,4.0,4.0,0.82,0.78,0.38,0.38,6481.0,8290.0
4010.0,-0.29000000000002046,215.0,217.0,100.0,100.0,0.0,0.0,-2.78,-2.1,4.0,4.0,0.84,0.85,0.38,0.375,6512.0,8332.0
4015.0,-0.2799999999999727,216.0,218.0,100.0,100.0,0.0,0.0,-3.19,-2.09,4.0,4.0,0.98,0.88,0.42,0.36,6542.0,8368.0
4020.0,-0.2799999999999727,217.0,219.0,100.0,0.0,0.0,0.0,-3.65,-2.19,4.0,0.0,1.02,0.96,0.38,-0.07,6573.0,8342.0
4025.0,-0.28000000000002956,218.0,219.0,100.0,100.0,0.0,0.0,-3.99,-2.41,4.0,5.0,1.06,0.92,0.37,0.59,6603.0,7630.0
4030.0,-0.29000000000002046,220.0,221.0,100.0,100.0,0.0,0.0,-4.325,-2.65,4.0,5.0,1.1349999999999998,1.07,0.38,0.32,6637.0,7111.0
4035.0,-0.28999999999999204,221.0,222.0,100.0,100.0,0.0,0.0,-4.55,-2.65,4.0,5.0,1.325,1.26,0.39,0.36,6673.5,7138.0
4040.0,-0.30000000000001137,222.0,222.0,100.0,100.0,0.0,0.0,-4.38,-2.61,4.0,5.0,1.53,1.25,0.36,0.34,6676.0,7156.0
4045.0,-0.30000000000001137,223.0,223.0,100.0,100.0,0.0,0.0,-4.14,-2.73,4.0,5.0,1.28,1.13,0.33,0.33,6707.0,7209.0
4050.0,-0.2999999999999545,223.0,224.0,100.0,100.0,0.0,0.0,-4.14,-2.63,4.0,5.0,1.36,1.29,0.36,0.33,6753.0,7232.0
4055.0,-0.30000000000001137,225.0,225.0,100.0,100.0,0.0,0.0,-3.39,-1.95,4.0,5.0,1.38,1.3,0.36,0.34,6765.0,7251.0
4060.0,-0.30000000000001137,225.0,226.0,100.0,100.0,0.0,0.0,-2.55,-1.42,4.0,5.0,1.36,1.34,0.35,0.34,6799.0,7272.0
4065.0,-0.30000000000001137,226.0,227.0,100.0,100.0,0.0,0.0,-2.1,-0.68,4.0,5.0,1.34,1.29,0.34,0.33,6805.0,7285.0
4070.0,-0.2999999999999545,227.0,228.0,100.0,100.0,0.0,0.0,-1.46,-0.45,4.0,5.0,1.13,0.95,0.34,0.3,6823.0,7317.0
4075.0,-0.30000000000001137,228.0,228.0,100.0,100.0,0.0,0.0,-1.05,-0.47,4.0,5.0,0.81,0.73,0.34,0.31,6863.0,7381.0
4080.0,-0.30000000000001137,229.0,229.0,100.0,100.0,0.0,0.0,-1.1,-0.21,4.0,5.0,0.72,0.7,0.35,0.32,6907.0,7386.0
4085.0,-0.2899999999999636,230.0,230.0,100.0,100.0,0.0,0.0,-0.9450000000000001,0.0,4.0,5.0,0.605,0.57,0.33,0.31,6917.5,7421.0
4090.0,-0.28999999999999204,231.0,231.0,100.0,100.0,0.0,0.0,-0.07,0.25,4.0,5.0,0.435,0.47,0.325,0.32,6964.5,7441.0
4095.0,-0.29000000000002046,232.0,232.0,100.0,100.0,0.0,0.0,0.48,0.5,4.0,5.0,0.29000000000000004,0.33,0.35,0.32,6968.0,7455.0
4100.0,-0.28000000000002956,233.0,233.0,100.0,100.0,0.0,0.0,0.55,0.46,4.0,5.0,0.09,0.16,0.32,0.31,7004.0,7497.0
4105.0,-0.28999999999999204,234.0,233.5,100.0,100.0,0.0,0.0,0.81,0.5549999999999999,4.0,5.0,-0.08,0.04,0.33,0.325,7034.0,7525.5
4110.0,-0.2899999999999636,235.0,234.0,100.0,100.0,0.0,0.0,0.98,0.9,4.0,5.0,-0.24,-0.07,0.34,0.31,7050.0,7536.5
4115.0,-0.30000000000001137,235.0,235.0,100.0,100.0,0.0,0.0,1.03,1.14,4.0,5.0,-0.34,-0.2,0.31,0.31,7083.0,7570.0
4120.0,-0.30000000000001137,236.0,236.0,0.0,100.0,0.0,0.0,1.18,1.07,0.0,5.0,-0.45,-0.33,-0.08,0.31,6716.0,7589.0
4125.0,-0.29000000000002046,236.0,237.0,100.0,100.0,0.0,0.0,0.9299999999999999,0.87,5.0,5.0,-0.47,-0.43,0.305,0.3,6005.5,7621.0
4130.0,-0.2799999999999727,237.0,238.0,100.0,100.0,0.0,0.0,0.75,0.62,5.0,5.0,-0.48,-0.45,0.33,0.3,6041.0,7642.0
4135.0,-0.2899999999999636,238.0,238.5,100.0,100.0,0.0,0.0,0.8,0.36,5.0,5.0,-0.44,-0.415,0.3,0.29,6070.0,7679.5
4140.0,-0.30000000000001137,239.0,239.0,100.0,100.0,0.0,0.0,0.64,0.05,5.0,5.0,-0.37,-0.38,0.31,0.3,6099.0,7705.0
4145.0,-0.30000000000001137,240.0,240.0,100.0,100.0,0.0,0.0,0.56,-0.06,5.0,5.0,-0.34,-0.33,0.3,0.3,6118.0,7721.0
4150.0,-0.2899999999999636,240.0,241.0,100.0,100.0,0.0,0.0,0.285,0.03,5.0,5.0,-0.275,-0.25,0.3,0.3,6133.0,7743.0
4155.0,-0.28999999999999204,241.0,242.0,100.0,100.0,0.0,0.0,0.04,0.135,5.0,5.0,-0.19,-0.19,0.29,0.29,6148.0,7771.0
4160.0,-0.30000000000001137,242.0,242.0,100.0,100.0,0.0,0.0,0.03,0.11,5.0,5.0,-0.1,-0.15,0.29,0.28,6178.0,7799.0
4165.0,-0.30000000000001137,243.0,243.0,100.0,100.0,0.0,0.0,-0.22,-0.08,5.0,5.0,0.01,-0.07,0.26,0.28,6195.0,7829.0
4170.0,-0.28000000000002956,243.0,244.0,100.0,100.0,0.0,0.0,-0.4,-0.26,5.0,5.0,0.06,-0.03,0.29,0.28,6209.0,7877.0
4175.0,-0.30000000000001137,244.0,244.0,100.0,100.0,0.0,0.0,-0.8,-0.44,5.0,5.0,0.17,0.0,0.29,0.26,6262.0,7901.0
4180.0,-0.2999999999999545,245.0,245.0,100.0,100.0,0.0,0.0,-0.96,-0.68,5.0,5.0,0.26,0.11,0.29,0.29,6281.0,7935.0
4185.0,-0.28999999999999204,246.0,246.0,100.0,100.0,0.0,0.0,-1.15,-0.75,5.0,5.0,0.355,0.19,0.305,0.3,6304.0,7943.0
4190.0,-0.30000000000001137,246.0,247.0,100.0,100.0,0.0,0.0,-1.56,-0.92,5.0,5.0,0.45,0.25,0.29,0.29,6299.0,7954.0
4195.0,-0.30000000000001137,247.0,248.0,100.0,100.0,0.0,0.0,-2.06,-1.91,5.0,5.0,0.32,0.31,0.2,0.23,6379.0,8094.0
4200.0,-0.30000000000001137,248.0,248.5,100.0,100.0,0.0,0.0,-2.24,-2.255,5.0,5.0,0.585,0.6000000000000001,0.41500000000000004,0.36,6462.5,8038.5
4205.0,-0.30000000000001137,249.0,249.0,100.0,100.0,0.0,0.0,-2.16,-2.0,5.0,5.0,0.85,0.84,0.32,0.3,6353.0,8007.0
4210.0,-0.2899999999999636,249.5,250.0,100.0,100.0,0.0,0.0,-2.165,-1.9,5.0,5.0,0.905,0.79,0.29,0.29,6366.5,8040.0
4215.0,-0.2899999999999636,250.0,251.0,100.0,100.0,0.0,0.0,-2.17,-1.885,5.0,5.0,0.96,1.0750000000000002,0.29,0.29500000000000004,6388.0,8071.5
4220.0,-0.30000000000001137,251.0,251.0,100.0,100.0,0.0,0.0,-2.08,-1.66,5.0,5.0,1.03,1.23,0.31,0.28,6402.0,8083.0
4225.0,-0.30000000000001137,251.5,252.0,100.0,100.0,0.0,0.0,-1.9,-1.395,5.0,5.0,1.0150000000000001,1.1400000000000001,0.275,0.255,6415.0,8100.0
4230.0,-0.30000000000001137,252.0,253.0,100.0,100.0,0.0,0.0,-1.7,-0.84,5.0,5.0,0.99,1.13,0.29,0.28,6435.0,8118.0
4235.0,-0.29000000000002046,253.0,253.0,100.0,100.0,0.0,0.0,-1.385,-0.38,5.0,5.0,0.975,1.11,0.28,0.28,6446.0,8135.0
4240.0,-0.30000000000001137,254.0,254.0,100.0,100.0,0.0,0.0,-1.09,-0.14,5.0,5.0,0.89,0.95,0.29,0.27,6458.0,8146.0
4245.0,-0.2999999999999545,254.0,255.0,100.0,100.0,0.0,0.0,-0.94,-0.02,5.0,5.0,0.67,0.71,0.27,0.27,6488.0,8191.0
4250.0,-0.2899999999999636,255.0,255.0,100.0,100.0,0.0,0.0,-0.97,-0.015,5.0,5.0,0.62,0.585,0.28,0.265,6506.0,8207.0
4255.0,-0.30000000000001137,256.0,256.0,100.0,100.0,0.0,0.0,-0.77,-0.07,5.0,5.0,0.52,0.5,0.25,0.26,6530.0,8236.0
4260.0,-0.29000000000002046,256.0,256.5,100.0,100.0,0.0,0.0,-0.53,-0.02,5.0,5.0,0.43,0.455,0.28,0.27,6553.0,8250.0
4265.0,-0.30000000000001137,257.0,257.0,100.0,100.0,0.0,0.0,-0.37,0.09,5.0,5.0,0.39,0.38,0.29,0.27,6552.0,8259.0
4270.0,-0.29000000000002046,258.0,258.0,100.0,100.0,0.0,0.0,-0.26,0.18,5.0,5.0,0.32,0.305,0.26,0.26,6572.0,8284.0
4275.0,-0.30000000000001137,258.0,258.0,100.0,100.0,0.0,0.0,-0.03,0.18,5.0,5.0,0.24,0.23,0.26,0.25,6586.0,8300.0
4280.0,-0.28999999999999204,259.0,259.0,100.0,100.0,0.0,0.0,0.11,0.16,5.0,5.0,0.16,0.135,0.27,0.255,6602.0,8321.0
4285.0,-0.2999999999999545,260.0,260.0,100.0,100.0,0.0,0.0,0.04,0.18,5.0,5.0,0.09,0.09,0.24,0.25,6622.0,8348.0
4290.0,-0.2899999999999636,260.0,260.0,100.0,100.0,0.0,0.0,0.16,0.25,5.0,5.0,0.04,0.03,0.27,0.255,6639.0,8363.5
4295.0,-0.30000000000001137,261.0,261.0,100.0,100.0,0.0,0.0,0.32,0.4,5.0,5.0,-0.01,-0.04,0.25,0.25,6652.0,8377.0
4300.0,-0.30000000000001137,262.0,261.0,100.0,100.0,0.0,0.0,0.31,0.5,5.0,5.0,-0.07,-0.09,0.25,0.24,6664.0,8393.0
4305.0,-0.29000000000002046,262.0,262.0,100.0,0.0,0.0,0.0,0.33999999999999997,0.49,5.0,0.0,-0.1,-0.16,0.245,-0.13,6685.5,8239.0
4310.0,-0.30000000000001137,263.0,262.0,100.0,100.0,0.0,0.0,0.32,0.39,5.0,6.0,-0.12,-0.2,0.26,0.46,6699.0,7652.0
4315.0,-0.30000000000001137,263.0,262.5,100.0,100.0,0.0,0.0,0.325,0.355,5.0,6.0,-0.15,-0.245,0.25,0.27,6714.0,7439.0
4320.0,-0.30000000000001137,264.0,263.0,100.0,100.0,0.0,0.0,0.4,0.4,5.0,6.0,-0.17,-0.28,0.24,0.23,6730.0,7473.0
4325.0,-0.28999999999999204,264.0,264.0,100.0,100.0,0.0,0.0,0.42,0.47,5.0,6.0,-0.18,-0.295,0.25,0.235,6741.0,7491.0
4330.0,-0.30000000000001137,265.0,264.0,100.0,100.0,0.0,0.0,0.61,0.56,5.0,6.0,-0.22,-0.32,0.25,0.24,6763.0,7504.0
4335.0,-0.30000000000001137,266.0,265.0,100.0,100.0,0.0,0.0,0.8,0.51,5.0,6.0,-0.26,-0.35,0.22,0.23,6775.0,7520.0
4340.0,-0.28999999999999204,266.0,265.0,100.0,100.0,0.0,0.0,0.845,0.51,5.0,6.0,-0.295,-0.4,0.245,0.23,6792.0,7538.0
4345.0,-0.2999999999999545,267.0,266.0,100.0,100.0,0.0,0.0,0.82,0.53,5.0,6.0,-0.34,-0.41,0.22,0.23,6804.0,7554.0
4350.0,-0.2899999999999636,267.0,266.0,100.0,100.0,0.0,0.0,0.82,0.45999999999999996,5.0,6.0,-0.37,-0.44,0.24,0.23,6820.0,7570.0
4355.0,-0.28999999999999204,268.0,267.0,100.0,100.0,0.0,0.0,0.81,0.42,5.0,6.0,-0.43,-0.44,0.24,0.22,6829.5,7583.0
4360.0,-0.30000000000001137,269.0,268.0,100.0,100.0,0.0,0.0,0.78,0.45,5.0,6.0,-0.43,-0.45,0.24,0.22,6847.0,7600.0
4365.0,-0.30000000000001137,269.0,268.0,100.0,100.0,0.0,0.0,0.6950000000000001,0.425,5.0,6.0,-0.435,-0.475,0.225,0.225,6863.5,7610.5
4370.0,-0.30000000000001137,270.0,269.0,100.0,100.0,0.0,0.0,0.62,0.43,5.0,6.0,-0.43,-0.5,0.23,0.23,6871.0,7628.0
4375.0,-0.30000000000001137,270.0,269.0,100.0,100.0,0.0,0.0,0.55,0.4,5.0,6.0,-0.41,-0.45,0.23,0.22,6891.0,7647.0
4380.0,-0.30000000000001137,271.0,270.0,100.0,100.0,0.0,0.0,0.535,0.33999999999999997,5.0,6.0,-0.39,-0.485,0.23,0.225,6905.0,7661.0
4385.0,-0.30000000000001137,271.0,270.0,100.0,100.0,0.0,0.0,0.46,0.16,5.0,6.0,-0.39,-0.43,0.25,0.22,6911.0,7665.0
4390.0,-0.30000000000001137,272.0,271.0,100.0,100.0,0.0,0.0,0.43,0.1,5.0,6.0,-0.35,-0.41,0.24,0.21,6924.0,7686.0
4395.0,-0.29999999999998295,272.5,271.0,100.0,100.0,0.0,0.0,0.41000000000000003,0.05,5.0,6.0,-0.34,-0.395,0.23,0.22,6942.0,7696.5
4400.0,-0.2899999999999636,273.0,272.0,100.0,100.0,0.0,0.0,0.26,-0.07,5.0,6.0,-0.325,-0.31,0.22,0.2,6946.0,7705.0
4405.0,-0.30000000000001137,274.0,272.0,100.0,100.0,0.0,0.0,0.16,-0.2,5.0,6.0,-0.25,-0.24,0.21,0.2,6961.0,7725.0
4410.0,-0.28999999999999204,274.0,273.0,100.0,100.0,0.0,0.0,0.08,-0.39,5.0,6.0,-0.23,-0.16999999999999998,0.2,0.21,6980.0,7740.5
4415.0,-0.28999999999999204,274.5,273.0,100.0,100.0,0.0,0.0,-0.07999999999999999,-0.66,5.0,6.0,-0.14500000000000002,-0.04,0.215,0.21,6984.5,7742.0
4420.0,-0.2999999999999545,275.0,274.0,100.0,100.0,0.0,0.0,-0.12,-0.82,5.0,6.0,-0.06,0.07,0.21,0.19,7003.0,7763.0
4425.0,-0.2899999999999636,275.0,274.0,100.0,100.0,0.0,0.0,-0.1,-0.82,5.0,6.0,0.0,0.19,0.2,0.195,7030.0,7800.0
4430.0,-0.28999999999999204,276.0,275.0,100.0,100.0,0.0,0.0,-0.235,-0.82,5.0,6.0,0.045,0.32,0.225,0.21,7038.0,7808.0
4435.0,-0.28999999999999204,276.0,275.0,0.0,100.0,0.0,0.0,-0.33,-0.79,0.0,6.0,0.11499999999999999,0.44,-0.06500000000000002,0.2,6862.0,7813.0
4440.0,-0.29000000000002046,276.0,275.5,100.0,100.0,0.0,0.0,-0.54,-0.74,6.0,6.0,0.19,0.52,0.27,0.195,6117.0,7818.0
4445.0,-0.29000000000002046,277.0,276.0,100.0,100.0,0.0,0.0,-0.75,-0.71,6.0,6.0,0.26,0.525,0.21,0.2,6095.0,7837.5
4450.0,-0.29000000000002046,277.0,276.0,100.0,100.0,0.0,0.0,-0.885,-0.69,6.0,6.0,0.315,0.58,0.195,0.2,6102.0,7860.0
4455.0,-0.29000000000002046,278.0,277.0,100.0,100.0,0.0,0.0,-0.965,-0.68,6.0,6.0,0.395,0.64,0.20500000000000002,0.2,6107.0,7865.0
4460.0,-0.29000000000002046,278.0,277.0,100.0,100.0,0.0,0.0,-1.15,-0.68,6.0,6.0,0.48,0.675,0.2,0.2,6115.0,7874.5
4465.0,-0.29000000000002046,279.0,278.0,100.0,100.0,0.0,0.0,-1.06,-0.7,6.0,6.0,0.54,0.69,0.19,0.19,6126.0,7881.5
4470.0,-0.29000000000002046,279.0,278.0,100.0,100.0,0.0,0.0,-1.03,-0.71,6.0,6.0,0.57,0.73,0.18,0.19,6132.0,7897.0
4475.0,-0.29000000000002046,279.0,279.0,100.0,100.0,0.0,0.0,-1.08,-0.69,6.0,6.0,0.625,0.79,0.185,0.19,6139.0,7898.0
4480.0,-0.29000000000002046,280.0,279.0,100.0,100.0,0.0,0.0,-1.1,-0.695,6.0,6.0,0.65,0.76,0.18,0.19,6143.0,7906.5
4485.0,-0.29000000000002046,280.0,279.0,100.0,100.0,0.0,0.0,-1.18,-0.69,6.0,6.0,0.65,0.74,0.17,0.18,6155.0,7924.0
4490.0,-0.28000000000002956,281.0,280.0,100.0,100.0,0.0,0.0,-1.34,-0.69,6.0,6.0,0.66,0.78,0.17,0.18,6163.0,7935.0
4495.0,-0.29000000000002046,281.0,280.0,100.0,100.0,0.0,0.0,-1.6,-0.64,6.0,6.0,0.765,0.79,0.16999999999999998,0.18,6171.5,7940.0
4500.0,-0.30000000000001137,281.0,280.0,100.0,100.0,0.0,0.0,-1.75,-0.61,6.0,6.0,0.85,0.84,0.16,0.17,6176.0,7946.0
4505.0,-0.28999999999999204,282.0,281.0,100.0,100.0,0.0,0.0,-1.79,-0.535,6.0,6.0,0.94,0.765,0.16,0.155,6182.0,7952.0
4510.0,-0.28999999999999204,282.0,281.0,100.0,100.0,0.0,0.0,-1.84,-0.645,6.0,6.0,0.93,0.6950000000000001,0.14,0.14500000000000002,6187.0,7970.0
4515.0,-0.2799999999999727,282.0,282.0,100.0,100.0,0.0,0.0,-2.04,-1.02,6.0,6.0,0.85,0.61,0.14,0.13,6210.0,8009.0
4520.0,-0.29000000000002046,283.0,282.0,100.0,100.0,0.0,0.0,-2.5949999999999998,-1.24,6.0,6.0,0.99,0.78,0.155,0.16,6223.5,8010.0
4525.0,-0.30000000000001137,283.0,282.0,100.0,100.0,0.0,0.0,-2.85,-1.29,6.0,6.0,1.2,0.85,0.14,0.15,6222.0,8002.0
4530.0,-0.28999999999999204,283.0,282.0,100.0,100.0,0.0,0.0,-2.45,-1.24,6.0,6.0,1.14,0.875,0.13,0.135,6229.0,8017.0
4535.0,-0.28999999999999204,283.0,283.0,100.0,100.0,0.0,0.0,-2.49,-1.385,6.0,6.0,1.13,0.9199999999999999,0.16,0.14500000000000002,6241.0,8040.5
4540.0,-0.2799999999999727,284.0,283.0,100.0,100.0,0.0,0.0,-2.9,-1.63,6.0,6.0,1.28,1.08,0.13,0.14,6246.0,8039.0
4545.0,-0.2899999999999636,284.0,283.0,100.0,100.0,0.0,0.0,-3.12,-1.83,6.0,6.0,1.31,1.09,0.14500000000000002,0.14,6246.0,8041.0
4550.0,-0.2899999999999636,284.0,284.0,100.0,100.0,0.0,0.0,-3.225,-2.12,6.0,6.0,1.3050000000000002,1.21,0.125,0.13,6258.0,8057.0
4555.0,-0.2899999999999636,284.0,284.0,100.0,100.0,0.0,0.0,-3.41,-2.555,6.0,6.0,1.35,1.185,0.13,0.10500000000000001,6260.0,8065.5
4560.0,-0.28999999999999204,285.0,284.0,100.0,100.0,0.0,0.0,-3.51,-3.08,6.0,6.0,1.63,1.35,0.14,0.14,6265.0,8067.0
4565.0,-0.2799999999999727,285.0,284.0,100.0,100.0,0.0,0.0,-3.33,-3.37,6.0,6.0,1.83,0.83,0.12,-0.03,6246.0,8052.0
4570.0,-0.2799999999999727,285.0,284.0,100.0,100.0,0.0,0.0,-3.36,-3.47,6.0,6.0,1.76,1.64,-0.13,0.12,6248.0,8055.0
4575.0,-0.2899999999999636,284.0,283.0,100.0,100.0,0.0,0.0,-3.4450000000000003,-3.3,6.0,6.0,1.8050000000000002,2.13,-0.21000000000000002,-0.31,6224.5,8014.0
4580.0,-0.2899999999999636,284.0,283.0,100.0,100.0,0.0,0.0,-3.395,-3.16,6.0,6.0,1.5350000000000001,1.58,0.05,0.09,6222.5,8012.0
4585.0,-0.2899999999999636,284.0,283.0,100.0,100.0,0.0,0.0,-3.32,-2.9400000000000004,6.0,6.0,1.52,1.81,0.08,0.07500000000000001,6233.0,8035.5
4590.0,-0.2899999999999636,284.0,283.0,100.0,100.0,0.0,0.0,-3.43,-2.59,6.0,6.0,1.71,2.215,-0.07,-0.095,6229.0,8012.5
4595.0,-0.2799999999999727,284.0,283.0,100.0,100.0,0.0,0.0,-3.37,-2.67,6.0,6.0,1.64,2.13,-0.01,0.04,6219.0,7998.0
4600.0,-0.28999999999999204,283.0,282.0,100.0,100.0,0.0,0.0,-3.41,-2.39,6.0,6.0,1.6949999999999998,2.11,-0.06,0.01,6214.5,7999.0
4605.0,-0.28999999999999204,283.0,282.0,100.0,100.0,0.0,0.0,-2.635,-1.39,6.0,6.0,1.5750000000000002,2.05,-0.15500000000000003,-0.04,6206.0,7990.0
4610.0,-0.29000000000002046,283.0,282.0,100.0,100.0,0.0,0.0,-2.57,-1.505,6.0,6.0,1.42,1.745,0.05,0.019999999999999997,6202.0,7989.0
4615.0,-0.2899999999999636,283.0,282.0,100.0,100.0,0.0,0.0,-3.04,-1.685,6.0,6.0,1.35,1.73,0.03,0.03,6210.0,7998.0
4620.0,-0.2799999999999727,283.0,282.0,100.0,100.0,0.0,0.0,-2.94,-0.98,6.0,6.0,1.53,1.83,0.02,-0.04,6206.0,7983.0
4625.0,-0.2799999999999727,282.0,282.0,100.0,100.0,0.0,0.0,-2.74,-0.38,6.0,6.0,1.52,1.58,-0.1,0.01,6193.0,7971.0
4630.0,-0.28999999999999204,282.0,282.0,100.0,100.0,0.0,0.0,-2.745,-0.16,6.0,6.0,1.39,1.28,0.015,0.01,6193.0,7979.0
4635.0,-0.28000000000000114,282.0,282.0,100.0,100.0,0.0,0.0,-2.565,0.145,6.0,6.0,1.375,1.0150000000000001,0.005,0.005,6199.0,7986.0
4640.0,-0.29000000000002046,282.0,282.0,100.0,100.0,0.0,0.0,-1.72,0.17,6.0,6.0,1.28,0.825,0.0,0.005,6198.0,7989.5
4645.0,-0.28000000000002956,282.0,282.0,100.0,100.0,0.0,0.0,-1.83,-0.47,6.0,6.0,1.16,0.83,0.0,0.01,6209.0,7990.0
4650.0,-0.28000000000002956,282.0,282.0,100.0,100.0,0.0,0.0,-1.75,-0.7,6.0,6.0,1.23,0.79,0.0,0.01,6201.0,7979.0
4655.0,-0.28999999999999204,282.0,282.0,100.0,100.0,0.0,0.0,-0.95,-0.41,6.0,6.0,1.145,0.73,0.005,0.0,6191.0,7973.0
4660.0,-0.28000000000000114,282.0,282.0,100.0,100.0,0.0,0.0,-0.9750000000000001,-0.31999999999999995,6.0,6.0,0.96,0.5900000000000001,-0.005,-0.005,6189.0,7986.0
4665.0,-0.29000000000002046,282.0,281.0,100.0,100.0,0.0,0.0,-1.42,-0.515,6.0,6.0,0.82,0.615,0.0,0.005,6209.0,7996.5
4670.0,-0.28000000000002956,282.0,281.0,100.0,100.0,0.0,0.0,-1.41,-0.69,6.0,6.0,0.88,0.67,0.0,0.0,6196.0,7981.0
4675.0,-0.28000000000002956,282.0,281.0,100.0,94.0,0.0,2.0,-1.28,-0.79,6.0,6.0,0.82,0.68,-0.01,-0.01,6192.0,7975.0
4680.0,-0.29000000000002046,282.0,280.0,96.0,40.0,0.0,74.0,-1.225,-0.83,6.0,6.0,0.775,0.65,-0.015,-1.0,6191.0,7809.0
4685.0,-0.29000000000002046,280.0,276.5,69.0,69.0,81.0,100.0,-0.77,-0.91,0.0,0.0,0.67,0.715,-1.56,-2.045,6317.0,8131.0
4690.0,-0.28000000000002956,276.0,270.0,0.0,0.0,100.0,100.0,-0.5,-1.34,0.0,0.0,0.63,0.91,-2.17,-2.21,6777.0,8354.0
4695.0,-0.28000000000002956,271.0,266.0,0.0,0.0,100.0,100.0,-1.15,-1.93,5.0,5.0,0.68,0.98,-2.28,-2.2,6659.0,8175.0
4700.0,-0.28000000000000114,265.5,260.5,0.0,0.0,100.0,100.0,-1.79,-2.295,5.0,5.0,0.66,1.01,-2.26,-2.0949999999999998,6479.0,7917.5
4705.0,-0.2799999999999727,260.0,255.0,69.0,0.0,100.0,100.0,-1.65,-2.13,0.0,5.0,0.62,1.01,-2.17,-2.06,6414.0,7638.0
4710.0,-0.2699999999999818,255.0,250.0,60.5,69.0,100.0,100.0,-2.26,-1.98,0.0,0.0,0.64,1.08,-2.09,-2.0,7250.0,8637.0
4715.0,-0.2799999999999727,249.0,245.0,0.0,0.0,100.0,100.0,-3.73,-1.39,4.0,4.0,0.72,0.92,-2.11,-1.88,7066.0,8430.0
4720.0,-0.28000000000002956,244.0,240.0,0.0,0.0,100.0,100.0,-5.08,-0.47,4.0,4.0,0.7,0.78,-1.92,-1.82,6633.0,8140.0
4725.0,-0.27000000000003865,239.0,235.0,0.0,0.0,88.0,100.0,-7.07,-0.73,4.0,4.0,0.8200000000000001,0.9,-1.8250000000000002,-2.05,6393.5,7981.0
4730.0,-0.2599999999999909,235.0,230.0,0.0,0.0,39.0,73.0,-8.66,-3.31,4.0,4.0,1.21,0.92,-1.37,-1.62,6531.0,7866.0
4735.0,-0.2599999999999909,232.0,227.0,0.0,6.0,2.0,2.0,-9.83,-7.25,4.0,4.0,1.29,1.26,-0.5,-0.87,6812.0,8312.0
4740.0,-0.2599999999999909,231.0,225.0,0.0,5.0,0.0,0.0,-10.77,-9.45,4.0,4.0,1.58,1.44,-0.41,-0.36,6792.0,8453.0
4745.0,-0.26000000000004775,230.0,224.0,0.0,0.0,0.0,0.0,-11.53,-10.56,4.0,4.0,1.36,1.37,-0.38,-0.34,6747.0,8391.0
4750.0,-0.2599999999999909,228.0,223.0,0.0,8.0,0.0,0.0,-12.62,-10.68,4.0,4.0,1.2,1.45,-0.37,-0.32,6688.0,8358.0
4755.0,-0.2599999999999909,227.0,222.0,0.0,28.0,0.0,0.0,-14.03,-10.97,4.0,4.0,1.46,1.13,-0.38,-0.25,6665.0,8366.0
4760.0,-0.2599999999999909,226.0,221.0,18.0,69.0,0.0,0.0,-15.76,-11.42,4.0,4.0,0.62,0.72,-0.25,-0.13,6688.0,8610.0
4765.0,-0.2599999999999909,225.0,221.0,62.0,87.0,0.0,0.0,-17.3,-11.28,4.0,4.0,1.28,1.77,-0.12,-0.05,6806.0,8638.0
4770.0,-0.2599999999999909,225.0,221.0,71.0,85.0,0.0,0.0,-17.74,-10.61,4.0,4.0,1.86,2.15,-0.09,0.12,6723.0,8505.0
4775.0,-0.2599999999999909,224.0,221.0,61.0,80.0,1.0,0.0,-17.8,-9.52,4.0,4.0,2.14,2.35,-0.15,0.11,6708.0,8486.0
4780.0,-0.26000000000004775,223.0,221.0,54.0,73.0,1.0,0.0,-17.35,-7.81,4.0,4.0,2.52,2.47,-0.16,0.11,6686.0,8457.0
4785.0,-0.2599999999999909,223.0,220.0,50.0,65.0,0.0,0.0,-16.48,-5.88,4.0,4.0,2.42,2.36,-0.12,0.05,6665.0,8435.0
4790.0,-0.2599999999999909,222.0,220.0,46.0,62.0,0.0,0.0,-15.02,-4.45,4.0,4.0,2.49,2.27,-0.09,0.06,6662.0,8410.0
4795.0,-0.24999999999997158,221.0,219.0,45.0,63.0,0.0,0.0,-13.12,-2.385,4.0,4.0,1.94,1.475,-0.08,0.0,6636.0,8451.0
4800.0,-0.2400000000000091,221.0,219.0,52.0,65.0,0.0,0.0,-8.91,-0.18,4.0,4.0,1.39,1.68,-0.06,0.04,6712.0,8468.0
4805.0,-0.2400000000000091,220.0,219.0,62.0,67.0,0.0,0.0,-3.48,1.43,4.0,4.0,1.79,1.83,0.05,0.1,6683.0,8417.0
4810.0,-0.2500000000000284,220.0,219.0,68.5,71.0,0.0,0.0,-4.48,-0.22,4.0,4.0,1.77,1.63,0.065,0.08,6687.5,8407.0
4815.0,-0.2599999999999909,220.0,219.0,73.0,66.0,0.0,0.0,-3.28,0.15,4.0,4.0,1.6,1.51,0.14,0.13,6677.0,8401.0
4820.0,-0.2599999999999909,220.0,218.0,69.0,16.0,0.0,55.0,-2.79,0.86,4.0,4.0,1.7,1.97,0.08,-0.83,6673.0,8062.0
4825.0,-0.2599999999999909,220.0,214.0,35.0,0.0,27.0,99.0,-0.52,1.79,4.0,4.0,1.4,0.77,-0.2,-1.62,6526.0,7693.0
4830.0,-0.25,217.0,208.5,69.0,0.0,91.0,100.0,0.47,2.3600000000000003,0.0,4.0,0.41,0.395,-1.38,-1.83,6647.0,6740.0
4835.0,-0.2400000000000091,212.0,203.0,69.0,69.0,100.0,100.0,1.08,5.04,0.0,0.0,0.44,0.46,-2.46,-2.11,6992.0,8062.0
4840.0,-0.2400000000000091,203.5,196.0,0.0,0.0,100.0,100.0,3.94,7.3100000000000005,3.0,3.0,-0.055,-0.33999999999999997,-1.93,-1.705,7064.0,8326.0
4845.0,-0.2400000000000091,198.0,190.0,0.0,0.0,100.0,100.0,8.61,8.68,3.0,3.0,-0.42,-0.98,-1.82,-2.04,6316.0,7826.0
4850.0,-0.23999999999995225,192.0,184.0,0.0,0.0,100.0,100.0,11.69,7.55,3.0,3.0,-1.29,-1.31,-2.0,-1.61,6358.0,7573.0
4855.0,-0.22000000000002728,187.0,179.0,0.0,0.0,100.0,0.0,11.51,7.99,3.0,3.0,-0.99,-1.47,-1.56,-0.58,6072.0,7687.0
4860.0,-0.21999999999997044,180.0,178.0,0.0,0.0,98.0,0.0,11.95,8.39,3.0,3.0,-1.37,-2.21,-1.84,-0.26,5722.0,7922.0
4865.0,-0.2400000000000091,174.0,176.0,0.0,5.0,7.0,0.0,12.11,9.66,3.0,3.0,-1.36,-1.52,-0.52,-0.22,6108.0,7836.0
4870.0,-0.2400000000000091,173.0,175.0,0.0,21.0,0.0,0.0,12.73,10.3,3.0,3.0,-2.03,-2.09,-0.33,-0.17,6144.0,7841.0
4875.0,-0.21999999999997044,171.0,173.0,0.0,29.0,0.0,0.0,13.92,12.69,3.0,3.0,-1.72,-1.64,-0.29,-0.05,6085.0,7918.0
4880.0,-0.21999999999997044,169.0,172.0,0.0,23.0,0.0,0.0,15.51,14.2,3.0,3.0,-1.9,-2.17,-0.32,-0.09,6007.0,7786.0
4885.0,-0.2400000000000091,167.0,171.0,0.0,15.0,0.0,0.0,17.09,15.61,3.0,3.0,-1.97,-2.15,-0.32,-0.19,5957.0,7675.0
4890.0,-0.2400000000000091,165.0,169.0,0.0,15.0,0.0,0.0,17.95,17.34,3.0,3.0,-1.9,-1.72,-0.32,-0.19,5915.0,7609.0
4895.0,-0.2400000000000091,163.0,168.0,0.0,16.0,0.0,0.0,19.03,18.57,3.0,3.0,-1.84,-1.98,-0.32,-0.18,5863.0,7572.0
4900.0,-0.2400000000000091,162.0,167.0,0.0,31.0,0.0,0.0,19.42,18.83,3.0,3.0,-1.94,-2.14,-0.33,-0.15,5826.0,7588.0
4905.0,-0.2400000000000091,161.0,166.0,75.0,43.0,0.0,0.0,19.39,18.6,3.0,3.0,-2.26,-2.24,0.01,0.09,5935.0,7595.0
4910.0,-0.2400000000000091,161.0,166.0,84.0,41.0,0.0,0.0,19.21,18.55,3.0,3.0,-2.17,-1.86,0.08,-0.01,5928.0,7643.0
4915.0,-0.26000000000004775,161.0,166.0,76.0,51.0,0.0,0.0,19.29,18.07,3.0,3.0,-1.99,-2.2,0.14,0.1,6044.0,7658.0
4920.0,-0.2599999999999909,160.0,165.0,54.0,61.0,0.0,0.0,19.17,14.72,3.0,3.0,-2.38,-2.31,0.07,0.21,5963.0,7655.0
4925.0,-0.2599999999999909,160.0,165.0,54.0,68.0,0.0,0.0,19.32,9.02,3.0,3.0,-1.93,-1.99,0.08,0.26,5959.0,7771.0
4930.0,-0.2599999999999909,160.0,166.0,57.0,68.0,0.0,0.0,19.11,10.58,3.0,3.0,-2.27,-2.57,0.17,0.24,5987.0,7731.0
4935.0,-0.28000000000002956,160.0,166.0,66.0,67.0,0.0,0.0,18.39,6.61,3.0,3.0,-2.28,-2.1,0.18,0.26,5977.0,7704.0
4940.0,-0.26000000000004775,160.0,166.0,74.0,56.0,0.0,0.0,16.34,-1.22,3.0,3.0,-1.93,-2.1,0.19,0.29,6078.0,7715.0
4945.0,-0.2799999999999727,160.0,166.0,85.0,60.0,0.0,0.0,8.29,-3.82,3.0,3.0,-1.96,-1.88,0.3,0.2,6034.0,7687.0
4950.0,-0.2799999999999727,161.0,166.0,83.0,60.0,0.0,0.0,6.63,-5.42,3.0,3.0,-1.6,-1.59,0.3,0.21,6243.0,7719.0
4955.0,-0.28000000000002956,162.0,167.0,91.0,73.0,0.0,0.0,2.31,-1.38,3.0,3.0,-1.57,-1.15,0.35,0.29,6219.0,7764.0
4960.0,-0.30000000000001137,163.0,167.0,88.0,80.0,0.0,0.0,-0.19,0.7,3.0,3.0,-1.12,-1.03,0.31,0.33,6363.0,7909.0
4965.0,-0.2799999999999727,164.0,169.0,94.0,76.0,0.0,0.0,-4.09,-1.14,3.0,3.0,-1.55,-0.84,0.58,0.35,6236.0,7794.0
4970.0,-0.2999999999999545,165.0,169.0,60.0,20.0,40.0,65.0,-3.45,-2.73,3.0,3.0,-1.07,-0.37,0.03,-0.86,6170.0,7492.0
4975.0,-0.30000000000001137,160.0,163.0,13.0,69.0,100.0,100.0,-7.72,-4.95,0.0,0.0,-0.13,0.2,-1.87,-2.01,6358.0,7877.0
4980.0,-0.30000000000001137,152.0,155.0,0.0,0.0,100.0,100.0,-8.61,-4.4,2.0,2.0,0.42,0.43,-1.76,-1.67,6114.0,7736.0
4985.0,-0.30000000000001137,144.0,147.0,0.0,0.0,100.0,100.0,-7.98,-6.37,2.0,2.0,0.73,0.99,-1.72,-1.94,5490.0,7341.0
4990.0,-0.30000000000001137,135.0,138.0,69.0,0.0,100.0,100.0,-9.01,-9.14,0.0,2.0,1.37,1.22,-1.62,-1.56,6495.0,6974.0
4995.0,-0.3199999999999932,127.0,130.0,0.0,0.0,100.0,100.0,-10.34,-11.0,1.0,2.0,1.21,1.67,-1.78,-1.88,6299.0,6523.0
5000.0,-0.30000000000001137,118.0,120.0,0.0,0.0,100.0,100.0,-6.16,-10.66,1.0,2.0,1.41,1.31,-1.78,-1.42,5881.0,6015.0
5005.0,-0.3199999999999932,110.0,114.0,13.0,0.0,35.0,100.0,-15.14,-11.09,1.0,2.0,1.22,0.91,-0.81,-1.28,5920.0,4715.0
5010.0,-0.30000000000001137,107.0,105.0,30.0,0.0,0.0,58.0,-18.77,-13.68,1.0,1.0,1.72,1.24,0.03,-1.11,6235.0,6951.0
5015.0,-0.30000000000001137,106.0,99.0,20.0,0.0,5.0,32.0,-19.59,-15.87,1.0,1.0,1.45,1.48,-0.19,-0.9,6147.0,6701.0
5020.0,-0.2999999999999545,104.0,94.0,11.0,0.0,8.0,0.0,-20.31,-16.55,1.0,1.0,1.41,1.52,-0.3,-0.27,5952.0,6757.0
5025.0,-0.2599999999999909,103.0,92.0,13.0,0.0,0.0,0.0,-20.99,-17.03,1.0,0.0,1.58,1.56,-0.1,-0.15,5928.0,6582.0
5030.0,-0.2400000000000091,102.0,91.0,9.0,0.0,0.0,0.0,-21.61,-18.48,1.0,2.0,1.59,1.69,-0.09,-0.22,5837.0,5028.0
5035.0,-0.22000000000002728,99.0,90.0,0.0,46.0,6.0,0.0,-22.73,-19.3,1.0,2.0,1.63,1.55,-0.45,0.39,5522.0,5318.0
5040.0,-0.22000000000002728,95.0,91.0,0.0,37.0,18.0,1.0,-23.93,-20.31,1.0,2.0,1.51,1.48,-0.62,0.21,5196.0,5344.0
5045.0,-0.22000000000002728,90.0,92.0,28.0,37.0,1.0,2.0,-24.07,-21.14,1.0,2.0,1.61,1.49,-0.23,0.15,5195.0,5382.0
5050.0,-0.21999999999997044,90.0,93.0,44.0,43.0,0.0,0.0,-22.6,-19.77,1.0,2.0,1.71,1.64,0.15,0.31,5479.0,5485.0
5055.0,-0.21999999999997044,90.0,94.0,41.0,42.0,0.0,0.0,-12.86,-13.23,1.0,2.0,1.64,1.59,0.22,0.3,5538.0,5581.0
5060.0,-0.23999999999995225,90.0,95.0,43.0,41.0,0.0,0.0,-8.93,-3.12,1.0,2.0,1.54,1.52,0.27,0.37,5603.0,5659.0
5065.0,-0.2400000000000091,91.0,97.0,39.0,44.0,0.0,0.0,3.11,3.47,1.0,2.0,1.48,1.2,0.36,0.29,5578.0,5859.0
5070.0,-0.2599999999999909,93.0,99.0,45.0,51.0,0.0,0.0,7.4,7.99,1.0,2.0,0.98,1.13,0.41,0.49,5989.0,5903.0
5075.0,-0.2799999999999727,97.0,102.0,68.0,66.0,0.0,0.0,3.52,16.23,1.0,2.0,0.55,-0.1,0.64,0.57,5918.0,5871.0
5080.0,-0.30000000000001137,101.0,105.0,82.0,65.0,0.0,0.0,8.02,17.29,1.0,2.0,-0.33,-1.17,0.78,0.51,6019.0,6052.0
5085.0,-0.2799999999999727,105.0,107.0,82.0,12.0,0.0,0.0,17.53,18.79,1.0,2.0,-0.91,-1.64,0.66,0.06,6284.0,6003.0
5090.0,-0.2999999999999545,108.0,106.0,4.0,0.0,0.0,0.0,23.21,19.95,1.0,2.0,-1.78,-1.64,0.16,-0.17,6147.0,5865.0
5095.0,-0.28000000000002956,106.0,104.0,0.0,0.0,0.0,0.0,24.67,20.84,1.0,2.0,-1.83,-1.75,-0.31,-0.17,5952.0,5764.0
5100.0,-0.28000000000002956,103.0,103.0,0.0,63.0,0.0,0.0,25.35,19.56,1.0,2.0,-1.66,-1.61,-0.28,0.51,5759.0,6233.0
5105.0,-0.30000000000001137,101.0,105.0,53.0,53.0,0.0,0.0,25.29,19.01,1.0,2.0,-1.76,-1.65,0.2,0.4,6052.0,6280.0
5110.0,-0.30000000000001137,102.0,107.0,59.0,50.0,0.0,0.0,18.11,18.38,1.0,2.0,-1.74,-1.71,0.42,0.34,6198.0,6314.0
5115.0,-0.30000000000001137,104.0,108.0,57.0,55.0,0.0,0.0,12.4,12.51,1.0,2.0,-1.65,-1.59,0.42,0.39,6403.0,6430.0
5120.0,-0.3199999999999932,106.0,110.0,69.0,61.0,0.0,0.0,8.82,8.2,1.0,2.0,-1.67,-1.8,0.48,0.54,6720.0,6442.0
5125.0,-0.30000000000001137,109.0,112.0,71.0,63.0,0.0,0.0,3.79,8.02,1.0,2.0,-1.7,-1.78,0.45,0.53,6893.0,6646.0
5130.0,-0.3199999999999932,110.0,115.0,0.0,81.0,0.0,0.0,2.94,6.74,0.0,2.0,-1.86,-1.77,-0.04,0.72,6489.0,6795.0
5135.0,-0.339999999999975,113.0,117.0,75.0,91.0,0.0,0.0,5.86,5.92,2.0,2.0,-1.78,-1.84,0.51,0.75,5452.0,7035.0
5140.0,-0.34000000000003183,115.0,120.0,77.0,93.0,0.0,0.0,6.58,0.75,2.0,2.0,-1.75,-1.55,0.58,0.62,5493.0,7207.0
5145.0,-0.34000000000003183,117.0,123.0,79.0,96.0,0.0,0.0,0.42,-1.26,2.0,2.0,-1.73,-1.5,0.62,0.67,5609.0,7294.0
5150.0,-0.339999999999975,120.0,126.0,82.0,97.0,0.0,0.0,2.41,1.36,2.0,2.0,-1.38,-1.31,0.67,0.73,5749.0,7569.0
5155.0,-0.34000000000003183,123.0,129.0,84.0,97.0,0.0,0.0,5.36,3.75,2.0,2.0,-1.34,-1.26,0.67,0.57,5841.0,7833.0
5160.0,-0.37999999999999545,125.0,132.0,84.0,98.0,0.0,0.0,2.58,2.94,2.0,2.0,-1.64,-1.48,0.83,0.51,6042.0,7694.0
5165.0,-0.37999999999999545,128.0,134.0,94.0,100.0,0.0,0.0,0.88,3.32,2.0,2.0,-1.38,-0.77,0.58,0.66,5927.0,7709.0
5170.0,-0.37999999999999545,131.0,136.0,96.0,98.0,0.0,0.0,2.84,4.27,2.0,2.0,-1.01,-0.82,0.78,0.83,6169.0,8462.0
5175.0,-0.4000000000000341,134.0,139.0,100.0,100.0,0.0,0.0,4.2,3.93,2.0,2.0,-0.5,-0.69,0.27,0.6,6353.0,7927.0
5180.0,-0.37999999999999545,136.0,141.0,85.0,100.0,0.0,0.0,1.75,3.91,2.0,2.0,-0.46,-0.38,0.46,0.2,6638.0,8470.0
5185.0,-0.39999999999997726,139.0,143.0,94.0,0.0,0.0,0.0,1.41,4.53,2.0,0.0,-0.62,-1.02,0.51,-0.09,6568.0,7985.0
5190.0,-0.39999999999997726,141.0,145.0,100.0,100.0,0.0,0.0,0.28,2.81,2.0,3.0,-0.58,-0.46,0.61,0.32,6533.0,6908.0
5195.0,-0.39999999999997726,144.0,148.0,97.0,100.0,0.0,0.0,-0.51,0.04,2.0,3.0,-0.47,-0.48,0.59,0.59,6785.0,6873.0
5200.0,-0.39999999999997726,147.0,150.0,100.0,100.0,0.0,0.0,-0.17,-0.44,2.0,3.0,-0.39,-0.19,0.6,0.43,6687.0,7003.0
5205.0,-0.39999999999997726,149.0,152.0,100.0,100.0,0.0,0.0,-0.22,1.54,2.0,3.0,-0.09,-0.38,0.59,0.93,6871.0,7222.0
5210.0,-0.4200000000000159,151.0,154.0,100.0,100.0,0.0,0.0,-0.23,0.52,2.0,3.0,-0.05,-0.3,0.89,0.55,6919.0,7088.0
5215.0,-0.4200000000000159,154.0,156.0,0.0,100.0,0.0,0.0,-0.07,0.15,0.0,3.0,0.02,-0.22,-0.68,0.55,6966.0,7296.0
5220.0,-0.4200000000000159,155.0,159.0,100.0,100.0,0.0,0.0,0.55,0.21,3.0,3.0,-0.01,-0.16,0.62,0.56,5723.0,7347.0
5225.0,-0.39999999999997726,157.0,161.0,100.0,100.0,0.0,0.0,0.37,0.14,3.0,3.0,-0.04,-0.1,0.53,0.54,5881.0,7485.0
5230.0,-0.4199999999999591,159.0,163.0,100.0,100.0,0.0,0.0,0.22,0.28,3.0,3.0,-0.06,-0.08,0.55,0.52,5959.0,7512.0
5235.0,-0.4199999999999591,162.0,165.0,100.0,100.0,0.0,0.0,0.28,0.15,3.0,3.0,-0.05,-0.05,0.5,0.53,6023.0,7645.0
5240.0,-0.4200000000000159,164.0,167.0,100.0,100.0,0.0,0.0,0.22,0.3,3.0,3.0,-0.06,-0.03,0.54,0.52,6088.0,7704.0
5245.0,-0.4399999999999977,166.0,169.0,100.0,100.0,0.0,0.0,0.62,0.17,3.0,3.0,-0.09,-0.04,0.5,0.51,6176.0,7831.0
5250.0,-0.4199999999999591,168.0,171.0,100.0,100.0,0.0,0.0,0.44,-0.06,3.0,3.0,-0.11,-0.01,0.53,0.51,6235.0,7880.0
5255.0,-0.4200000000000159,170.0,173.0,100.0,100.0,0.0,0.0,0.13,0.36,3.0,3.0,-0.1,-0.02,0.51,0.49,6289.0,7967.0
5260.0,-0.4399999999999977,172.0,174.0,100.0,100.0,0.0,0.0,0.21,0.15,3.0,3.0,-0.08,0.0,0.5,0.48,6361.0,8040.0
5265.0,-0.4399999999999977,173.0,176.0,100.0,100.0,0.0,0.0,0.11,-0.17,3.0,3.0,-0.04,0.03,0.44,0.48,6461.0,8128.0
5270.0,-0.4399999999999977,175.0,178.0,100.0,100.0,0.0,0.0,0.17,-0.11,3.0,3.0,-0.04,0.05,0.47,0.47,6487.0,8209.0
5275.0,-0.4399999999999977,177.0,179.0,100.0,100.0,0.0,0.0,0.13,-0.12,3.0,3.0,-0.02,0.07,0.49,0.46,6559.0,8263.0
5280.0,-0.4399999999999977,179.0,181.0,100.0,100.0,0.0,0.0,-0.16,-0.11,3.0,3.0,0.0,0.09,0.47,0.45,6620.0,8344.0
5285.0,-0.4399999999999977,180.0,183.0,100.0,100.0,0.0,0.0,-0.63,-0.13,3.0,3.0,0.07,0.12,0.44,0.44,6678.0,8401.0
5290.0,-0.4399999999999977,182.0,183.0,100.0,0.0,0.0,0.0,-0.59,-0.18,3.0,0.0,0.14,0.12,0.46,-0.08,6740.0,8166.0
5295.0,-0.4399999999999977,183.0,185.0,100.0,100.0,0.0,0.0,-0.63,-0.23,3.0,4.0,0.17,0.13,0.45,0.43,6796.0,7106.0
5300.0,-0.4399999999999977,185.0,186.0,100.0,100.0,0.0,0.0,-0.51,-0.63,3.0,4.0,0.18,0.13,0.46,0.38,6851.0,7206.0
5305.0,-0.4399999999999977,187.0,188.0,100.0,100.0,0.0,0.0,-0.7,-0.9,3.0,4.0,0.24,0.28,0.48,0.45,6930.0,7231.0
5310.0,-0.4399999999999977,188.0,189.0,100.0,100.0,0.0,0.0,-1.04,-0.89,3.0,4.0,0.33,0.34,0.45,0.39,6960.0,7272.0
5315.0,-0.4399999999999977,189.0,190.0,100.0,100.0,0.0,0.0,-1.31,-0.94,3.0,4.0,0.35,0.42,0.41,0.45,7009.0,7340.0
5320.0,-0.4399999999999977,191.0,192.0,100.0,100.0,0.0,0.0,-1.4,-0.99,3.0,4.0,0.48,0.48,0.46,0.4,7027.0,7353.0
5325.0,-0.4399999999999977,192.0,193.0,0.0,100.0,0.0,0.0,-1.44,-0.99,0.0,4.0,0.51,0.27,-0.18,0.32,6918.0,7430.0
5330.0,-0.45999999999997954,193.0,194.0,100.0,100.0,0.0,0.0,-1.43,-0.94,4.0,4.0,0.51,0.36,0.34,0.38,5818.0,7466.0
5335.0,-0.4399999999999977,194.0,196.0,100.0,100.0,0.0,0.0,-1.51,-1.21,4.0,4.0,0.52,0.59,0.51,0.39,5888.0,7516.0
5340.0,-0.45000000000001705,195.0,197.0,100.0,100.0,0.0,0.0,-1.57,-1.105,4.0,4.0,0.65,0.615,0.4,0.38,5892.0,7542.5
5345.0,-0.44999999999998863,196.5,198.0,100.0,100.0,0.0,0.0,-1.59,-1.28,4.0,4.0,0.575,0.58,0.36,0.36,5948.5,7640.0
5350.0,-0.4399999999999977,198.0,199.0,100.0,100.0,0.0,0.0,-1.75,-1.1,4.0,4.0,0.63,0.79,0.33,0.38,5981.0,7636.0
5355.0,-0.45999999999997954,199.0,200.0,100.0,100.0,0.0,0.0,-1.4,-0.97,4.0,4.0,0.65,0.49,0.38,0.26,6012.0,7676.0
5360.0,-0.4399999999999977,200.0,202.0,100.0,100.0,0.0,0.0,-1.44,-0.79,4.0,4.0,0.48,0.59,0.25,0.34,6038.0,7727.0
5365.0,-0.45999999999997954,201.0,203.0,100.0,100.0,0.0,0.0,-1.39,-0.76,4.0,4.0,0.51,0.59,0.32,0.34,6070.0,7798.0
5370.0,-0.44999999999998863,202.0,204.0,100.0,100.0,0.0,0.0,-1.22,-0.5,4.0,4.0,0.56,0.565,0.35,0.35,6122.0,7800.5
5375.0,-0.45999999999997954,203.0,205.0,100.0,100.0,0.0,0.0,-0.92,-0.31,4.0,4.0,0.48,0.51,0.31,0.35,6155.0,7868.0
5380.0,-0.45999999999997954,204.0,206.0,100.0,100.0,0.0,0.0,-0.79,-0.13,4.0,4.0,0.5,0.47,0.38,0.34,6167.0,7869.0
5385.0,-0.4399999999999977,205.0,207.0,100.0,100.0,0.0,0.0,-0.43,-0.03,4.0,4.0,0.38,0.32,0.32,0.34,6196.0,7931.0
5390.0,-0.45999999999997954,207.0,208.0,100.0,100.0,0.0,0.0,-0.35,0.12,4.0,4.0,0.28,0.27,0.33,0.33,6222.0,7980.0
5395.0,-0.4600000000000364,207.0,209.0,100.0,100.0,0.0,0.0,-0.3,0.27,4.0,4.0,0.23,0.17,0.3,0.31,6266.0,8006.0
5400.0,-0.44999999999998863,208.5,210.0,100.0,100.0,0.0,0.0,-0.22999999999999998,0.31,4.0,4.0,0.195,0.06,0.33999999999999997,0.33,6291.5,8024.0
5405.0,-0.45999999999997954,210.0,211.0,100.0,100.0,0.0,0.0,-0.25,0.28,4.0,4.0,0.12,0.0,0.32,0.3,6309.0,8074.0
5410.0,-0.4600000000000364,210.0,212.0,100.0,100.0,0.0,0.0,-0.24,0.17,4.0,4.0,0.08,-0.02,0.3,0.31,6349.0,8121.0
5415.0,-0.44999999999998863,211.0,213.0,100.0,100.0,0.0,0.0,-0.21,0.15,4.0,4.0,0.08,-0.005,0.32,0.28500000000000003,6379.0,8134.5
5420.0,-0.4600000000000364,212.0,214.0,100.0,100.0,0.0,0.0,-0.03,0.15,4.0,4.0,0.07,-0.01,0.3,0.3,6394.0,8157.0
5425.0,-0.4600000000000364,213.0,214.0,100.0,100.0,0.0,0.0,0.49,0.12,4.0,4.0,0.01,0.0,0.28,0.29,6413.0,8203.0
5430.0,-0.45999999999997954,214.0,215.0,100.0,100.0,0.0,0.0,0.66,0.23,4.0,4.0,-0.04,-0.03,0.33,0.29,6447.0,8254.0
5435.0,-0.45999999999997954,215.0,216.0,100.0,100.0,0.0,0.0,0.63,0.3,4.0,4.0,-0.11,-0.04,0.29,0.3,6500.0,8289.0
5440.0,-0.46000000000000796,216.0,217.0,100.0,100.0,0.0,0.0,0.71,0.3,4.0,4.0,-0.195,-0.06,0.305,0.28500000000000003,6502.0,8290.5
5445.0,-0.45999999999997954,217.0,218.0,100.0,100.0,0.0,0.0,0.74,0.37,4.0,4.0,-0.22,-0.08,0.26,0.24,6527.0,8362.0
5450.0,-0.4600000000000364,218.0,219.0,100.0,100.0,0.0,0.0,0.86,0.43,4.0,4.0,-0.26,-0.14,0.3,0.29,6597.0,8365.0
5455.0,-0.4600000000000364,218.0,220.0,100.0,100.0,0.0,0.0,0.6,0.41,4.0,4.0,-0.28,-0.1,0.29,0.24,6568.0,8402.0
5460.0,-0.45999999999997954,219.0,220.0,100.0,0.0,0.0,0.0,0.62,0.45,4.0,0.0,-0.23,-0.21,0.23,-0.18,6634.0,8325.0
5465.0,-0.45999999999997954,220.0,220.0,100.0,100.0,0.0,0.0,0.64,0.22,4.0,5.0,-0.33,-0.22,0.33,0.57,6634.0,7196.0
5470.0,-0.4600000000000364,221.0,221.0,100.0,100.0,0.0,0.0,0.28,0.33,4.0,5.0,-0.25,-0.21,0.28,0.2,6639.0,7133.0
5475.0,-0.45999999999997954,222.0,222.0,100.0,100.0,0.0,0.0,0.53,0.29,4.0,5.0,-0.2,-0.19,0.24,0.32,6716.0,7204.0
5480.0,-0.45999999999997954,222.0,222.0,100.0,100.0,0.0,0.0,0.33,0.22,4.0,5.0,-0.21,-0.19,0.3,0.23,6709.0,7169.0
5485.0,-0.4700000000000273,223.0,223.0,100.0,100.0,0.0,0.0,0.245,0.15,4.0,5.0,-0.155,-0.18,0.255,0.23,6767.0,7221.0
5490.0,-0.4700000000000273,224.0,224.0,100.0,100.0,0.0,0.0,0.39,0.06,4.0,5.0,-0.17,-0.2,0.3,0.25,6761.5,7215.0
5495.0,-0.46999999999997044,225.0,224.0,100.0,100.0,0.0,0.0,0.5,0.22,4.0,5.0,-0.175,-0.22,0.255,0.24,6797.5,7228.0
5500.0,-0.46999999999999886,226.0,225.0,100.0,100.0,0.0,0.0,0.4,0.21,4.0,5.0,-0.21000000000000002,-0.18,0.275,0.24,6794.0,7284.0
5505.0,-0.4700000000000273,226.5,226.0,100.0,100.0,0.0,0.0,0.425,0.25,4.0,5.0,-0.195,-0.19,0.255,0.24,6857.5,7318.0
5510.0,-0.46999999999997044,227.0,227.0,100.0,100.0,0.0,0.0,0.46,0.29,4.0,5.0,-0.225,-0.28,0.25,0.27,6873.0,7312.0
5515.0,-0.46999999999999886,228.0,227.0,100.0,100.0,0.0,0.0,0.29000000000000004,0.02,4.0,5.0,-0.28500000000000003,-0.29,0.295,0.25,6860.5,7308.0
5520.0,-0.45999999999997954,229.0,228.0,100.0,100.0,0.0,0.0,0.12,0.01,4.0,5.0,-0.24,-0.22,0.26,0.23,6873.0,7342.0
5525.0,-0.4600000000000364,229.0,229.0,100.0,100.0,0.0,0.0,0.0,-0.08,4.0,5.0,-0.17,-0.19,0.24,0.26,6915.0,7402.0
5530.0,-0.45999999999997954,230.0,229.0,100.0,100.0,0.0,0.0,0.03,-0.13,4.0,5.0,-0.14,-0.18,0.3,0.25,6939.0,7377.0
5535.0,-0.45999999999997954,231.0,230.0,100.0,100.0,0.0,0.0,-0.35,-0.1,4.0,5.0,-0.06,-0.12,0.25,0.24,6936.0,7398.0
5540.0,-0.4600000000000364,232.0,231.0,100.0,100.0,0.0,0.0,-0.25,-0.11,4.0,5.0,0.0,-0.08,0.23,0.23,6968.0,7486.0
5545.0,-0.45999999999997954,232.0,231.0,100.0,100.0,0.0,0.0,-0.16,-0.14,4.0,5.0,0.03,-0.08,0.29,0.24,7023.0,7452.0
5550.0,-0.45999999999997954,233.0,232.0,100.0,100.0,0.0,0.0,-0.1,-0.2,4.0,5.0,0.03,-0.04,0.24,0.22,7005.0,7468.0
5555.0,-0.45999999999997954,234.0,233.0,100.0,100.0,0.0,0.0,-0.12,-0.22,4.0,5.0,0.01,-0.03,0.22,0.21,7043.0,7512.0
5560.0,-0.46000000000000796,234.0,233.0,100.0,100.0,0.0,0.0,-0.15,-0.26,4.0,5.0,0.005,-0.015,0.21,0.235,7063.5,7527.5
5565.0,-0.45000000000001705,235.0,234.0,0.0,100.0,0.0,0.0,-0.14,-0.33,0.0,5.0,0.0,-0.005,-0.16,0.215,6978.0,7547.5
5570.0,-0.45999999999997954,235.0,235.0,100.0,100.0,0.0,0.0,-0.25,-0.35,5.0,5.0,0.0,0.01,0.27,0.25,6254.0,7566.0
5575.0,-0.45999999999997954,235.0,235.0,100.0,100.0,0.0,0.0,-0.41,-0.45,5.0,5.0,0.04,0.06,0.24,0.23,6019.0,7563.0
5580.0,-0.4600000000000364,236.0,236.0,100.0,100.0,0.0,0.0,-0.41,-0.71,5.0,5.0,0.06,0.13,0.21,0.23,6030.0,7594.0
5585.0,-0.4600000000000364,237.0,237.0,100.0,100.0,0.0,0.0,-0.65,-0.9,5.0,5.0,0.12,0.23,0.23,0.21,6055.0,7621.0
5590.0,-0.46000000000000796,237.0,237.0,100.0,100.0,0.0,0.0,-0.97,-1.1549999999999998,5.0,5.0,0.22999999999999998,0.27,0.22,0.215,6058.0,7625.5
5595.0,-0.45999999999997954,238.0,238.0,100.0,100.0,0.0,0.0,-1.25,-1.38,5.0,5.0,0.24,0.4,0.21,0.21,6094.0,7705.0
5600.0,-0.45999999999997954,238.0,238.0,100.0,100.0,0.0,0.0,-1.34,-1.41,5.0,5.0,0.45,0.55,0.28,0.23,6101.0,7659.0
5605.0,-0.4600000000000364,239.0,239.0,100.0,100.0,0.0,0.0,-1.43,-1.36,5.0,5.0,0.52,0.61,0.22,0.2,6100.0,7728.0
5610.0,-0.44999999999998863,240.0,240.0,100.0,100.0,0.0,0.0,-1.525,-1.45,5.0,5.0,0.5549999999999999,0.71,0.245,0.23,6145.0,7709.0
5615.0,-0.45000000000001705,240.0,240.0,100.0,100.0,0.0,0.0,-1.66,-1.505,5.0,5.0,0.6,0.755,0.23,0.21,6127.0,7753.0
5620.0,-0.45999999999997954,241.0,241.0,100.0,100.0,0.0,0.0,-2.02,-1.61,5.0,5.0,0.72,0.74,0.23,0.22,6173.0,7744.0
5625.0,-0.45999999999997954,242.0,241.0,100.0,100.0,0.0,0.0,-2.27,-2.03,5.0,5.0,0.58,0.66,0.21,0.22,6174.0,7814.0
5630.0,-0.45000000000001705,242.0,242.0,100.0,100.0,0.0,0.0,-2.83,-2.02,5.0,5.0,0.605,0.89,0.20500000000000002,0.28,6254.5,7837.0
5635.0,-0.45000000000001705,243.0,242.0,100.0,100.0,0.0,0.0,-3.04,-1.87,5.0,5.0,0.97,1.11,0.25,0.235,6213.0,7798.5
5640.0,-0.45999999999997954,243.0,243.0,100.0,100.0,0.0,0.0,-2.73,-1.68,5.0,5.0,1.11,0.86,0.24,0.21,6207.0,7812.0
5645.0,-0.45999999999997954,244.0,243.0,100.0,100.0,0.0,0.0,-2.74,-1.76,5.0,5.0,0.73,0.64,0.12,0.11,6259.0,7971.0
5650.0,-0.45999999999997954,244.0,244.0,100.0,100.0,0.0,0.0,-2.935,-1.48,5.0,5.0,0.99,1.37,0.25,0.27,6331.5,7861.0
5655.0,-0.45999999999997954,245.0,244.0,100.0,100.0,0.0,0.0,-2.45,-1.05,5.0,5.0,1.42,1.31,0.23,0.23,6236.0,7840.0
5660.0,-0.4600000000000364,245.0,245.0,100.0,100.0,0.0,0.0,-2.33,-0.67,5.0,5.0,1.09,0.82,0.2,0.17,6262.0,7925.0
5665.0,-0.46000000000000796,246.0,245.0,100.0,100.0,0.0,0.0,-2.1950000000000003,-0.335,5.0,5.0,0.845,0.8,0.2,0.255,6331.5,7998.0
5670.0,-0.45999999999997954,246.0,246.0,100.0,100.0,0.0,0.0,-1.68,-0.64,5.0,5.0,0.96,1.03,0.23,0.24,6307.0,7936.0
5675.0,-0.45999999999997954,247.0,246.0,100.0,100.0,0.0,0.0,-1.13,-0.71,5.0,5.0,0.87,0.91,0.24,0.2,6319.0,7953.0
5680.0,-0.46000000000000796,247.0,247.0,100.0,100.0,0.0,0.0,-0.95,0.235,5.0,5.0,0.78,0.85,0.22999999999999998,0.225,6339.5,7957.5
5685.0,-0.45999999999997954,248.0,247.0,100.0,100.0,0.0,0.0,-0.91,0.48,5.0,5.0,0.74,0.67,0.23,0.23,6328.0,7961.0
5690.0,-0.4600000000000364,248.0,248.0,100.0,100.0,0.0,0.0,-1.14,-0.29,5.0,5.0,0.51,0.43,0.2,0.16,6347.0,8029.0
5695.0,-0.45000000000001705,249.0,249.0,100.0,100.0,0.0,0.0,-1.66,-0.745,5.0,5.0,0.47,0.485,0.18,0.235,6407.0,8018.0
5700.0,-0.45999999999997954,249.0,249.0,100.0,100.0,0.0,0.0,-1.53,-0.9,5.0,5.0,0.61,0.48,0.22,0.19,6376.0,8014.0
5705.0,-0.44999999999998863,250.0,250.0,100.0,100.0,0.0,0.0,-1.22,-0.85,5.0,5.0,0.63,0.55,0.21000000000000002,0.22,6386.5,8025.0
5710.0,-0.45999999999997954,251.0,250.0,100.0,76.0,0.0,38.0,-1.17,-1.08,5.0,5.0,0.63,0.5,0.22,-0.31,6390.0,7955.0
5715.0,-0.4600000000000364,251.0,247.0,83.0,1.0,17.0,100.0,-1.47,-2.22,5.0,5.0,0.54,0.47,-0.01,-1.77,6389.0,7516.0
5720.0,-0.45000000000001705,248.5,242.0,12.0,0.0,88.5,64.0,-2.005,-4.63,0.0,5.0,0.535,1.05,-1.63,-1.69,7250.5,7286.0
5725.0,-0.45000000000001705,243.0,238.5,0.0,0.0,77.0,45.5,-2.92,-5.1,4.0,5.0,0.93,1.38,-1.98,-1.025,6982.0,7437.0
5730.0,-0.45999999999997954,239.0,236.0,0.0,3.0,60.0,8.0,-5.71,-5.28,4.0,5.0,1.07,1.45,-1.4,-0.45,6939.0,7456.0
5735.0,-0.45999999999997954,236.0,235.0,0.0,6.0,22.0,0.0,-9.07,-5.78,4.0,5.0,1.4,1.86,-0.81,-0.21,6891.0,7447.0
5740.0,-0.45000000000001705,234.0,235.0,0.0,0.0,7.0,0.0,-10.73,-6.38,4.0,5.0,1.8849999999999998,1.71,-0.46499999999999997,-0.22,6888.0,7411.0
5745.0,-0.4399999999999977,233.0,234.0,0.0,0.0,0.0,0.0,-11.35,-7.28,4.0,5.0,1.62,1.52,-0.31,-0.22,6862.0,7377.0
5750.0,-0.45000000000001705,232.0,233.0,0.0,0.0,1.0,0.5,-12.15,-7.805,4.0,5.0,1.63,1.84,-0.3,-0.225,6810.0,7348.5
5755.0,-0.44999999999998863,231.0,232.0,0.0,0.0,0.0,1.0,-12.76,-8.370000000000001,4.0,5.0,2.05,1.665,-0.3,-0.235,6782.0,7308.0
5760.0,-0.45999999999997954,230.0,231.0,0.0,0.0,0.0,1.0,-13.42,-8.88,4.0,5.0,1.53,1.85,-0.28,-0.25,6738.0,7275.0
5765.0,-0.4600000000000364,229.0,229.0,0.0,0.0,0.0,0.0,-14.15,-8.62,4.0,5.0,2.09,2.29,-0.31,-0.23,6709.0,7238.0
5770.0,-0.45999999999997954,227.0,228.0,0.0,0.0,0.0,0.0,-14.36,-9.01,4.0,5.0,2.08,2.0,-0.31,-0.22,6670.0,7200.0
5775.0,-0.45999999999997954,226.0,227.0,0.0,0.0,0.0,0.0,-14.79,-9.0,4.0,5.0,2.12,2.43,-0.31,-0.23,6633.0,7166.0
5780.0,-0.4600000000000364,225.0,226.0,6.0,2.0,0.0,0.0,-14.75,-9.06,4.0,5.0,2.37,2.68,-0.25,-0.23,6638.0,7121.0
5785.0,-0.4600000000000364,224.0,225.0,11.0,13.0,0.0,0.0,-14.74,-9.33,4.0,5.0,2.38,2.47,-0.22,-0.21,6617.0,7101.0
5790.0,-0.45999999999997954,223.0,224.0,50.0,49.0,0.0,0.0,-14.75,-9.47,4.0,5.0,2.58,2.59,-0.11,0.0,6653.0,7191.0
5795.0,-0.45999999999997954,222.0,223.0,80.0,91.0,0.0,0.0,-14.73,-10.08,4.0,5.0,2.56,2.33,0.0,0.2,6640.0,7246.0
5800.0,-0.4600000000000364,222.0,223.0,78.0,92.0,0.0,0.0,-14.79,-10.57,4.0,5.0,2.07,2.04,0.01,0.19,6649.0,7300.0
5805.0,-0.45999999999997954,221.0,223.0,77.0,93.0,0.0,0.0,-15.0,-10.73,4.0,5.0,2.19,2.61,0.02,0.23,6655.0,7263.0
5810.0,-0.44999999999998863,221.0,223.0,79.0,96.0,0.0,0.0,-14.69,-10.55,4.0,5.0,2.7,2.7800000000000002,0.05,0.21000000000000002,6637.0,7218.0
5815.0,-0.44999999999998863,220.0,223.0,80.0,96.5,0.0,0.0,-14.19,-10.64,4.0,5.0,2.49,2.06,0.09,0.185,6623.0,7264.5
5820.0,-0.46000000000000796,220.0,223.0,78.5,98.0,0.0,0.0,-14.030000000000001,-10.455,4.0,5.0,2.3449999999999998,2.24,0.08499999999999999,0.265,6649.5,7250.5
5825.0,-0.45999999999997954,220.0,224.0,78.5,95.5,0.0,0.0,-13.535,-10.649999999999999,4.0,5.0,1.9500000000000002,1.1600000000000001,0.15,0.15,6646.0,7311.5
5830.0,-0.4700000000000273,220.0,224.0,76.0,96.0,0.0,0.0,-13.41,-10.5,4.0,5.0,1.83,2.4850000000000003,0.13,0.33,6791.0,7369.5
5835.0,-0.46999999999999886,220.0,224.0,79.0,100.0,0.0,0.0,-12.25,-9.48,4.0,5.0,2.72,2.73,0.15,0.23,6633.0,7222.0
5840.0,-0.45999999999997954,220.0,224.0,81.0,100.0,0.0,0.0,-11.82,-6.59,4.0,5.0,2.05,1.72,0.13,0.19,6659.0,7364.0
5845.0,-0.45999999999997954,220.0,224.0,80.0,100.0,0.0,0.0,-11.71,-2.7,4.0,5.0,1.94,2.15,0.18,0.29,6684.0,7346.0
5850.0,-0.4600000000000364,220.0,224.0,86.0,100.0,0.0,0.0,-10.58,-1.85,4.0,5.0,2.25,2.45,0.17,0.26,6682.0,7265.0
5855.0,-0.45999999999997954,221.0,225.0,94.0,100.0,0.0,0.0,-8.14,-1.16,4.0,5.0,1.99,1.58,0.22,0.21,6686.0,7324.0
5860.0,-0.45999999999997954,221.0,225.0,94.0,100.0,0.0,0.0,-7.35,0.07,4.0,5.0,1.39,1.39,0.18,0.22,6747.0,7505.0
5865.0,-0.4600000000000364,221.0,225.0,98.0,100.0,0.0,0.0,-6.69,-1.58,4.0,5.0,1.74,1.47,0.32,0.31,6817.0,7334.0
5870.0,-0.46999999999997044,222.0,226.0,99.5,100.0,0.0,0.0,-5.715,-2.6,4.0,5.0,1.365,1.6,0.22499999999999998,0.33,6790.0,7390.0
5875.0,-0.46999999999997044,222.5,226.0,99.5,100.0,0.0,0.0,-5.4399999999999995,-0.46,4.0,5.0,1.75,1.7,0.34,0.28,6809.5,7331.0
5880.0,-0.46999999999999886,223.0,227.0,100.0,100.0,0.0,0.0,-3.685,0.0,4.0,5.0,1.81,1.52,0.25,0.27,6771.0,7314.0
5885.0,-0.4700000000000273,224.0,228.0,100.0,100.0,0.0,0.0,-3.215,0.2,4.0,5.0,1.56,1.15,0.26,0.26,6751.0,7342.0
5890.0,-0.47999999999998977,224.0,228.0,100.0,100.0,0.0,0.0,-2.66,0.395,4.0,5.0,1.4,0.95,0.28,0.255,6784.0,7344.5
5895.0,-0.4900000000000091,225.0,229.0,100.0,100.0,0.0,0.0,-1.68,-0.165,4.0,5.0,1.18,0.685,0.26,0.245,6772.0,7365.5
5900.0,-0.4900000000000091,226.0,229.0,100.0,100.0,0.0,0.0,-0.01,0.025,4.0,5.0,0.71,0.455,0.24,0.225,6809.0,7422.0
5905.0,-0.4900000000000091,226.5,230.0,100.0,100.0,0.0,0.0,1.7850000000000001,0.73,4.0,5.0,0.43,0.38,0.275,0.27,6857.0,7415.0
5910.0,-0.4900000000000091,227.0,229.0,100.0,69.0,0.0,96.0,2.125,0.9,4.0,0.0,0.05499999999999999,0.14,0.27,-1.27,6827.0,7285.0
5915.0,-0.4899999999999807,227.0,224.0,45.0,0.0,69.0,100.0,1.22,0.54,4.0,0.0,-0.21,0.02,-0.65,-1.65,6711.0,8153.0
5920.0,-0.4900000000000091,223.5,219.0,34.5,0.0,100.0,100.0,0.595,-0.15,4.0,4.0,-0.12,-0.08,-1.635,-2.01,6111.0,7183.0
5925.0,-0.47999999999996135,217.0,211.0,69.0,0.0,100.0,100.0,-0.15,-1.34,0.0,4.0,-0.44,-0.24,-2.2,-2.05,7468.0,7706.0
5930.0,-0.4800000000000182,211.0,205.0,0.0,69.0,100.0,100.0,-0.63,-2.04,3.0,0.0,-0.25,-0.02,-2.06,-2.0,7323.0,8390.0
5935.0,-0.4800000000000182,205.0,200.0,0.0,0.0,100.0,100.0,-1.22,-1.74,3.0,3.0,-0.12,0.01,-2.17,-2.13,6845.0,8677.0
5940.0,-0.47999999999996135,197.0,192.0,0.0,0.0,100.0,100.0,-1.12,-1.39,3.0,3.0,-0.01,0.19,-2.05,-1.8,6900.0,8169.0
5945.0,-0.4600000000000364,192.0,186.0,69.0,0.0,100.0,100.0,-1.88,-2.32,0.0,3.0,0.12,0.37,-1.9,-2.06,6517.0,7798.0
5950.0,-0.45999999999997954,185.0,179.0,0.0,0.0,100.0,100.0,-4.07,-4.13,2.0,3.0,0.4,0.59,-1.88,-2.01,7306.0,7481.0
5955.0,-0.45999999999997954,179.0,173.0,0.0,0.0,100.0,100.0,-5.94,-6.05,2.0,3.0,0.67,0.67,-2.01,-1.57,7081.0,7179.0
5960.0,-0.4600000000000364,172.0,167.0,0.0,0.0,100.0,100.0,-6.33,-6.77,2.0,3.0,0.82,0.91,-1.72,-1.76,6777.0,6661.0
5965.0,-0.45999999999997954,164.0,159.0,0.0,0.0,100.0,100.0,-3.95,-4.88,2.0,0.0,1.16,1.27,-1.68,-1.69,6454.0,8112.0
5970.0,-0.4399999999999977,158.0,152.0,0.0,0.0,100.0,100.0,-0.87,-4.74,2.0,2.0,1.21,1.21,-1.73,-1.6,6173.0,7557.0
5975.0,-0.4399999999999977,151.0,145.0,0.0,0.0,100.0,100.0,0.35,-4.63,2.0,2.0,1.28,1.49,-1.68,-1.65,5755.0,7306.0
5980.0,-0.45999999999997954,142.0,138.0,0.0,0.0,100.0,100.0,0.61,-7.8,2.0,2.0,1.18,1.24,-1.49,-1.39,5411.0,6780.0
5985.0,-0.4399999999999977,136.0,132.0,4.0,19.0,100.0,6.0,-0.24,-11.82,2.0,2.0,1.44,2.17,-1.57,-0.44,5184.0,7265.0
5990.0,-0.4399999999999977,130.0,131.0,38.0,20.0,11.0,4.0,-11.42,-14.09,2.0,2.0,2.01,2.18,-0.2,-0.08,5820.0,7317.0
5995.0,-0.4399999999999977,129.0,130.0,37.0,25.0,3.0,0.0,-17.92,-14.94,2.0,2.0,2.17,2.17,-0.04,-0.02,5825.0,7294.0
6000.0,-0.4399999999999977,128.0,129.0,26.0,26.0,14.0,2.0,-19.52,-15.9,2.0,2.0,2.13,2.17,-0.28,-0.01,5738.0,7257.0
6005.0,-0.4399999999999977,126.0,127.0,45.0,19.0,3.0,10.0,-19.94,-16.1,2.0,2.0,2.13,2.22,-0.03,-0.22,5750.0,7111.0
6010.0,-0.4399999999999977,126.0,126.0,66.0,11.0,0.0,12.0,-19.96,-16.59,2.0,3.0,1.86,2.15,0.2,-0.42,5790.0,5856.0
6015.0,-0.4399999999999977,127.0,124.0,56.0,46.0,1.0,2.0,-20.41,-16.33,2.0,3.0,2.07,1.95,0.12,0.09,6009.0,5821.0
6020.0,-0.4399999999999977,127.0,125.0,55.0,67.0,3.0,0.0,-20.58,-13.7,2.0,3.0,1.91,1.7,0.08,0.4,5996.0,5989.0
6025.0,-0.4399999999999977,127.0,126.0,53.0,71.0,3.0,0.0,-20.08,-5.75,2.0,3.0,1.7,1.96,0.15,0.46,6003.0,6151.0
6030.0,-0.4399999999999977,128.0,128.0,49.0,76.0,0.0,0.0,-15.08,0.2,2.0,3.0,2.1,1.87,0.35,0.43,6027.0,6184.0
6035.0,-0.4399999999999977,128.0,129.0,50.0,74.0,0.0,0.0,-6.82,5.98,2.0,3.0,1.82,2.0,0.28,0.54,6197.0,6244.0
6040.0,-0.4399999999999977,129.0,130.0,53.0,67.0,0.0,0.0,-3.32,11.99,2.0,3.0,1.75,1.43,0.42,0.41,6111.0,6424.0
6045.0,-0.4399999999999977,130.0,131.0,54.0,74.0,0.0,0.0,4.81,15.19,2.0,3.0,1.45,1.57,0.47,0.55,6274.0,6587.0
6050.0,-0.4600000000000364,131.0,133.0,64.0,91.0,0.0,0.0,7.69,9.97,2.0,3.0,1.46,1.15,0.44,0.48,6393.0,6367.0
6055.0,-0.4399999999999977,132.0,135.0,73.0,99.0,0.0,0.0,6.28,-4.24,2.0,3.0,1.13,1.11,0.34,0.68,6579.0,6598.0
6060.0,-0.4399999999999977,134.0,138.0,79.0,100.0,0.0,0.0,7.92,0.74,2.0,3.0,1.12,0.97,0.5,0.57,6472.0,6563.0
6065.0,-0.45999999999997954,136.0,140.0,87.0,100.0,0.0,0.0,-0.32,3.03,2.0,3.0,1.1,0.93,0.67,0.56,6613.0,6640.0
6070.0,-0.4399999999999977,139.0,142.0,94.0,100.0,0.0,0.0,1.81,6.69,2.0,3.0,0.94,0.36,0.63,0.51,6504.0,6595.0
6075.0,-0.45999999999997954,142.0,145.0,100.0,100.0,0.0,0.0,4.74,8.4,2.0,3.0,0.33,-0.54,0.62,0.46,6539.0,6770.0
6080.0,-0.45999999999997954,144.0,147.0,98.0,100.0,0.0,0.0,7.93,6.03,2.0,3.0,-0.51,-0.94,0.62,0.51,6735.0,6859.0
6085.0,-0.45999999999997954,146.0,149.0,0.0,100.0,0.0,0.0,8.64,4.88,0.0,3.0,-0.98,-0.97,-0.1,0.54,6410.0,7054.0
6090.0,-0.45999999999997954,147.0,151.0,92.0,100.0,0.0,0.0,7.37,5.42,3.0,3.0,-1.15,-1.1,0.51,0.52,5589.0,7173.0
6095.0,-0.4800000000000182,149.0,152.0,84.0,98.0,0.0,0.0,7.6,6.33,3.0,3.0,-1.02,-1.36,0.41,0.46,5725.0,7419.0
6100.0,-0.4800000000000182,150.0,154.0,82.0,100.0,0.0,0.0,7.51,4.19,3.0,3.0,-1.74,-2.06,0.51,0.58,5844.0,7227.0
6105.0,-0.4800000000000182,152.0,156.0,89.0,100.0,0.0,0.0,5.26,3.52,3.0,3.0,-1.92,-1.67,0.48,0.48,5752.0,7396.0
6110.0,-0.4800000000000182,153.0,157.0,88.0,100.0,0.0,0.0,5.52,1.67,3.0,3.0,-1.8,-1.7,0.47,0.55,5828.0,7422.0
6115.0,-0.47999999999996135,154.0,159.0,87.0,100.0,0.0,0.0,6.76,3.36,3.0,3.0,-1.72,-1.7,0.39,0.51,5861.0,7511.0
6120.0,-0.47999999999996135,156.0,160.0,91.0,100.0,0.0,0.0,5.21,-0.39,3.0,3.0,-1.58,-1.24,0.5,0.47,5927.0,7660.0
6125.0,-0.5,157.0,162.0,88.0,100.0,0.0,0.0,1.47,-2.18,3.0,3.0,-1.11,-1.12,0.41,0.52,6142.0,7860.0
6130.0,-0.5,159.0,164.0,90.0,100.0,0.0,0.0,0.04,-2.72,3.0,3.0,-1.53,-1.74,0.52,0.64,6107.0,7724.0
6135.0,-0.5,160.0,165.0,96.0,100.0,0.0,0.0,-2.21,-2.93,3.0,3.0,-1.4,-1.19,0.5,0.48,6070.0,7777.0
6140.0,-0.5,162.0,167.0,100.0,100.0,0.0,0.0,-2.0,-2.61,3.0,3.0,-1.1,-1.31,0.56,0.64,6185.0,7777.0
6145.0,-0.5,164.0,169.0,100.0,100.0,0.0,0.0,3.58,1.41,3.0,3.0,-1.05,-0.84,0.51,0.47,6096.0,7821.0
6150.0,-0.5200000000000387,166.0,171.0,100.0,100.0,0.0,0.0,2.49,2.65,3.0,3.0,-0.74,-0.69,0.52,0.5,6205.0,7899.0
6155.0,-0.49999999999994316,168.0,173.0,100.0,100.0,0.0,0.0,2.96,1.77,3.0,3.0,-0.76,-0.7,0.5,0.48,6275.0,7991.0
6160.0,-0.5199999999999818,170.0,175.0,100.0,100.0,0.0,0.0,2.37,0.92,3.0,3.0,-0.74,-0.65,0.48,0.5,6334.0,8073.0
6165.0,-0.5199999999999818,172.0,176.0,100.0,100.0,0.0,0.0,2.33,1.39,3.0,3.0,-0.67,-0.6,0.5,0.48,6403.0,8177.0
6170.0,-0.5199999999999818,173.0,178.0,100.0,100.0,0.0,0.0,2.1,1.67,3.0,3.0,-0.67,-0.7,0.49,0.51,6475.0,8228.0
6175.0,-0.5200000000000387,175.0,179.0,100.0,100.0,0.0,0.0,1.32,1.39,3.0,3.0,-0.74,-0.58,0.53,0.46,6505.0,8269.0
6180.0,-0.5200000000000387,177.0,181.0,100.0,100.0,0.0,0.0,0.43,0.93,3.0,3.0,-0.29,-0.32,0.4,0.2,6649.0,8520.0
6185.0,-0.5199999999999818,178.0,182.0,94.0,100.0,0.0,0.0,0.61,0.38,3.0,3.0,-0.33,-0.48,0.49,0.48,7117.0,8445.0
6190.0,-0.5199999999999818,180.0,184.0,100.0,100.0,0.0,0.0,0.84,0.5,3.0,3.0,-0.3,-0.49,0.32,0.42,6799.0,8532.0
6195.0,-0.5199999999999818,182.0,185.0,100.0,100.0,0.0,0.0,0.64,0.44,3.0,3.0,-0.42,-0.55,0.7,0.5,6956.0,8446.0
6200.0,-0.5200000000000387,184.0,186.0,100.0,100.0,0.0,0.0,0.33,0.64,3.0,3.0,-0.5,-0.36,0.49,0.36,6786.0,8517.0
6205.0,-0.5200000000000387,185.0,187.0,100.0,85.0,0.0,22.0,0.47,0.84,3.0,3.0,-0.32,-0.4,0.44,0.14,6945.0,8485.0
6210.0,-0.5399999999999636,186.0,186.0,59.0,23.0,56.0,82.0,0.46,1.08,3.0,3.0,-0.3,-0.33,-0.46,-1.2,6756.0,8154.0
6215.0,-0.5399999999999636,181.0,180.0,0.0,0.0,100.0,100.0,0.79,1.57,3.0,3.0,-0.17,-0.31,-1.7,-1.62,5764.0,7547.0
6220.0,-0.5400000000000205,175.0,174.0,0.0,0.0,100.0,100.0,0.87,3.01,3.0,3.0,-0.18,-0.38,-1.63,-1.71,5619.0,6790.0
6225.0,-0.5200000000000387,169.0,167.0,56.0,69.0,100.0,100.0,1.17,3.43,0.0,0.0,-0.29,-0.75,-1.89,-1.64,6872.0,7083.0
6230.0,-0.5400000000000205,162.0,161.0,0.0,0.0,100.0,100.0,2.24,3.98,2.0,2.0,-0.36,-0.68,-1.67,-1.59,6287.0,8073.0
6235.0,-0.5400000000000205,155.0,154.0,0.0,0.0,100.0,100.0,4.01,5.0,2.0,2.0,-0.45,-0.95,-1.66,-1.63,5979.0,7687.0
6240.0,-0.5400000000000205,147.0,148.0,0.0,0.0,100.0,100.0,6.38,4.83,2.0,2.0,-0.68,-1.01,-1.62,-1.45,5754.0,7389.0
6245.0,-0.5400000000000773,141.0,142.0,0.0,0.0,100.0,100.0,8.6,5.02,2.0,2.0,-0.93,-1.12,-1.57,-1.48,5438.0,7086.0
6250.0,-0.5400000000000773,134.0,134.0,0.0,0.0,93.0,92.0,12.54,6.77,2.0,2.0,-1.09,-1.07,-1.34,-1.36,5157.0,6571.0
6255.0,-0.5199999999999818,128.0,128.0,13.0,20.0,38.0,60.0,16.62,10.71,2.0,2.0,-1.73,-1.24,-0.71,-0.99,5475.0,6464.0
6260.0,-0.5399999999999636,126.0,126.0,15.0,28.0,17.0,0.0,19.39,13.82,2.0,2.0,-1.66,-1.74,-0.15,0.13,5570.0,7113.0
6265.0,-0.5399999999999636,124.0,126.0,16.0,27.0,9.0,0.0,20.8,15.77,2.0,2.0,-1.77,-1.77,-0.08,0.17,5535.0,7113.0
6270.0,-0.5399999999999636,123.0,126.0,16.0,11.0,10.0,13.0,21.81,17.1,2.0,2.0,-1.76,-1.92,-0.09,-0.12,5500.0,6980.0
6275.0,-0.5400000000000773,121.0,123.0,12.0,0.0,12.0,30.0,22.82,18.07,2.0,2.0,-1.93,-1.78,-0.18,-0.56,5380.0,6602.0
6280.0,-0.5400000000000773,120.0,120.0,11.0,3.0,6.0,0.0,23.71,17.62,2.0,2.0,-1.92,-2.3,-0.16,-0.05,5326.0,6647.0
6285.0,-0.5399999999999636,119.0,119.0,13.0,8.0,0.0,0.0,24.19,17.62,2.0,2.0,-1.87,-2.17,0.0,0.0,5326.0,6592.0
6290.0,-0.5399999999999636,119.0,118.0,11.0,9.0,0.0,0.0,24.58,18.22,2.0,2.0,-1.98,-2.03,0.01,0.0,5296.0,6545.0
6295.0,-0.5399999999999636,118.0,116.0,18.0,5.0,0.0,0.0,25.17,18.89,2.0,2.0,-1.96,-2.25,0.03,-0.04,5310.0,6422.0
6300.0,-0.5400000000000773,118.0,116.0,29.0,73.0,0.0,0.0,25.34,18.59,2.0,2.0,-2.04,-2.33,0.08,0.64,5344.0,6954.0
6305.0,-0.5400000000000773,118.0,118.0,30.0,66.0,0.0,0.0,25.3,17.62,2.0,2.0,-2.4,-2.33,0.05,0.59,5349.0,6907.0
6310.0,-0.5399999999999636,118.0,120.0,43.0,63.0,0.0,0.0,25.14,16.3,2.0,2.0,-2.23,-2.24,0.1,0.56,5374.0,7003.0
6315.0,-0.5399999999999636,118.0,122.0,45.0,64.0,0.0,0.0,25.01,15.91,2.0,2.0,-2.21,-2.21,0.19,0.53,5398.0,7096.0
6320.0,-0.5399999999999636,119.0,124.0,48.0,60.0,0.0,0.0,24.32,15.12,2.0,2.0,-2.12,-1.67,0.23,0.49,5478.0,7223.0
6325.0,-0.5600000000000591,120.0,125.0,51.0,55.0,0.0,0.0,23.14,14.55,2.0,2.0,-1.65,-1.64,0.24,0.45,5590.0,7341.0
6330.0,-0.5600000000000591,121.0,126.0,59.0,35.0,0.0,0.0,20.0,14.58,2.0,2.0,-1.74,-2.09,0.35,0.29,5686.0,7251.0
6335.0,-0.5600000000000591,123.0,126.0,66.0,30.0,0.0,0.0,12.51,15.48,2.0,2.0,-1.88,-2.09,0.49,0.07,5758.0,7174.0
6340.0,-0.5799999999999272,124.0,127.0,67.0,63.0,0.0,0.0,9.95,15.57,2.0,2.0,-2.07,-1.91,0.61,0.54,5918.0,7370.0
6345.0,-0.5799999999999272,127.0,129.0,82.0,63.0,0.0,0.0,4.72,14.65,2.0,2.0,-1.47,-1.5,0.53,0.47,6033.0,7618.0
6350.0,-0.5799999999999272,129.0,130.0,82.0,72.0,0.0,0.0,5.83,8.33,2.0,2.0,-1.73,-1.69,0.64,0.56,6108.0,7749.0
6355.0,-0.5800000000000409,131.0,132.0,82.0,82.0,0.0,0.0,4.5,-2.52,2.0,2.0,-1.37,-1.51,0.55,0.55,6275.0,8092.0
6360.0,-0.5800000000000409,134.0,135.0,80.0,87.0,0.0,0.0,-0.23,-7.91,2.0,2.0,-1.41,-1.44,0.69,0.63,6472.0,8206.0
6365.0,-0.5600000000000591,136.0,135.0,81.0,37.0,0.0,0.0,-3.14,-7.58,2.0,1.0,-1.23,-2.26,0.59,-0.19,6613.0,8107.0
6370.0,-0.5800000000000409,138.0,138.0,87.0,91.0,0.0,0.0,-3.78,-7.47,2.0,3.0,-1.26,-0.31,0.63,0.25,6762.0,7454.0
6375.0,-0.5600000000000591,141.0,141.0,98.0,97.0,0.0,0.0,-2.93,-2.6,2.0,3.0,-1.37,-2.13,0.72,1.28,6488.0,6920.0
6380.0,-0.5800000000000409,144.0,143.0,98.0,100.0,0.0,0.0,2.35,0.7,2.0,3.0,-1.02,-0.65,1.01,0.47,6752.0,6752.0
6385.0,-0.5800000000000409,147.0,145.0,100.0,100.0,0.0,0.0,3.78,-5.13,2.0,3.0,-0.58,-1.24,0.77,0.74,6777.0,6912.0
6390.0,-0.5800000000000409,149.0,148.0,100.0,100.0,0.0,0.0,3.54,-2.31,2.0,3.0,-0.47,-0.47,0.53,0.55,6949.0,6824.0
6395.0,-0.5800000000000409,152.0,150.0,100.0,100.0,0.0,0.0,2.75,-0.95,2.0,3.0,-0.67,0.08,0.64,0.54,6982.0,7170.0
6400.0,-0.5800000000000409,155.0,153.0,100.0,100.0,0.0,0.0,2.03,-0.89,2.0,3.0,-0.39,0.16,0.47,0.53,7054.0,7031.0
6405.0,-0.5800000000000409,157.0,155.0,100.0,100.0,0.0,0.0,1.86,-0.87,2.0,3.0,-0.56,0.22,0.61,0.6,7186.0,7203.0
6410.0,-0.5599999999999454,158.0,157.0,0.0,100.0,0.0,0.0,1.55,-0.78,0.0,3.0,-0.38,0.29,0.0,0.57,6785.0,7265.0
6415.0,-0.5599999999999454,160.0,160.0,100.0,100.0,0.0,0.0,0.2,-0.68,3.0,3.0,-0.2,0.27,0.98,0.57,6211.0,7364.0
6420.0,-0.5799999999999272,162.0,162.0,100.0,100.0,0.0,0.0,-1.0,-0.91,3.0,3.0,-0.16,0.24,0.56,0.54,6014.0,7496.0
6425.0,-0.5599999999999454,164.0,164.0,100.0,100.0,0.0,0.0,-1.83,-1.25,3.0,3.0,0.13,0.31,0.56,0.53,6148.0,7583.0
6430.0,-0.5600000000000591,166.0,166.0,100.0,100.0,0.0,0.0,-2.36,-1.33,3.0,3.0,0.34,0.35,0.52,0.54,6187.0,7691.0
6435.0,-0.5600000000000591,169.0,169.0,100.0,100.0,0.0,0.0,-2.56,-1.5,3.0,3.0,0.52,0.39,0.54,0.53,6257.0,7782.0
6440.0,-0.5600000000000591,171.0,170.0,100.0,100.0,0.0,0.0,-2.57,-1.9,3.0,3.0,0.53,0.38,0.47,0.53,6362.0,7884.0
6445.0,-0.5600000000000591,172.0,172.0,100.0,100.0,0.0,0.0,-2.84,-2.29,3.0,3.0,0.64,0.6,0.5,0.56,6489.0,7989.0
6450.0,-0.5799999999999272,175.0,174.0,100.0,100.0,0.0,0.0,-2.59,-2.36,3.0,3.0,0.88,0.79,0.51,0.54,6488.0,8026.0
6455.0,-0.5799999999999272,177.0,176.0,100.0,100.0,0.0,0.0,-2.31,-2.53,3.0,3.0,0.86,0.9,0.52,0.51,6548.0,8118.0
6460.0,-0.5599999999999454,178.0,178.0,100.0,100.0,0.0,0.0,-2.32,-2.7,3.0,3.0,0.81,0.8,0.52,0.47,6601.0,8221.0
6465.0,-0.5600000000000591,180.0,180.0,100.0,100.0,0.0,0.0,-2.59,-2.57,3.0,3.0,0.71,0.93,0.44,0.52,6738.0,8282.0
6470.0,-0.5600000000000591,182.0,182.0,100.0,100.0,0.0,0.0,-2.67,-2.59,3.0,3.0,0.81,0.79,0.49,0.47,6709.0,8383.0
6475.0,-0.5599999999999454,183.0,183.0,100.0,19.0,0.0,0.0,-3.57,-2.96,3.0,0.0,0.66,0.96,0.42,0.43,6860.0,8506.0
6480.0,-0.5799999999999272,185.0,183.0,100.0,100.0,0.0,0.0,-3.88,-3.4,3.0,4.0,1.15,1.13,0.53,0.84,6853.0,8074.0
6485.0,-0.57000000000005,186.5,185.0,100.0,100.0,0.0,0.0,-3.495,-3.45,3.0,4.0,1.14,1.1,0.475,0.45,6889.5,7143.0
6490.0,-0.5600000000000591,188.0,187.0,100.0,100.0,0.0,0.0,-3.69,-3.79,3.0,4.0,0.99,1.15,0.42,0.44,6979.0,7218.0
6495.0,-0.5600000000000591,189.0,188.0,100.0,100.0,0.0,0.0,-4.4,-3.56,3.0,4.0,1.19,1.22,0.45,0.45,7026.0,7226.0
6500.0,-0.5599999999999454,191.0,189.0,100.0,100.0,0.0,0.0,-5.4,-3.62,3.0,4.0,1.15,1.22,0.44,0.46,7079.0,7361.0
6505.0,-0.5599999999999454,192.0,191.0,100.0,100.0,0.0,0.0,-6.27,-3.91,3.0,4.0,1.41,1.39,0.42,0.43,7123.0,7350.0
6510.0,-0.5600000000000591,192.0,192.0,60.0,100.0,0.0,0.0,-6.57,-4.07,2.0,4.0,1.39,1.2,-0.07,0.39,6490.0,7391.0
6515.0,-0.5600000000000591,194.0,193.0,100.0,100.0,0.0,0.0,-7.2,-4.34,4.0,4.0,1.21,1.37,0.38,0.43,5937.0,7519.0
6520.0,-0.5599999999999454,195.0,194.0,100.0,100.0,0.0,0.0,-7.32,-4.46,4.0,4.0,1.63,1.54,0.43,0.43,5964.0,7520.0
6525.0,-0.5599999999999454,196.0,195.0,97.0,100.0,0.0,0.0,-7.68,-4.4,4.0,4.0,1.76,1.59,0.41,0.44,5995.0,7552.0
6530.0,-0.5600000000000591,197.0,197.0,96.0,100.0,0.0,0.0,-7.95,-4.65,4.0,4.0,1.87,1.33,0.39,0.42,5993.0,7610.0
6535.0,-0.5599999999999454,198.0,198.0,92.0,100.0,0.0,0.0,-8.33,-4.67,4.0,4.0,1.31,1.45,0.32,0.43,6060.0,7735.0
6540.0,-0.5599999999999454,199.0,199.0,91.0,100.0,0.0,0.0,-8.36,-4.79,4.0,4.0,1.87,1.44,0.42,0.44,6084.0,7676.0
6545.0,-0.57000000000005,199.0,200.0,90.5,100.0,0.0,0.0,-8.695,-5.52,4.0,4.0,1.37,1.36,0.31,0.36,6114.0,7831.0
6550.0,-0.5600000000000591,200.0,201.0,88.0,100.0,0.0,0.0,-9.16,-4.65,4.0,4.0,1.82,1.5,0.46,0.44,6173.0,7775.0
6555.0,-0.5699999999999363,201.0,202.0,87.5,100.0,0.0,0.0,-9.56,-5.8,4.0,4.0,1.335,1.19,0.30500000000000005,0.38,6163.0,7952.0
6560.0,-0.5599999999999454,202.0,203.0,81.0,100.0,0.0,0.0,-10.6,-8.14,4.0,4.0,1.36,1.66,0.33,0.44,6232.0,7944.0
6565.0,-0.5600000000000591,203.0,204.0,84.0,100.0,0.0,0.0,-11.83,-9.47,4.0,4.0,1.89,1.89,0.34,0.44,6206.0,7896.0
6570.0,-0.5600000000000591,204.0,205.0,83.0,92.0,0.0,0.0,-12.99,-11.12,4.0,4.0,1.48,1.13,0.3,0.4,6139.0,8288.0
6575.0,-0.5599999999999454,204.0,206.0,74.0,96.0,0.0,0.0,-14.62,-11.57,4.0,4.0,1.57,4.23,0.58,-0.3,6477.0,7950.0
6580.0,-0.5699999999999932,203.0,205.0,90.0,100.0,0.0,0.0,-14.79,-11.5,4.0,4.0,3.15,2.635,-0.02,0.385,6103.0,7830.5
6585.0,-0.5600000000000591,204.0,206.0,90.0,99.0,0.0,0.0,-14.64,-11.08,4.0,4.0,2.54,2.78,-0.12,0.41,6139.0,7948.0
6590.0,-0.5699999999999363,204.0,206.0,89.5,100.0,0.0,0.0,-13.899999999999999,-10.19,4.0,4.0,2.575,2.89,0.305,0.4,6132.0,7915.0
6595.0,-0.5599999999999454,204.0,207.0,87.0,100.0,0.0,0.0,-11.6,-6.88,4.0,4.0,2.75,2.91,0.27,0.37,6194.0,7935.0
6600.0,-0.5600000000000591,205.0,207.0,100.0,100.0,0.0,0.0,-7.14,-2.44,4.0,4.0,2.52,1.46,0.33,0.3,6179.0,8012.0
6605.0,-0.5800000000000409,206.0,207.0,100.0,100.0,0.0,0.0,-2.13,2.37,4.0,4.0,1.15,1.49,0.25,0.23,6443.0,8449.0
6610.0,-0.5599999999999454,207.0,209.0,100.0,100.0,0.0,0.0,-1.84,5.02,4.0,4.0,2.05,1.9,0.63,0.42,6300.0,8053.0
6615.0,-0.57000000000005,207.5,210.0,100.0,100.0,0.0,0.0,-1.995,5.45,4.0,4.0,1.51,1.6,0.33,0.38,6333.5,8146.0
6620.0,-0.5800000000000409,209.0,210.0,100.0,100.0,0.0,0.0,-1.03,4.47,4.0,4.0,1.32,0.92,0.42,0.34,6338.0,8123.0
6625.0,-0.5699999999999363,210.0,211.0,100.0,100.0,0.0,0.0,-0.1,3.55,4.0,4.0,0.27,0.11,0.24,-0.030000000000000002,6511.0,8511.0
6630.0,-0.57000000000005,210.0,212.0,95.5,100.0,0.0,0.0,0.475,4.04,4.0,4.0,0.265,-0.04,0.31,0.56,7207.0,8401.0
6635.0,-0.5800000000000409,211.0,213.0,100.0,39.0,0.0,0.0,2.68,3.37,4.0,1.0,0.39,-0.59,0.36,0.39,6934.0,8179.0
6640.0,-0.5799999999999272,212.0,213.0,100.0,20.0,0.0,0.0,3.77,3.49,4.0,1.0,0.23,-1.08,0.8,-0.08,6870.0,7915.0
6645.0,-0.57000000000005,214.0,214.5,100.0,100.0,0.0,0.0,6.16,3.9000000000000004,4.0,5.0,-0.53,-1.25,0.46,0.35,6407.0,6933.0
6650.0,-0.5600000000000591,215.0,215.0,100.0,100.0,0.0,0.0,6.76,3.7,4.0,5.0,-1.21,-1.45,0.35,0.31,6484.0,6997.0
6655.0,-0.5799999999999272,216.0,216.0,100.0,100.0,0.0,0.0,5.53,3.31,4.0,5.0,-1.92,-1.81,0.4,0.34,6505.0,6965.0
6660.0,-0.5800000000000409,217.0,217.0,100.0,100.0,0.0,0.0,4.13,2.88,4.0,5.0,-1.72,-1.25,0.35,0.26,6543.0,7026.0
6665.0,-0.5800000000000409,218.0,218.0,100.0,100.0,0.0,0.0,4.38,2.13,4.0,5.0,-1.11,-1.58,0.18,0.39,6762.0,7236.0
6670.0,-0.5799999999999272,219.0,219.0,100.0,100.0,0.0,0.0,5.52,1.76,4.0,5.0,-2.0,-1.96,0.52,0.37,6631.0,7054.0
6675.0,-0.5800000000000409,219.0,219.0,100.0,100.0,0.0,0.0,4.58,1.98,4.0,5.0,-1.87,-1.41,0.31,0.3,6651.0,7098.0
6680.0,-0.57000000000005,220.0,220.0,100.0,100.0,0.0,0.0,3.84,0.8500000000000001,4.0,5.0,-1.29,-1.475,0.34,0.38,6725.0,7206.0
6685.0,-0.5599999999999454,221.0,221.0,100.0,100.0,0.0,0.0,3.17,-0.9,4.0,5.0,-1.85,-1.89,0.36,0.35,6688.0,7121.0
6690.0,-0.57000000000005,222.0,222.0,100.0,100.0,0.0,0.0,3.5949999999999998,-0.63,4.0,5.0,-1.775,-1.23,0.33499999999999996,0.32,6681.5,7144.0
6695.0,-0.57000000000005,222.5,222.0,100.0,100.0,0.0,0.0,5.1,0.22,4.0,5.0,-1.5,-0.69,0.33999999999999997,0.29,6718.0,7198.0
6700.0,-0.5699999999999363,223.0,223.0,100.0,100.0,0.0,0.0,5.59,2.1,4.0,5.0,-1.0150000000000001,-0.71,0.29,0.31,6779.0,7263.0
6705.0,-0.57000000000005,224.0,224.0,100.0,100.0,0.0,0.0,5.34,3.4,4.0,5.0,-1.3599999999999999,-0.95,0.375,0.31,6841.5,7223.0
6710.0,-0.5699999999999932,225.0,225.0,100.0,100.0,0.0,0.0,5.140000000000001,3.17,4.0,5.0,-1.585,-1.0,0.32,0.29,6794.5,7251.0
6715.0,-0.5699999999999363,226.0,225.0,100.0,37.0,0.0,60.0,5.045,3.52,4.0,5.0,-1.26,-0.85,0.3,-0.55,6848.0,7076.0
6720.0,-0.57000000000005,226.5,221.0,84.5,0.0,0.0,100.0,5.64,5.42,4.0,0.0,-1.095,-0.72,0.27,-1.54,6913.0,7307.0
6725.0,-0.5699999999999932,226.0,216.0,11.0,0.0,56.5,100.0,4.79,5.54,4.0,4.0,-1.37,-1.07,-0.705,-1.67,6605.0,7311.0
6730.0,-0.5699999999999363,222.5,211.0,0.0,0.0,83.0,100.0,2.91,6.23,4.0,4.0,-1.045,-1.13,-1.57,-1.44,6044.0,7236.0
6735.0,-0.5600000000000591,217.0,206.0,0.0,0.0,80.0,21.0,2.88,8.83,4.0,4.0,-1.02,-1.72,-1.52,-0.85,5873.0,7107.0
6740.0,-0.5599999999999454,213.0,205.0,0.0,0.0,75.0,0.0,7.07,8.14,4.0,4.0,-1.48,-2.37,-1.61,-0.14,5775.0,7646.0
6745.0,-0.5599999999999454,208.0,204.0,0.0,0.0,44.0,0.0,11.04,8.6,4.0,4.0,-1.92,-2.28,-1.18,-0.19,6007.0,7626.0
6750.0,-0.5600000000000591,206.0,203.0,5.0,0.0,0.0,0.0,9.02,9.34,4.0,4.0,-2.05,-1.85,-0.12,-0.16,6093.0,7573.0
6755.0,-0.5600000000000591,205.0,202.0,6.0,0.0,0.0,0.0,11.82,10.76,4.0,4.0,-1.51,-1.23,-0.11,-0.15,6077.0,7529.0
6760.0,-0.5399999999999636,205.0,201.0,3.0,0.0,0.0,0.0,14.11,11.54,4.0,4.0,-1.44,-2.17,-0.12,-0.18,6059.0,7503.0
6765.0,-0.5600000000000591,204.0,200.0,0.0,0.0,0.0,0.0,15.52,11.98,4.0,4.0,-2.08,-2.3,-0.23,-0.17,5996.0,7463.0
6770.0,-0.5400000000000773,203.0,199.0,0.0,0.0,0.0,0.0,16.27,13.05,4.0,4.0,-1.64,-1.62,-0.21,-0.16,5960.0,7401.0
6775.0,-0.5599999999999454,202.0,197.0,0.0,0.0,0.0,0.0,16.86,13.1,4.0,4.0,-2.19,-2.44,-0.24,-0.18,5928.0,7375.0
6780.0,-0.5399999999999636,200.0,196.0,0.0,0.0,0.0,0.0,16.98,13.22,4.0,4.0,-2.3,-2.16,-0.25,-0.17,5896.0,7328.0
6785.0,-0.5399999999999636,199.0,195.0,0.0,0.0,0.0,0.0,17.09,13.41,4.0,4.0,-2.15,-1.93,-0.24,-0.15,5855.0,7273.0
6790.0,-0.5399999999999636,198.0,194.0,0.0,0.0,0.0,0.0,17.66,13.73,4.0,4.0,-1.97,-2.15,-0.23,-0.17,5817.0,7238.0
6795.0,-0.5399999999999636,197.0,193.0,0.0,0.0,0.0,0.0,17.8,13.74,4.0,4.0,-2.26,-2.52,-0.24,-0.18,5782.0,7195.0
6800.0,-0.5199999999999818,196.0,191.0,0.0,0.0,0.0,0.0,17.81,14.13,4.0,4.0,-2.57,-1.92,-0.26,-0.15,5749.0,7135.0
6805.0,-0.5400000000000773,194.0,190.0,0.0,0.0,0.0,0.0,18.25,14.7,4.0,4.0,-1.48,-1.02,-0.19,-0.11,5697.0,7095.0
6810.0,-0.5400000000000773,193.0,190.0,0.0,49.0,0.0,0.0,19.17,14.95,4.0,4.0,-0.97,-1.82,-0.15,0.02,5619.0,7309.0
6815.0,-0.5199999999999818,192.0,190.0,0.0,85.0,0.0,0.0,19.23,14.68,4.0,4.0,-2.19,-1.92,-0.24,0.41,5646.0,7371.0
6820.0,-0.5199999999999818,191.0,191.0,0.0,85.0,0.0,0.0,19.32,14.57,4.0,4.0,-1.47,-1.71,-0.17,0.28,5614.0,7659.0
6825.0,-0.5400000000000773,190.0,192.0,4.0,87.0,0.0,0.0,19.43,14.06,4.0,4.0,-2.22,-2.31,-0.21,0.48,5619.0,7434.0
6830.0,-0.5400000000000773,189.0,192.0,47.0,89.0,0.0,0.0,19.32,13.6,4.0,4.0,-2.08,-1.99,0.0,0.32,5655.0,7505.0
6835.0,-0.5199999999999818,189.0,193.0,76.0,91.0,0.0,0.0,19.18,12.42,4.0,4.0,-2.05,-2.07,0.11,0.42,5697.0,7536.0
6840.0,-0.5399999999999636,189.0,194.0,81.0,93.0,0.0,0.0,19.35,11.51,4.0,4.0,-1.94,-2.23,0.1,0.41,5705.0,7576.0
6845.0,-0.5400000000000773,189.0,195.0,80.0,93.0,0.0,0.0,19.3,11.05,4.0,4.0,-2.21,-1.95,0.16,0.41,5711.0,7585.0
6850.0,-0.5400000000000773,189.0,195.0,79.0,91.0,0.0,0.0,19.27,11.28,4.0,4.0,-1.95,-2.21,0.17,0.4,5743.0,7645.0
6855.0,-0.5499999999999545,189.0,196.0,78.5,92.0,0.0,0.0,19.105,10.95,4.0,4.0,-2.41,-2.86,0.19,0.42,5733.0,7613.0
6860.0,-0.5399999999999636,189.0,196.0,80.0,93.0,0.0,0.0,18.96,11.01,4.0,4.0,-3.05,-3.39,0.21,0.31,5726.0,7539.0
6865.0,-0.5600000000000591,189.0,196.0,80.0,92.0,0.0,0.0,18.9,11.1,4.0,4.0,-2.7,-2.36,0.22,0.32,5723.0,7603.0
6870.0,-0.5600000000000591,189.0,196.0,64.0,91.0,0.0,0.0,19.11,11.0,4.0,4.0,-2.14,-1.97,0.24,0.43,5813.0,7652.0
6875.0,-0.5599999999999454,190.0,196.0,41.0,97.0,0.0,0.0,19.34,8.31,4.0,4.0,-2.1,-2.77,0.09,0.46,5742.0,7701.0
6880.0,-0.5599999999999454,189.0,197.0,50.0,100.0,0.0,0.0,18.89,6.88,4.0,4.0,-2.96,-3.15,0.13,0.36,5713.0,7575.0
6885.0,-0.5600000000000591,189.0,197.0,80.0,99.0,0.0,0.0,18.55,8.09,4.0,4.0,-2.34,-1.93,0.18,0.28,5724.0,7691.0
6890.0,-0.5800000000000409,189.0,197.0,77.0,98.0,0.0,0.0,18.53,8.78,4.0,4.0,-1.97,-1.88,0.28,0.39,5808.0,7742.0
6895.0,-0.5799999999999272,190.0,198.0,78.0,98.0,0.0,0.0,18.54,8.89,4.0,4.0,-1.68,-1.79,0.17,0.35,5809.0,7772.0
6900.0,-0.5699999999999932,190.0,198.0,78.0,94.5,0.0,0.0,18.32,10.33,4.0,4.0,-1.77,-1.9899999999999998,0.28,0.365,5836.0,7781.0
6905.0,-0.5800000000000409,191.0,199.0,79.0,94.0,0.0,0.0,17.53,10.9,4.0,4.0,-1.94,-1.81,0.25,0.35,5826.0,7757.0
6910.0,-0.5900000000000318,191.0,199.5,76.0,91.0,0.0,0.0,17.03,11.32,4.0,4.0,-1.48,-1.65,0.2,0.32999999999999996,5905.0,7902.0
6915.0,-0.6000000000000227,192.0,200.0,78.0,92.0,0.0,0.0,16.77,11.14,4.0,4.0,-1.75,-1.9,0.26,0.35,5854.0,7831.0
6920.0,-0.589999999999975,192.0,200.0,80.0,93.0,0.0,0.0,14.95,10.995,4.0,4.0,-1.76,-2.13,0.27,0.33499999999999996,5878.0,7847.0
6925.0,-0.6000000000000227,192.0,201.0,80.0,95.0,0.0,0.0,12.29,10.14,4.0,4.0,-1.96,-2.03,0.29,0.33,5871.0,7816.0
6930.0,-0.6100000000000136,193.0,201.0,86.0,95.5,0.0,0.0,10.72,9.870000000000001,4.0,4.0,-1.65,-1.62,0.28,0.32,5901.0,7885.0
6935.0,-0.599999999999909,194.0,202.0,85.0,98.0,0.0,0.0,11.23,9.17,4.0,4.0,-1.63,-1.67,0.25,0.41,5921.0,7912.0
6940.0,-0.6200000000000045,194.0,202.0,87.0,99.0,0.0,0.0,10.98,8.37,4.0,4.0,-1.33,-1.5,0.27,0.4,5919.0,8038.0
6945.0,-0.6200000000000045,195.0,203.0,88.0,100.0,0.0,0.0,10.45,7.03,4.0,4.0,-1.28,-1.19,0.29,0.33,5989.0,8065.0
6950.0,-0.6200000000000045,196.0,204.0,94.0,100.0,0.0,0.0,7.74,4.65,4.0,4.0,-0.89,-1.05,0.33,0.18,6058.0,8314.0
6955.0,-0.6200000000000045,197.0,205.0,99.0,100.0,0.0,0.0,5.38,2.1,4.0,4.0,-1.66,-1.96,0.49,0.49,6119.0,8029.0
6960.0,-0.6200000000000045,198.0,206.0,100.0,100.0,0.0,0.0,3.69,1.07,4.0,4.0,-1.54,-1.34,0.36,0.3,6032.0,8030.0
6965.0,-0.6299999999999955,199.0,206.0,100.0,100.0,0.0,0.0,2.9,0.255,4.0,4.0,-1.21,-1.245,0.44,0.38,6147.0,8226.5
6970.0,-0.6299999999999955,200.0,207.0,100.0,100.0,0.0,0.0,1.8050000000000002,0.78,4.0,4.0,-1.15,-1.4,0.385,0.41,6122.5,8128.0
6975.0,-0.6399999999999864,201.0,208.0,100.0,100.0,0.0,0.0,1.47,1.88,4.0,4.0,-1.12,-1.41,0.42,0.34,6128.0,8146.0
6980.0,-0.6299999999999955,202.0,208.0,100.0,100.0,0.0,0.0,1.49,2.01,4.0,4.0,-1.05,-0.895,0.42,0.05,6111.0,8470.0
6985.0,-0.6399999999999864,203.0,209.0,100.0,100.0,0.0,0.0,1.39,1.0,4.0,4.0,-0.59,-1.72,0.35,0.45,6203.0,8153.0
6990.0,-0.6399999999999864,204.0,210.0,100.0,100.0,0.0,0.0,1.73,-4.13,4.0,4.0,-0.7,-1.52,0.39,0.39,6192.0,8266.0
6995.0,-0.6499999999999773,206.0,210.0,100.0,99.5,0.0,0.0,1.76,-9.809999999999999,4.0,4.0,-0.53,-1.02,0.35,0.30000000000000004,6208.0,8346.0
7000.0,-0.6399999999999864,207.0,211.0,100.0,100.0,0.0,0.0,1.95,-5.76,4.0,4.0,-0.52,-1.12,0.35,0.27,6311.0,8273.0
7005.0,-0.6399999999999864,208.0,212.0,100.0,100.0,0.0,0.0,0.64,-5.95,4.0,4.0,-0.55,-0.95,0.38,0.32,6257.0,8124.0
7010.0,-0.6599999999999682,209.0,213.0,100.0,100.0,0.0,0.0,0.59,-2.87,4.0,4.0,-0.35,-0.16,0.36,0.28,6313.0,8221.0
7015.0,-0.6499999999999773,210.0,214.0,100.0,30.0,0.0,0.0,-0.33,-2.165,4.0,2.0,-0.19,0.41500000000000004,0.37,0.13,6392.0,8259.5
7020.0,-0.6400000000001,211.0,214.0,100.0,100.0,0.0,0.0,0.23,-1.06,4.0,5.0,-0.13,0.76,0.33,0.5,6384.0,7583.0
7025.0,-0.6599999999999682,212.0,215.0,100.0,100.0,0.0,0.0,0.19,1.05,4.0,5.0,-0.06,0.71,0.35,0.39,6416.0,6914.0
7030.0,-0.6599999999999682,213.0,216.0,100.0,100.0,0.0,0.0,0.38,0.28,4.0,5.0,-0.05,0.51,0.37,0.27,6435.0,6975.0
7035.0,-0.6600000000000819,214.0,217.0,100.0,100.0,0.0,0.0,0.66,0.31,4.0,5.0,-0.04,0.41,0.34,0.31,6485.0,7014.0
7040.0,-0.6599999999999682,215.0,217.0,100.0,100.0,0.0,0.0,0.8,0.29,4.0,5.0,-0.1,0.35,0.38,0.31,6482.0,7006.0
7045.0,-0.6599999999999682,216.5,218.5,100.0,100.0,0.0,0.0,0.62,-0.06,4.0,5.0,-0.095,0.245,0.305,0.295,6538.0,7057.0
7050.0,-0.650000000000091,217.0,220.0,100.0,100.0,0.0,0.0,0.645,0.75,4.0,5.0,-0.10500000000000001,0.15,0.32,0.33,6560.5,7090.0
7055.0,-0.6599999999999682,218.0,220.0,100.0,100.0,0.0,0.0,0.68,1.06,4.0,5.0,-0.12,0.04,0.33,0.29,6583.0,7106.0
7060.0,-0.6599999999999682,219.0,221.0,100.0,100.0,0.0,0.0,0.72,1.39,4.0,5.0,-0.11,-0.08,0.31,0.28,6620.0,7137.0
7065.0,-0.6600000000000819,220.0,222.0,100.0,100.0,0.0,0.0,0.82,1.98,4.0,5.0,-0.13,-0.25,0.32,0.29,6643.0,7165.0
7070.0,-0.6599999999999682,221.0,223.0,100.0,100.0,0.0,0.0,1.05,2.44,4.0,5.0,-0.16,-0.4,0.31,0.25,6679.0,7190.0
7075.0,-0.6599999999999682,222.0,223.0,100.0,100.0,0.0,0.0,1.73,2.85,4.0,5.0,-0.22,-0.56,0.31,0.25,6690.0,7220.0
7080.0,-0.6600000000000819,223.0,224.0,100.0,69.0,0.0,48.0,3.02,3.55,4.0,5.0,-0.4,-0.81,0.29,-0.43,6724.0,7107.0
7085.0,-0.6599999999999682,223.0,220.0,47.0,69.0,45.0,100.0,4.2,3.46,4.0,0.0,-0.76,-0.96,-0.28,-1.85,6634.0,6892.0
7090.0,-0.6599999999999682,219.0,214.0,69.0,0.0,100.0,100.0,5.47,2.85,0.0,0.0,-0.71,-0.61,-1.81,-1.6,6667.0,7704.0
7095.0,-0.660000000000025,214.0,209.5,0.0,0.0,100.0,100.0,6.355,3.3449999999999998,0.0,4.0,-0.7250000000000001,-0.99,-1.825,-1.775,6935.0,7045.5
7100.0,-0.6599999999999682,208.0,204.0,0.0,0.0,100.0,100.0,5.61,3.05,3.0,4.0,-1.16,-1.24,-1.85,-1.7,6850.0,7005.0
7105.0,-0.6599999999999682,203.0,199.0,0.0,0.0,100.0,100.0,3.68,3.52,3.0,0.0,-0.82,-0.78,-1.58,-1.44,6626.0,8084.0
7110.0,-0.6600000000000819,197.0,193.0,0.0,0.0,100.0,100.0,2.38,4.57,3.0,3.0,-1.0,-1.35,-1.88,-1.68,6322.0,7791.0
7115.0,-0.6399999999999864,192.0,188.0,0.0,0.0,100.0,100.0,2.37,3.18,3.0,3.0,-1.0,-0.75,-1.56,-1.35,6207.0,7537.0
7120.0,-0.6399999999999864,187.0,183.0,27.0,0.0,100.0,100.0,3.06,2.91,0.0,3.0,-0.55,-1.17,-1.28,-1.61,7142.0,7197.0
7125.0,-0.6399999999999864,181.0,177.0,0.0,0.0,100.0,100.0,2.89,2.79,2.0,3.0,-0.88,-0.91,-1.62,-1.33,7067.0,7132.0
7130.0,-0.6399999999999864,176.0,172.0,0.0,0.0,100.0,100.0,4.96,6.64,2.0,3.0,-0.6,-0.89,-1.25,-1.42,6547.0,6783.0
7135.0,-0.6400000000001,171.0,167.0,0.0,0.0,100.0,100.0,9.51,10.51,2.0,3.0,-0.98,-1.27,-1.48,-1.42,6609.0,6641.0
7140.0,-0.6400000000001,164.0,162.0,0.0,0.0,98.0,16.0,16.38,12.6,2.0,3.0,-0.92,-1.57,-1.31,-0.7,6306.0,6761.0
7145.0,-0.6399999999999864,159.0,160.0,0.0,25.0,24.0,0.0,18.83,11.19,2.0,3.0,-1.6,-2.02,-0.92,-0.08,6565.0,7245.0
7150.0,-0.6399999999999864,156.0,160.0,0.0,34.0,0.0,0.0,19.03,8.69,2.0,3.0,-2.1,-1.77,-0.37,0.14,6714.0,7289.0
7155.0,-0.6399999999999864,155.0,160.0,17.0,38.0,0.0,0.0,16.69,4.25,2.0,3.0,-2.01,-2.08,-0.09,0.22,6907.0,7310.0
7160.0,-0.6599999999999682,154.0,159.0,27.0,12.0,0.0,37.0,8.38,0.32,2.0,3.0,-2.18,-1.72,0.02,-0.51,6876.0,7065.0
7165.0,-0.6599999999999682,153.0,153.0,33.0,0.0,0.0,100.0,3.37,-0.61,2.0,0.0,-1.8,-0.99,0.09,-1.71,6885.0,7648.0
7170.0,-0.6599999999999682,151.0,147.0,0.0,0.0,61.0,100.0,1.55,0.79,2.0,2.0,-1.47,-1.02,-0.87,-1.48,6523.0,7458.0
7175.0,-0.6599999999999682,145.0,140.0,42.0,0.0,100.0,100.0,-0.56,-1.18,0.0,2.0,-0.49,-0.48,-1.57,-1.48,5590.0,6808.0
7180.0,-0.6399999999999864,138.0,132.0,0.0,0.0,100.0,100.0,-2.78,-6.26,1.0,2.0,-0.4,-0.18,-1.73,-1.54,6971.0,6554.0
7185.0,-0.6399999999999864,130.0,125.0,0.0,0.0,100.0,100.0,-4.11,-5.38,1.0,1.0,0.02,0.18,-1.54,-1.24,6424.0,7910.0
7190.0,-0.6200000000000045,123.0,117.0,0.0,0.0,100.0,100.0,-5.42,-5.58,1.0,1.0,0.23,0.41,-1.29,-1.26,6043.0,7525.0
7195.0,-0.6200000000000045,116.0,111.0,0.0,0.0,100.0,100.0,-11.21,-5.88,1.0,1.0,0.57,0.47,-1.3,-1.09,5675.0,7067.0
7200.0,-0.6200000000000045,109.0,104.0,0.0,0.0,100.0,100.0,-16.57,-10.84,1.0,1.0,0.91,1.0,-1.16,-1.29,5360.0,6747.0
7205.0,-0.6200000000000045,101.0,95.0,0.0,0.0,97.0,83.0,-21.83,-16.85,1.0,1.0,1.5,1.36,-1.41,-1.28,5054.0,6206.0
7210.0,-0.6000000000000227,93.0,87.0,3.0,8.0,45.0,47.0,-26.9,-23.28,1.0,1.0,1.69,2.12,-0.93,-0.76,4793.0,5992.0
7215.0,-0.5799999999999272,87.0,83.0,5.0,17.0,8.0,0.0,-28.5,-24.93,1.0,1.0,2.26,2.12,-0.24,0.09,4933.0,6189.0
7220.0,-0.5800000000000409,85.0,83.0,7.0,26.0,0.0,0.0,-29.38,-25.4,1.0,1.0,2.21,2.12,-0.04,0.21,4895.0,6270.0
7225.0,-0.5600000000000591,83.0,82.0,0.0,0.0,0.0,17.0,-30.13,-26.35,1.0,1.0,2.18,2.01,-0.25,-0.45,4654.0,5883.0
7230.0,-0.5800000000000409,79.0,78.0,0.0,0.0,10.0,17.0,-30.97,-28.01,1.0,1.0,1.77,1.86,-0.4,-0.42,4420.0,5580.0
7235.0,-0.5599999999999454,76.0,77.0,71.0,61.0,3.0,9.0,-31.62,-27.58,1.0,1.0,1.8,1.54,0.24,0.69,4583.0,6217.0
7240.0,-0.5599999999999454,79.0,81.0,70.0,57.0,1.0,0.0,-30.14,-19.6,1.0,1.0,1.76,2.04,0.36,0.62,4817.0,6543.0
7245.0,-0.5800000000000409,82.0,85.0,67.0,60.0,0.0,0.0,-22.02,-4.77,1.0,1.0,1.54,1.65,0.52,0.68,5025.0,6931.0
7250.0,-0.5800000000000409,86.0,90.0,81.0,69.0,0.0,0.0,-11.3,5.34,1.0,1.0,1.44,1.45,0.7,0.78,5313.0,7335.0
7255.0,-0.599999999999909,91.0,94.0,77.0,81.0,0.0,0.0,-9.17,-0.03,1.0,1.0,1.35,1.53,0.77,0.9,5712.0,7822.0
7260.0,-0.6000000000000227,96.0,99.0,75.0,78.0,0.0,0.0,-2.76,13.72,1.0,1.0,1.32,1.27,0.77,0.82,6000.0,8153.0
7265.0,-0.599999999999909,100.0,102.0,75.0,0.0,0.0,0.0,-0.76,16.05,1.0,0.0,1.22,1.19,0.53,0.06,6467.0,8133.0
7270.0,-0.6200000000000045,104.0,107.0,77.0,96.0,0.0,0.0,1.58,13.09,1.0,2.0,1.12,0.1,0.59,1.15,6697.0,6144.0
7275.0,-0.6000000000000227,108.0,111.0,87.0,100.0,0.0,0.0,7.11,8.17,1.0,2.0,0.64,-0.71,0.81,0.67,6560.0,6463.0
7280.0,-0.6200000000000045,111.0,115.0,82.0,100.0,0.0,0.0,14.16,9.6,2.0,2.0,-0.84,-1.03,0.97,0.74,5427.0,6655.0
7285.0,-0.6200000000000045,115.0,119.0,85.0,97.0,0.0,0.0,14.24,11.81,2.0,2.0,-1.22,-1.32,0.61,0.68,5465.0,6955.0
7290.0,-0.6200000000000045,118.0,123.0,82.0,97.0,0.0,0.0,11.86,12.98,2.0,2.0,-1.78,-1.67,0.54,0.72,5585.0,7056.0
7295.0,-0.6200000000000045,121.0,125.0,86.0,95.0,0.0,0.0,12.24,10.8,2.0,2.0,-1.76,-1.71,0.53,0.64,5605.0,7351.0
7300.0,-0.6399999999999864,124.0,128.0,87.0,100.0,0.0,0.0,12.28,6.62,2.0,2.0,-1.44,-1.5,0.62,0.57,5750.0,7494.0
7305.0,-0.6400000000001,126.0,131.0,88.0,100.0,0.0,0.0,12.22,4.55,2.0,2.0,-1.53,-1.53,0.49,0.79,5958.0,7636.0
7310.0,-0.6399999999999864,129.0,134.0,86.0,98.0,0.0,0.0,11.86,5.0,2.0,2.0,-1.26,-1.5,0.39,0.68,6016.0,8065.0
7315.0,-0.6600000000000819,131.0,136.0,81.0,99.0,0.0,0.0,9.85,2.07,2.0,2.0,-1.75,-1.72,0.58,0.68,6195.0,7999.0
7320.0,-0.6599999999999682,134.0,139.0,86.0,100.0,0.0,0.0,2.36,-0.32,2.0,2.0,-1.58,-1.23,0.6,0.63,6344.0,8189.0
7325.0,-0.6599999999999682,136.0,141.0,86.0,99.0,0.0,0.0,-0.55,-2.95,2.0,2.0,-1.17,-1.2,0.46,0.65,6502.0,8483.0
7330.0,-0.6599999999999682,138.0,143.0,87.0,0.0,0.0,0.0,0.35,0.51,2.0,0.0,-1.19,-1.34,0.56,-0.03,6572.0,8313.0
7335.0,-0.6599999999999682,140.0,145.0,85.0,99.0,0.0,0.0,1.65,-0.15,2.0,3.0,-1.21,-1.16,0.62,0.88,6773.0,6954.0
7340.0,-0.67999999999995,142.0,147.0,88.0,100.0,0.0,0.0,-0.93,-2.13,2.0,3.0,-1.19,-1.19,0.57,0.55,6797.0,7010.0
7345.0,-0.67999999999995,144.0,150.0,93.0,100.0,0.0,0.0,-1.09,0.0,2.0,3.0,-1.24,-1.32,0.62,0.59,6814.0,7017.0
7350.0,-0.67999999999995,147.0,152.0,99.0,100.0,0.0,0.0,2.15,0.23,2.0,3.0,-1.24,-0.97,0.63,0.57,6862.0,7044.0
7355.0,-0.6800000000000637,150.0,154.0,100.0,100.0,0.0,0.0,2.37,5.23,2.0,3.0,-0.92,-0.82,0.58,0.54,6935.0,7213.0
7360.0,-0.6800000000000637,152.0,157.0,100.0,100.0,0.0,0.0,2.55,2.66,2.0,3.0,-0.85,-1.02,0.59,0.61,7077.0,7245.0
7365.0,-0.7000000000000455,154.0,159.0,0.0,100.0,0.0,0.0,2.25,2.33,0.0,3.0,-0.92,-0.94,0.0,0.51,6943.0,7376.0
7370.0,-0.7000000000000455,156.0,161.0,100.0,100.0,0.0,0.0,1.55,2.23,3.0,3.0,-0.66,-1.02,0.7,0.5,5882.0,7619.0
7375.0,-0.7000000000000455,158.0,163.0,100.0,100.0,0.0,0.0,1.61,0.69,3.0,3.0,-0.73,-0.93,0.65,0.58,5935.0,7554.0
7380.0,-0.7000000000000455,160.0,165.0,100.0,100.0,0.0,0.0,1.39,0.89,3.0,3.0,-0.53,-0.73,0.58,0.55,5958.0,7658.0
7385.0,-0.7000000000000455,163.0,167.0,100.0,100.0,0.0,0.0,1.11,-0.09,3.0,3.0,-0.49,-0.55,0.62,0.66,6110.0,7794.0
7390.0,-0.6999999999999318,165.0,169.0,100.0,100.0,0.0,0.0,0.53,-0.13,3.0,3.0,-0.44,-0.58,0.53,0.58,6108.0,7785.0
7395.0,-0.7199999999999136,167.0,171.0,100.0,100.0,0.0,0.0,0.34,-0.07,3.0,3.0,-0.26,-0.34,0.55,0.55,6190.0,8081.0
7400.0,-0.7200000000000273,169.0,173.0,100.0,100.0,0.0,0.0,0.45,-0.04,3.0,3.0,-0.22,-0.29,0.64,0.55,6259.0,7967.0
7405.0,-0.7200000000000273,171.0,175.0,100.0,100.0,0.0,0.0,0.16,-0.79,3.0,3.0,-0.11,-0.07,0.52,0.58,6374.0,8114.0
7410.0,-0.7200000000000273,173.0,177.0,100.0,100.0,0.0,0.0,0.28,-0.98,3.0,3.0,-0.11,0.06,0.55,0.52,6407.0,8127.0
7415.0,-0.7200000000000273,175.0,179.0,100.0,100.0,0.0,0.0,0.59,-0.91,3.0,3.0,-0.1,0.16,0.46,0.47,6504.0,8297.0
7420.0,-0.7199999999999136,176.0,181.0,100.0,100.0,0.0,0.0,0.22,-0.44,3.0,3.0,-0.05,0.28,0.49,0.5,6571.0,8345.0
7425.0,-0.7200000000000273,178.0,182.0,100.0,100.0,0.0,0.0,0.42,-0.27,3.0,3.0,-0.01,0.31,0.52,0.49,6613.0,8372.0
7430.0,-0.7200000000000273,180.0,184.0,100.0,100.0,0.0,0.0,0.44,-0.22,3.0,3.0,-0.03,0.23,0.47,0.45,6663.0,8459.0
7435.0,-0.7300000000000182,182.0,184.0,100.0,50.0,0.0,0.0,0.8,0.22499999999999998,3.0,0.0,-0.06,0.185,0.45,-0.06,6759.0,8231.0
7440.0,-0.7400000000000091,183.0,186.0,100.0,100.0,0.0,0.0,0.66,0.49,3.0,4.0,-0.05,0.18,0.5,0.47,6815.0,7129.0
7445.0,-0.7399999999998954,185.0,188.0,100.0,100.0,0.0,0.0,0.19,0.71,3.0,4.0,-0.04,0.03,0.48,0.43,6840.0,7224.0
7450.0,-0.7400000000000091,186.0,189.0,100.0,100.0,0.0,0.0,0.31,0.46,3.0,4.0,-0.04,-0.01,0.45,0.4,6915.0,7288.0
7455.0,-0.7400000000000091,188.0,191.0,100.0,100.0,0.0,0.0,0.42,0.46,3.0,4.0,0.0,-0.04,0.49,0.43,7021.0,7333.0
7460.0,-0.75,190.0,192.0,100.0,100.0,0.0,0.0,0.32,0.64,3.0,4.0,0.0,-0.07,0.455,0.39,7012.5,7386.0
7465.0,-0.7399999999998954,191.0,193.0,100.0,100.0,0.0,0.0,0.34,0.51,3.0,4.0,-0.03,-0.09,0.35,0.38,7127.0,7476.0
7470.0,-0.7400000000000091,192.0,195.0,0.0,100.0,0.0,0.0,0.63,0.76,0.0,4.0,-0.04,-0.07,-0.08,0.46,6739.0,7453.0
7475.0,-0.7599999999999909,193.0,196.0,100.0,100.0,0.0,0.0,0.54,0.68,4.0,4.0,-0.06,-0.1,0.38,0.39,5849.0,7531.0
7480.0,-0.7400000000000091,194.0,197.0,100.0,100.0,0.0,0.0,0.57,1.01,4.0,4.0,-0.1,-0.14,0.42,0.37,5874.0,7603.0
7485.0,-0.7500000000000568,196.0,198.5,100.0,100.0,0.0,0.0,0.71,1.27,4.0,4.0,-0.12,-0.16499999999999998,0.37,0.375,5926.0,7632.0
7490.0,-0.75,197.0,200.0,100.0,100.0,0.0,0.0,0.865,1.9,4.0,4.0,-0.11499999999999999,-0.26,0.4,0.41,5958.0,7673.0
7495.0,-0.75,198.0,201.0,100.0,100.0,0.0,0.0,1.28,2.34,4.0,4.0,-0.18,-0.33999999999999997,0.41,0.33,5974.0,7760.0
7500.0,-0.7599999999999909,200.0,202.0,100.0,100.0,0.0,0.0,1.92,2.61,4.0,4.0,-0.33,-0.48,0.4,0.36,6056.0,7770.0
7505.0,-0.7599999999999909,201.0,203.0,100.0,100.0,0.0,0.0,2.4,2.59,4.0,4.0,-0.43,-0.58,0.35,0.36,6057.0,7832.0
7510.0,-0.7599999999999909,202.0,205.0,100.0,100.0,0.0,0.0,3.09,2.69,4.0,4.0,-0.57,-0.77,0.42,0.4,6113.0,7878.0
7515.0,-0.7599999999999909,203.0,206.0,100.0,100.0,0.0,0.0,3.13,3.28,4.0,4.0,-0.76,-0.87,0.4,0.38,6143.0,7912.0
7520.0,-0.7499999999999432,204.5,207.0,100.0,100.0,0.0,0.0,3.34,3.22,4.0,4.0,-0.915,-1.08,0.39,0.38,6188.5,7948.0
7525.0,-0.7599999999999909,206.0,208.0,100.0,100.0,0.0,0.0,3.38,2.92,4.0,4.0,-1.07,-1.17,0.41,0.37,6196.0,7984.0
7530.0,-0.7599999999999909,207.0,209.0,100.0,100.0,0.0,0.0,3.19,2.72,4.0,4.0,-1.14,-1.17,0.4,0.4,6257.0,8010.0
7535.0,-0.7700000000000387,208.0,210.0,100.0,100.0,0.0,0.0,3.25,2.08,4.0,4.0,-0.86,-0.915,0.33,0.36,6323.0,8134.5
7540.0,-0.7599999999999909,209.0,211.0,100.0,100.0,0.0,0.0,3.34,2.3,4.0,4.0,-0.96,-1.37,0.37,0.43,6380.0,8129.0
7545.0,-0.7599999999999909,210.0,212.0,100.0,100.0,0.0,0.0,2.85,1.78,4.0,4.0,-1.21,-1.08,0.4,0.36,6337.0,8137.0
7550.0,-0.7699999999999818,211.0,213.0,100.0,100.0,0.0,0.0,3.145,1.87,4.0,4.0,-0.6950000000000001,-0.48,0.33499999999999996,0.27,6420.5,8296.0
7555.0,-0.7699999999999818,212.0,214.0,100.0,100.0,0.0,0.0,3.64,1.915,4.0,4.0,-0.76,-0.865,0.4,0.485,6723.0,8370.5
7560.0,-0.7599999999999909,213.0,215.0,100.0,100.0,0.0,0.0,3.58,2.15,4.0,4.0,-0.89,-1.13,0.37,0.3,6488.0,8322.0
7565.0,-0.7599999999999909,214.0,216.0,100.0,100.0,0.0,0.0,3.85,1.97,4.0,4.0,-1.11,-1.15,0.38,0.4,6654.0,8280.0
7570.0,-0.7599999999999909,216.0,216.0,100.0,0.0,0.0,0.0,3.1,2.37,4.0,0.0,-1.04,-1.19,0.41,-0.08,6492.0,8122.0
7575.0,-0.7799999999999727,217.0,217.0,100.0,100.0,0.0,0.0,2.88,1.71,4.0,5.0,-1.53,-1.44,0.43,0.71,6535.0,6900.0
7580.0,-0.7799999999999727,218.0,218.0,100.0,100.0,0.0,0.0,2.05,1.42,4.0,5.0,-1.29,-1.08,0.39,0.32,6519.0,7049.0
7585.0,-0.7699999999999818,219.0,219.0,100.0,100.0,0.0,0.0,2.2,1.115,4.0,5.0,-0.89,-0.77,0.35,0.31999999999999995,6611.0,7164.5
7590.0,-0.7599999999999909,219.0,220.0,100.0,100.0,0.0,0.0,2.28,1.26,4.0,5.0,-0.86,-1.11,0.37,0.34,6632.0,7120.0
7595.0,-0.7599999999999909,221.0,221.0,100.0,100.0,0.0,0.0,1.57,0.23,4.0,5.0,-0.94,-1.08,0.37,0.35,6667.0,7112.0
7600.0,-0.7599999999999909,222.0,222.0,100.0,100.0,0.0,0.0,0.84,-0.63,4.0,5.0,-0.72,-0.63,0.36,0.31,6663.0,7166.0
7605.0,-0.7599999999999909,223.0,223.0,100.0,100.0,0.0,0.0,0.71,-0.03,4.0,5.0,-0.45,-0.5,0.32,0.32,6757.0,7270.0
7610.0,-0.7599999999999909,224.0,224.0,100.0,100.0,0.0,0.0,0.68,-0.18,4.0,5.0,-0.6,-0.49,0.42,0.34,6751.0,7189.0
7615.0,-0.7599999999999909,225.0,225.0,100.0,99.0,0.0,0.0,0.39,-0.33,4.0,5.0,-0.48,-0.22,0.35,0.29,6742.0,7248.0
7620.0,-0.7599999999999909,225.0,224.0,100.0,33.0,0.0,87.0,0.07,-0.69,4.0,5.0,-0.23,-0.1,0.27,-1.29,6821.0,6934.0
7625.0,-0.7600000000001046,225.0,219.0,41.0,0.0,70.0,100.0,-0.31,-1.05,4.0,0.0,-0.2,0.03,-0.94,-1.99,6625.0,8038.0
7630.0,-0.7599999999999909,220.0,213.0,69.0,0.0,100.0,100.0,-0.42,-0.58,0.0,4.0,-0.06,0.1,-1.99,-1.9,7070.0,7833.0
7635.0,-0.7599999999999909,214.0,208.5,0.0,0.0,100.0,100.0,-0.485,-0.29000000000000004,3.0,4.0,0.04,0.10500000000000001,-1.885,-1.675,7246.5,7345.0
7640.0,-0.7599999999999909,208.0,201.0,0.0,0.0,100.0,100.0,-0.36,-0.51,3.0,4.0,0.1,0.2,-2.06,-2.32,6793.0,7049.0
7645.0,-0.7599999999999909,202.0,196.0,0.0,69.0,100.0,100.0,-0.47,-0.95,3.0,0.0,0.15,0.34,-2.15,-1.83,6941.0,8385.0
7650.0,-0.7599999999999909,194.0,190.0,0.0,0.0,100.0,100.0,-1.1,-1.96,3.0,3.0,0.31,0.39,-1.86,-1.88,6656.0,8191.0
7655.0,-0.7599999999999909,188.0,183.0,0.0,0.0,100.0,100.0,-1.74,-3.49,3.0,3.0,0.36,0.62,-1.76,-1.75,6442.0,7553.0
7660.0,-0.7400000000000091,183.0,176.0,69.0,0.0,100.0,100.0,-1.95,-3.87,0.0,3.0,0.57,0.83,-1.92,-1.71,7108.0,7646.0
7665.0,-0.7599999999999909,175.0,171.0,0.0,0.0,100.0,100.0,-2.9,-4.8,2.0,3.0,0.51,0.8,-1.61,-1.52,7173.0,7019.0
7670.0,-0.7400000000000091,169.0,164.0,0.0,0.0,100.0,100.0,-4.52,-3.47,2.0,3.0,0.72,1.03,-1.79,-1.68,6829.0,6590.0
7675.0,-0.7400000000000091,163.0,158.0,0.0,0.0,100.0,100.0,-6.51,-1.56,2.0,3.0,1.17,1.23,-1.76,-1.56,6338.0,6481.0
7680.0,-0.7400000000000091,156.0,151.0,0.0,0.0,100.0,100.0,-5.52,-2.27,2.0,3.0,1.18,1.05,-1.44,-1.5,6142.0,6003.0
7685.0,-0.7400000000000091,149.0,145.0,0.0,12.0,100.0,85.0,-2.57,-6.6,2.0,3.0,1.31,1.25,-1.54,-1.38,5760.0,5904.0
7690.0,-0.7200000000000273,143.0,140.0,23.0,21.0,27.0,26.0,-2.36,-12.41,2.0,3.0,1.66,1.69,-0.68,-0.29,5804.0,6273.0
7695.0,-0.7200000000000273,142.0,138.0,34.0,9.0,0.0,3.0,-10.9,-13.0,2.0,3.0,1.65,1.76,0.08,-0.21,6423.0,6162.0
7700.0,-0.7200000000000273,141.0,137.0,18.0,17.0,0.0,0.0,-16.45,-14.18,2.0,3.0,1.96,1.93,0.05,0.03,6350.0,6242.0
7705.0,-0.7200000000000273,140.0,137.0,13.0,9.0,11.0,0.0,-17.56,-15.34,2.0,3.0,1.89,1.75,-0.19,-0.05,6214.0,6159.0
7710.0,-0.7200000000000273,138.0,136.0,12.0,9.0,10.0,4.0,-18.2,-16.16,2.0,3.0,1.85,2.07,-0.24,-0.12,6119.0,6108.0
7715.0,-0.7000000000000455,136.0,134.0,12.0,7.0,14.0,6.0,-18.4,-16.66,2.0,3.0,1.92,1.98,-0.31,-0.23,6028.0,5999.0
7720.0,-0.6999999999999318,134.0,133.0,24.0,61.0,13.0,0.0,-18.71,-16.54,2.0,3.0,2.1,1.71,-0.3,0.35,5972.0,6263.0
7725.0,-0.7199999999999136,133.0,134.0,59.0,72.0,7.0,0.0,-19.14,-16.82,2.0,3.0,1.67,1.36,-0.03,0.16,6061.0,7011.0
7730.0,-0.7199999999999136,133.0,136.0,51.0,66.0,8.0,0.0,-19.24,-16.78,2.0,3.0,2.08,2.36,0.0,0.42,6014.0,6359.0
7735.0,-0.6999999999999318,133.0,137.0,42.0,59.0,11.0,5.0,-19.32,-16.58,2.0,3.0,1.82,2.19,0.0,0.33,6007.0,6415.0
7740.0,-0.7200000000000273,132.0,137.0,40.0,56.0,12.0,6.0,-19.15,-16.6,2.0,3.0,2.1,1.91,-0.04,0.19,5965.0,6383.0
7745.0,-0.7200000000000273,131.0,137.0,56.0,46.0,11.0,7.0,-18.95,-16.67,2.0,3.0,1.6,1.49,0.05,0.14,6030.0,6445.0
7750.0,-0.7400000000000091,131.0,137.0,52.0,49.0,9.0,5.0,-18.69,-15.7,2.0,3.0,1.7,1.99,0.1,0.22,6105.0,6433.0
7755.0,-0.7400000000000091,131.0,138.0,73.0,64.0,0.0,0.0,-14.31,-11.21,2.0,3.0,1.76,1.71,0.36,0.34,6178.0,6538.0
7760.0,-0.7599999999999909,133.0,139.0,79.0,76.0,0.0,0.0,-3.53,-2.54,2.0,3.0,1.83,2.0,0.55,0.63,6359.0,6613.0
7765.0,-0.7400000000000091,135.0,141.0,82.0,80.0,0.0,0.0,-2.11,-0.32,2.0,3.0,1.82,1.46,0.59,0.54,6353.0,6801.0
7770.0,-0.7599999999999909,137.0,142.0,80.0,96.0,0.0,0.0,-1.81,2.06,2.0,3.0,1.41,1.47,0.57,0.52,6554.0,6914.0
7775.0,-0.7799999999999727,139.0,144.0,81.0,96.0,0.0,0.0,-0.33,3.94,2.0,3.0,1.28,1.4,0.58,0.53,6669.0,7045.0
7780.0,-0.7599999999999909,140.0,147.0,80.0,100.0,0.0,0.0,-0.52,3.97,2.0,3.0,1.58,1.74,0.51,0.58,6827.0,6934.0
7785.0,-0.7599999999999909,142.0,148.0,87.0,100.0,0.0,0.0,0.19,-1.71,2.0,3.0,1.49,0.98,0.52,0.45,6677.0,7181.0
7790.0,-0.7799999999999727,144.0,150.0,86.0,100.0,0.0,0.0,0.46,-2.28,2.0,3.0,1.12,1.56,0.53,0.7,6961.0,7282.0
7795.0,-0.7799999999999727,146.0,152.0,94.0,100.0,0.0,0.0,0.02,-3.89,2.0,3.0,1.44,1.24,0.64,0.48,6832.0,7220.0
7800.0,-0.7799999999999727,148.0,154.0,91.0,100.0,0.0,0.0,-3.23,-2.98,2.0,3.0,0.99,1.44,0.41,0.68,7182.0,7401.0
7805.0,-0.7999999999999545,151.0,156.0,100.0,100.0,0.0,0.0,-3.23,-3.17,2.0,3.0,1.31,1.64,0.55,0.54,6990.0,7446.0
7810.0,-0.7999999999999545,153.0,158.0,100.0,100.0,0.0,0.0,-3.93,-1.24,2.0,3.0,1.15,1.4,0.61,0.54,7133.0,7529.0
7815.0,-0.7999999999999545,154.0,160.0,92.0,100.0,0.0,0.0,-4.21,0.53,3.0,3.0,0.88,1.23,0.7,0.5,6137.0,7783.0
7820.0,-0.82000000000005,156.0,161.0,97.0,100.0,0.0,0.0,-4.33,1.83,3.0,3.0,0.97,1.54,0.53,0.68,6017.0,7733.0
7825.0,-0.8000000000000682,158.0,163.0,100.0,100.0,0.0,0.0,-4.81,0.87,3.0,3.0,1.2,1.7,0.53,0.56,5966.0,7831.0
7830.0,-0.82000000000005,161.0,165.0,100.0,100.0,0.0,0.0,-4.34,1.09,3.0,3.0,1.66,2.51,0.58,0.65,6004.0,7707.0
7835.0,-0.82000000000005,163.0,167.0,100.0,100.0,0.0,0.0,-4.2,0.6,3.0,3.0,1.81,1.92,0.57,0.53,6014.0,7666.0
7840.0,-0.82000000000005,165.0,168.0,100.0,100.0,0.0,0.0,-4.16,0.86,3.0,3.0,1.31,1.06,0.51,0.52,6081.0,7725.0
7845.0,-0.8199999999999363,166.0,170.0,100.0,100.0,0.0,0.0,-5.17,-2.45,3.0,3.0,1.1,0.72,0.46,0.53,6194.0,7837.0
7850.0,-0.8199999999999363,168.0,172.0,100.0,100.0,0.0,0.0,-4.96,-3.75,3.0,3.0,1.36,0.96,0.47,0.49,6224.0,7879.0
7855.0,-0.8199999999999363,170.0,174.0,100.0,100.0,0.0,0.0,-4.35,-2.75,3.0,3.0,1.4,1.06,0.46,0.44,6266.0,7954.0
7860.0,-0.8400000000000318,172.0,175.0,100.0,100.0,0.0,0.0,-3.06,-1.9,3.0,3.0,1.1,1.05,0.44,0.43,6344.0,8026.0
7865.0,-0.8400000000000318,173.0,176.0,100.0,100.0,0.0,0.0,-2.44,-0.37,3.0,3.0,0.91,0.81,0.41,0.41,6383.0,8089.0
7870.0,-0.8400000000000318,174.0,176.0,78.0,18.0,14.0,67.0,-0.64,2.2,3.0,3.0,0.59,0.38,0.14,-1.23,6403.0,7777.0
7875.0,-0.8199999999999363,172.0,167.0,69.0,0.0,71.0,100.0,1.65,6.0,0.0,3.0,0.2,-0.58,-1.91,-2.27,7236.0,7407.0
7880.0,-0.8399999999999181,161.0,159.0,0.0,0.0,100.0,100.0,4.54,9.83,2.0,3.0,-0.48,-1.15,-2.56,-1.97,6980.0,7003.0
7885.0,-0.8199999999999363,154.0,154.0,0.0,14.0,99.0,5.0,7.14,10.32,2.0,3.0,-0.78,-1.28,-2.09,-0.46,6675.0,6897.0
7890.0,-0.8399999999999181,146.0,153.0,5.0,7.0,42.0,0.0,12.73,12.44,2.0,3.0,-1.12,-1.19,-1.15,-0.26,6284.0,6880.0
7895.0,-0.8399999999999181,144.0,151.0,18.0,10.0,0.0,0.0,14.4,11.23,2.0,3.0,-1.66,-2.15,-0.21,-0.24,6487.0,6826.0
7900.0,-0.8399999999999181,143.0,149.0,26.0,0.0,0.0,0.0,15.13,14.3,2.0,3.0,-1.79,-1.57,-0.13,-0.3,6406.0,6693.0
7905.0,-0.8400000000000318,142.0,148.0,20.0,0.0,0.0,0.0,16.2,16.36,2.0,3.0,-1.31,-1.55,-0.13,-0.32,6372.0,6605.0
7910.0,-0.8600000000000136,141.0,146.0,19.0,0.0,0.0,0.0,17.87,16.78,2.0,3.0,-1.87,-2.24,-0.16,-0.31,6378.0,6532.0
7915.0,-0.8600000000000136,140.0,144.0,19.0,0.0,0.0,0.0,19.03,17.11,2.0,3.0,-1.58,-1.66,-0.17,-0.3,6323.0,6426.0
7920.0,-0.8599999999999,139.0,141.0,20.0,0.0,0.0,0.0,19.9,16.95,2.0,3.0,-2.28,-2.54,-0.14,-0.31,6260.0,6303.0
7925.0,-0.8600000000000136,138.0,140.0,34.0,72.0,0.0,0.0,20.35,16.25,2.0,3.0,-1.92,-2.13,-0.1,0.28,6247.0,6797.0
7930.0,-0.8599999999999,137.0,140.0,80.0,52.0,0.0,0.0,20.25,15.2,2.0,3.0,-2.43,-2.59,0.12,0.14,6297.0,6522.0
7935.0,-0.8599999999999,137.0,139.0,78.0,50.0,0.0,0.0,19.88,12.46,2.0,3.0,-2.32,-3.02,0.17,0.19,6371.0,6536.0
7940.0,-0.8600000000000136,137.0,139.0,77.0,58.0,0.0,0.0,16.96,8.03,2.0,3.0,-3.14,-2.92,0.18,0.16,6323.0,6500.0
7945.0,-0.8799999999999955,137.0,139.0,72.0,50.0,0.0,0.0,13.11,5.72,2.0,3.0,-2.72,-1.88,0.2,0.18,6593.0,6426.0
7950.0,-0.8600000000000136,137.0,138.0,77.0,46.0,0.0,0.0,4.9,-6.68,2.0,3.0,-1.41,-1.45,-0.03,0.24,6810.0,6942.0
7955.0,-0.8799999999999955,137.0,139.0,69.0,52.0,0.0,0.0,-4.84,-9.1,2.0,3.0,-1.39,-1.15,0.25,0.19,7157.0,6604.0
7960.0,-0.8600000000000136,137.0,140.0,91.0,64.0,0.0,0.0,-6.98,4.26,2.0,3.0,-1.23,-1.49,0.04,0.53,7342.0,6582.0
7965.0,-0.8799999999999955,138.0,140.0,60.0,71.0,0.0,0.0,-11.79,7.31,2.0,3.0,-1.31,-0.98,0.21,0.07,6846.0,6919.0
7970.0,-0.8799999999999955,138.0,142.0,55.0,96.0,0.0,0.0,-17.6,-0.35,2.0,3.0,-1.35,-1.07,0.4,0.69,7108.0,6876.0
7975.0,-0.8799999999999955,138.0,143.0,63.0,97.0,0.0,0.0,-17.97,-1.89,2.0,3.0,-0.9,-0.8,0.23,0.29,6842.0,7171.0
7980.0,-0.8799999999999955,140.0,145.0,69.0,97.0,0.0,0.0,-14.3,-6.65,2.0,3.0,-1.04,-1.48,0.36,0.64,6861.0,7006.0
7985.0,-0.8999999999999773,142.0,147.0,100.0,98.0,0.0,0.0,2.38,-7.39,2.0,3.0,-0.81,-0.75,0.46,0.24,6526.0,6976.0
7990.0,-0.8999999999999773,143.0,149.0,98.0,100.0,0.0,0.0,2.71,-6.34,2.0,3.0,-0.48,-0.83,0.48,0.55,6918.0,6904.0
7995.0,-0.8999999999999773,146.0,150.0,100.0,100.0,0.0,0.0,2.8,2.45,2.0,3.0,-0.69,-0.57,0.48,0.42,6711.0,6960.0
8000.0,-0.8999999999999773,148.0,152.0,100.0,100.0,0.0,0.0,0.88,2.31,2.0,3.0,-0.56,-0.23,0.49,0.35,6758.0,7060.0
8005.0,-0.9199999999999591,150.0,153.0,89.0,100.0,0.0,0.0,1.38,1.55,2.0,3.0,-0.31,-0.45,0.24,0.61,7238.0,7580.0
8010.0,-0.9199999999999591,152.0,155.0,100.0,100.0,0.0,0.0,1.47,0.33,2.0,3.0,-0.49,-0.61,0.39,0.37,6945.0,7229.0
8015.0,-0.8999999999999773,153.0,157.0,0.0,100.0,0.0,0.0,1.21,-0.08,0.0,3.0,-0.55,-0.6,-0.23,0.5,7020.0,7336.0
8020.0,-0.9200000000000728,154.0,159.0,100.0,100.0,0.0,0.0,1.14,-0.02,3.0,3.0,-0.54,-0.48,0.56,0.43,5736.0,7341.0
8025.0,-0.9200000000000728,156.0,161.0,100.0,100.0,0.0,0.0,0.83,0.21,3.0,3.0,-0.37,-0.26,0.41,0.42,5795.0,7464.0
8030.0,-0.9200000000000728,158.0,162.0,100.0,100.0,0.0,0.0,1.0,0.28,3.0,3.0,-0.26,-0.14,0.4,0.36,5875.0,7603.0
8035.0,-0.9400000000000546,159.0,164.0,100.0,100.0,0.0,0.0,0.84,0.24,3.0,3.0,-0.3,-0.17,0.51,0.5,5983.0,7555.0
8040.0,-0.9199999999999591,161.0,165.0,100.0,100.0,0.0,0.0,0.85,0.21,3.0,3.0,-0.23,-0.08,0.38,0.17,5992.0,7930.0
8045.0,-0.9399999999999409,163.0,167.0,100.0,100.0,0.0,0.0,0.5,0.25,3.0,3.0,-0.3,-0.1,0.7,0.47,6111.0,7740.0
8050.0,-0.9399999999999409,164.0,169.0,100.0,100.0,0.0,0.0,-0.37,0.22,3.0,3.0,-0.19,-0.09,0.39,0.43,6169.0,7776.0
8055.0,-0.9399999999999409,166.0,170.0,100.0,100.0,0.0,0.0,0.04,0.37,3.0,3.0,-0.09,-0.09,0.41,0.42,6179.0,7879.0
8060.0,-0.9400000000000546,168.0,172.0,100.0,100.0,0.0,0.0,0.21,0.48,3.0,3.0,-0.05,-0.08,0.44,0.39,6262.0,7946.0
8065.0,-0.9400000000000546,169.0,173.0,100.0,100.0,0.0,0.0,0.16,0.69,3.0,3.0,-0.03,-0.1,0.32,0.41,6375.0,8170.0
8070.0,-0.9600000000000364,171.0,175.0,100.0,100.0,0.0,0.0,0.24,0.66,3.0,3.0,-0.02,-0.14,0.39,0.39,6362.0,8133.0
8075.0,-0.9599999999999227,172.0,176.0,100.0,100.0,0.0,0.0,0.38,0.59,3.0,3.0,-0.04,-0.19,0.45,0.44,6457.0,8151.0
8080.0,-0.9599999999999227,174.0,178.0,100.0,100.0,0.0,0.0,0.97,0.59,3.0,3.0,-0.12,-0.24,0.4,0.42,6483.0,8214.0
8085.0,-0.9399999999999409,175.0,179.0,100.0,100.0,0.0,0.0,0.77,0.49,3.0,3.0,-0.17,-0.21,0.42,0.38,6519.0,8285.0
8090.0,-0.9400000000000546,177.0,180.0,100.0,100.0,0.0,0.0,0.73,0.36,3.0,4.0,-0.2,-0.18,0.4,0.78,6604.0,7263.0
8095.0,-0.9600000000000364,179.0,181.0,100.0,100.0,0.0,0.0,0.63,0.44,3.0,4.0,-0.22,-0.22,0.42,0.36,6629.0,6970.0
8100.0,-0.9800000000000182,180.0,182.0,100.0,100.0,0.0,0.0,0.49,0.42,3.0,4.0,-0.2,-0.21,0.42,0.37,6692.0,7047.0
8105.0,-0.9799999999999045,182.0,184.0,100.0,100.0,0.0,0.0,0.35,0.41,3.0,4.0,-0.18,-0.22,0.42,0.37,6753.0,7073.0
8110.0,-0.9800000000000182,183.0,185.0,100.0,100.0,0.0,0.0,0.36,0.46,3.0,4.0,-0.16,-0.18,0.4,0.36,6796.0,7133.0
8115.0,-0.9600000000000364,184.0,186.0,100.0,100.0,0.0,0.0,0.3,0.38,3.0,4.0,-0.12,-0.19,0.41,0.39,6870.0,7180.0
8120.0,-0.9600000000000364,186.0,188.0,100.0,100.0,0.0,0.0,0.25,0.43,3.0,4.0,-0.12,-0.18,0.4,0.36,6887.0,7240.0
8125.0,-0.9599999999999227,187.0,189.0,100.0,100.0,0.0,0.0,0.31,0.43,3.0,4.0,-0.11,-0.21,0.48,0.41,7017.0,7303.0
8130.0,-0.9699999999999704,189.0,190.0,100.0,100.0,0.0,0.0,0.22,0.415,3.0,4.0,-0.11,-0.20500000000000002,0.43,0.38,7000.0,7313.5
8135.0,-0.9800000000000182,190.0,191.0,100.0,100.0,0.0,0.0,0.21,0.5,3.0,4.0,-0.1,-0.22,0.42,0.39,7036.0,7380.0
8140.0,-0.9600000000000364,191.0,193.0,0.0,100.0,0.0,0.0,0.24,0.5,0.0,4.0,-0.09,-0.21,-0.14,0.37,6828.0,7395.0
8145.0,-0.9600000000000364,191.0,194.0,100.0,100.0,0.0,0.0,0.19,0.56,4.0,4.0,-0.07,-0.22,0.4,0.38,5882.0,7498.0
8150.0,-0.9800000000000182,193.0,195.0,100.0,100.0,0.0,0.0,0.17,0.6,4.0,4.0,-0.07,-0.25,0.41,0.37,5837.0,7497.0
8155.0,-0.9700000000000273,194.0,196.0,100.0,100.0,0.0,0.0,0.155,0.59,4.0,4.0,-0.06,-0.27,0.375,0.39,5886.0,7562.0
8160.0,-0.9800000000000182,195.0,197.0,100.0,100.0,0.0,0.0,0.24,0.6,4.0,4.0,-0.07,-0.27,0.38,0.39,5929.0,7582.0
8165.0,-0.9800000000000182,197.0,199.0,100.0,100.0,0.0,0.0,0.28,0.59,4.0,4.0,-0.08,-0.28,0.41,0.39,5946.0,7666.0
8170.0,-0.9699999999999704,198.0,200.0,100.0,100.0,0.0,0.0,0.27,0.58,4.0,4.0,-0.09,-0.31,0.4,0.395,6002.0,7690.0
8175.0,-0.9800000000000182,199.0,201.0,100.0,100.0,0.0,0.0,0.51,0.59,4.0,4.0,-0.12,-0.32,0.38,0.38,6031.0,7721.0
8180.0,-0.9800000000000182,200.0,203.0,100.0,100.0,0.0,0.0,0.68,0.56,4.0,4.0,-0.15,-0.31,0.39,0.38,6066.0,7793.0
8185.0,-0.9799999999999045,202.0,204.0,100.0,100.0,0.0,0.0,0.53,0.6,4.0,4.0,-0.19,-0.33,0.39,0.38,6083.0,7811.0
8190.0,-0.9800000000000182,203.0,205.0,100.0,100.0,0.0,0.0,0.49,0.51,4.0,4.0,-0.2,-0.34,0.36,0.37,6107.0,7861.0
8195.0,-0.9800000000000182,204.0,206.0,100.0,100.0,0.0,0.0,0.74,0.33,4.0,4.0,-0.22,-0.34,0.36,0.38,6147.0,7881.0
8200.0,-0.9800000000000182,205.0,207.0,100.0,100.0,0.0,0.0,0.69,0.39,4.0,4.0,-0.26,-0.27,0.37,0.35,6172.0,7926.0
8205.0,-0.9900000000000091,206.0,208.0,100.0,100.0,0.0,0.0,0.69,0.35,4.0,4.0,-0.24,-0.19,0.355,0.33,6222.5,7995.0
8210.0,-0.9800000000000182,207.0,209.0,100.0,100.0,0.0,0.0,0.74,0.36,4.0,4.0,-0.24,-0.22,0.33,0.36,6289.0,8081.0
8215.0,-0.9800000000000182,208.0,210.0,100.0,100.0,0.0,0.0,0.7,0.23,4.0,4.0,-0.31,-0.27,0.37,0.35,6301.0,8042.0
8220.0,-0.9900000000000091,209.0,211.0,100.0,100.0,0.0,0.0,0.625,0.1,4.0,4.0,-0.315,-0.21,0.33,0.33,6296.5,8067.0
8225.0,-0.9900000000000091,210.0,212.5,100.0,100.0,0.0,0.0,0.65,0.105,4.0,4.0,-0.3,-0.165,0.31,0.34,6346.0,8125.0
8230.0,-0.9800000000000182,211.0,214.0,100.0,100.0,0.0,0.0,0.63,0.17,4.0,4.0,-0.27,-0.13,0.29,0.3,6348.0,8158.0
8235.0,-0.9800000000000182,212.0,214.0,100.0,100.0,0.0,0.0,0.58,0.13,4.0,4.0,-0.28,-0.12,0.35,0.31,6405.0,8205.0
8240.0,-1.0,213.0,215.0,100.0,100.0,0.0,0.0,0.49,0.14,4.0,4.0,-0.24,-0.14,0.31,0.3,6433.0,8234.0
8245.0,-1.0,214.0,216.0,100.0,100.0,0.0,0.0,0.48,0.01,4.0,4.0,-0.21,-0.08,0.29,0.28,6457.0,8269.0
8250.0,-0.9899999999999523,215.0,217.0,100.0,100.0,0.0,0.0,0.42,-0.060000000000000005,4.0,4.0,-0.2,-0.065,0.3,0.305,6513.0,8302.5
8255.0,-0.9800000000000182,216.0,218.0,100.0,100.0,0.0,0.0,0.37,-0.04,4.0,4.0,-0.21,-0.04,0.3,0.28,6487.0,8307.0
8260.0,-0.9800000000000182,217.0,219.0,100.0,100.0,0.0,0.0,0.34,-0.11,4.0,4.0,-0.18,0.0,0.29,0.24,6509.0,8373.0
8265.0,-0.9900000000000091,218.0,219.0,100.0,100.0,0.0,0.0,0.345,-0.09,4.0,4.0,-0.13,0.0,0.27,0.25,6562.0,8422.0
8270.0,-1.0,219.0,220.0,100.0,0.0,0.0,0.0,0.39,-0.09,4.0,0.0,-0.14,0.02,0.29,-0.15,6589.0,8361.0
8275.0,-1.0,219.0,220.0,100.0,100.0,0.0,0.0,0.26,-0.07,4.0,5.0,-0.12,0.03,0.25,0.44,6598.0,7599.0
8280.0,-1.0,220.0,221.0,100.0,100.0,0.0,0.0,0.31,-0.16,4.0,5.0,-0.11,0.03,0.26,0.3,6615.0,7060.0
8285.0,-1.0,221.0,222.0,100.0,100.0,0.0,0.0,0.36,-0.06,4.0,5.0,-0.1,0.08,0.21,0.29,6727.0,7144.0
8290.0,-1.0,222.0,222.0,100.0,100.0,0.0,0.0,0.23,0.12,4.0,5.0,-0.14,0.07,0.26,0.22,6647.0,7128.0
8295.0,-1.0,222.0,223.0,100.0,100.0,0.0,0.0,0.37,0.01,4.0,5.0,-0.12,0.06,0.23,0.2,6678.0,7167.0
8300.0,-1.0,223.0,223.0,100.0,100.0,0.0,0.0,0.34,-0.03,4.0,5.0,-0.09,0.06,0.21,0.18,6715.0,7215.0
8305.0,-1.0,224.0,224.0,100.0,100.0,0.0,0.0,0.13,0.02,4.0,5.0,-0.09,0.06,0.25,0.2,6734.0,7202.0
8310.0,-0.9900000000000091,224.0,224.5,100.0,100.0,0.0,0.0,0.07,0.08499999999999999,4.0,5.0,-0.07,0.01,0.22,0.185,6751.0,7235.0
8315.0,-0.9900000000000091,225.0,225.0,100.0,100.0,0.0,0.0,-0.15,0.095,4.0,5.0,-0.03,0.0,0.21,0.18,6778.0,7277.0
8320.0,-0.9900000000000091,226.0,226.0,100.0,100.0,0.0,0.0,-0.16,0.10500000000000001,4.0,5.0,-0.0,-0.01,0.22,0.215,6823.0,7297.5
8325.0,-0.9900000000000091,226.0,226.0,100.0,100.0,0.0,0.0,-0.12,0.045,4.0,5.0,0.02,-0.01,0.25,0.195,6819.0,7300.5
8330.0,-0.9900000000000091,227.0,227.0,100.0,100.0,0.0,0.0,-0.04,0.1,4.0,5.0,0.03,0.0,0.19,0.185,6852.0,7344.5
8335.0,-1.0,227.0,227.0,100.0,100.0,0.0,0.0,0.03,0.13,4.0,5.0,0.04,-0.01,0.21,0.21,6887.0,7407.0
8340.0,-1.0,228.0,228.0,100.0,100.0,0.0,0.0,-0.03,0.06,4.0,5.0,0.03,0.01,0.24,0.22,6902.0,7397.0
8345.0,-1.0,229.0,229.0,100.0,100.0,0.0,0.0,-0.39,0.07,4.0,5.0,0.06,0.0,0.24,0.22,6935.0,7367.0
8350.0,-1.0,229.0,229.0,100.0,100.0,0.0,0.0,-0.4,0.04,4.0,5.0,0.1,-0.02,0.23,0.19,6893.0,7388.0
8355.0,-1.0,230.0,230.0,100.0,100.0,0.0,0.0,-0.3,0.05,4.0,5.0,0.12,-0.01,0.23,0.22,6972.0,7440.0
8360.0,-1.0,231.0,230.0,100.0,100.0,0.0,0.0,-0.46,0.02,4.0,5.0,0.15,-0.03,0.23,0.23,6967.0,7434.0
8365.0,-1.0,231.0,231.0,100.0,100.0,0.0,0.0,-0.56,-0.11,4.0,5.0,0.19,-0.06,0.24,0.22,6962.0,7436.0
8370.0,-1.0,232.0,232.0,100.0,100.0,0.0,0.0,-0.8,-0.37,4.0,5.0,0.21,0.0,0.22,0.19,6999.0,7490.0
8375.0,-0.9899999999999523,233.0,232.0,100.0,100.0,0.0,0.0,-1.125,-0.79,4.0,5.0,0.29500000000000004,0.06,0.25,0.22,7025.5,7478.0
8380.0,-0.9900000000000091,233.0,233.0,100.0,100.0,0.0,0.0,-1.37,-1.52,4.0,5.0,0.41,0.21,0.22999999999999998,0.2,7009.0,7495.0
8385.0,-0.9900000000000091,234.0,233.5,100.0,100.0,0.0,0.0,-1.47,-2.3049999999999997,4.0,5.0,0.45,0.4,0.2,0.2,7046.0,7522.5
8390.0,-1.0,235.0,234.0,100.0,100.0,0.0,0.0,-1.54,-2.81,4.0,5.0,0.51,0.56,0.23,0.22,7053.0,7548.0
8395.0,-1.0,235.0,235.0,100.0,100.0,0.0,0.0,-1.81,-2.94,4.0,5.0,0.59,0.85,0.21,0.21,7091.0,7575.0
8400.0,-1.0,235.0,235.0,0.0,100.0,0.0,0.0,-2.45,-2.89,0.0,5.0,0.76,1.12,-0.2,0.21,6622.0,7586.0
8405.0,-1.0,235.0,236.0,100.0,100.0,0.0,0.0,-2.79,-2.92,5.0,5.0,0.91,1.24,0.23,0.22,6049.0,7607.0
8410.0,-0.9900000000000091,236.0,236.0,100.0,100.0,0.0,0.0,-3.0300000000000002,-2.98,5.0,5.0,0.995,1.23,0.215,0.2,6034.0,7630.0
8415.0,-0.9899999999999523,236.0,236.5,100.0,100.0,0.0,0.0,-3.47,-3.0300000000000002,5.0,5.0,1.13,1.495,0.21,0.235,6069.0,7651.0
8420.0,-1.0,237.0,237.0,100.0,100.0,0.0,0.0,-3.6,-3.07,5.0,5.0,1.24,1.52,0.2,0.2,6055.0,7645.0
8425.0,-1.0,237.0,237.0,100.0,100.0,0.0,0.0,-3.97,-3.22,5.0,5.0,1.25,1.53,0.21,0.23,6093.0,7674.0
8430.0,-1.0,238.0,238.0,100.0,100.0,0.0,0.0,-4.59,-3.26,5.0,5.0,1.44,1.33,0.18,0.21,6083.0,7682.0
8435.0,-0.9900000000000091,238.0,238.0,100.0,100.0,0.0,0.0,-5.609999999999999,-4.26,5.0,5.0,1.065,1.43,0.13,0.26,6143.0,7820.0
8440.0,-0.9899999999999523,239.0,239.0,100.0,100.0,0.0,0.0,-6.45,-4.42,5.0,5.0,1.71,1.8399999999999999,0.33,0.23,6153.0,7715.0
8445.0,-1.0,239.0,239.0,100.0,100.0,0.0,0.0,-6.28,-4.29,5.0,5.0,1.91,1.75,0.18,0.2,6112.0,7699.0
8450.0,-1.0,239.0,239.0,100.0,100.0,0.0,0.0,-6.25,-4.47,5.0,5.0,1.77,1.8,0.16,0.23,6162.0,7774.0
8455.0,-0.9900000000000091,240.0,240.0,100.0,100.0,0.0,0.0,-6.25,-4.41,5.0,5.0,2.255,2.25,0.21000000000000002,0.21,6124.5,7718.0
8460.0,-0.9900000000000091,240.0,240.0,100.0,100.0,0.0,0.0,-6.21,-4.465,5.0,5.0,2.23,1.71,0.18,0.165,6120.0,7727.5
8465.0,-1.0,240.0,240.0,100.0,100.0,0.0,0.0,-6.52,-4.76,5.0,5.0,1.59,1.52,0.13,0.15,6184.0,7818.0
8470.0,-1.0,240.0,240.0,100.0,100.0,0.0,0.0,-6.56,-3.91,5.0,5.0,2.7,2.7,0.2,0.0,6149.0,7739.0
8475.0,-1.0,240.0,240.0,100.0,100.0,0.0,0.0,-6.1,-3.44,5.0,5.0,2.05,1.68,0.14,0.09,6110.0,7726.0
8480.0,-1.0,240.0,240.0,100.0,100.0,0.0,0.0,-5.595,-2.81,5.0,5.0,1.6600000000000001,1.3450000000000002,0.16,0.21000000000000002,6208.0,7860.5
8485.0,-1.0,240.0,240.0,100.0,100.0,0.0,0.0,-4.46,-1.62,5.0,5.0,1.81,1.97,0.18,0.21,6171.0,7838.0
8490.0,-1.0,241.0,241.0,100.0,100.0,0.0,0.0,-3.12,0.22,5.0,5.0,1.75,1.51,0.22,0.2,6153.0,7765.0
8495.0,-1.0,241.0,241.0,99.0,100.0,0.0,0.0,-3.19,-0.07,5.0,5.0,0.35,0.73,-0.08,-0.15,6343.0,8165.0
8500.0,-1.0,241.0,241.5,99.5,100.0,0.0,0.0,-1.9849999999999999,1.125,5.0,5.0,1.575,1.575,0.72,0.42000000000000004,6430.5,7911.0
8505.0,-1.0,242.0,242.0,100.0,100.0,0.0,0.0,-0.61,1.99,5.0,5.0,1.44,1.35,0.26,0.22,6182.0,7789.0
8510.0,-1.0,242.0,242.0,100.0,100.0,0.0,0.0,-1.3,0.85,5.0,5.0,1.0,0.91,0.19,0.22,6337.0,7879.0
8515.0,-0.9899999999999523,243.0,243.0,100.0,100.0,0.0,0.0,-0.615,0.71,5.0,5.0,1.2,0.71,0.235,0.22,6207.5,7821.0
8520.0,-0.9900000000000091,243.0,244.0,100.0,100.0,0.0,0.0,-0.03,0.45999999999999996,5.0,5.0,0.86,0.36,0.2,0.18,6206.0,7852.5
8525.0,-1.0,244.0,244.0,100.0,100.0,0.0,0.0,0.32,-0.27,5.0,5.0,0.21,0.18,0.1,-0.13,6299.0,8139.0
8530.0,-1.0,244.0,245.0,100.0,100.0,0.0,0.0,0.48,-0.21,5.0,5.0,0.36,0.42,0.71,0.14,6472.0,7857.0
8535.0,-1.0,245.0,245.0,100.0,100.0,0.0,0.0,0.525,-0.175,5.0,5.0,0.21000000000000002,0.28,0.22999999999999998,0.20500000000000002,6234.5,7868.0
8540.0,-1.0,245.0,246.0,100.0,100.0,0.0,0.0,0.25,-0.26,5.0,5.0,0.07,0.23,0.15,0.08,6300.0,8029.0
8545.0,-1.0,246.0,246.0,100.0,100.0,0.0,0.0,0.05,0.63,5.0,5.0,0.0,0.19,0.23,0.22,6273.0,7920.0
8550.0,-1.0,247.0,247.0,100.0,100.0,0.0,0.0,0.515,0.335,5.0,5.0,-0.05,0.14,0.17,0.195,6327.5,7968.0
8555.0,-1.0,247.0,248.0,100.0,100.0,0.0,0.0,0.32,0.54,5.0,5.0,-0.1,0.03,0.27,0.22,6332.0,7954.0
8560.0,-1.0,248.0,248.0,100.0,100.0,0.0,0.0,0.35,0.48,5.0,5.0,-0.16,-0.04,0.19,0.21,6314.0,7960.0
8565.0,-0.9900000000000091,248.0,249.0,100.0,100.0,0.0,0.0,0.0,-0.004999999999999999,5.0,5.0,-0.12,-0.06,0.18,0.185,6326.0,8008.0
8570.0,-1.0,249.0,249.0,100.0,100.0,0.0,0.0,-0.44,-0.08,5.0,5.0,-0.03,-0.08,0.16,0.2,6379.0,8045.0
8575.0,-1.0,249.0,249.5,100.0,100.0,0.0,0.0,-0.345,-0.15,5.0,5.0,0.019999999999999997,-0.075,0.18,0.21000000000000002,6380.0,8029.5
8580.0,-1.0,250.0,250.0,100.0,82.0,0.0,14.0,-0.36,-0.06,5.0,5.0,0.09,-0.04,0.19,0.02,6361.0,7991.0
8585.0,-1.0,250.0,248.0,92.0,14.0,0.0,92.0,-0.21,-0.03,5.0,5.0,0.1,-0.02,0.15,-1.58,6387.0,7601.0
8590.0,-1.0,249.0,243.0,59.5,48.5,71.0,100.0,0.06,-0.06,5.0,0.0,0.08499999999999999,0.0,-1.27,-2.08,6486.5,8071.0
8595.0,-1.0,244.0,237.0,0.0,0.0,100.0,100.0,0.73,0.13,0.0,4.0,0.0,-0.06,-2.13,-2.16,6956.0,8436.0
8600.0,-1.0,238.0,232.0,0.0,0.0,100.0,100.0,0.82,0.18,4.0,4.0,-0.05,-0.04,-2.01,-1.9,6683.0,8255.0
8605.0,-1.0,232.0,227.0,0.0,0.0,100.0,100.0,1.0,0.15,4.0,4.0,-0.12,-0.15,-2.08,-2.11,6347.0,7979.0
8610.0,-1.0,227.0,221.0,0.0,0.0,100.0,100.0,0.59,0.17,4.0,4.0,-0.17,-0.2,-2.08,-1.87,6269.0,7790.0
8615.0,-1.0,221.0,215.0,69.0,0.0,100.0,100.0,0.44,0.25,0.0,4.0,-0.26,-0.24,-1.99,-2.13,7080.0,7595.0
8620.0,-0.9800000000000182,215.0,208.0,0.0,69.0,100.0,100.0,0.46,0.41,3.0,0.0,-0.34,-0.17,-1.96,-1.53,7485.0,8644.0
8625.0,-0.9800000000000182,211.0,205.0,0.0,0.0,100.0,100.0,1.01,1.21,3.0,3.0,-0.17,-0.15,-1.33,-1.74,6641.0,8028.0
8630.0,-0.9800000000000182,206.0,199.0,0.0,0.0,100.0,100.0,1.99,1.96,3.0,3.0,-0.27,-0.33,-2.01,-2.19,6645.0,8044.0
8635.0,-0.9800000000000182,198.0,192.0,0.0,0.0,100.0,100.0,3.2,2.59,3.0,3.0,-0.84,-0.76,-2.05,-1.93,6739.0,8329.0
8640.0,-0.9700000000000273,192.5,185.0,0.0,0.0,100.0,100.0,4.37,4.39,3.0,3.0,-1.12,-0.89,-1.835,-1.68,6656.5,7976.0
8645.0,-0.9600000000000364,187.0,181.0,0.0,0.0,100.0,100.0,5.12,4.92,3.0,3.0,-0.62,-0.52,-1.26,-1.32,6230.0,6980.0
8650.0,-0.9599999999999227,182.0,174.0,69.0,0.0,100.0,100.0,5.21,4.19,0.0,3.0,-1.07,-1.24,-1.83,-1.89,6609.0,7180.0
8655.0,-0.9600000000000364,176.0,168.0,0.0,69.0,100.0,100.0,5.72,4.36,2.0,0.0,-1.37,-1.36,-1.75,-1.67,7085.0,8487.0
8660.0,-0.9600000000000364,168.0,161.0,0.0,0.0,100.0,100.0,7.16,5.16,2.0,2.0,-1.44,-1.23,-1.64,-1.43,6756.0,8063.0
8665.0,-0.9400000000000546,163.0,155.0,0.0,0.0,100.0,100.0,8.13,5.4,2.0,2.0,-1.33,-1.25,-1.5,-1.42,6353.0,7735.0
8670.0,-0.9400000000000546,156.0,148.0,0.0,0.0,100.0,100.0,9.74,6.09,2.0,2.0,-1.38,-1.55,-1.42,-1.6,5909.0,7233.0
8675.0,-0.9400000000000546,149.0,141.0,0.0,11.0,100.0,75.0,11.11,8.66,2.0,2.0,-1.73,-1.64,-1.45,-1.21,5766.0,7055.0
8680.0,-0.9400000000000546,143.0,137.0,1.0,24.0,82.0,0.0,12.73,11.88,2.0,2.0,-1.64,-2.08,-1.36,-0.12,5535.0,7618.0
8685.0,-0.9200000000000728,138.0,136.0,14.0,30.0,0.0,0.0,14.18,14.26,2.0,2.0,-2.33,-2.12,-0.27,0.08,6102.0,7684.0
8690.0,-0.9200000000000728,137.0,135.0,27.0,30.0,0.0,0.0,16.54,15.79,2.0,2.0,-2.14,-1.87,-0.03,0.04,6154.0,7602.0
8695.0,-0.9400000000000546,135.0,135.0,18.0,29.0,0.0,0.0,19.04,17.11,2.0,2.0,-1.88,-1.79,-0.07,0.07,6064.0,7615.0
8700.0,-0.9199999999999591,134.0,134.0,0.0,33.0,0.0,0.0,20.35,17.89,2.0,2.0,-1.9,-1.75,-0.3,0.14,5914.0,7592.0
8705.0,-0.9199999999999591,132.0,134.0,0.0,10.0,0.0,0.0,21.68,18.15,2.0,2.0,-1.85,-1.83,-0.29,-0.11,5834.0,7417.0
8710.0,-0.9199999999999591,131.0,133.0,0.0,9.0,0.0,0.0,22.49,18.68,2.0,2.0,-1.54,-1.43,-0.25,-0.11,5759.0,7363.0
8715.0,-0.9399999999999409,129.0,132.0,0.0,8.0,0.0,0.0,23.22,18.77,2.0,2.0,-1.82,-1.91,-0.27,-0.14,5677.0,7312.0
8720.0,-0.9399999999999409,127.0,130.0,14.0,11.0,0.0,0.0,23.31,18.68,2.0,2.0,-2.03,-2.18,-0.1,-0.13,5691.0,7240.0
8725.0,-0.9400000000000546,127.0,129.0,80.0,27.0,0.0,0.0,23.36,18.21,2.0,2.0,-2.17,-2.38,0.15,-0.06,5835.0,7246.0
8730.0,-0.9400000000000546,127.0,129.0,79.0,61.0,0.0,0.0,22.25,15.06,2.0,2.0,-2.14,-2.26,0.22,0.31,5835.0,7493.0
8735.0,-0.9400000000000546,128.0,130.0,79.0,91.0,0.0,0.0,18.88,8.3,2.0,2.0,-2.39,-2.37,0.29,0.68,5896.0,7689.0
8740.0,-0.9400000000000546,128.0,132.0,79.0,94.0,0.0,0.0,15.86,6.06,2.0,2.0,-2.26,-2.15,0.3,0.62,5942.0,7895.0
8745.0,-0.9400000000000546,130.0,134.0,81.0,96.0,0.0,0.0,11.72,3.84,2.0,2.0,-2.04,-1.97,0.41,0.59,6021.0,7941.0
8750.0,-0.9600000000000364,131.0,136.0,81.0,100.0,0.0,0.0,11.61,4.39,2.0,2.0,-2.27,-2.86,0.5,0.65,6130.0,7956.0
8755.0,-0.9599999999999227,133.0,138.0,87.0,100.0,0.0,0.0,11.4,8.28,2.0,2.0,-2.32,-2.04,0.49,0.44,6131.0,8016.0
8760.0,-0.9799999999999045,135.0,140.0,83.0,96.0,0.0,0.0,12.12,9.81,2.0,2.0,-2.02,-1.88,0.43,0.56,6288.0,8184.0
8765.0,-0.9599999999999227,136.0,141.0,79.0,0.0,0.0,0.0,11.65,5.56,2.0,0.0,-1.81,-2.05,0.37,-0.14,6434.0,8259.0
8770.0,-0.9799999999999045,138.0,143.0,83.0,96.0,0.0,0.0,5.39,-1.8,2.0,3.0,-1.97,-1.95,0.47,0.75,6513.0,6976.0
8775.0,-0.9599999999999227,139.0,144.0,79.0,95.0,0.0,0.0,0.99,-2.59,2.0,3.0,-1.76,-1.91,0.42,0.53,6779.0,7039.0
8780.0,-0.9800000000000182,141.0,145.0,86.0,95.0,0.0,0.0,-0.84,-4.6,2.0,3.0,-1.64,-1.48,0.46,0.31,6621.0,7048.0
8785.0,-0.9799999999999045,142.0,147.0,83.0,97.0,0.0,0.0,4.59,-5.16,2.0,3.0,-1.74,-2.03,0.52,0.59,6871.0,7006.0
8790.0,-1.0,144.0,148.0,92.0,99.0,0.0,0.0,2.39,-0.07,2.0,3.0,-1.33,-1.19,0.44,0.28,6719.0,7137.0
8795.0,-1.0,145.0,149.0,87.0,98.0,0.0,0.0,1.37,2.25,2.0,3.0,-1.43,-1.99,0.58,0.67,7009.0,7284.0
8800.0,-1.0,147.0,151.0,98.0,100.0,0.0,0.0,4.2,2.56,2.0,3.0,-1.46,-1.51,0.49,0.3,6813.0,7193.0
8805.0,-1.0,148.0,152.0,93.0,100.0,0.0,0.0,4.85,-2.34,2.0,3.0,-1.35,-1.78,0.46,0.55,7063.0,7179.0
8810.0,-1.0,150.0,153.0,0.0,100.0,0.0,0.0,4.32,-3.58,0.0,3.0,-1.43,-1.28,-0.25,0.32,6782.0,7295.0
8815.0,-1.0,151.0,154.0,89.0,95.0,0.0,0.0,3.19,-5.89,3.0,3.0,-0.81,-1.15,0.38,0.31,5925.0,8519.0
8820.0,-1.0,152.0,156.0,93.0,100.0,0.0,0.0,2.7,3.85,3.0,3.0,-1.5,-1.32,0.58,0.7,5932.0,7475.0
8825.0,-1.0199999999999818,154.0,158.0,97.0,100.0,0.0,0.0,1.75,0.18,3.0,3.0,-1.05,-1.18,0.3,0.47,5787.0,7437.0
8830.0,-1.0199999999999818,155.0,159.0,100.0,100.0,0.0,0.0,1.21,0.5,3.0,3.0,-1.04,-1.13,0.46,0.4,5851.0,7570.0
8835.0,-1.0199999999999818,157.0,161.0,100.0,100.0,0.0,0.0,3.89,-1.13,3.0,3.0,-1.18,-1.26,0.57,0.44,5927.0,7521.0
8840.0,-1.0199999999999818,159.0,163.0,100.0,100.0,0.0,0.0,0.85,0.66,3.0,3.0,-1.08,-0.72,0.48,0.4,5916.0,7558.0
8845.0,-1.0199999999999818,160.0,164.0,100.0,100.0,0.0,0.0,2.14,1.13,3.0,3.0,-0.54,-0.64,0.32,0.5,6148.0,7851.0
8850.0,-1.0399999999999636,162.0,166.0,100.0,100.0,0.0,0.0,1.84,1.07,3.0,3.0,-1.0,-0.97,0.44,0.48,6049.0,7642.0
8855.0,-1.0199999999999818,164.0,168.0,100.0,100.0,0.0,0.0,0.92,0.48,3.0,3.0,-0.74,-0.53,0.42,0.37,6073.0,7739.0
8860.0,-1.0400000000000773,165.0,169.0,100.0,100.0,0.0,0.0,1.1,0.5,3.0,3.0,-0.45,-0.53,0.39,0.48,6177.0,7811.0
8865.0,-1.0400000000000773,167.0,171.0,100.0,100.0,0.0,0.0,0.86,0.07,3.0,3.0,-0.37,-0.34,0.4,0.39,6194.0,7865.0
8870.0,-1.0399999999999636,168.0,172.0,100.0,100.0,0.0,0.0,0.9,0.22,3.0,3.0,-0.27,-0.25,0.4,0.45,6337.0,8004.0
8875.0,-1.0399999999999636,170.0,174.0,100.0,100.0,0.0,0.0,0.94,0.16,3.0,3.0,-0.3,-0.21,0.4,0.4,6331.0,8015.0
8880.0,-1.0399999999999636,172.0,175.0,100.0,100.0,0.0,0.0,0.77,0.21,3.0,3.0,-0.27,-0.15,0.42,0.38,6389.0,8092.0
8885.0,-1.0399999999999636,173.0,176.0,100.0,100.0,0.0,0.0,0.82,0.12,3.0,3.0,-0.26,-0.15,0.4,0.44,6467.0,8146.0
8890.0,-1.0400000000000773,175.0,178.0,100.0,100.0,0.0,0.0,0.58,0.12,3.0,3.0,-0.22,-0.11,0.39,0.34,6467.0,8232.0
8895.0,-1.0399999999999636,176.0,179.0,100.0,100.0,0.0,0.0,-0.28,0.05,3.0,3.0,-0.16,-0.11,0.45,0.39,6550.0,8231.0
8900.0,-1.0599999999999454,177.0,181.0,100.0,100.0,0.0,0.0,-0.27,-0.03,3.0,3.0,-0.05,-0.07,0.35,0.36,6579.0,8316.0
8905.0,-1.0599999999999454,179.0,181.0,100.0,0.0,0.0,0.0,-0.17,-0.12,3.0,0.0,0.0,-0.03,0.35,-0.12,6641.0,8275.0
8910.0,-1.0599999999999454,180.0,182.0,100.0,100.0,0.0,0.0,-0.17,-0.15,3.0,4.0,0.03,0.0,0.39,0.8,6702.0,7169.0
8915.0,-1.0600000000000591,181.0,184.0,100.0,100.0,0.0,0.0,-0.19,-0.29,3.0,4.0,0.05,0.02,0.38,0.29,6713.0,7057.0
8920.0,-1.0600000000000591,183.0,185.0,100.0,100.0,0.0,0.0,-0.32,-0.19,3.0,4.0,0.07,0.06,0.36,0.35,6841.0,7136.0
8925.0,-1.0499999999999545,184.0,186.0,100.0,100.0,0.0,0.0,-0.315,-0.2,3.0,4.0,0.10500000000000001,0.08,0.375,0.31,6798.0,7108.0
8930.0,-1.0399999999999636,185.0,187.0,100.0,100.0,0.0,0.0,-0.61,-0.19,3.0,4.0,0.13,0.08,0.33,0.33,6845.0,7180.0
8935.0,-1.0600000000000591,186.0,188.0,100.0,100.0,0.0,0.0,-0.73,-0.33,3.0,4.0,0.18,0.08,0.33,0.28,6884.0,7227.0
8940.0,-1.0600000000000591,188.0,189.0,100.0,100.0,0.0,0.0,-0.95,-0.45,3.0,4.0,0.23,0.09,0.36,0.32,7005.0,7256.0
8945.0,-1.0599999999999454,189.0,190.0,100.0,100.0,0.0,0.0,-1.01,-0.84,3.0,4.0,0.27,0.2,0.31,0.31,6993.0,7309.0
8950.0,-1.0599999999999454,190.0,191.0,100.0,100.0,0.0,0.0,-1.13,-0.99,3.0,4.0,0.36,0.3,0.31,0.33,7017.0,7325.0
8955.0,-1.0600000000000591,190.0,192.0,0.0,100.0,0.0,0.0,-1.29,-1.09,0.0,4.0,0.43,0.37,-0.13,0.32,6801.0,7361.0
8960.0,-1.0600000000000591,191.0,193.0,100.0,100.0,0.0,0.0,-1.22,-1.27,4.0,4.0,0.4,0.41,0.45,0.25,5724.0,7423.0
8965.0,-1.0600000000000591,192.0,194.0,100.0,100.0,0.0,0.0,-1.36,-1.18,4.0,4.0,0.42,0.58,0.3,0.3,5834.0,7459.0
8970.0,-1.0699999999999363,193.0,195.0,100.0,100.0,0.0,0.0,-1.12,-0.76,4.0,4.0,0.54,0.6,0.31,0.3,5821.5,7440.0
8975.0,-1.0600000000000591,194.0,196.0,100.0,100.0,0.0,0.0,-1.05,-0.97,4.0,4.0,0.37,0.34,0.25,0.14,5860.0,7713.0
8980.0,-1.07000000000005,195.0,197.0,100.0,100.0,0.0,0.0,-0.96,-0.5,4.0,4.0,0.43,0.645,0.4,0.355,6036.0,7525.5
8985.0,-1.0599999999999454,196.0,198.0,100.0,100.0,0.0,0.0,-0.47,-0.43,4.0,4.0,0.43,0.54,0.33,0.25,5899.0,7595.0
8990.0,-1.0599999999999454,197.0,199.0,100.0,100.0,0.0,0.0,-0.36,-0.11,4.0,4.0,0.38,0.29,0.37,0.27,5955.0,7631.0
8995.0,-1.080000000000041,198.0,199.0,100.0,100.0,0.0,0.0,-0.53,-0.41,4.0,4.0,0.19,0.23,0.15,0.16,6051.0,7856.0
9000.0,-1.0600000000000591,199.0,200.0,100.0,100.0,0.0,0.0,-0.57,-0.25,4.0,4.0,0.24,0.3,0.52,0.3,6160.0,7745.0
9005.0,-1.0799999999999272,200.0,201.0,100.0,100.0,0.0,0.0,-0.45,-0.32,4.0,4.0,0.22,0.3,0.23,0.28,6155.0,7777.0
9010.0,-1.0599999999999454,201.0,202.0,100.0,100.0,0.0,0.0,-0.48,-0.23,4.0,4.0,0.3,0.36,0.33,0.31,6110.0,7782.0
9015.0,-1.080000000000041,202.0,203.0,100.0,100.0,0.0,0.0,-0.53,-0.29,4.0,4.0,0.29,0.33,0.3,0.3,6101.0,7809.0
9020.0,-1.07000000000005,202.0,204.0,100.0,100.0,0.0,0.0,-0.54,-0.33499999999999996,4.0,4.0,0.29,0.32,0.31,0.315,6124.0,7829.0
9025.0,-1.0699999999999363,204.0,205.0,100.0,100.0,0.0,0.0,-0.515,-0.43,4.0,4.0,0.25,0.31,0.31,0.29,6148.0,7870.0
9030.0,-1.080000000000041,205.0,206.0,100.0,100.0,0.0,0.0,-0.64,-0.43,4.0,4.0,0.27,0.28,0.31,0.3,6165.0,7891.0
9035.0,-1.0600000000000591,205.0,207.0,100.0,100.0,0.0,0.0,-0.65,-0.48,4.0,4.0,0.22,0.28,0.27,0.29,6199.0,7964.0
9040.0,-1.0799999999999272,206.0,208.0,100.0,100.0,0.0,0.0,-0.65,-0.39,4.0,4.0,0.29,0.31,0.31,0.3,6223.0,7949.0
9045.0,-1.080000000000041,207.0,209.0,100.0,100.0,0.0,0.0,-0.68,-0.41,4.0,4.0,0.26,0.26,0.27,0.27,6240.0,7988.0
9050.0,-1.07000000000005,208.0,210.0,100.0,100.0,0.0,0.0,-0.765,-0.48,4.0,4.0,0.28,0.32,0.28500000000000003,0.3,6284.5,8027.0
9055.0,-1.0799999999999272,209.0,211.0,100.0,100.0,0.0,0.0,-0.77,-0.46,4.0,4.0,0.32,0.29,0.28,0.27,6283.0,8048.0
9060.0,-1.080000000000041,210.0,211.0,100.0,100.0,0.0,0.0,-0.71,-0.53,4.0,4.0,0.29,0.31,0.25,0.25,6320.0,8093.0
9065.0,-1.080000000000041,210.0,212.0,100.0,100.0,0.0,0.0,-0.74,-0.64,4.0,4.0,0.32,0.35,0.25,0.26,6345.0,8102.0
9070.0,-1.080000000000041,211.0,213.0,100.0,100.0,0.0,0.0,-0.68,-0.64,4.0,4.0,0.31,0.26,0.25,0.22,6354.0,8135.0
9075.0,-1.0799999999999272,212.0,214.0,100.0,100.0,0.0,0.0,-0.86,-0.81,4.0,4.0,0.26,0.39,0.09,0.31,6468.0,8164.0
9080.0,-1.080000000000041,213.0,214.0,100.0,100.0,0.0,0.0,-0.88,-0.87,4.0,4.0,0.38,0.36,0.27,0.21,6412.0,8188.0
9085.0,-1.0799999999999272,213.0,215.0,100.0,100.0,0.0,0.0,-1.0,-1.09,4.0,4.0,0.27,0.34,0.14,0.12,6474.0,8408.0
9090.0,-1.089999999999975,214.0,216.0,100.0,100.0,0.0,0.0,-1.26,-1.165,4.0,4.0,0.61,0.64,0.27,0.26,6451.0,8245.5
9095.0,-1.080000000000041,215.0,216.0,100.0,100.0,0.0,0.0,-1.29,-1.16,4.0,4.0,0.53,0.6,0.23,0.22,6465.0,8265.0
9100.0,-1.080000000000041,216.0,217.0,100.0,100.0,0.0,0.0,-1.56,-1.27,4.0,4.0,0.46,0.6,0.19,0.21,6559.0,8412.0
9105.0,-1.0799999999999272,216.0,218.0,100.0,100.0,0.0,0.0,-1.76,-1.19,4.0,4.0,0.7,0.84,0.27,0.24,6524.0,8319.0
9110.0,-1.080000000000041,217.0,218.0,100.0,100.0,0.0,0.0,-1.72,-1.2,4.0,4.0,0.67,0.75,0.21,0.2,6525.0,8356.0
9115.0,-1.089999999999975,217.5,219.0,100.0,100.0,0.0,0.0,-1.9449999999999998,-1.19,4.0,4.0,0.7050000000000001,0.83,0.23,0.23,6568.5,8385.0
9120.0,-1.1000000000000227,218.0,219.0,100.0,0.0,0.0,0.0,-2.16,-1.28,4.0,0.0,0.84,0.83,0.22,-0.26,6563.0,8209.0
9125.0,-1.0900000000000318,219.0,219.0,100.0,100.0,0.0,0.0,-2.52,-1.275,4.0,5.0,0.81,0.8200000000000001,0.17,0.22,6606.0,7027.0
9130.0,-1.080000000000041,219.0,220.0,100.0,100.0,0.0,0.0,-2.78,-1.64,4.0,5.0,0.93,0.8,0.2,0.16,6606.0,7074.0
9135.0,-1.0799999999999272,220.0,220.0,100.0,100.0,0.0,0.0,-3.18,-2.02,4.0,5.0,1.0,0.93,0.19,0.18,6644.0,7097.0
9140.0,-1.080000000000041,220.0,220.0,100.0,100.0,0.0,0.0,-3.06,-1.83,4.0,5.0,0.99,0.77,0.2,0.08,6641.0,7159.0
9145.0,-1.0799999999999272,221.0,221.0,100.0,100.0,0.0,0.0,-3.41,-1.84,4.0,5.0,0.95,0.9,0.22,0.16,6777.0,7181.0
9150.0,-1.080000000000041,221.0,221.0,100.0,100.0,0.0,0.0,-3.22,-1.75,4.0,5.0,1.11,1.07,0.2,0.16,6701.0,7170.0
9155.0,-1.080000000000041,222.0,221.0,100.0,100.0,0.0,0.0,-3.2,-1.69,4.0,5.0,1.1,1.26,0.18,0.17,6722.0,7161.0
9160.0,-1.089999999999975,222.0,222.0,100.0,100.0,0.0,0.0,-3.1950000000000003,-1.49,4.0,5.0,1.3,1.31,0.19,0.16,6704.5,7152.0
9165.0,-1.0900000000000318,223.0,222.0,100.0,100.0,0.0,0.0,-3.31,-1.66,4.0,5.0,1.2349999999999999,1.25,0.195,0.15,6715.5,7177.0
9170.0,-1.0900000000000318,223.0,222.0,100.0,100.0,0.0,0.0,-3.5949999999999998,-1.98,4.0,5.0,1.1600000000000001,1.01,0.215,0.16,6734.0,7192.0
9175.0,-1.0899999999999181,224.0,223.0,100.0,100.0,0.0,0.0,-4.25,-2.03,4.0,5.0,1.055,1.08,0.175,0.19,6808.0,7232.0
9180.0,-1.0900000000000318,224.0,223.0,100.0,100.0,0.0,0.0,-4.135,-1.73,4.0,5.0,1.0899999999999999,0.88,0.215,0.12,6801.5,7245.0
9185.0,-1.0900000000000318,225.0,224.0,100.0,100.0,0.0,0.0,-3.95,-1.86,4.0,5.0,0.905,0.84,0.16,0.12,6932.0,7381.0
9190.0,-1.099999999999909,225.0,224.0,100.0,100.0,0.0,0.0,-3.27,-1.32,4.0,5.0,1.32,1.1,0.23,0.23,6843.0,7257.0
9195.0,-1.0900000000000318,226.0,224.5,100.0,100.0,0.0,0.0,-2.93,-1.1549999999999998,4.0,5.0,1.13,1.04,0.16,0.19,6873.0,7293.0
9200.0,-1.080000000000041,226.0,225.0,100.0,100.0,0.0,0.0,-3.075,-1.105,4.0,5.0,1.185,1.0,0.225,0.195,6868.5,7291.5
9205.0,-1.0799999999999272,227.0,225.5,100.0,100.0,0.0,0.0,-2.625,-1.365,4.0,5.0,1.205,0.975,0.22499999999999998,0.195,6851.5,7279.5
9210.0,-1.080000000000041,227.0,226.0,100.0,100.0,0.0,0.0,-2.46,-2.35,4.0,5.0,1.11,1.02,0.225,0.175,6859.0,7296.0
9215.0,-1.079999999999984,228.0,226.5,100.0,100.0,0.0,0.0,-2.535,-2.9000000000000004,4.0,5.0,1.105,1.04,0.235,0.18,6865.5,7305.5
9220.0,-1.0900000000000318,228.0,227.0,100.0,100.0,0.0,0.0,-2.96,-2.52,4.0,5.0,1.005,0.98,0.21000000000000002,0.15,6891.0,7358.0
9225.0,-1.0900000000000318,229.0,227.0,100.0,100.0,0.0,0.0,-3.5,-2.59,4.0,5.0,1.0350000000000001,1.22,0.215,0.2,6931.0,7365.0
9230.0,-1.0799999999999272,229.0,228.0,100.0,100.0,0.0,0.0,-3.55,-2.71,4.0,5.0,1.18,1.12,0.24,0.2,6924.0,7357.0
9235.0,-1.080000000000041,230.0,228.0,100.0,100.0,0.0,0.0,-3.81,-3.08,4.0,5.0,1.02,1.16,0.16,0.16,6982.0,7451.0
9240.0,-1.080000000000041,230.0,228.0,100.0,100.0,0.0,0.0,-4.02,-3.1,4.0,5.0,1.24,1.39,0.24,0.21,6968.0,7410.0
9245.0,-1.0799999999999272,231.0,229.0,100.0,100.0,0.0,0.0,-4.0,-3.11,4.0,5.0,1.29,1.49,0.17,0.17,6993.0,7429.0
9250.0,-1.080000000000041,231.0,229.0,100.0,100.0,0.0,0.0,-3.93,-2.97,4.0,5.0,1.47,1.39,0.21,0.17,7001.0,7410.0
9255.0,-1.080000000000041,232.0,229.0,100.0,100.0,0.0,0.0,-4.36,-2.72,4.0,5.0,1.74,1.77,0.16,0.15,7005.0,7409.0
9260.0,-1.0799999999999272,232.0,230.0,100.0,100.0,0.0,0.0,-4.33,-2.6,4.0,5.0,1.67,1.61,0.2,0.15,6994.0,7435.0
9265.0,-1.080000000000041,232.0,230.0,100.0,100.0,0.0,0.0,-4.45,-2.74,4.0,5.0,1.75,1.99,0.18,0.2,7034.0,7423.0
9270.0,-1.0699999999999363,233.0,230.0,100.0,100.0,0.0,0.0,-4.295,-2.35,4.0,5.0,2.0199999999999996,1.92,0.2,0.18,6991.0,7416.0
9275.0,-1.07000000000005,233.0,231.0,100.0,100.0,0.0,0.0,-4.005,-1.91,4.0,5.0,1.865,1.67,0.195,0.19,7011.5,7461.0
9280.0,-1.0600000000000591,233.0,231.0,100.0,100.0,0.0,0.0,-3.92,-1.97,4.0,5.0,1.63,1.52,0.22,0.18,7038.0,7475.0
9285.0,-1.0699999999999363,234.0,231.0,100.0,100.0,0.0,0.0,-3.87,-1.855,4.0,5.0,1.64,1.78,0.22,0.195,7075.0,7469.5
9290.0,-1.07000000000005,234.0,232.0,100.0,100.0,0.0,0.0,-3.63,-1.18,4.0,5.0,1.81,1.6,0.18,0.19,7038.0,7457.5
9295.0,-1.080000000000041,233.0,232.0,0.0,100.0,0.0,0.0,-3.37,-1.28,0.0,5.0,1.55,1.45,-0.25,0.18,6577.0,7491.0
9300.0,-1.0799999999999272,234.0,232.0,100.0,100.0,0.0,0.0,-2.98,-1.68,5.0,5.0,1.51,1.32,0.21,0.19,6000.0,7492.0
9305.0,-1.080000000000041,234.0,233.0,100.0,100.0,0.0,0.0,-3.06,-1.65,5.0,5.0,1.36,1.32,0.15,0.18,6001.0,7512.0
9310.0,-1.0699999999999363,234.5,233.0,100.0,100.0,0.0,0.0,-2.71,-1.36,5.0,5.0,1.295,1.2,0.175,0.17,5997.0,7514.0
9315.0,-1.0600000000000591,235.0,234.0,100.0,100.0,0.0,0.0,-2.34,-1.49,5.0,5.0,1.23,1.22,0.17,0.18,6012.0,7538.0
9320.0,-1.0600000000000591,235.0,234.0,100.0,100.0,0.0,0.0,-2.62,-1.49,5.0,5.0,1.24,1.23,0.16,0.19,6022.0,7538.0
9325.0,-1.0699999999999363,236.0,234.0,100.0,100.0,0.0,0.0,-2.63,-1.6549999999999998,5.0,5.0,1.13,1.15,0.15,0.165,6023.0,7562.5
9330.0,-1.080000000000041,236.0,235.0,100.0,100.0,0.0,0.0,-2.85,-1.52,5.0,5.0,1.19,1.07,0.18,0.17,6038.0,7558.0
9335.0,-1.0799999999999272,236.0,235.0,100.0,100.0,0.0,0.0,-3.21,-1.72,5.0,5.0,1.02,0.97,0.12,0.16,6080.0,7626.0
9340.0,-1.07000000000005,237.0,236.0,100.0,100.0,0.0,0.0,-3.27,-1.56,5.0,5.0,1.345,1.27,0.19,0.19,6055.0,7582.0
9345.0,-1.0600000000000591,237.0,236.0,100.0,100.0,0.0,0.0,-3.11,-1.59,5.0,5.0,1.35,1.13,0.15,0.15,6052.0,7595.0
9350.0,-1.0599999999999454,238.0,236.0,100.0,100.0,0.0,0.0,-3.11,-1.87,5.0,5.0,1.28,1.15,0.14,0.16,6074.0,7625.0
9355.0,-1.07000000000005,238.0,237.0,100.0,100.0,0.0,0.0,-3.04,-1.8,5.0,5.0,1.42,1.34,0.14,0.175,6082.0,7615.5
9360.0,-1.080000000000041,238.0,237.0,100.0,100.0,0.0,0.0,-2.78,-1.48,5.0,5.0,1.43,1.18,0.13,0.13,6069.0,7624.0
9365.0,-1.0699999999999363,238.0,237.0,100.0,100.0,0.0,0.0,-2.83,-1.67,5.0,5.0,1.225,1.0,0.14,0.14,6099.5,7670.0
9370.0,-1.0600000000000591,239.0,238.0,100.0,100.0,0.0,0.0,-2.87,-1.54,5.0,5.0,1.15,1.18,0.11,0.19,6126.0,7684.0
9375.0,-1.0599999999999454,239.0,238.0,100.0,100.0,0.0,0.0,-2.44,-1.23,5.0,5.0,1.07,0.98,0.14,0.1,6120.0,7699.0
9380.0,-1.07000000000005,239.0,238.0,100.0,100.0,0.0,0.0,-2.59,-1.435,5.0,5.0,1.1,1.0950000000000002,0.13,0.17,6174.0,7702.5
9385.0,-1.0699999999999932,240.0,239.0,100.0,100.0,0.0,0.0,-2.295,-1.38,5.0,5.0,1.0750000000000002,1.06,0.14500000000000002,0.17,6135.0,7708.0
9390.0,-1.0599999999999454,240.0,239.0,100.0,100.0,0.0,0.0,-2.45,-1.23,5.0,5.0,1.04,1.1,0.17,0.17,6159.0,7720.0
9395.0,-1.0600000000000591,240.0,239.0,100.0,100.0,0.0,0.0,-2.37,-1.5,5.0,5.0,1.09,1.06,0.16,0.14,6147.0,7722.0
9400.0,-1.0699999999999363,241.0,240.0,100.0,100.0,0.0,0.0,-1.78,-1.565,5.0,5.0,1.05,1.11,0.15,0.155,6159.0,7729.0
9405.0,-1.07000000000005,241.0,240.0,100.0,100.0,0.0,0.0,-2.04,-1.39,5.0,5.0,1.0350000000000001,1.12,0.14500000000000002,0.16,6159.0,7732.0
9410.0,-1.0599999999999454,241.0,240.0,100.0,100.0,0.0,0.0,-2.14,-1.33,5.0,5.0,1.01,1.14,0.14,0.15,6167.0,7744.0
9415.0,-1.0599999999999454,242.0,241.0,100.0,100.0,0.0,0.0,-1.91,-1.23,5.0,5.0,1.03,1.08,0.16,0.15,6174.0,7743.0
9420.0,-1.07000000000005,242.0,241.0,100.0,100.0,0.0,0.0,-2.11,-1.295,5.0,5.0,0.94,1.045,0.12,0.14,6186.0,7769.5
9425.0,-1.0699999999999363,242.0,241.0,100.0,100.0,0.0,0.0,-2.01,-1.35,5.0,5.0,0.9299999999999999,1.04,0.14500000000000002,0.15,6199.5,7782.0
9430.0,-1.0600000000000591,243.0,242.0,100.0,100.0,0.0,0.0,-1.89,-1.18,5.0,5.0,1.03,1.01,0.13,0.13,6195.0,7769.0
9435.0,-1.0599999999999454,243.0,242.0,100.0,100.0,0.0,0.0,-2.12,-1.37,5.0,5.0,0.85,1.02,0.1,0.12,6219.0,7813.0
9440.0,-1.0600000000000023,243.0,242.0,100.0,100.0,0.0,0.0,-2.015,-0.8400000000000001,5.0,5.0,1.065,1.115,0.14,0.14,6218.0,7786.5
9445.0,-1.0600000000000591,244.0,243.0,100.0,100.0,0.0,0.0,-1.63,-0.5,5.0,5.0,1.04,0.96,0.12,0.12,6204.0,7794.0
9450.0,-1.0599999999999454,244.0,243.0,100.0,100.0,0.0,0.0,-1.62,-0.59,5.0,5.0,0.87,0.74,0.11,0.1,6232.0,7839.0
9455.0,-1.07000000000005,244.0,243.0,100.0,100.0,0.0,0.0,-1.44,-0.30000000000000004,5.0,5.0,0.75,0.62,0.1,0.14500000000000002,6258.0,7851.5
9460.0,-1.0699999999999932,244.5,244.0,100.0,100.0,0.0,0.0,-1.41,-0.14,5.0,5.0,0.5349999999999999,0.33,0.085,0.06,6268.5,7912.0
9465.0,-1.0599999999999454,244.0,244.0,100.0,100.0,0.0,0.0,-1.44,-0.44,5.0,5.0,0.27,0.31,-0.08,0.12,6605.0,8171.0
9470.0,-1.0600000000000591,245.0,244.0,100.0,100.0,0.0,0.0,-0.68,0.35,5.0,5.0,0.65,0.63,0.35,0.2,6414.0,7903.0
9475.0,-1.0599999999999454,245.5,245.0,100.0,100.0,0.0,0.0,-0.405,0.03,5.0,5.0,0.82,0.65,0.165,0.165,6282.5,7867.0
9480.0,-1.0600000000000591,246.0,245.0,100.0,100.0,0.0,0.0,-0.58,-0.65,5.0,5.0,0.69,0.54,0.14,0.13,6282.0,7896.0
9485.0,-1.0599999999999454,246.0,245.0,100.0,100.0,0.0,0.0,-0.38,-0.08,5.0,5.0,0.49,0.44,0.13,0.16,6298.0,7937.0
9490.0,-1.0600000000000023,247.0,246.0,100.0,100.0,0.0,0.0,-0.645,0.155,5.0,5.0,0.45,0.46,0.15000000000000002,0.165,6307.5,7909.0
9495.0,-1.0600000000000591,247.0,246.0,100.0,100.0,0.0,0.0,-0.98,-0.25,5.0,5.0,0.41,0.32,0.15,0.14,6297.0,7915.0
9500.0,-1.0599999999999454,247.0,246.0,100.0,100.0,0.0,0.0,-0.5,-0.06,5.0,5.0,0.24,0.18,0.1,0.09,6346.0,8051.0
9505.0,-1.0600000000000591,248.0,247.0,100.0,100.0,0.0,0.0,-0.53,-0.055,5.0,5.0,0.27,0.29,0.20500000000000002,0.25,6447.5,8021.0
9510.0,-1.0599999999999454,248.0,247.0,100.0,100.0,0.0,0.0,-0.41,-0.19,5.0,5.0,0.37,0.28,0.17,0.16,6336.0,7961.0
9515.0,-1.0600000000000591,248.0,248.0,100.0,100.0,0.0,0.0,-0.07,0.09,5.0,5.0,0.22,0.21,0.11,0.14,6377.0,8029.0
9520.0,-1.0599999999999454,249.0,248.0,100.0,100.0,0.0,0.0,-0.08,0.11,5.0,5.0,0.17,0.13,0.18,0.16,6405.0,8064.0
9525.0,-1.0599999999999454,249.0,248.0,100.0,100.0,0.0,0.0,-0.23,-0.12,5.0,5.0,0.12,0.13,0.12,0.14,6429.0,8168.0
9530.0,-1.0600000000000591,250.0,249.0,100.0,100.0,0.0,0.0,-0.3,-0.1,5.0,5.0,0.15000000000000002,0.22,0.275,0.21,6497.5,8036.0
9535.0,-1.0599999999999454,250.0,250.0,100.0,100.0,0.0,0.0,-0.28,-0.08,5.0,5.0,0.21,0.23,0.2,0.19,6377.0,8009.0
9540.0,-1.0600000000000591,251.0,250.0,100.0,100.0,0.0,0.0,-0.33,-0.13,5.0,5.0,0.18,0.17,0.16,0.15,6392.0,8041.0
9545.0,-1.0499999999999545,251.0,250.0,100.0,100.0,0.0,0.0,-0.61,-0.36,5.0,5.0,0.18,0.15000000000000002,0.15,0.12,6409.0,8125.5
9550.0,-1.0600000000000591,251.0,251.0,100.0,100.0,0.0,0.0,-0.93,-0.64,5.0,5.0,0.23,0.24,0.19,0.22,6480.0,8086.0
9555.0,-1.0600000000000023,252.0,251.0,100.0,100.0,0.0,0.0,-1.165,-0.78,5.0,5.0,0.335,0.275,0.16999999999999998,0.16999999999999998,6438.0,8090.5
9560.0,-1.0599999999999454,252.0,252.0,100.0,100.0,0.0,0.0,-1.2,-1.04,5.0,5.0,0.35,0.42,0.14,0.19,6473.0,8108.0
9565.0,-1.0600000000000591,253.0,252.0,100.0,100.0,0.0,0.0,-1.31,-1.17,5.0,5.0,0.55,0.5,0.17,0.18,6448.0,8107.0
9570.0,-1.0599999999999454,253.0,253.0,100.0,100.0,0.0,0.0,-1.35,-1.26,5.0,5.0,0.56,0.57,0.16,0.17,6461.0,8134.0
9575.0,-1.0600000000000591,254.0,253.0,100.0,100.0,0.0,0.0,-1.4,-1.37,5.0,5.0,0.62,0.74,0.17,0.17,6479.0,8137.0
9580.0,-1.0499999999999545,254.0,253.5,100.0,100.0,0.0,0.0,-1.55,-1.315,5.0,5.0,0.71,0.86,0.17,0.175,6480.0,8138.5
9585.0,-1.0600000000000591,255.0,254.0,100.0,100.0,0.0,0.0,-1.76,-1.54,5.0,5.0,0.72,0.8,0.13,0.14,6488.0,8164.0
9590.0,-1.0600000000000023,255.0,254.0,100.0,100.0,0.0,0.0,-1.9949999999999999,-1.9549999999999998,5.0,5.0,0.765,0.9199999999999999,0.15000000000000002,0.16,6516.0,8212.0
9595.0,-1.0599999999999454,255.0,255.0,100.0,100.0,0.0,0.0,-2.34,-2.06,5.0,5.0,0.94,1.27,0.15,0.16,6513.0,8177.0
9600.0,-1.0600000000000591,256.0,255.0,100.0,100.0,0.0,0.0,-2.55,-1.725,5.0,5.0,1.0350000000000001,1.23,0.135,0.15000000000000002,6513.5,8184.0
9605.0,-1.0599999999999454,256.0,255.0,100.0,100.0,0.0,0.0,-2.39,-1.73,5.0,5.0,1.05,1.25,0.14,0.13,6531.0,8210.0
9610.0,-1.0500000000000682,256.0,255.0,100.0,100.0,0.0,0.0,-2.185,-1.71,5.0,5.0,1.19,1.24,0.15000000000000002,0.13,6523.5,8202.0
9615.0,-1.0599999999999454,256.0,256.0,100.0,100.0,0.0,0.0,-2.44,-1.93,5.0,5.0,0.98,1.25,0.08,0.11,6554.0,8241.0
9620.0,-1.0500000000000682,257.0,256.0,100.0,100.0,0.0,0.0,-2.685,-1.79,5.0,5.0,1.14,1.17,0.15,0.13,6559.0,8218.0
9625.0,-1.0599999999999454,257.0,256.0,100.0,100.0,0.0,0.0,-2.97,-2.24,5.0,5.0,0.86,0.77,0.11,0.07,6564.0,8263.0
9630.0,-1.0499999999999545,257.0,256.0,100.0,100.0,0.0,0.0,-3.785,-2.94,5.0,5.0,0.925,1.13,0.125,0.28,6629.5,8383.0
9635.0,-1.0600000000000591,257.0,257.0,100.0,100.0,0.0,0.0,-4.05,-2.72,5.0,5.0,1.28,1.34,0.12,0.12,6581.0,8266.0
9640.0,-1.0499999999999545,258.0,257.0,100.0,100.0,0.0,0.0,-4.13,-2.96,5.0,5.0,1.255,1.22,0.15,0.13,6599.0,8283.0
9645.0,-1.0600000000000591,258.0,257.0,100.0,100.0,0.0,0.0,-4.31,-3.04,5.0,5.0,1.27,1.22,0.15,0.12,6617.0,8312.0
9650.0,-1.0499999999999545,258.0,257.0,100.0,100.0,0.0,0.0,-4.345,-2.82,5.0,5.0,1.505,1.76,0.115,0.13,6596.0,8277.0
9655.0,-1.0500000000000682,258.0,257.5,100.0,100.0,0.0,0.0,-4.26,-2.68,5.0,5.0,1.76,1.91,0.11,0.13,6594.0,8264.5
9660.0,-1.0499999999999545,258.5,258.0,100.0,100.0,0.0,0.0,-4.279999999999999,-2.67,5.0,5.0,1.935,1.57,0.11499999999999999,0.11,6579.5,8277.0
9665.0,-1.0600000000000591,259.0,258.0,100.0,100.0,0.0,0.0,-4.28,-2.6,5.0,5.0,1.65,1.46,0.09,0.09,6601.0,8312.0
9670.0,-1.0500000000000114,259.0,258.0,100.0,100.0,0.0,0.0,-4.46,-2.59,5.0,5.0,1.685,1.84,0.10500000000000001,0.13,6624.0,8313.0
9675.0,-1.0599999999999454,259.0,258.0,100.0,100.0,0.0,0.0,-4.34,-2.28,5.0,5.0,1.95,1.97,0.11,0.13,6600.0,8289.0
9680.0,-1.0500000000000114,259.0,258.0,100.0,100.0,0.0,0.0,-4.07,-2.06,5.0,5.0,1.815,1.58,0.11499999999999999,0.1,6606.0,8299.0
9685.0,-1.0599999999999454,259.0,258.0,100.0,100.0,0.0,0.0,-4.05,-2.08,5.0,5.0,1.37,1.35,0.08,0.1,6630.0,8367.0
9690.0,-1.0500000000000682,259.0,258.0,100.0,100.0,0.0,0.0,-3.89,-1.73,5.0,5.0,1.82,2.07,0.12,0.12,6645.5,8317.0
9695.0,-1.0599999999999454,259.0,258.0,100.0,100.0,0.0,0.0,-2.96,-1.12,5.0,5.0,2.07,2.05,-0.03,0.03,6595.0,8274.0
9700.0,-1.0500000000000682,259.0,258.0,100.0,100.0,0.0,0.0,-2.53,-0.97,5.0,5.0,1.445,1.06,0.09,0.04,6606.5,8334.0
9705.0,-1.0599999999999454,259.0,258.0,100.0,100.0,0.0,0.0,-2.91,-1.17,5.0,5.0,0.96,0.86,0.05,0.08,6705.0,8503.0
9710.0,-1.0499999999999545,260.0,259.0,100.0,100.0,0.0,0.0,-2.62,-0.81,5.0,5.0,1.4649999999999999,1.55,0.15,0.11,6642.5,8335.0
9715.0,-1.0599999999999454,260.0,259.0,100.0,100.0,0.0,0.0,-2.03,-0.4,5.0,5.0,1.38,1.54,0.11,0.1,6626.0,8311.0
9720.0,-1.0499999999999545,260.0,258.0,100.0,0.0,0.0,0.0,-1.375,0.49,5.0,0.0,1.165,1.05,0.11,-0.29,6633.5,8160.0
9725.0,-1.0600000000000591,260.0,258.0,100.0,100.0,0.0,0.0,-1.07,0.41,5.0,6.0,1.03,0.95,0.13,0.43,6638.0,7344.0
9730.0,-1.0399999999999636,260.0,259.0,100.0,100.0,0.0,0.0,-1.35,0.12,5.0,6.0,1.03,0.82,0.09,0.1,6632.0,7360.0
9735.0,-1.0600000000000591,261.0,259.0,100.0,100.0,0.0,0.0,-0.98,0.22,5.0,6.0,0.85,0.64,0.1,0.1,6641.0,7335.0
9740.0,-1.0399999999999636,261.0,259.0,100.0,100.0,0.0,0.0,-1.04,0.23,5.0,6.0,0.73,0.38,0.11,0.08,6639.0,7365.0
9745.0,-1.0600000000000591,261.0,259.0,100.0,100.0,0.0,0.0,-1.07,0.02,5.0,6.0,0.43,0.2,0.05,0.01,6682.0,7420.0
9750.0,-1.0399999999999636,261.0,260.0,100.0,100.0,0.0,0.0,-0.87,0.06,5.0,6.0,0.58,0.28,0.12,0.09,6777.0,7366.0
9755.0,-1.0500000000000682,261.5,260.0,100.0,100.0,0.0,0.0,-0.27,0.33,5.0,6.0,0.61,0.15,0.11,0.09,6651.0,7365.0
9760.0,-1.0499999999999545,262.0,260.0,100.0,100.0,0.0,0.0,-0.1,0.24,5.0,6.0,0.38,0.065,0.08,0.06,6686.0,7407.0
9765.0,-1.0499999999999545,262.0,260.0,100.0,100.0,0.0,0.0,-0.185,0.16,5.0,6.0,0.305,0.01,0.1,0.13,6696.0,7414.0
9770.0,-1.0500000000000682,262.0,260.0,100.0,100.0,0.0,0.0,0.14,0.225,5.0,6.0,0.18,-0.060000000000000005,0.09,0.09,6684.0,7391.0
9775.0,-1.0499999999999545,262.0,261.0,100.0,100.0,0.0,0.0,0.6599999999999999,0.28,5.0,6.0,0.025,-0.1,0.07,0.06,6697.0,7416.0
9780.0,-1.0500000000000682,263.0,261.0,100.0,100.0,0.0,0.0,0.8,0.21000000000000002,5.0,6.0,-0.1,-0.16,0.11,0.09,6708.0,7414.0
9785.0,-1.0399999999999636,263.0,261.0,100.0,100.0,0.0,0.0,0.78,0.23,5.0,6.0,-0.24,-0.2,0.09,0.09,6699.0,7402.0
9790.0,-1.0500000000000682,263.0,261.0,100.0,100.0,0.0,0.0,0.74,0.19,5.0,6.0,-0.33,-0.25,0.07,0.07500000000000001,6720.0,7436.0
9795.0,-1.0399999999999636,263.0,261.0,100.0,100.0,0.0,0.0,0.57,0.13,5.0,6.0,-0.48,-0.23,0.12,0.09,6703.0,7407.0
9800.0,-1.0500000000000682,264.0,261.0,100.0,100.0,0.0,0.0,0.8999999999999999,0.33,5.0,6.0,-0.27,-0.17,0.035,-0.01,6731.0,7478.0
9805.0,-1.0399999999999636,264.0,262.0,100.0,100.0,0.0,0.0,1.38,0.37,5.0,6.0,-0.49,-0.29,0.38,0.11,6872.0,7425.0
9810.0,-1.0499999999999545,264.0,262.0,100.0,100.0,0.0,0.0,1.185,0.38,5.0,6.0,-0.65,-0.3,0.09,0.08,6718.5,7433.0
9815.0,-1.0500000000000682,264.0,262.0,100.0,100.0,0.0,0.0,1.01,0.47,5.0,6.0,-0.61,-0.315,0.06,0.07,6736.0,7441.5
9820.0,-1.0399999999999636,264.0,262.0,100.0,100.0,0.0,0.0,1.15,0.87,5.0,6.0,-0.64,-0.38,0.07,0.08,6738.0,7454.0
9825.0,-1.0400000000000205,265.0,262.5,100.0,100.0,0.0,0.0,1.3599999999999999,1.33,5.0,6.0,-0.645,-0.475,0.075,0.07500000000000001,6741.0,7455.0
9830.0,-1.0399999999999636,265.0,263.0,100.0,100.0,0.0,0.0,1.61,1.41,5.0,6.0,-0.64,-0.65,0.04,0.06,6764.0,7470.0
9835.0,-1.0400000000000773,265.0,263.0,100.0,100.0,0.0,0.0,1.705,1.19,5.0,6.0,-0.83,-0.9099999999999999,0.075,0.08,6759.5,7454.5
9840.0,-1.0399999999999636,265.0,263.0,100.0,100.0,0.0,0.0,1.63,1.09,5.0,6.0,-0.94,-1.06,0.08,0.06,6745.0,7451.0
9845.0,-1.0400000000000773,265.0,263.0,100.0,100.0,0.0,0.0,1.34,0.75,5.0,6.0,-0.68,-0.58,0.06,0.07,6751.0,7497.0
9850.0,-1.0399999999999636,265.0,263.0,100.0,100.0,0.0,0.0,1.62,1.225,5.0,6.0,-0.435,-0.6100000000000001,-0.09,0.155,6974.0,7703.5
9855.0,-1.0399999999999636,266.0,263.0,100.0,100.0,0.0,0.0,1.46,0.53,5.0,6.0,-1.02,-1.29,0.11,0.1,6788.0,7488.0
9860.0,-1.0399999999999636,266.0,263.0,100.0,100.0,0.0,0.0,0.6599999999999999,-0.37,5.0,6.0,-1.0,-1.04,0.08,-0.0049999999999999906,6753.0,7448.5
9865.0,-1.0399999999999636,266.0,263.0,100.0,100.0,0.0,0.0,0.51,-0.24,5.0,6.0,-0.65,-0.41,0.04,-0.01,6769.0,7508.0
9870.0,-1.0299999999999727,266.0,263.0,100.0,100.0,0.0,0.0,0.89,0.56,5.0,6.0,-0.32,-0.385,-0.07,0.010000000000000009,6876.0,8075.5
9875.0,-1.0299999999999727,266.0,264.0,100.0,100.0,0.0,0.0,1.38,0.49,5.0,6.0,-0.735,-0.97,0.15000000000000002,0.03,6782.5,7504.0
9880.0,-1.0400000000000773,266.0,264.0,100.0,100.0,0.0,0.0,0.94,0.11,5.0,6.0,-0.61,-0.79,0.06,0.07,6783.0,7481.0
9885.0,-1.0399999999999636,266.0,264.0,100.0,100.0,0.0,0.0,0.8,-0.27,5.0,6.0,-0.6,-0.625,0.05,0.045,6797.0,7500.5
9890.0,-1.0400000000000773,267.0,264.0,100.0,100.0,0.0,0.0,0.73,-0.29,5.0,6.0,-0.58,-0.55,0.07,0.07,6790.0,7492.0
9895.0,-1.0299999999999727,267.0,264.0,100.0,100.0,0.0,0.0,0.46,-0.185,5.0,6.0,-0.5,-0.355,0.06,0.04,6792.0,7504.0
9900.0,-1.0300000000000864,267.0,264.0,100.0,100.0,0.0,0.0,0.495,-0.08,5.0,6.0,-0.33,-0.22,0.03,0.06,6836.5,7546.0
9905.0,-1.0399999999999636,267.0,264.0,100.0,100.0,0.0,0.0,0.65,-0.1,5.0,6.0,-0.35,-0.19,0.05,0.09,6840.0,7517.0
9910.0,-1.0199999999999818,267.0,264.0,100.0,100.0,0.0,0.0,0.23,-0.03,5.0,6.0,-0.33,-0.14,0.04,0.06,6806.0,7499.0
9915.0,-1.0299999999999727,267.0,265.0,100.0,100.0,0.0,0.0,0.060000000000000005,0.03,5.0,6.0,-0.24,-0.08,0.055,0.05,6805.0,7506.0
9920.0,-1.0299999999999727,267.0,265.0,100.0,100.0,0.0,0.0,0.08,0.085,5.0,6.0,-0.16,-0.05500000000000001,0.04,0.055,6818.0,7520.0
9925.0,-1.0300000000000296,268.0,265.0,100.0,100.0,0.0,0.0,0.11499999999999999,0.03,5.0,6.0,-0.125,-0.04,0.060000000000000005,0.05,6810.0,7509.0
9930.0,-1.0399999999999636,268.0,265.0,100.0,100.0,0.0,0.0,0.09,0.03,5.0,6.0,-0.07,-0.01,0.06,0.03,6817.0,7524.0
9935.0,-1.0199999999999818,268.0,265.0,100.0,100.0,0.0,0.0,0.12,0.1,5.0,6.0,-0.03,0.0,0.02,0.02,6870.0,7641.0
9940.0,-1.0299999999999727,268.0,265.0,100.0,100.0,0.0,0.0,0.265,0.22,5.0,6.0,-0.05,-0.02,0.11499999999999999,0.06,6862.5,7537.0
9945.0,-1.0300000000000864,268.0,265.0,100.0,100.0,0.0,0.0,0.25,0.20500000000000002,5.0,6.0,-0.08,-0.06,0.05,0.06,6821.0,7519.5
9950.0,-1.0199999999999818,268.0,265.0,100.0,100.0,0.0,0.0,0.2,0.16,5.0,6.0,-0.07,-0.07,0.04,0.03,6834.0,7546.0
9955.0,-1.0300000000000864,268.0,266.0,100.0,100.0,0.0,0.0,0.2,0.16,5.0,6.0,-0.07,-0.1,0.04,0.06,6853.0,7566.0
9960.0,-1.0199999999999818,269.0,266.0,100.0,100.0,0.0,0.0,0.16,0.13,5.0,6.0,-0.08,-0.11,0.05,0.05,6842.0,7543.0
9965.0,-1.0199999999999818,269.0,266.0,100.0,100.0,0.0,0.0,0.15,0.15,5.0,6.0,-0.09,-0.09,0.05,0.04,6846.0,7547.0
9970.0,-1.0299999999999727,269.0,266.0,100.0,100.0,0.0,0.0,0.08,0.16,5.0,6.0,-0.06,-0.11,0.05,0.045,6870.0,7572.5
9975.0,-1.0199999999999818,269.0,266.0,100.0,100.0,0.0,0.0,0.17,0.2,5.0,6.0,-0.06,-0.18,0.06,0.05,6863.0,7558.0
9980.0,-1.0299999999999727,269.0,266.0,100.0,100.0,0.0,0.0,0.14500000000000002,0.16,5.0,6.0,-0.08499999999999999,-0.19,0.05,0.05,6851.5,7553.0
9985.0,-1.0299999999999727,269.0,266.0,100.0,100.0,0.0,0.0,0.07,0.195,5.0,6.0,-0.06,-0.15,0.04,0.015,6858.0,7580.0
9990.0,-1.0199999999999818,269.0,266.0,100.0,100.0,0.0,0.0,0.12,0.19,5.0,6.0,-0.05,-0.16,0.02,0.06,6919.0,7625.0
9995.0,-1.0199999999999818,269.0,266.5,100.0,100.0,0.0,0.0,0.13,0.09,5.0,6.0,-0.08,-0.2,0.07,0.07,6889.5,7575.0
10000.0,-1.0200000000000955,270.0,267.0,100.0,100.0,0.0,0.0,0.12,0.08,5.0,6.0,-0.09,-0.15,0.05,0.05,6863.0,7563.0
10005.0,-1.0199999999999818,270.0,267.0,100.0,100.0,0.0,0.0,0.14,0.1,5.0,6.0,-0.07,-0.16,0.05,0.02,6872.0,7584.0
10010.0,-1.0200000000000387,270.0,267.0,100.0,100.0,0.0,0.0,0.24,0.125,5.0,6.0,-0.07,-0.15000000000000002,0.05500000000000001,0.060000000000000005,6913.5,7615.0
10015.0,-1.0199999999999818,270.0,267.0,100.0,100.0,0.0,0.0,0.34,0.15,5.0,6.0,-0.1,-0.16,0.06,0.05,6876.0,7582.0
10020.0,-1.0200000000000955,270.0,267.0,100.0,100.0,0.0,0.0,0.31,0.14,5.0,6.0,-0.13,-0.16,0.05,0.04,6885.0,7584.0
10025.0,-1.009999999999991,270.0,267.0,100.0,100.0,0.0,0.0,0.345,0.2,5.0,6.0,-0.14500000000000002,-0.17,0.035,0.04,6904.5,7617.0
10030.0,-1.0199999999999818,270.0,267.0,100.0,100.0,0.0,0.0,0.44,0.29,5.0,6.0,-0.22,-0.23,0.08,0.06,6887.0,7585.0
10035.0,-1.009999999999991,271.0,268.0,100.0,100.0,0.0,0.0,0.38,0.305,5.0,6.0,-0.22,-0.22,0.06,0.05,6874.0,7585.0
10040.0,-1.009999999999991,271.0,268.0,100.0,100.0,0.0,0.0,0.39,0.43,5.0,6.0,-0.195,-0.26,0.05,0.03,6893.5,7607.0
10045.0,-1.0199999999999818,271.0,268.0,100.0,100.0,0.0,0.0,0.55,0.6,5.0,6.0,-0.2,-0.24,0.04,0.03,6912.0,7632.0
10050.0,-1.009999999999991,271.0,268.0,100.0,100.0,0.0,0.0,0.68,0.735,5.0,6.0,-0.29,-0.395,0.06,0.05,6915.0,7607.0
10055.0,-1.009999999999991,271.0,268.0,100.0,100.0,0.0,0.0,0.69,0.72,5.0,6.0,-0.345,-0.47,0.04,0.05,6897.0,7600.0
10060.0,-1.0199999999999818,271.0,268.0,100.0,100.0,0.0,0.0,0.64,0.64,5.0,6.0,-0.34,-0.44,0.04,0.03,6902.0,7612.0
10065.0,-1.009999999999991,271.0,268.0,100.0,100.0,0.0,0.0,0.74,0.665,5.0,6.0,-0.37,-0.535,0.04,0.06,6920.0,7623.0
10070.0,-1.009999999999991,271.0,268.0,100.0,100.0,0.0,0.0,0.84,0.64,5.0,6.0,-0.405,-0.56,0.04,0.04,6905.5,7616.0
10075.0,-1.0100000000000477,271.0,268.0,100.0,100.0,0.0,0.0,0.99,0.675,5.0,6.0,-0.43,-0.5700000000000001,0.04,0.03,6929.0,7625.5
10080.0,-1.0,272.0,268.0,100.0,100.0,0.0,0.0,1.12,0.69,5.0,6.0,-0.47,-0.57,0.03,0.03,6919.0,7626.0
10085.0,-1.0100000000000477,272.0,268.0,100.0,100.0,0.0,0.0,1.465,0.77,5.0,6.0,-0.565,-0.66,0.025,0.03,6921.5,7629.0
10090.0,-1.009999999999991,272.0,269.0,100.0,100.0,0.0,0.0,1.62,0.5449999999999999,5.0,6.0,-0.82,-0.775,0.04,0.04,6910.0,7605.0
10095.0,-1.0,272.0,269.0,100.0,100.0,0.0,0.0,1.43,0.68,5.0,6.0,-0.76,-0.6,0.03,0.01,6899.0,7619.0
10100.0,-1.009999999999991,272.0,269.0,100.0,100.0,0.0,0.0,1.635,0.91,5.0,6.0,-0.685,-0.53,0.005,0.0,6943.5,7655.0
10105.0,-1.009999999999991,272.0,269.0,100.0,100.0,0.0,0.0,1.59,0.885,5.0,6.0,-0.8,-0.79,0.05,0.04,6944.0,7639.5
10110.0,-1.0,272.0,269.0,100.0,100.0,0.0,0.0,1.47,0.62,5.0,6.0,-1.01,-0.92,0.01,0.04,6914.0,7608.0
10115.0,-1.009999999999991,272.0,269.0,100.0,100.0,0.0,0.0,1.1949999999999998,0.58,5.0,6.0,-0.775,-0.54,0.01,0.0,6910.5,7621.0
10120.0,-1.009999999999991,272.0,269.0,100.0,100.0,0.0,0.0,1.6,0.815,5.0,6.0,-0.72,-0.6200000000000001,0.04,0.004999999999999999,6973.0,7705.0
10125.0,-1.0,272.0,269.0,100.0,100.0,0.0,0.0,1.38,0.35,5.0,6.0,-0.94,-0.94,0.03,0.02,6922.0,7621.0
10130.0,-1.0,272.0,269.0,100.0,100.0,0.0,0.0,1.14,0.22,5.0,6.0,-0.91,-0.78,0.02,0.01,6910.0,7608.0
10135.0,-1.0,272.0,269.0,100.0,100.0,0.0,0.0,1.13,0.29000000000000004,5.0,6.0,-0.715,-0.52,0.0,-0.019999999999999997,6923.0,7645.0
10140.0,-1.0,272.0,269.0,100.0,100.0,0.0,0.0,1.15,0.42,5.0,6.0,-0.51,-0.46,0.0,-0.03,6959.0,7763.0
10145.0,-1.0,272.0,269.0,100.0,100.0,0.0,0.0,1.04,0.32,5.0,6.0,-0.76,-0.8,0.05,0.01,6940.0,7637.0
10150.0,-0.9899999999999523,272.0,269.0,100.0,100.0,0.0,0.0,0.53,0.07,5.0,6.0,-0.675,-0.56,0.02,0.01,6913.5,7611.0
10155.0,-1.0,272.0,269.0,100.0,100.0,0.0,0.0,0.44,0.21,5.0,6.0,-0.39,-0.36,-0.02,-0.07,6984.0,7716.0
10160.0,-0.9899999999999523,272.0,269.0,100.0,100.0,0.0,0.0,0.68,0.135,5.0,6.0,-0.45,-0.485,0.09,0.11499999999999999,7029.0,7708.5
10165.0,-0.9900000000000091,272.0,269.0,100.0,100.0,0.0,0.0,0.695,0.13,5.0,6.0,-0.45,-0.5,0.015,0.02,6935.0,7650.0
10170.0,-1.0,272.0,269.0,100.0,100.0,0.0,0.0,0.63,0.09,5.0,6.0,-0.34,-0.42,0.02,0.0,6973.0,7670.0
10175.0,-0.9900000000000091,272.0,269.0,100.0,100.0,0.0,0.0,0.53,-0.019999999999999997,5.0,6.0,-0.37,-0.375,0.07,0.015,6978.0,7665.0
10180.0,-0.9900000000000091,272.0,269.0,100.0,100.0,0.0,0.0,0.515,-0.07,5.0,6.0,-0.395,-0.34,0.019999999999999997,0.04,6940.5,7639.0
10185.0,-1.0,272.0,269.0,100.0,100.0,0.0,0.0,0.32,0.04,5.0,6.0,-0.36,-0.26,0.04,0.03,6930.0,7629.0
10190.0,-0.9900000000000091,272.0,269.0,100.0,100.0,0.0,0.0,0.37,0.195,5.0,6.0,-0.28,-0.185,0.01,0.005,6928.0,7653.0
10195.0,-0.9900000000000091,272.0,269.0,100.0,100.0,0.0,0.0,0.72,0.36,5.0,6.0,-0.27,-0.16,0.02,0.06,6966.0,7677.0
10200.0,-1.0,272.0,269.0,100.0,100.0,0.0,0.0,0.92,0.43,5.0,6.0,-0.31,-0.18,0.01,0.04,6952.0,7662.0
10205.0,-0.9900000000000091,272.0,269.0,100.0,100.0,0.0,0.0,0.94,0.565,5.0,6.0,-0.35,-0.22999999999999998,0.05,0.03,6949.0,7654.5
10210.0,-0.9900000000000091,272.0,269.0,100.0,100.0,0.0,0.0,1.19,0.72,5.0,6.0,-0.44,-0.28,0.045,0.05,6952.5,7656.0
10215.0,-1.0,273.0,269.0,100.0,100.0,0.0,0.0,1.49,0.95,5.0,6.0,-0.56,-0.38,0.04,0.05,6945.0,7654.0
10220.0,-0.9900000000000091,273.0,270.0,100.0,100.0,0.0,0.0,1.8,1.2650000000000001,5.0,6.0,-0.67,-0.515,0.05,0.03,6947.0,7654.5
10225.0,-0.9799999999999045,273.0,270.0,100.0,100.0,0.0,0.0,2.36,1.55,5.0,6.0,-0.77,-0.64,0.02,0.03,6956.0,7663.0
10230.0,-0.9900000000000091,273.0,270.0,100.0,100.0,0.0,0.0,2.475,1.66,5.0,6.0,-0.89,-0.77,0.025,0.02,6954.0,7662.0
10235.0,-0.9899999999999523,273.0,270.0,100.0,100.0,0.0,0.0,2.49,1.8599999999999999,5.0,6.0,-0.97,-0.895,0.0,0.025,6966.0,7679.5
10240.0,-0.9800000000000182,273.0,270.0,100.0,100.0,0.0,0.0,2.63,1.97,5.0,6.0,-1.06,-1.04,0.03,0.02,6964.0,7671.0
10245.0,-0.9899999999999523,273.0,270.0,100.0,100.0,0.0,0.0,3.1399999999999997,1.98,5.0,6.0,-1.1600000000000001,-1.18,0.03,0.03,6972.0,7673.0
10250.0,-0.9900000000000091,273.0,270.0,100.0,100.0,0.0,0.0,3.14,1.955,5.0,6.0,-1.49,-1.45,0.04,0.025,6946.0,7661.0
10255.0,-0.9800000000000182,273.0,270.0,100.0,100.0,0.0,0.0,2.96,1.93,5.0,6.0,-1.53,-1.41,0.02,0.02,6945.0,7656.0
10260.0,-0.9900000000000091,273.0,270.0,100.0,100.0,0.0,0.0,3.215,1.92,5.0,6.0,-1.415,-1.45,0.01,0.02,6952.5,7670.0
10265.0,-0.9900000000000091,273.0,270.0,100.0,100.0,0.0,0.0,3.68,2.19,5.0,6.0,-1.22,-1.24,0.03,-0.01,6962.0,7702.0
10270.0,-0.9800000000000182,273.0,270.0,100.0,100.0,0.0,0.0,4.25,2.25,5.0,6.0,-1.54,-1.68,0.04,0.05,6984.0,7674.0
10275.0,-0.9800000000000182,273.0,270.0,100.0,100.0,0.0,0.0,4.145,2.215,5.0,6.0,-1.6400000000000001,-1.39,0.03,0.025,6949.0,7657.0
10280.0,-0.9700000000000273,273.0,269.0,100.0,100.0,0.0,0.0,4.1850000000000005,2.81,5.0,6.0,-1.2149999999999999,-1.36,-0.025,0.03,6972.5,7727.0
10285.0,-0.9800000000000182,272.0,269.0,100.0,100.0,0.0,0.0,4.37,2.58,5.0,6.0,-1.7,-1.78,0.11,0.07,6989.0,7674.0
10290.0,-0.9699999999999704,272.0,269.0,100.0,100.0,0.0,0.0,4.09,2.3099999999999996,5.0,6.0,-2.12,-2.0549999999999997,0.0,0.030000000000000002,6931.0,7640.0
10295.0,-0.9700000000000273,272.0,269.0,100.0,100.0,0.0,0.0,4.0600000000000005,2.82,5.0,6.0,-1.54,-1.32,0.0,-0.05,6940.5,7698.0
10300.0,-0.9799999999999045,272.0,269.0,100.0,100.0,0.0,0.0,4.52,3.09,5.0,6.0,-1.54,-1.68,0.04,0.01,7001.0,7746.0
10305.0,-0.9700000000000273,272.0,269.0,100.0,100.0,0.0,0.0,4.08,2.6100000000000003,5.0,6.0,-2.38,-2.38,0.03,-0.024999999999999994,6927.0,7629.0
10310.0,-0.9699999999999136,272.0,269.0,100.0,100.0,0.0,0.0,3.635,2.56,5.0,6.0,-1.9,-1.82,0.0,0.01,6920.0,7623.0
10315.0,-0.9800000000000182,272.0,268.0,100.0,100.0,0.0,0.0,3.59,2.47,5.0,6.0,-1.14,-0.98,0.01,-0.07,6969.0,7725.0
10320.0,-0.9699999999999136,271.0,268.0,100.0,100.0,0.0,0.0,3.54,2.27,5.0,6.0,-0.99,-1.105,0.0,0.125,7016.0,7804.5
10325.0,-0.9700000000000273,271.0,268.0,100.0,100.0,0.0,0.0,3.9050000000000002,2.09,5.0,6.0,-1.1749999999999998,-1.65,0.0,0.06,6964.5,7731.0
10330.0,-0.9800000000000182,271.0,268.0,100.0,100.0,0.0,0.0,4.37,1.52,5.0,6.0,-1.56,-2.07,0.04,0.04,6933.0,7639.0
10335.0,-0.9700000000000273,271.0,268.0,100.0,100.0,0.0,0.0,3.93,0.77,5.0,6.0,-1.46,-1.635,0.03,0.02,6917.0,7623.0
10340.0,-0.9700000000000273,271.0,268.0,100.0,100.0,0.0,0.0,4.035,1.26,5.0,6.0,-1.54,-1.96,0.004999999999999999,0.05,6937.5,7623.0
10345.0,-0.9700000000000273,271.0,268.0,100.0,100.0,0.0,0.0,3.36,0.35,5.0,6.0,-1.99,-1.8450000000000002,-0.01,-0.11499999999999999,6897.0,7585.5
10350.0,-0.9600000000000364,271.0,268.0,100.0,100.0,0.0,0.0,2.34,-0.17,5.0,6.0,-1.64,-1.2,0.02,0.01,6878.0,7601.0
10355.0,-0.9700000000000273,271.0,268.0,100.0,100.0,0.0,0.0,1.62,0.51,5.0,6.0,-1.31,-1.03,0.024999999999999994,0.01,6930.0,7628.0
10360.0,-0.9700000000000273,271.0,268.0,100.0,100.0,0.0,0.0,1.24,0.27,5.0,6.0,-1.11,-0.8300000000000001,0.03,0.01,6902.0,7628.5
10365.0,-0.9599999999999227,271.0,268.0,100.0,100.0,0.0,0.0,0.76,-0.49,5.0,6.0,-0.73,-0.49,0.03,-0.0,6939.0,7651.0
10370.0,-0.9700000000000273,271.0,268.0,100.0,100.0,0.0,0.0,0.38,-0.32,5.0,6.0,-0.345,-0.35,-0.005,-0.03,7007.0,7742.0
10375.0,-0.9699999999999136,271.0,268.0,100.0,100.0,0.0,0.0,0.24,-0.5249999999999999,5.0,6.0,-0.62,-0.46499999999999997,0.13,0.06,6940.0,7620.5
10380.0,-0.9600000000000364,271.0,268.0,100.0,100.0,0.0,0.0,0.28,-0.81,5.0,6.0,-0.48,-0.22,0.03,0.03,6898.0,7611.0
10385.0,-0.9699999999999136,271.0,268.0,100.0,100.0,0.0,0.0,-0.010000000000000009,-0.7,5.0,6.0,-0.255,-0.15,0.019999999999999997,0.02,6932.5,7632.0
10390.0,-0.9700000000000273,271.0,268.0,100.0,100.0,0.0,0.0,-0.94,-0.665,5.0,6.0,-0.05,0.025,0.05,0.04,6905.0,7614.5
10395.0,-0.9599999999999227,271.0,268.0,100.0,100.0,0.0,0.0,-1.13,-0.73,5.0,6.0,0.15,0.16,0.03,0.03,6912.0,7625.0
10400.0,-0.9600000000000364,271.0,268.0,100.0,100.0,0.0,0.0,-1.245,-0.855,5.0,6.0,0.29500000000000004,0.31000000000000005,0.035,0.04,6935.5,7634.0
10405.0,-0.9600000000000364,271.0,268.0,100.0,100.0,0.0,0.0,-1.55,-1.1,5.0,6.0,0.54,0.46,0.04,0.04,6908.0,7614.0
10410.0,-0.9600000000000364,271.0,268.0,100.0,100.0,0.0,0.0,-1.56,-1.13,5.0,6.0,0.61,0.52,0.02,0.03,6911.0,7617.0
10415.0,-0.9600000000000364,272.0,268.0,100.0,100.0,0.0,0.0,-1.51,-1.1,5.0,6.0,0.61,0.505,0.02,0.01,6925.0,7650.0
10420.0,-0.9600000000000364,272.0,269.0,100.0,100.0,0.0,0.0,-1.75,-1.25,5.0,6.0,0.64,0.62,0.03,0.04,6958.0,7660.0
10425.0,-0.9600000000000364,272.0,269.0,100.0,100.0,0.0,0.0,-1.96,-1.36,5.0,6.0,0.83,0.83,0.04,0.05,6938.0,7641.0
10430.0,-0.9599999999999795,272.0,269.0,100.0,100.0,0.0,0.0,-1.86,-1.2650000000000001,5.0,6.0,0.88,0.95,0.035,0.035,6930.5,7636.5
10435.0,-0.9600000000000364,272.0,269.0,100.0,100.0,0.0,0.0,-1.92,-1.1,5.0,6.0,1.05,1.04,0.05,0.03,6921.0,7625.0
10440.0,-0.9599999999999227,272.0,269.0,100.0,100.0,0.0,0.0,-1.84,-1.15,5.0,6.0,0.98,0.92,0.05,0.02,6921.0,7632.0
10445.0,-0.9600000000000364,272.0,269.0,100.0,100.0,0.0,0.0,-1.915,-1.355,5.0,6.0,0.875,0.875,0.005,0.03,6946.5,7670.0
10450.0,-0.9599999999999227,272.0,269.0,100.0,100.0,0.0,0.0,-2.1,-1.42,5.0,6.0,1.0,1.02,0.08,0.05,6950.0,7656.0
10455.0,-0.9600000000000364,272.0,269.0,100.0,100.0,0.0,0.0,-2.34,-1.21,5.0,6.0,1.11,1.21,0.03,0.02,6936.0,7640.0
10460.0,-0.9499999999999318,272.0,269.0,100.0,100.0,0.0,0.0,-2.14,-1.0350000000000001,5.0,6.0,1.11,1.145,0.03,0.025,6929.0,7636.5
10465.0,-0.9500000000000455,272.0,269.0,100.0,100.0,0.0,0.0,-1.995,-1.06,5.0,6.0,1.14,1.13,0.025,0.03,6935.0,7637.0
10470.0,-0.9499999999999318,272.0,269.0,100.0,100.0,0.0,0.0,-2.11,-1.365,5.0,6.0,1.02,0.995,0.02,0.015,6930.0,7654.0
10475.0,-0.9400000000000546,272.0,269.0,100.0,100.0,0.0,0.0,-2.42,-1.44,5.0,6.0,1.01,1.09,0.02,0.03,6960.0,7650.0
10480.0,-0.9499999999999886,272.0,269.0,100.0,100.0,0.0,0.0,-2.175,-1.33,5.0,6.0,1.045,1.01,0.03,0.02,6932.5,7651.0
10485.0,-0.9499999999999886,272.0,269.0,100.0,100.0,0.0,0.0,-2.2,-1.275,5.0,6.0,0.96,1.05,0.01,0.03,6968.0,7682.0
10490.0,-0.9400000000000546,272.0,269.0,100.0,100.0,0.0,0.0,-2.19,-0.96,5.0,6.0,1.2,1.16,0.06,0.03,6948.0,7646.0
10495.0,-0.9500000000000455,272.0,269.0,100.0,100.0,0.0,0.0,-1.9249999999999998,-0.92,5.0,6.0,1.1400000000000001,1.15,0.03,0.03,6933.0,7639.0
10500.0,-0.9500000000000455,272.0,269.0,100.0,100.0,0.0,0.0,-2.02,-0.865,5.0,6.0,1.16,1.21,0.02,0.04,6951.0,7649.5
10505.0,-0.9399999999999409,272.0,269.0,100.0,100.0,0.0,0.0,-1.84,-0.43,5.0,6.0,1.3,1.13,0.05,0.03,6927.0,7629.0
10510.0,-0.9500000000000455,272.0,269.0,100.0,100.0,0.0,0.0,-1.69,-0.49,5.0,6.0,0.965,0.76,0.01,0.0,6929.5,7647.0
10515.0,-0.9499999999999318,272.0,269.0,100.0,100.0,0.0,0.0,-1.88,-0.69,5.0,6.0,0.83,0.765,-0.02,0.045,7020.0,7715.5
10520.0,-0.9400000000000546,272.0,269.0,100.0,100.0,0.0,0.0,-1.69,-0.51,5.0,6.0,1.07,0.91,0.03,0.05,6946.0,7650.0
10525.0,-0.9499999999999318,272.0,269.0,100.0,100.0,0.0,0.0,-1.6549999999999998,-0.65,5.0,6.0,0.945,0.84,0.015,0.02,6955.5,7651.0
10530.0,-0.9500000000000455,272.0,269.0,99.0,100.0,2.0,0.0,-1.29,-0.395,5.0,6.0,0.97,0.79,0.02,0.025,6942.0,7652.0
10535.0,-0.9399999999999409,272.0,269.0,60.0,91.0,47.0,10.0,-0.53,-0.36,5.0,6.0,0.87,0.79,-0.71,-0.07,6829.0,7628.0
10540.0,-0.9500000000000455,269.0,268.0,15.5,40.0,77.0,61.0,-0.395,-0.61,5.0,6.0,0.72,0.76,-1.505,-0.92,6678.5,7465.0
10545.0,-0.9399999999999409,264.0,264.0,69.0,0.0,94.0,88.0,-0.89,-1.08,0.0,0.0,0.61,0.71,-2.07,-1.69,7488.0,8186.0
10550.0,-0.9400000000000546,260.0,260.0,69.0,0.0,100.0,87.0,-1.5,-1.34,0.0,5.0,0.55,0.79,-2.18,-1.83,7234.0,7993.0
10555.0,-0.9500000000000455,253.0,255.5,0.0,0.0,90.0,82.5,-3.55,-2.94,4.0,5.0,0.61,0.8500000000000001,-2.05,-1.91,7216.0,7812.0
10560.0,-0.9499999999999318,248.5,251.0,0.0,0.0,68.5,60.0,-6.06,-4.2,4.0,5.0,1.005,1.15,-1.67,-1.46,7073.0,7699.0
10565.0,-0.9400000000000546,245.0,248.0,0.0,0.0,44.0,22.0,-7.52,-3.43,4.0,5.0,1.16,1.67,-1.41,-0.84,7087.0,7763.0
10570.0,-0.9499999999999318,242.0,246.0,0.0,0.0,25.0,9.5,-8.79,-4.915,4.0,5.0,2.26,2.26,-0.99,-0.595,7054.0,7752.5
10575.0,-0.9500000000000455,239.5,244.0,0.0,0.0,4.5,0.0,-9.120000000000001,-6.13,4.0,5.0,2.545,2.22,-0.5800000000000001,-0.37,7047.5,7730.0
10580.0,-0.9399999999999409,238.0,243.0,0.0,0.0,3.0,0.0,-9.34,-6.28,4.0,5.0,1.82,1.83,-0.49,-0.37,6990.0,7684.0
10585.0,-0.9499999999999886,236.0,242.0,0.0,0.0,0.0,0.0,-9.86,-6.785,4.0,5.0,2.24,2.075,-0.44,-0.37,6949.0,7644.0
10590.0,-0.9600000000000364,235.0,241.0,0.0,0.0,0.0,0.0,-10.53,-7.55,4.0,5.0,2.06,2.21,-0.43,-0.38,6898.0,7600.0
10595.0,-0.9599999999999227,233.0,239.0,0.0,0.0,0.0,0.0,-10.85,-7.5,4.0,5.0,2.12,2.05,-0.43,-0.36,6849.0,7549.0
10600.0,-0.9600000000000364,232.0,238.0,7.0,0.0,0.0,0.0,-12.21,-7.78,4.0,5.0,1.85,1.95,-0.35,-0.36,6852.0,7497.0
10605.0,-0.9499999999999886,231.0,236.0,39.0,0.0,0.0,0.0,-13.030000000000001,-7.69,4.0,5.0,2.34,2.73,-0.235,-0.38,6875.5,7435.0
10610.0,-0.9599999999999795,229.5,234.5,55.5,15.0,0.0,0.0,-13.934999999999999,-7.800000000000001,4.0,5.0,2.6100000000000003,2.65,-0.195,-0.345,6846.5,7414.0
10615.0,-0.9700000000000273,228.5,233.0,77.0,27.0,0.0,1.0,-14.89,-8.12,4.0,5.0,1.8599999999999999,1.6,-0.115,-0.26,6859.0,7419.0
10620.0,-0.9699999999999704,228.0,232.0,77.0,63.0,0.0,1.0,-16.295,-9.2,4.0,5.0,1.69,2.37,-0.07,-0.08,6898.5,7563.0
10625.0,-0.9600000000000364,227.0,231.0,79.0,71.0,0.0,2.0,-16.67,-9.4,4.0,5.0,3.54,3.88,-0.48,-0.59,6821.0,7411.0
10630.0,-0.9600000000000364,225.0,229.0,87.0,58.0,0.0,5.0,-16.42,-9.45,4.0,5.0,2.52,1.79,-0.1,-0.18,6746.0,7367.0
10635.0,-0.9599999999999227,225.0,229.0,80.0,76.0,0.0,3.0,-16.54,-9.67,4.0,5.0,1.66,1.63,-0.04,-0.05,6875.0,7545.0
10640.0,-0.9600000000000364,225.0,228.0,81.0,93.0,0.0,0.0,-15.74,-9.33,4.0,5.0,2.46,2.69,0.02,0.13,6771.0,7408.0
10645.0,-0.9700000000000273,224.0,228.0,78.0,99.0,0.0,0.0,-14.61,-9.03,4.0,5.0,2.245,2.21,-0.01,0.07,6785.0,7385.0
10650.0,-0.9699999999999136,224.0,228.0,90.0,98.0,0.0,0.0,-7.835,-8.94,4.0,5.0,1.75,1.54,0.065,0.08,6821.5,7527.0
10655.0,-0.9700000000000273,224.0,228.0,95.5,100.0,0.0,0.0,-5.525,-6.19,4.0,5.0,1.6099999999999999,1.8,0.135,0.13,6867.5,7494.0
10660.0,-0.9700000000000273,224.0,228.0,96.0,100.0,0.0,0.0,-5.695,-4.34,4.0,5.0,1.92,2.19,0.15000000000000002,0.19,6851.0,7396.0
10665.0,-0.9700000000000273,224.0,227.0,97.5,100.0,0.0,0.0,-6.165,-5.94,4.0,5.0,1.93,2.03,0.11000000000000001,0.14,6835.0,7403.0
10670.0,-0.9700000000000273,224.0,227.0,100.0,100.0,0.0,0.0,-5.045,-5.91,4.0,5.0,1.72,1.87,0.125,0.1,6804.5,7426.0
10675.0,-0.9699999999999704,224.0,227.0,100.0,100.0,0.0,0.0,-4.975,-5.17,4.0,5.0,1.8599999999999999,1.94,0.165,0.14,6794.0,7392.0
10680.0,-0.9800000000000182,224.0,227.0,100.0,100.0,0.0,0.0,-5.39,-4.55,4.0,5.0,1.56,2.0,0.14,0.1,6789.0,7420.0
10685.0,-0.9800000000000182,225.0,227.0,100.0,100.0,0.0,0.0,-5.05,-3.85,4.0,5.0,1.7,1.91,0.18,0.14,6765.0,7361.0
10690.0,-0.9800000000000182,225.0,227.0,100.0,100.0,0.0,0.0,-5.59,-4.23,4.0,5.0,1.65,1.84,0.17,0.12,6813.0,7398.0
10695.0,-0.9900000000000091,225.0,227.0,100.0,100.0,0.0,0.0,-5.79,-4.71,4.0,5.0,1.54,1.69,0.15,0.125,6791.0,7385.5
10700.0,-0.9900000000000091,225.0,227.0,100.0,100.0,0.0,0.0,-5.77,-4.565,4.0,5.0,1.36,1.685,0.12,0.13,6858.0,7427.5
10705.0,-0.9899999999999523,226.0,227.0,100.0,100.0,0.0,0.0,-5.56,-3.94,4.0,5.0,1.64,2.08,0.12,0.155,6838.0,7385.0
10710.0,-0.9900000000000091,226.0,228.0,100.0,100.0,0.0,0.0,-5.48,-4.165,4.0,5.0,1.78,1.9100000000000001,0.13,0.14,6818.0,7358.5
10715.0,-0.9900000000000091,226.0,228.0,100.0,100.0,0.0,0.0,-5.67,-3.365,4.0,5.0,1.45,1.605,0.1,0.115,6867.0,7414.5
10720.0,-0.9899999999999523,226.0,228.0,100.0,100.0,0.0,0.0,-4.63,-3.0300000000000002,4.0,5.0,1.79,1.79,0.18,0.14500000000000002,6848.0,7397.0
10725.0,-1.0,226.0,228.0,100.0,100.0,0.0,0.0,-3.53,-1.42,4.0,5.0,1.73,1.81,0.16,0.14,6843.0,7367.0
10730.0,-1.0,227.0,228.0,100.0,100.0,0.0,0.0,-3.33,-0.95,4.0,5.0,1.17,1.31,0.07,0.13,6893.0,7434.0
10735.0,-1.0,227.0,228.0,100.0,100.0,0.0,0.0,-3.97,-1.18,4.0,5.0,0.91,0.86,0.12,0.07,6948.0,7517.0
10740.0,-0.9900000000000091,227.0,228.0,100.0,100.0,0.0,0.0,-3.74,-1.15,4.0,5.0,1.2650000000000001,1.34,0.225,0.19,6972.5,7464.0
10745.0,-0.9899999999999523,228.0,229.0,100.0,100.0,0.0,0.0,-3.625,-1.28,4.0,5.0,1.55,1.33,0.19,0.16,6864.5,7376.0
10750.0,-0.9900000000000091,228.0,229.0,100.0,100.0,0.0,0.0,-3.0149999999999997,-1.22,4.0,5.0,0.77,0.75,0.10500000000000001,0.04,6952.0,7521.0
10755.0,-0.9900000000000091,228.0,229.0,99.5,100.0,0.0,0.0,-2.8449999999999998,-1.64,4.0,5.0,0.8,1.14,0.15,0.29,7109.5,7519.0
10760.0,-0.9900000000000091,229.0,230.0,100.0,100.0,0.0,0.0,-2.0949999999999998,-1.15,4.0,5.0,1.315,1.35,0.215,0.18,6895.0,7411.0
10765.0,-0.9800000000000182,229.0,230.0,100.0,100.0,0.0,0.0,-2.56,-1.22,4.0,5.0,1.06,1.14,0.12,0.16,6930.0,7445.0
10770.0,-0.9800000000000182,229.0,231.0,100.0,100.0,0.0,0.0,-2.34,-1.17,4.0,5.0,0.99,1.05,0.18,0.15,6918.0,7463.0
10775.0,-0.9800000000000182,230.0,231.0,100.0,100.0,0.0,0.0,-2.53,-0.67,4.0,5.0,1.08,1.1,0.21,0.16,6912.0,7435.0
10780.0,-0.9800000000000182,230.0,231.0,100.0,100.0,0.0,0.0,-2.53,-0.84,4.0,5.0,1.01,0.8,0.17,0.12,6927.0,7451.0
10785.0,-0.9900000000000091,231.0,232.0,100.0,100.0,0.0,0.0,-2.75,-1.08,4.0,5.0,0.81,0.815,0.15,0.15500000000000003,6994.0,7519.5
10790.0,-0.9900000000000091,231.0,232.0,100.0,100.0,0.0,0.0,-2.26,-0.5700000000000001,4.0,5.0,1.04,0.865,0.18,0.15,6947.0,7465.5
10795.0,-1.0,231.0,232.0,100.0,100.0,0.0,0.0,-1.52,-0.53,4.0,5.0,0.85,0.66,0.17,0.13,6971.0,7498.0
10800.0,-1.0,232.0,233.0,100.0,100.0,0.0,0.0,-1.67,-0.71,4.0,5.0,0.7,0.65,0.14,0.16,7015.0,7536.0
10805.0,-1.0,232.0,233.0,100.0,100.0,0.0,0.0,-1.55,-0.53,4.0,5.0,0.83,0.67,0.2,0.15,6983.0,7506.0
10810.0,-0.9900000000000091,233.0,234.0,100.0,100.0,0.0,0.0,-1.46,-0.53,4.0,5.0,0.7,0.5,0.165,0.14,7012.0,7535.0
10815.0,-0.9800000000000182,233.0,234.0,100.0,100.0,0.0,0.0,-1.37,-0.62,4.0,5.0,0.58,0.55,0.14,0.18,7053.0,7589.0
10820.0,-0.9900000000000091,234.0,234.0,100.0,100.0,0.0,0.0,-1.2,-0.4,4.0,5.0,0.74,0.615,0.18,0.16,7021.0,7537.0
10825.0,-0.9899999999999523,234.0,235.0,100.0,100.0,0.0,0.0,-0.93,-0.22999999999999998,4.0,5.0,0.59,0.47,0.16,0.13,7036.0,7553.0
10830.0,-1.0,233.0,235.0,100.0,100.0,0.0,0.0,-0.97,-0.29,5.0,5.0,0.54,0.41,-0.18,0.15,6384.0,7583.0
10835.0,-1.0,234.0,236.0,100.0,100.0,0.0,0.0,-0.8,-0.36,5.0,5.0,0.47,0.38,0.19,0.15,5967.0,7591.0
10840.0,-1.0,234.0,236.0,100.0,100.0,0.0,0.0,-0.82,-0.24,5.0,5.0,0.41,0.36,0.16,0.15,6004.0,7608.0
10845.0,-0.9900000000000091,235.0,236.0,100.0,100.0,0.0,0.0,-0.6950000000000001,-0.21,5.0,5.0,0.42,0.3,0.14500000000000002,0.14,5996.5,7611.0
10850.0,-0.9900000000000091,235.0,237.0,100.0,100.0,0.0,0.0,-0.66,-0.245,5.0,5.0,0.3,0.215,0.12,0.095,6032.0,7680.5
10855.0,-1.0,236.0,237.0,100.0,100.0,0.0,0.0,-0.76,-0.3,5.0,5.0,0.3,0.23,0.19,0.15,6109.0,7699.0
10860.0,-1.0,236.0,238.0,100.0,100.0,0.0,0.0,-0.7,-0.26,5.0,5.0,0.43,0.28,0.18,0.17,6035.0,7657.0
10865.0,-1.0,237.0,238.0,100.0,100.0,0.0,0.0,-0.22,-0.08,5.0,5.0,0.35,0.27,0.16,0.15,6038.0,7652.0
10870.0,-1.0,237.0,239.0,100.0,100.0,0.0,0.0,-0.27,0.02,5.0,5.0,0.29,0.2,0.15,0.15,6046.0,7661.0
10875.0,-1.0,237.0,239.0,100.0,100.0,0.0,0.0,-0.41000000000000003,-0.019999999999999997,5.0,5.0,0.245,0.14500000000000002,0.155,0.14,6046.0,7677.5
10880.0,-1.0,238.0,239.0,100.0,100.0,0.0,0.0,-0.37,-0.08,5.0,5.0,0.18,0.12,0.13,0.13,6076.0,7701.0
10885.0,-1.0,238.0,240.0,100.0,100.0,0.0,0.0,-0.56,-0.2,5.0,5.0,0.21,0.11,0.14,0.12,6088.0,7720.0
10890.0,-1.0,239.0,240.0,100.0,100.0,0.0,0.0,-0.69,-0.35,5.0,5.0,0.25,0.15,0.14,0.14,6081.0,7708.0
10895.0,-1.0,239.0,240.0,100.0,100.0,0.0,0.0,-0.745,-0.56,5.0,5.0,0.28,0.155,0.12,0.12,6090.5,7716.0
10900.0,-1.0,239.0,241.0,100.0,100.0,0.0,0.0,-0.81,-0.69,5.0,5.0,0.3,0.21,0.12,0.11,6093.0,7743.0
10905.0,-1.0,240.0,241.0,100.0,100.0,0.0,0.0,-1.0,-0.38,5.0,5.0,0.32,0.23,0.14,0.12,6119.0,7764.0
10910.0,-1.0,240.0,241.0,100.0,100.0,0.0,0.0,-1.41,-0.49,5.0,5.0,0.39,0.28,0.1,0.13,6145.0,7777.0
10915.0,-1.0100000000000477,240.0,242.0,100.0,100.0,0.0,0.0,-1.06,-0.65,5.0,5.0,0.5,0.335,0.13,0.11499999999999999,6138.0,7769.5
10920.0,-1.009999999999991,240.5,242.0,100.0,100.0,0.0,0.0,-0.725,-0.87,5.0,5.0,0.485,0.37,0.12,0.12,6130.0,7776.0
10925.0,-1.0,241.0,242.0,100.0,100.0,0.0,0.0,-0.86,-1.02,5.0,5.0,0.41,0.34,0.1,0.09,6156.0,7826.0
10930.0,-1.0,241.0,242.0,100.0,100.0,0.0,0.0,-0.85,-1.05,5.0,5.0,0.37,0.5,0.1,0.14,6196.0,7834.0
10935.0,-1.009999999999991,241.0,243.0,100.0,100.0,0.0,0.0,-0.71,-0.98,5.0,5.0,0.42,0.5700000000000001,0.11,0.11499999999999999,6163.0,7811.0
10940.0,-1.0100000000000477,242.0,243.0,100.0,100.0,0.0,0.0,-0.645,-1.03,5.0,5.0,0.365,0.56,0.10500000000000001,0.09,6183.0,7831.0
10945.0,-1.0,242.0,243.0,100.0,100.0,0.0,0.0,-0.69,-0.81,5.0,5.0,0.34,0.61,0.12,0.13,6191.0,7856.0
10950.0,-1.009999999999991,242.0,244.0,100.0,100.0,0.0,0.0,-0.69,-0.64,5.0,5.0,0.29,0.375,0.13,0.07,6202.0,7875.0
10955.0,-1.009999999999991,243.0,244.0,100.0,100.0,0.0,0.0,-0.74,-0.64,5.0,5.0,0.185,0.31,0.005000000000000001,0.0,6308.0,8030.0
10960.0,-1.0,243.0,244.0,100.0,100.0,0.0,0.0,-0.45,-0.37,5.0,5.0,0.25,0.27,0.27,0.14,6264.0,7938.0
10965.0,-1.009999999999991,243.0,244.0,100.0,100.0,0.0,0.0,0.14,-0.345,5.0,5.0,0.04,0.04,-0.15,-0.18,6413.0,8319.5
10970.0,-1.0199999999999818,243.0,244.0,100.0,100.0,0.0,0.0,0.75,-0.11,5.0,5.0,0.06,0.31,-0.14,0.22,7222.0,8520.0
10975.0,-1.009999999999991,244.0,245.0,100.0,100.0,0.0,0.0,1.87,2.42,5.0,5.0,-0.015000000000000003,0.03,0.21,0.15,6189.0,7837.0
10980.0,-1.0,244.0,245.0,100.0,100.0,0.0,0.0,2.62,3.73,5.0,5.0,-0.33,-0.32,0.16,0.08,6220.0,7914.0
10985.0,-1.0199999999999818,245.0,245.0,100.0,100.0,0.0,0.0,3.19,3.86,5.0,5.0,-0.58,-0.59,0.14,0.17,6291.0,8064.0
10990.0,-1.009999999999991,245.0,246.0,100.0,100.0,0.0,0.0,3.625,3.63,5.0,5.0,-0.915,-1.21,0.135,0.15,6267.0,7932.0
10995.0,-1.0,245.0,246.0,100.0,100.0,0.0,0.0,3.87,2.67,5.0,5.0,-1.11,-1.5,0.12,0.13,6284.0,7933.0
11000.0,-1.0200000000000955,246.0,246.0,100.0,100.0,0.0,0.0,4.52,1.99,5.0,5.0,-1.35,-1.41,0.13,0.12,6285.0,7949.0
11005.0,-1.009999999999991,246.0,247.0,100.0,100.0,0.0,0.0,5.465,2.91,5.0,5.0,-1.3849999999999998,-1.25,0.13,0.12,6292.0,7971.0
11010.0,-1.0,246.0,247.0,100.0,100.0,0.0,0.0,5.81,4.31,5.0,5.0,-1.37,-1.49,0.11,0.15,6321.0,7994.0
11015.0,-1.0199999999999818,246.0,247.0,100.0,100.0,0.0,0.0,6.02,5.39,5.0,5.0,-1.55,-1.64,0.15,0.15,6326.0,7984.0
11020.0,-1.009999999999991,246.0,247.0,100.0,100.0,0.0,0.0,6.405,5.88,5.0,5.0,-1.74,-1.6,0.125,0.13,6321.0,7982.0
11025.0,-1.009999999999991,247.0,247.0,100.0,100.0,0.0,0.0,7.36,6.4350000000000005,5.0,5.0,-1.21,-1.07,0.12,0.08499999999999999,6342.0,8043.0
11030.0,-1.0199999999999818,247.0,247.0,90.0,100.0,0.0,0.0,8.92,7.34,5.0,5.0,-0.91,-0.91,0.08,0.09,6465.0,8232.0
11035.0,-1.009999999999991,247.0,248.0,90.0,100.0,0.0,0.0,9.795,7.87,5.0,5.0,-1.165,-1.11,0.14,0.17,6409.0,8149.0
11040.0,-1.009999999999991,247.0,248.0,87.0,100.0,0.0,0.0,10.46,8.305,5.0,5.0,-1.06,-1.465,0.04,0.14500000000000002,6411.0,8140.0
11045.0,-1.0199999999999818,247.0,248.0,90.0,100.0,0.0,0.0,10.41,8.36,5.0,5.0,-1.78,-1.93,0.15,0.16,6368.0,8090.0
11050.0,-1.0100000000000477,247.0,248.0,93.0,100.0,0.0,0.0,10.055,7.89,5.0,5.0,-1.935,-1.96,0.10500000000000001,0.16,6336.0,8043.0
11055.0,-1.009999999999991,247.0,248.0,92.0,100.0,0.0,0.0,9.63,7.5600000000000005,5.0,5.0,-1.71,-1.7650000000000001,0.11,0.125,6355.0,8085.0
11060.0,-1.0200000000000955,247.0,248.0,94.0,100.0,0.0,0.0,8.98,6.62,5.0,5.0,-1.86,-2.12,0.12,0.17,6373.0,8084.0
11065.0,-1.009999999999991,247.0,248.0,95.5,100.0,0.0,0.0,8.629999999999999,5.48,5.0,5.0,-2.385,-2.97,0.105,0.19,6328.5,7998.0
11070.0,-1.009999999999991,247.0,248.0,98.0,100.0,0.0,0.0,8.64,5.495,5.0,5.0,-2.66,-3.1,0.1,0.11000000000000001,6310.0,7974.0
11075.0,-1.0199999999999818,247.0,247.0,99.0,100.0,0.0,0.0,8.87,5.13,5.0,5.0,-2.84,-3.05,-0.08,0.04,6288.0,7955.0
11080.0,-1.0,246.0,247.0,99.0,100.0,0.0,0.0,9.04,3.22,5.0,5.0,-2.22,-2.08,0.1,0.11,6292.0,7998.0
11085.0,-1.0200000000000955,246.0,247.0,99.0,100.0,0.0,0.0,7.42,2.9,5.0,5.0,-2.33,-2.53,0.1,0.19,6323.0,7998.0
11090.0,-1.0199999999999818,246.0,247.0,100.0,100.0,0.0,0.0,6.42,2.72,5.0,5.0,-2.53,-2.72,0.11,0.14,6288.0,7939.0
11095.0,-1.0100000000000477,246.0,247.0,100.0,100.0,0.0,0.0,6.93,1.5,5.0,5.0,-2.19,-2.16,0.09,0.11499999999999999,6297.0,7959.5
11100.0,-1.0199999999999818,246.0,247.0,100.0,100.0,0.0,0.0,5.73,0.79,5.0,5.0,-2.08,-1.94,0.11,0.13,6318.0,7980.0
11105.0,-1.0199999999999818,246.0,247.0,100.0,100.0,0.0,0.0,5.08,0.55,5.0,5.0,-1.91,-1.83,0.1,0.14,6298.0,7961.0
11110.0,-1.0200000000000387,246.0,247.0,100.0,100.0,0.0,0.0,5.18,0.33,5.0,5.0,-1.78,-1.5750000000000002,0.09,0.135,6326.0,7970.5
11115.0,-1.0199999999999818,246.0,247.0,100.0,100.0,0.0,0.0,3.95,1.07,5.0,5.0,-1.69,-1.42,0.1,0.14,6307.0,7968.0
11120.0,-1.0199999999999818,246.0,247.0,100.0,100.0,0.0,0.0,3.94,0.46,5.0,5.0,-1.52,-1.16,0.06,0.11,6325.0,7977.0
11125.0,-1.009999999999991,247.0,248.0,100.0,100.0,0.0,0.0,3.31,0.44500000000000006,5.0,5.0,-1.25,-1.08,-0.01,0.13,6342.0,7984.0
11130.0,-1.0199999999999818,247.0,248.0,100.0,100.0,0.0,0.0,3.11,1.09,5.0,5.0,-1.37,-1.12,0.0,0.13,6315.0,7965.0
11135.0,-1.0199999999999818,247.0,248.0,100.0,100.0,0.0,0.0,2.98,-0.09,5.0,5.0,-1.17,-0.9,0.02,0.11,6298.0,7974.0
11140.0,-1.009999999999991,247.0,248.0,100.0,100.0,0.0,0.0,1.7,-0.1,5.0,5.0,-1.28,-0.705,0.08,0.11,6297.0,7989.5
11145.0,-1.0200000000000955,247.0,249.0,100.0,100.0,0.0,0.0,1.7,0.34,5.0,5.0,-0.99,-0.67,0.13,0.11,6317.0,8021.0
11150.0,-1.009999999999991,247.0,249.0,100.0,100.0,0.0,0.0,1.275,-0.41,5.0,5.0,-0.9550000000000001,-0.51,0.09,0.12,6303.5,7984.0
11155.0,-1.0199999999999818,247.0,249.0,100.0,100.0,0.0,0.0,-0.12,-0.27,5.0,5.0,-0.69,-0.37,0.09,0.09,6302.0,8013.0
11160.0,-1.0199999999999818,248.0,249.0,100.0,100.0,0.0,0.0,0.69,-0.25,5.0,5.0,-0.43,-0.19,0.13,0.1,6344.0,8040.0
11165.0,-1.0199999999999818,248.0,250.0,100.0,100.0,0.0,0.0,0.30000000000000004,-0.455,5.0,5.0,-0.22999999999999998,-0.12,0.065,0.095,6370.0,8085.5
11170.0,-1.0199999999999818,248.0,250.0,100.0,100.0,0.0,0.0,-0.1,-0.45,5.0,5.0,-0.22,-0.02,0.16,0.14,6369.0,8039.0
11175.0,-1.0199999999999818,249.0,250.0,100.0,100.0,0.0,0.0,-0.32,-0.74,5.0,5.0,-0.07,0.1,0.1,0.1,6330.0,8030.0
11180.0,-1.0300000000000864,249.0,251.0,100.0,100.0,0.0,0.0,-0.5549999999999999,-0.8,5.0,5.0,0.034999999999999996,0.12,0.095,0.08,6353.5,8071.0
11185.0,-1.0199999999999818,249.0,251.0,100.0,100.0,0.0,0.0,-0.65,-0.59,5.0,5.0,0.14,0.25,0.11,0.11,6369.0,8078.0
11190.0,-1.0299999999999727,249.0,251.0,100.0,100.0,0.0,0.0,-0.74,-0.665,5.0,5.0,0.23,0.325,0.1,0.1,6365.0,8069.0
11195.0,-1.0199999999999818,250.0,251.0,100.0,100.0,0.0,0.0,-0.73,-0.73,5.0,5.0,0.29,0.39,0.1,0.09,6370.0,8078.0
11200.0,-1.0199999999999818,250.0,252.0,100.0,100.0,0.0,0.0,-0.92,-0.71,5.0,5.0,0.32,0.35,0.08,0.08,6380.0,8102.0
11205.0,-1.0300000000000296,250.0,252.0,100.0,100.0,0.0,0.0,-1.355,-0.64,5.0,5.0,0.38,0.42,0.1,0.1,6409.5,8127.0
11210.0,-1.0199999999999818,250.0,252.0,100.0,100.0,0.0,0.0,-1.6,-0.53,5.0,5.0,0.54,0.52,0.09,0.1,6391.0,8099.0
11215.0,-1.0300000000000296,251.0,252.0,100.0,100.0,0.0,0.0,-1.52,-0.48,5.0,5.0,0.56,0.43,0.08,0.08,6397.0,8112.0
11220.0,-1.0199999999999818,251.0,252.0,100.0,100.0,0.0,0.0,-1.84,-0.51,5.0,5.0,0.55,0.43,0.05,0.08,6437.0,8178.0
11225.0,-1.0299999999999727,251.0,253.0,100.0,88.5,0.0,23.0,-2.22,-0.23,5.0,5.0,0.9,0.575,0.12,-0.045000000000000005,6411.0,8091.5
11230.0,-1.0299999999999727,251.0,251.0,80.5,25.0,24.0,100.0,-1.9749999999999999,0.14,5.0,5.0,0.99,0.46,-0.13,-1.39,6362.5,7831.0
11235.0,-1.0199999999999818,249.0,246.0,69.0,69.0,100.0,100.0,-1.75,-0.13,0.0,0.0,0.76,0.28,-1.69,-1.7,6563.0,8552.0
11240.0,-1.0300000000000864,243.0,242.0,0.0,0.0,100.0,100.0,-1.06,-0.33499999999999996,0.0,4.0,0.56,0.135,-1.91,-1.37,6692.0,8240.0
11245.0,-1.0299999999999727,239.5,239.0,0.0,0.0,100.0,100.0,-0.925,-0.78,4.0,4.0,0.29500000000000004,0.13,-1.395,-1.41,6186.0,7715.0
11250.0,-1.0199999999999818,235.0,233.0,0.0,0.0,100.0,100.0,-1.29,-0.93,4.0,4.0,0.49,0.38,-2.14,-2.47,6074.0,7888.0
11255.0,-1.0199999999999818,229.0,227.0,0.0,0.0,100.0,100.0,-1.1,-1.13,4.0,4.0,0.48,0.21,-1.64,-1.29,6159.0,7812.0
11260.0,-1.0199999999999818,226.0,225.0,0.0,0.0,100.0,100.0,-2.11,-2.13,0.0,4.0,0.15,0.13,-0.91,-1.09,6924.0,7281.0
11265.0,-1.0200000000000955,222.0,219.0,0.0,69.0,100.0,100.0,-2.56,-1.7,3.0,0.0,0.28,0.51,-1.79,-2.29,7009.0,7531.0
11270.0,-1.0299999999999727,213.5,213.0,0.0,69.0,100.0,100.0,-1.775,-1.44,3.0,0.0,0.51,0.75,-2.395,-2.19,7127.5,8654.0
11275.0,-1.0199999999999818,207.0,206.0,0.0,0.0,100.0,100.0,-1.02,-1.23,3.0,3.0,0.52,0.3,-1.82,-1.5,7169.0,8663.0
11280.0,-1.0199999999999818,202.0,201.0,0.0,0.0,100.0,100.0,-0.51,-1.01,3.0,3.0,0.31,0.5,-1.97,-2.13,6581.0,7904.0
11285.0,-1.0200000000000955,193.0,193.0,0.0,0.0,100.0,100.0,0.52,1.05,3.0,3.0,0.43,0.55,-2.13,-2.04,6630.0,8228.0
11290.0,-1.0399999999999636,187.0,188.0,69.0,0.0,100.0,100.0,0.25,2.29,0.0,3.0,0.18,0.22,-1.62,-1.46,6593.0,7588.0
11295.0,-1.0199999999999818,183.0,182.0,0.0,0.0,100.0,100.0,0.83,3.54,1.0,3.0,0.09,0.16,-1.8,-2.02,7049.0,7248.0
11300.0,-1.0399999999999636,173.0,175.0,0.0,69.0,100.0,100.0,2.22,4.64,2.0,0.0,-0.08,-0.13,-2.14,-1.92,6904.0,7532.0
11305.0,-1.0199999999999818,169.0,170.0,0.0,0.0,100.0,100.0,2.8,5.18,2.0,2.0,-0.07,-0.18,-1.02,-0.9,6333.0,8025.0
11310.0,-1.0200000000000955,163.0,164.0,0.0,0.0,100.0,100.0,3.52,4.81,2.0,2.0,-0.27,-0.85,-1.69,-1.81,6264.0,8021.0
11315.0,-1.0199999999999818,156.0,157.0,0.0,0.0,100.0,100.0,4.68,3.32,2.0,2.0,-0.55,-0.9,-1.82,-1.63,6003.0,7834.0
11320.0,-1.0199999999999818,149.0,150.0,69.0,0.0,100.0,100.0,4.09,3.63,0.0,2.0,-0.76,-1.12,-1.78,-1.56,6195.0,7354.0
11325.0,-1.0199999999999818,141.0,143.0,0.0,0.0,100.0,100.0,3.16,4.16,1.0,2.0,-0.92,-1.18,-1.79,-1.46,6990.0,7022.0
11330.0,-1.0400000000000773,133.0,136.0,0.0,0.0,96.0,100.0,3.65,6.69,1.0,1.0,-0.76,-0.91,-1.46,-1.3,6512.0,8489.0
11335.0,-1.0400000000000773,125.0,129.0,0.0,0.0,91.0,100.0,8.02,9.8,1.0,1.0,-1.17,-1.32,-1.62,-1.34,6193.0,8174.0
11340.0,-1.0399999999999636,117.0,121.0,0.0,0.0,85.0,100.0,15.83,14.62,1.0,1.0,-1.31,-1.19,-1.4,-1.36,5717.0,7692.0
11345.0,-1.0599999999999454,109.0,113.0,1.0,0.0,64.0,100.0,24.75,19.24,1.0,1.0,-1.34,-1.5,-1.2,-1.56,5334.0,7142.0
11350.0,-1.0399999999999636,102.0,103.0,0.0,0.0,24.0,74.0,27.28,21.71,1.0,1.0,-1.81,-1.33,-0.83,-1.12,5543.0,6679.0
11355.0,-1.0399999999999636,98.0,98.0,0.0,0.0,0.0,9.0,28.15,22.22,1.0,2.0,-1.87,-1.74,-0.33,0.2,5427.0,5427.0
11360.0,-1.0600000000000591,94.0,95.0,4.0,0.0,0.0,0.0,28.54,23.14,1.0,2.0,-2.2,-2.05,-0.25,-0.21,5298.0,5235.0
11365.0,-1.0599999999999454,92.0,94.0,60.0,58.0,0.0,0.0,27.74,23.58,1.0,2.0,-1.77,-1.43,0.17,0.46,5531.0,5607.0
11370.0,-1.0600000000000591,92.0,95.0,62.0,47.0,0.0,0.0,20.15,22.25,1.0,2.0,-1.48,-1.59,0.22,0.33,5651.0,5651.0
11375.0,-1.0599999999999454,94.0,96.0,65.0,42.0,0.0,0.0,14.68,19.29,1.0,2.0,-1.53,-1.84,0.36,0.27,5681.0,5682.0
11380.0,-1.080000000000041,96.0,97.0,70.0,47.0,0.0,0.0,14.38,11.49,1.0,2.0,-1.63,-1.76,0.47,0.33,5775.0,5722.0
11385.0,-1.0799999999999272,98.0,99.0,68.0,55.0,0.0,0.0,14.52,11.85,1.0,2.0,-1.59,-1.84,0.53,0.43,6004.0,5880.0
11390.0,-1.080000000000041,101.0,100.0,63.0,59.0,0.0,0.0,13.58,11.48,1.0,2.0,-1.82,-1.93,0.54,0.44,6155.0,5939.0
11395.0,-1.080000000000041,103.0,102.0,63.0,60.0,0.0,0.0,8.95,8.38,1.0,2.0,-1.58,-1.78,0.6,0.48,6339.0,6159.0
11400.0,-1.0599999999999454,106.0,104.0,60.0,59.0,0.0,0.0,7.38,7.8,1.0,2.0,-1.28,-1.43,0.44,0.39,6588.0,6340.0
11405.0,-1.0600000000000591,108.0,106.0,60.0,61.0,0.0,0.0,3.1,2.34,1.0,2.0,-1.17,-1.63,0.51,0.45,6735.0,6460.0
11410.0,-1.0599999999999454,110.0,108.0,67.0,60.0,0.0,0.0,-1.56,-0.44,1.0,2.0,-1.61,-1.7,0.79,0.47,6870.0,6435.0
11415.0,-1.0599999999999454,111.0,110.0,72.0,63.0,0.0,0.0,-0.81,-6.15,2.0,2.0,-1.04,-1.29,0.67,0.47,5716.0,6772.0
11420.0,-1.0600000000000591,114.0,112.0,74.0,84.0,0.0,0.0,9.86,-3.63,2.0,2.0,-1.5,-1.63,0.64,0.66,5564.0,6844.0
11425.0,-1.0600000000000591,116.0,115.0,76.0,88.0,0.0,0.0,5.3,-3.52,2.0,2.0,-1.62,-1.54,0.62,0.68,5610.0,7041.0
11430.0,-1.0599999999999454,118.0,118.0,76.0,90.0,0.0,0.0,4.64,-4.37,2.0,2.0,-1.64,-1.68,0.53,0.68,5671.0,7078.0
11435.0,-1.0399999999999636,120.0,120.0,77.0,92.0,0.0,0.0,2.26,-3.24,2.0,2.0,-1.62,-1.49,0.54,0.68,5811.0,7231.0
11440.0,-1.0600000000000591,122.0,123.0,77.0,94.0,0.0,0.0,1.12,-0.86,2.0,2.0,-1.36,-1.26,0.48,0.63,5965.0,7413.0
11445.0,-1.0600000000000591,124.0,126.0,75.0,95.0,0.0,0.0,6.52,3.72,2.0,2.0,-1.72,-1.63,0.47,0.73,6061.0,7535.0
11450.0,-1.0600000000000591,126.0,128.0,79.0,98.0,0.0,0.0,5.07,0.96,2.0,2.0,-1.65,-1.56,0.51,0.6,5997.0,7600.0
11455.0,-1.0600000000000591,127.0,131.0,80.0,98.0,0.0,0.0,1.79,0.2,2.0,2.0,-1.78,-1.59,0.63,0.63,6070.0,7702.0
11460.0,-1.0599999999999454,129.0,133.0,79.0,100.0,0.0,0.0,4.24,0.81,2.0,2.0,-1.72,-1.43,0.59,0.61,6290.0,7843.0
11465.0,-1.0599999999999454,131.0,136.0,84.0,100.0,0.0,0.0,2.76,1.39,2.0,2.0,-1.91,-1.55,0.48,0.69,6233.0,7832.0
11470.0,-1.0799999999999272,133.0,138.0,86.0,100.0,0.0,0.0,3.04,4.08,2.0,2.0,-1.39,-0.98,0.34,0.46,6366.0,8164.0
11475.0,-1.0799999999999272,135.0,141.0,96.0,100.0,0.0,0.0,4.94,3.14,2.0,2.0,-1.75,-1.25,0.59,0.58,6266.0,8049.0
11480.0,-1.0799999999999272,137.0,143.0,97.0,100.0,0.0,0.0,4.04,2.62,2.0,2.0,-1.03,-0.7,0.49,0.5,6411.0,8320.0
11485.0,-1.1000000000000227,140.0,145.0,100.0,100.0,0.0,0.0,2.96,2.65,2.0,2.0,-0.92,-0.96,0.58,0.54,6516.0,8396.0
11490.0,-1.099999999999909,142.0,147.0,100.0,0.0,0.0,0.0,2.87,2.31,2.0,0.0,-0.84,-0.95,0.51,-0.14,6546.0,8335.0
11495.0,-1.1200000000000045,144.0,149.0,100.0,100.0,0.0,0.0,2.77,2.17,2.0,3.0,-0.84,-0.95,0.66,0.78,6807.0,6976.0
11500.0,-1.1200000000000045,146.0,150.0,100.0,100.0,0.0,0.0,2.03,1.44,2.0,3.0,-0.65,-0.76,0.48,0.4,6743.0,6991.0
11505.0,-1.1200000000000045,148.0,152.0,99.0,100.0,0.0,0.0,0.82,0.91,2.0,3.0,-0.41,-0.7,0.67,0.38,7035.0,7089.0
11510.0,-1.1199999999998909,151.0,154.0,100.0,100.0,0.0,0.0,0.27,-0.08,2.0,3.0,-0.64,-0.57,0.55,0.46,6845.0,7089.0
11515.0,-1.1200000000000045,153.0,156.0,100.0,100.0,0.0,0.0,-0.28,0.37,2.0,3.0,-0.32,-0.28,0.49,0.38,6958.0,7249.0
11520.0,-1.1200000000000045,154.0,158.0,100.0,100.0,0.0,0.0,-0.56,0.0,2.0,3.0,-0.08,-0.24,0.6,0.41,7065.0,7252.0
11525.0,-1.1399999999999864,155.0,160.0,100.0,100.0,0.0,0.0,-0.13,-0.14,3.0,3.0,0.02,-0.1,0.68,0.4,5653.0,7341.0
11530.0,-1.1200000000000045,157.0,161.0,100.0,100.0,0.0,0.0,-0.19,-0.26,3.0,3.0,0.05,-0.02,0.48,0.43,5842.0,7422.0
11535.0,-1.1200000000000045,159.0,163.0,100.0,100.0,0.0,0.0,-0.13,0.13,3.0,3.0,0.05,-0.02,0.36,0.38,5897.0,7517.0
11540.0,-1.1399999999999864,160.0,164.0,100.0,100.0,0.0,0.0,-0.08,0.18,3.0,3.0,0.04,-0.03,0.35,0.32,5948.0,7587.0
11545.0,-1.1200000000000045,162.0,166.0,100.0,100.0,0.0,0.0,0.23,-0.21,3.0,3.0,0.03,0.0,0.48,0.38,6015.0,7666.0
11550.0,-1.1399999999999864,163.0,167.0,100.0,100.0,0.0,0.0,0.04,-0.15,3.0,3.0,0.01,0.01,0.39,0.36,6134.0,7759.0
11555.0,-1.1399999999999864,164.0,168.0,94.0,100.0,0.0,0.0,-0.54,-0.42,3.0,3.0,0.01,0.03,0.18,0.22,6560.0,8622.0
11560.0,-1.1400000000001,166.0,170.0,100.0,100.0,0.0,0.0,-0.7,-0.39,3.0,3.0,-0.05,-0.03,0.57,0.82,6409.0,7865.0
11565.0,-1.1399999999999864,168.0,171.0,100.0,100.0,0.0,0.0,-0.92,-0.87,3.0,3.0,0.04,0.05,0.42,0.37,6199.0,7858.0
11570.0,-1.1599999999999682,169.0,173.0,100.0,100.0,0.0,0.0,-1.28,-1.1,3.0,3.0,0.13,0.1,0.34,0.32,6288.0,7995.0
11575.0,-1.1599999999999682,170.0,174.0,100.0,100.0,0.0,0.0,-1.2,-1.05,3.0,3.0,0.22,0.28,0.41,0.6,6661.0,8214.0
11580.0,-1.1399999999999864,172.0,176.0,100.0,100.0,0.0,0.0,-0.73,-0.45,3.0,3.0,0.32,0.36,0.41,0.33,6380.0,8088.0
11585.0,-1.1399999999999864,173.0,177.0,100.0,100.0,0.0,0.0,-0.73,-0.37,3.0,3.0,0.35,0.41,0.48,0.46,6499.0,8142.0
11590.0,-1.1600000000000819,175.0,178.0,100.0,100.0,0.0,0.0,-0.33,0.04,3.0,3.0,0.3,0.29,0.38,0.37,6474.0,8179.0
11595.0,-1.1600000000000819,177.0,180.0,100.0,100.0,0.0,0.0,0.0,-0.1,3.0,3.0,0.17,0.2,0.36,0.32,6550.0,8295.0
11600.0,-1.1599999999999682,178.0,181.0,100.0,100.0,0.0,0.0,0.03,0.12,3.0,3.0,0.12,0.15,0.41,0.38,6605.0,8306.0
11605.0,-1.1599999999999682,179.0,182.0,100.0,0.0,0.0,0.0,0.26,0.25,3.0,0.0,0.05,0.09,0.34,-0.19,6702.0,8313.0
11610.0,-1.1599999999999682,181.0,183.0,100.0,100.0,0.0,0.0,0.4,0.41,3.0,4.0,-0.03,-0.02,0.35,0.45,6672.0,6940.0
11615.0,-1.1600000000000819,182.0,184.0,100.0,100.0,0.0,0.0,0.62,0.46,3.0,4.0,-0.07,-0.07,0.38,0.29,6748.0,7079.0
11620.0,-1.1700000000000728,183.0,184.5,100.0,100.0,0.0,0.0,0.66,0.485,3.0,4.0,-0.14,-0.14500000000000002,0.34,0.315,6793.0,7099.0
11625.0,-1.17999999999995,184.0,186.0,100.0,100.0,0.0,0.0,0.7,0.54,3.0,4.0,-0.17,-0.2,0.35,0.3,6829.0,7121.0
11630.0,-1.17999999999995,185.0,187.0,100.0,100.0,0.0,0.0,0.78,0.59,3.0,4.0,-0.17,-0.23,0.32,0.26,6901.0,7249.0
11635.0,-1.1600000000000819,186.0,188.0,100.0,100.0,0.0,0.0,0.76,0.45,3.0,4.0,-0.3,-0.32,0.37,0.32,6866.0,7184.0
11640.0,-1.1600000000000819,188.0,189.0,100.0,100.0,0.0,0.0,0.67,0.57,3.0,4.0,-0.25,-0.24,0.34,0.27,6926.0,7256.0
11645.0,-1.1599999999999682,189.0,190.0,100.0,100.0,0.0,0.0,0.9,0.61,3.0,4.0,-0.27,-0.25,0.31,0.31,6993.0,7295.0
11650.0,-1.17999999999995,190.0,191.0,100.0,100.0,0.0,0.0,0.78,0.65,3.0,4.0,-0.27,-0.27,0.28,0.29,7039.0,7330.0
11655.0,-1.169999999999959,191.0,192.0,100.0,100.0,0.0,0.0,0.855,0.7,3.0,4.0,-0.28,-0.3,0.32,0.32,7097.0,7396.0
11660.0,-1.1600000000000819,192.0,193.0,0.0,100.0,0.0,0.0,0.81,0.61,0.0,4.0,-0.36,-0.35,-0.16,0.31,7005.0,7371.0
11665.0,-1.17999999999995,192.0,194.0,100.0,100.0,0.0,0.0,0.62,0.76,4.0,4.0,-0.22,-0.27,0.56,0.25,5920.0,7420.0
11670.0,-1.17999999999995,193.0,194.0,100.0,100.0,0.0,0.0,0.82,0.88,4.0,4.0,-0.22,-0.34,0.3,0.41,6021.0,7709.0
11675.0,-1.1599999999999682,194.0,196.0,100.0,100.0,0.0,0.0,0.62,0.7,4.0,4.0,-0.33,-0.47,0.32,0.29,5833.0,7477.0
11680.0,-1.1800000000000637,195.0,197.0,100.0,100.0,0.0,0.0,0.53,0.55,4.0,4.0,-0.22,-0.33,0.26,0.23,5897.0,7563.0
11685.0,-1.169999999999959,196.0,197.0,100.0,100.0,0.0,0.0,0.675,0.65,4.0,4.0,-0.21000000000000002,-0.34,0.29000000000000004,0.28,5949.0,7662.0
11690.0,-1.17999999999995,197.0,198.0,100.0,100.0,0.0,0.0,0.6,0.5,4.0,4.0,-0.22,-0.41,0.3,0.29,5940.0,7612.0
11695.0,-1.1800000000000637,198.0,199.0,100.0,69.0,0.0,28.0,0.55,0.48,4.0,4.0,-0.21,-0.36,0.28,-0.12,5969.0,7551.0
11700.0,-1.1800000000000637,198.0,197.0,43.0,0.0,55.0,100.0,0.64,0.41,4.0,4.0,-0.2,-0.18,-0.68,-1.65,5854.0,7101.0
11705.0,-1.17999999999995,192.0,189.0,69.0,69.0,100.0,100.0,0.28,-0.03,0.0,0.0,-0.23,-0.42,-2.18,-2.19,6480.0,8167.0
11710.0,-1.17999999999995,185.0,182.0,0.0,0.0,100.0,100.0,0.3,-0.82,3.0,3.0,-0.19,-0.19,-2.11,-1.7,6537.0,8008.0
11715.0,-1.1800000000000637,179.0,177.0,0.0,0.0,100.0,100.0,-0.23,-1.23,3.0,3.0,0.0,0.03,-1.85,-1.54,5407.0,6831.0
11720.0,-1.1800000000000637,173.0,170.0,69.0,69.0,100.0,100.0,-1.54,-1.78,0.0,0.0,0.05,0.2,-1.77,-1.88,6855.0,8392.0
11725.0,-1.1600000000000819,166.0,163.0,0.0,0.0,100.0,100.0,-1.87,-1.42,2.0,2.0,0.11,0.2,-1.61,-1.51,6446.0,7968.0
11730.0,-1.1599999999999682,160.0,155.0,0.0,0.0,100.0,100.0,-2.1,-1.67,2.0,2.0,0.3,0.44,-1.85,-1.83,6086.0,7716.0
11735.0,-1.17999999999995,152.0,150.0,0.0,0.0,100.0,100.0,-1.85,-2.27,2.0,2.0,0.26,0.45,-1.36,-1.56,5693.0,7088.0
11740.0,-1.1599999999999682,146.0,143.0,69.0,69.0,100.0,100.0,-1.26,-2.46,0.0,0.0,0.3,0.32,-1.35,-1.17,6803.0,7248.0
11745.0,-1.1599999999999682,141.0,138.0,0.0,0.0,100.0,100.0,-1.81,-3.47,1.0,1.0,0.28,0.51,-1.43,-1.56,6900.0,8632.0
11750.0,-1.1599999999999682,133.0,129.0,0.0,0.0,100.0,100.0,-4.43,-6.61,1.0,1.0,0.44,0.55,-1.6,-1.32,6869.0,8560.0
11755.0,-1.1600000000000819,127.0,124.0,0.0,0.0,92.0,100.0,-9.85,-14.27,1.0,1.0,0.55,0.77,-1.26,-1.21,5964.0,8029.0
11760.0,-1.1399999999999864,122.0,118.0,0.0,0.0,78.0,90.0,-14.32,-21.81,1.0,1.0,0.87,1.13,-0.76,-0.73,5615.0,6404.0
11765.0,-1.1399999999999864,113.0,107.0,0.0,0.0,61.0,76.0,-21.02,-24.14,1.0,1.0,2.95,2.34,-2.7,-1.58,6026.0,7510.0
11770.0,-1.1200000000000045,105.0,99.0,0.0,0.0,30.0,28.0,-23.35,-23.3,1.0,1.0,2.65,1.66,-1.44,-0.61,6049.0,7026.0
11775.0,-1.1200000000000045,100.0,96.0,0.0,6.0,21.0,0.0,-23.81,-22.89,1.0,1.0,2.11,2.24,-0.75,-0.23,5579.0,7043.0
11780.0,-1.1200000000000045,94.0,95.0,0.0,22.0,17.0,0.0,-24.89,-22.49,1.0,1.0,2.46,2.35,-0.77,-0.07,5300.0,7037.0
11785.0,-1.1200000000000045,90.0,95.0,0.0,19.0,10.0,6.0,-25.18,-19.41,1.0,1.0,1.84,1.97,-0.41,0.38,5048.0,7459.0
11790.0,-1.1399999999999864,87.0,95.0,0.0,31.0,6.0,0.0,-26.24,-19.01,1.0,1.0,1.61,2.23,-0.36,-0.08,4828.0,7537.0
11795.0,-1.1599999999999682,82.0,94.0,0.0,13.0,11.0,0.0,-26.95,-18.1,1.0,1.0,2.25,1.9,-0.79,-0.03,4686.0,6967.0
11800.0,-1.1800000000000637,82.0,93.0,71.0,20.0,0.0,0.0,-20.63,-20.1,1.0,1.0,1.57,2.2,0.24,0.08,5278.0,7132.0
11805.0,-1.2200000000000273,86.0,92.0,60.0,29.0,0.0,0.0,-22.1,-19.11,1.0,1.0,1.77,1.61,0.34,-0.04,5021.0,7221.0
11810.0,-1.2200000000000273,88.0,92.0,35.0,19.0,0.0,0.0,-23.81,-21.14,1.0,1.0,1.95,1.94,0.08,0.06,5135.0,6896.0
11815.0,-1.2200000000000273,87.0,91.0,0.0,0.0,8.0,4.0,-25.2,-22.57,1.0,1.0,1.58,2.33,-0.31,-0.21,4904.0,6568.0
11820.0,-1.240000000000009,86.0,89.0,37.0,17.0,0.0,2.0,-25.25,-22.6,1.0,1.0,2.39,2.11,0.18,-0.18,4959.0,6532.0
11825.0,-1.240000000000009,88.0,88.0,55.0,2.0,0.0,3.0,-23.2,-23.06,1.0,1.0,1.96,2.12,0.34,-0.05,5368.0,6387.0
11830.0,-1.2200000000000273,91.0,86.0,45.0,20.0,0.0,3.0,-22.48,-23.19,1.0,1.0,1.59,1.83,0.55,0.04,5517.0,6440.0
11835.0,-1.2199999999999136,93.0,87.0,31.0,42.0,3.0,1.0,-23.59,-23.02,1.0,1.0,2.14,1.91,0.43,0.4,5474.0,6605.0
11840.0,-1.2200000000000273,94.0,89.0,37.0,44.0,2.0,1.0,-23.17,-22.99,1.0,1.0,2.13,2.03,0.56,0.27,5660.0,6603.0
11845.0,-1.1999999999999318,96.0,90.0,43.0,31.0,1.0,5.0,-22.86,-23.43,1.0,1.0,2.11,2.04,0.39,0.01,6339.0,6918.0
11850.0,-1.1800000000000637,97.0,91.0,42.0,55.0,0.0,7.0,-21.71,-23.51,1.0,1.0,2.67,1.8,0.47,0.25,6152.0,7030.0
11855.0,-1.17999999999995,99.0,94.0,44.0,89.0,0.0,6.0,-20.38,-22.87,1.0,1.0,2.0,2.93,0.36,0.65,6845.0,7173.0
11860.0,-1.1800000000000637,101.0,98.0,86.0,98.0,0.0,0.0,-1.94,-12.77,1.0,1.0,2.41,1.86,0.92,0.26,6370.0,7747.0
11865.0,-1.17999999999995,104.0,102.0,95.0,100.0,0.0,0.0,-4.8,-8.37,1.0,1.0,1.76,1.4,0.48,1.03,6172.0,7704.0
11870.0,-1.1600000000000819,106.0,104.0,98.0,83.0,0.0,0.0,-12.12,-7.24,1.0,2.0,1.14,0.98,-0.08,1.67,7209.0,6876.0
11875.0,-1.1399999999999864,109.0,107.0,0.0,100.0,0.0,0.0,-1.71,2.24,0.0,2.0,0.65,0.13,-0.19,-0.04,6237.0,7524.0
11880.0,-1.1599999999999682,109.0,108.0,95.0,88.0,0.0,0.0,1.63,3.71,2.0,2.0,0.23,0.57,0.27,0.61,7160.0,8491.0
11885.0,-1.1600000000000819,113.0,114.0,71.0,100.0,0.0,0.0,-1.49,0.44,2.0,2.0,0.33,0.24,0.48,0.66,5746.0,6751.0
11890.0,-1.1599999999999682,117.0,118.0,84.0,100.0,0.0,0.0,0.88,-2.09,2.0,2.0,0.35,0.37,0.63,0.61,5655.0,6909.0
11895.0,-1.1599999999999682,120.0,121.0,99.0,100.0,0.0,0.0,1.77,-0.16,2.0,2.0,0.36,0.23,0.79,0.54,5550.0,6993.0
11900.0,-1.1599999999999682,124.0,124.0,89.0,93.0,0.0,0.0,3.99,4.38,2.0,2.0,-0.01,0.01,0.56,0.58,5886.0,7731.0
11905.0,-1.1599999999999682,127.0,128.0,88.0,100.0,0.0,0.0,4.11,5.71,2.0,2.0,-0.24,0.07,0.87,1.04,6168.0,7464.0
11910.0,-1.1600000000000819,130.0,131.0,96.0,100.0,0.0,0.0,6.38,9.56,2.0,2.0,-0.62,-0.71,0.49,0.61,6114.0,7747.0
11915.0,-1.1800000000000637,134.0,134.0,98.0,100.0,0.0,0.0,8.25,8.1,2.0,2.0,-0.89,-1.0,0.68,0.65,6177.0,7770.0
11920.0,-1.1600000000000819,136.0,138.0,96.0,100.0,0.0,0.0,7.92,5.27,2.0,2.0,-1.53,-1.61,0.8,0.67,6336.0,7827.0
11925.0,-1.1800000000000637,139.0,140.0,98.0,100.0,0.0,0.0,7.8,5.21,2.0,2.0,-1.53,-1.4,0.63,0.6,6434.0,8040.0
11930.0,-1.1600000000000819,142.0,143.0,100.0,100.0,0.0,0.0,6.37,4.77,2.0,2.0,-1.53,-1.17,0.65,0.59,6449.0,8138.0
11935.0,-1.1800000000000637,144.0,145.0,100.0,100.0,0.0,0.0,4.08,3.56,2.0,2.0,-1.02,-1.07,0.66,0.6,6743.0,8460.0
11940.0,-1.1800000000000637,147.0,147.0,100.0,0.0,0.0,0.0,3.74,3.36,2.0,0.0,-1.17,-1.21,0.61,-0.03,6712.0,8340.0
11945.0,-1.1800000000000637,149.0,149.0,100.0,99.0,0.0,0.0,3.08,2.2,2.0,3.0,-0.87,-0.73,0.57,0.88,6963.0,7384.0
11950.0,-1.1800000000000637,152.0,151.0,100.0,100.0,0.0,0.0,1.97,1.68,2.0,3.0,-0.88,-1.17,0.59,0.54,6965.0,7012.0
11955.0,-1.1800000000000637,154.0,153.0,60.0,100.0,0.0,0.0,1.44,0.45,1.0,3.0,-0.73,-0.84,0.57,0.56,7053.0,7124.0
11960.0,-1.1599999999999682,155.0,156.0,100.0,100.0,0.0,0.0,0.77,0.77,3.0,3.0,-0.41,-0.66,0.73,0.55,5926.0,7199.0
11965.0,-1.1599999999999682,157.0,158.0,100.0,100.0,0.0,0.0,1.61,2.62,3.0,3.0,-0.47,-0.7,0.54,0.54,5858.0,7286.0
11970.0,-1.17999999999995,159.0,160.0,100.0,100.0,0.0,0.0,1.77,2.28,3.0,3.0,-0.42,-0.65,0.53,0.5,5914.0,7361.0
11975.0,-1.17999999999995,162.0,162.0,100.0,100.0,0.0,0.0,2.8,2.07,3.0,3.0,-0.52,-0.66,0.53,0.5,6021.0,7492.0
11980.0,-1.1599999999999682,163.0,164.0,100.0,100.0,0.0,0.0,3.51,1.87,3.0,3.0,-0.65,-0.77,0.48,0.52,6092.0,7580.0
11985.0,-1.17999999999995,165.0,166.0,100.0,100.0,0.0,0.0,2.99,2.03,3.0,3.0,-0.85,-0.82,0.5,0.51,6131.0,7632.0
11990.0,-1.1800000000000637,167.0,167.0,100.0,100.0,0.0,0.0,3.47,2.24,3.0,3.0,-0.89,-0.71,0.49,0.49,6177.0,7696.0
11995.0,-1.1600000000000819,169.0,170.0,100.0,100.0,0.0,0.0,3.67,3.01,3.0,3.0,-1.04,-1.04,0.56,0.51,6292.0,7773.0
12000.0,-1.1800000000000637,171.0,171.0,100.0,100.0,0.0,0.0,4.01,2.82,3.0,3.0,-1.07,-0.87,0.48,0.42,6302.0,7885.0
12005.0,-1.17999999999995,172.0,173.0,100.0,100.0,0.0,0.0,4.6,2.97,3.0,3.0,-1.26,-1.1,0.52,0.5,6413.0,7937.0
12010.0,-1.17999999999995,174.0,174.0,100.0,100.0,0.0,0.0,4.33,2.59,3.0,3.0,-1.25,-1.07,0.41,0.44,6417.0,7993.0
12015.0,-1.1599999999999682,175.0,176.0,100.0,100.0,0.0,0.0,4.07,2.36,3.0,3.0,-1.1,-0.98,0.42,0.42,6497.0,8166.0
12020.0,-1.1599999999999682,177.0,178.0,100.0,100.0,0.0,0.0,3.32,2.03,3.0,3.0,-1.26,-1.02,0.44,0.43,6519.0,8138.0
12025.0,-1.1600000000000819,178.0,179.0,100.0,100.0,0.0,0.0,3.27,1.76,3.0,3.0,-1.08,-0.86,0.41,0.39,6604.0,8235.0
12030.0,-1.1800000000000637,180.0,180.0,100.0,100.0,0.0,0.0,2.73,1.56,3.0,3.0,-1.06,-0.87,0.43,0.41,6651.0,8269.0
12035.0,-1.17999999999995,181.0,182.0,100.0,100.0,0.0,0.0,2.01,1.12,3.0,3.0,-0.88,-0.74,0.38,0.38,6706.0,8355.0
12040.0,-1.1599999999999682,182.0,183.0,100.0,0.0,0.0,0.0,1.43,0.96,3.0,0.0,-0.7,-0.63,0.4,-0.45,6729.0,8369.0
12045.0,-1.1599999999999682,184.0,183.0,100.0,100.0,0.0,0.0,1.29,0.97,3.0,4.0,-0.6,-0.48,0.43,0.83,6828.0,7285.0
12050.0,-1.1800000000000637,185.0,185.0,100.0,100.0,0.0,0.0,1.24,0.95,3.0,4.0,-0.45,-0.51,0.34,0.32,6859.0,7092.0
12055.0,-1.17999999999995,186.0,186.0,100.0,100.0,0.0,0.0,1.15,0.63,3.0,4.0,-0.48,-0.47,0.4,0.34,6919.0,7154.0
12060.0,-1.17999999999995,188.0,187.0,100.0,100.0,0.0,0.0,0.61,0.31,3.0,4.0,-0.43,-0.48,0.38,0.35,6965.0,7171.0
12065.0,-1.17999999999995,189.0,188.0,100.0,100.0,0.0,0.0,0.17,0.3,3.0,4.0,-0.31,-0.34,0.34,0.32,6975.0,7223.0
12070.0,-1.1700000000000728,190.0,189.0,100.0,100.0,0.0,0.0,0.09,0.32,3.0,4.0,-0.20500000000000002,-0.3,0.355,0.34,7038.5,7282.0
12075.0,-1.1700000000000728,190.0,190.5,0.0,100.0,0.0,0.0,0.32,0.29500000000000004,0.0,4.0,-0.16,-0.28,-0.15,0.345,6535.0,7300.0
12080.0,-1.17999999999995,191.0,191.0,100.0,100.0,0.0,0.0,0.44,0.37,4.0,4.0,-0.13,-0.22,0.4,0.32,5769.0,7347.0
12085.0,-1.17999999999995,193.0,193.0,100.0,100.0,0.0,0.0,0.29,0.3,4.0,4.0,-0.13,-0.2,0.35,0.34,5854.0,7413.0
12090.0,-1.1600000000000819,194.0,194.0,100.0,100.0,0.0,0.0,0.3,0.29,4.0,4.0,-0.13,-0.2,0.32,0.33,5845.0,7424.0
12095.0,-1.1800000000000637,195.0,195.0,100.0,100.0,0.0,0.0,0.24,0.48,4.0,4.0,-0.11,-0.18,0.3,0.32,5897.0,7499.0
12100.0,-1.17999999999995,196.0,196.0,100.0,100.0,0.0,0.0,0.21,0.41,4.0,4.0,-0.1,-0.19,0.34,0.32,5916.0,7517.0
12105.0,-1.17999999999995,197.0,197.0,100.0,100.0,0.0,0.0,0.28,0.42,4.0,4.0,-0.09,-0.21,0.34,0.34,5946.0,7543.0
12110.0,-1.1800000000000637,198.0,198.0,100.0,100.0,0.0,0.0,0.22,0.52,4.0,4.0,-0.08,-0.2,0.33,0.3,5977.0,7596.0
12115.0,-1.169999999999959,199.0,199.0,100.0,100.0,0.0,0.0,0.27,0.395,4.0,4.0,-0.09,-0.255,0.29,0.365,6040.0,7624.5
12120.0,-1.17999999999995,200.0,200.0,100.0,100.0,0.0,0.0,0.31,0.38,4.0,4.0,-0.1,-0.24,0.29,0.31,6016.0,7648.0
12125.0,-1.170000000000016,201.0,201.0,100.0,100.0,0.0,0.0,0.33,0.4,4.0,4.0,-0.1,-0.175,0.3,0.28500000000000003,6089.0,7759.0
12130.0,-1.1800000000000637,202.0,202.0,100.0,100.0,0.0,0.0,0.41,0.39,4.0,4.0,-0.12,-0.23,0.3,0.34,6116.0,7787.0
12135.0,-1.17999999999995,203.0,203.0,100.0,100.0,0.0,0.0,0.5,0.32,4.0,4.0,-0.15,-0.23,0.31,0.31,6110.0,7763.0
12140.0,-1.17999999999995,204.0,204.0,100.0,100.0,0.0,0.0,0.61,0.35,4.0,4.0,-0.17,-0.2,0.32,0.3,6175.0,7829.0
12145.0,-1.1800000000000637,205.0,205.0,100.0,100.0,0.0,0.0,0.58,0.42,4.0,4.0,-0.2,-0.22,0.31,0.31,6182.0,7854.0
12150.0,-1.170000000000016,206.0,206.0,100.0,100.0,0.0,0.0,0.59,0.44,4.0,4.0,-0.2,-0.23,0.275,0.31,6216.5,7920.0
12155.0,-1.17999999999995,207.0,207.0,100.0,100.0,0.0,0.0,0.63,0.49,4.0,4.0,-0.21,-0.24,0.32,0.3,6234.0,7933.0
12160.0,-1.1800000000000637,208.0,208.0,100.0,100.0,0.0,0.0,0.71,0.65,4.0,4.0,-0.24,-0.28,0.29,0.31,6267.0,7955.0
12165.0,-1.170000000000016,208.5,209.0,100.0,100.0,0.0,0.0,1.045,0.83,4.0,4.0,-0.26,-0.26,0.275,0.24,6317.5,8067.0
12170.0,-1.17999999999995,210.0,210.0,100.0,100.0,0.0,0.0,1.43,0.87,4.0,4.0,-0.38,-0.37,0.32,0.3,6313.0,8029.0
12175.0,-1.1800000000000637,210.0,210.0,100.0,100.0,0.0,0.0,1.69,0.98,4.0,4.0,-0.5,-0.44,0.32,0.32,6353.0,8036.0
12180.0,-1.1700000000000728,211.0,212.0,100.0,100.0,0.0,0.0,1.91,1.38,4.0,4.0,-0.59,-0.59,0.225,0.32,6413.5,8072.0
12185.0,-1.17999999999995,212.0,212.0,100.0,100.0,0.0,0.0,1.9,1.43,4.0,4.0,-0.73,-0.61,0.26,0.29,6382.0,8105.0
12190.0,-1.17999999999995,213.0,213.0,100.0,100.0,0.0,0.0,2.21,1.61,4.0,4.0,-0.81,-0.72,0.27,0.27,6414.0,8139.0
12195.0,-1.1800000000000637,214.0,214.0,100.0,100.0,0.0,0.0,2.06,1.66,4.0,4.0,-0.88,-0.83,0.25,0.26,6417.0,8153.0
12200.0,-1.169999999999959,214.0,214.5,100.0,100.0,0.0,0.0,2.15,1.875,4.0,4.0,-0.83,-0.785,0.25,0.235,6433.0,8194.0
12205.0,-1.17999999999995,215.0,215.0,100.0,100.0,0.0,0.0,2.38,2.18,4.0,4.0,-0.84,-0.85,0.23,0.23,6476.0,8241.0
12210.0,-1.1800000000000637,216.0,216.0,100.0,100.0,0.0,0.0,2.35,1.44,4.0,4.0,-0.99,-1.04,0.23,0.25,6495.0,8239.0
12215.0,-1.17999999999995,216.0,217.0,100.0,100.0,0.0,0.0,1.72,0.98,4.0,4.0,-0.83,-0.81,0.21,0.19,6499.0,8270.0
12220.0,-1.17999999999995,217.0,217.0,100.0,100.0,0.0,0.0,1.25,0.54,4.0,4.0,-0.8,-0.85,0.24,0.23,6543.0,8306.0
12225.0,-1.1800000000000637,218.0,218.0,100.0,100.0,0.0,0.0,0.5,-0.59,4.0,4.0,-0.7,-0.75,0.21,0.22,6529.0,8287.0
12230.0,-1.169999999999959,218.0,218.0,100.0,100.0,0.0,0.0,-0.66,-2.2,4.0,4.0,-0.33,-0.2,0.2,0.18,6547.0,8323.0
12235.0,-1.169999999999959,219.0,219.0,100.0,100.0,0.0,0.0,-2.1849999999999996,-3.59,4.0,4.0,0.035,0.29,0.18,0.16,6576.0,8392.0
12240.0,-1.1800000000000637,219.0,219.0,100.0,100.0,0.0,0.0,-3.51,-4.78,4.0,4.0,0.48,0.74,0.15,0.14,6602.0,8390.0
12245.0,-1.17999999999995,220.0,219.0,100.0,0.0,0.0,0.0,-4.69,-5.92,4.0,0.0,0.82,1.11,0.16,-0.29,6661.0,8174.0
12250.0,-1.17999999999995,220.0,219.0,100.0,100.0,0.0,0.0,-5.45,-5.94,4.0,5.0,1.35,1.8,0.16,0.21,6652.0,7068.0
12255.0,-1.1800000000000637,220.0,219.0,100.0,100.0,0.0,0.0,-5.16,-5.64,4.0,5.0,1.49,1.97,0.15,0.13,6644.0,7071.0
12260.0,-1.17999999999995,221.0,219.0,100.0,100.0,0.0,0.0,-5.07,-4.95,4.0,5.0,1.54,1.74,0.13,0.06,6655.0,7105.0
12265.0,-1.1800000000000637,221.0,219.0,100.0,100.0,0.0,0.0,-4.84,-3.62,4.0,5.0,1.63,1.79,0.16,0.14,6672.0,7111.0
12270.0,-1.1800000000000637,221.0,220.0,100.0,100.0,0.0,0.0,-5.48,-4.09,4.0,5.0,0.77,0.85,0.03,0.0,6738.0,7177.0
12275.0,-1.169999999999959,222.0,220.0,100.0,100.0,0.0,0.0,-6.57,-5.43,4.0,5.0,1.29,1.42,0.42,0.19,6788.0,7226.0
12280.0,-1.1599999999999682,222.0,220.0,100.0,100.0,0.0,0.0,-7.8,-5.7,4.0,5.0,1.29,1.23,0.19,0.1,6718.0,7208.0
12285.0,-1.170000000000016,222.0,220.0,95.5,100.0,0.0,0.0,-8.585,-5.64,4.0,5.0,1.65,1.88,0.22999999999999998,0.15,6799.5,7150.0
12290.0,-1.169999999999959,222.0,220.0,99.5,100.0,0.0,0.0,-8.175,-5.28,4.0,5.0,2.05,2.06,0.14,0.16,6727.5,7114.0
12295.0,-1.1700000000000728,222.0,220.0,97.5,100.0,0.0,0.0,-7.905,-5.39,4.0,5.0,2.11,2.05,0.11,0.11,6749.0,7144.0
12300.0,-1.1800000000000637,223.0,220.0,98.0,100.0,0.0,0.0,-7.45,-5.4,4.0,5.0,2.24,2.17,0.11,0.12,6726.0,7131.0
12305.0,-1.17999999999995,223.0,220.0,100.0,100.0,0.0,0.0,-6.35,-5.3,4.0,5.0,2.33,2.43,0.13,0.15,6734.0,7122.0
12310.0,-1.1800000000000637,223.0,220.0,100.0,100.0,0.0,0.0,-6.11,-4.88,4.0,5.0,1.97,2.05,0.09,0.11,6756.0,7151.0
12315.0,-1.17999999999995,223.0,220.0,99.0,100.0,0.0,0.0,-6.57,-3.09,4.0,5.0,1.81,1.73,0.14,0.11,6744.0,7176.0
12320.0,-1.17999999999995,223.0,220.0,97.0,100.0,0.0,0.0,-6.67,-0.24,4.0,5.0,1.69,1.6,0.13,0.12,6803.0,7218.0
12325.0,-1.1700000000000728,223.0,221.0,100.0,100.0,0.0,0.0,-5.36,1.7999999999999998,4.0,5.0,1.46,1.51,0.13,0.175,6830.0,7221.5
12330.0,-1.169999999999959,223.0,221.0,100.0,100.0,0.0,0.0,-3.4,2.675,4.0,5.0,1.13,1.09,0.1,0.065,6857.0,7305.0
12335.0,-1.1599999999999682,223.0,221.0,100.0,100.0,0.0,0.0,-3.06,2.63,4.0,5.0,1.08,1.11,0.2,0.18,6916.0,7308.0
12340.0,-1.1600000000000819,224.0,221.0,100.0,100.0,0.0,0.0,-3.12,2.12,4.0,5.0,1.27,1.05,0.33,0.16,6935.0,7246.0
12345.0,-1.1599999999999682,224.0,222.0,100.0,100.0,0.0,0.0,-3.18,0.84,4.0,5.0,1.49,1.23,0.24,0.19,6844.0,7166.0
12350.0,-1.1599999999999682,224.0,222.0,100.0,100.0,0.0,0.0,-3.38,-2.15,4.0,5.0,1.32,0.77,0.16,0.16,6819.0,7181.0
12355.0,-1.1600000000000819,225.0,222.0,100.0,100.0,0.0,0.0,-3.47,-2.41,4.0,5.0,0.81,0.48,0.15,0.06,6897.0,7378.0
12360.0,-1.1599999999999682,225.0,223.0,100.0,100.0,0.0,0.0,-2.95,-2.67,4.0,5.0,1.35,1.08,0.37,0.23,6948.0,7196.0
12365.0,-1.1599999999999682,225.0,224.0,100.0,100.0,0.0,0.0,-1.61,-2.07,4.0,5.0,1.43,1.18,0.2,0.16,6793.0,7194.0
12370.0,-1.1600000000000819,226.0,224.0,100.0,100.0,0.0,0.0,-2.59,-1.43,4.0,5.0,1.26,0.95,0.22,0.14,6813.0,7222.0
12375.0,-1.1599999999999682,226.0,224.0,100.0,100.0,0.0,0.0,-2.55,-1.76,4.0,5.0,1.05,1.03,0.19,0.17,6823.0,7247.0
12380.0,-1.1599999999999682,227.0,225.0,100.0,100.0,0.0,0.0,-3.1,-1.52,4.0,5.0,1.09,1.13,0.18,0.17,6828.0,7240.0
12385.0,-1.1599999999999682,227.0,225.0,100.0,100.0,0.0,0.0,-3.68,-1.52,4.0,5.0,1.16,1.12,0.13,0.16,6834.0,7245.0
12390.0,-1.1599999999999682,227.0,225.0,100.0,100.0,0.0,0.0,-3.58,-1.93,4.0,5.0,1.14,1.05,0.17,0.15,6853.0,7266.0
12395.0,-1.1600000000000819,228.0,226.0,100.0,100.0,0.0,0.0,-3.57,-2.61,4.0,5.0,1.32,1.14,0.17,0.15,6855.0,7274.0
12400.0,-1.1599999999999682,228.0,226.0,100.0,100.0,0.0,0.0,-3.58,-2.73,4.0,5.0,1.31,1.3,0.17,0.15,6883.0,7277.0
12405.0,-1.1599999999999682,229.0,227.0,100.0,100.0,0.0,0.0,-3.39,-2.53,4.0,5.0,1.31,1.24,0.15,0.13,6878.0,7300.0
12410.0,-1.1600000000000819,229.0,227.0,100.0,100.0,0.0,0.0,-3.07,-2.6,4.0,5.0,1.26,1.36,0.15,0.16,6912.0,7319.0
12415.0,-1.1599999999999682,229.0,227.0,100.0,100.0,0.0,0.0,-3.08,-2.37,4.0,5.0,1.29,1.4,0.15,0.14,6912.0,7330.0
12420.0,-1.1599999999999682,230.0,227.0,100.0,100.0,0.0,0.0,-3.02,-1.9,4.0,5.0,1.35,1.41,0.15,0.14,6921.0,7338.0
12425.0,-1.150000000000034,230.0,228.0,100.0,100.0,0.0,0.0,-2.51,-1.37,4.0,5.0,1.455,1.7,0.135,0.15,6913.5,7316.0
12430.0,-1.1499999999999773,230.0,228.0,100.0,100.0,0.0,0.0,-1.92,-1.07,4.0,5.0,1.26,1.26,0.14,0.12,6898.0,7314.0
12435.0,-1.1499999999999773,231.0,228.0,100.0,100.0,0.0,0.0,-2.145,-1.32,4.0,5.0,1.005,1.12,0.125,0.12,6964.5,7387.0
12440.0,-1.1399999999999864,231.0,228.0,100.0,100.0,0.0,0.0,-2.4,-1.39,4.0,5.0,1.1,1.24,0.15,0.14,6940.0,7345.0
12445.0,-1.1399999999999864,231.0,229.0,100.0,100.0,0.0,0.0,-2.48,-1.4,4.0,5.0,0.89,0.98,0.08,0.09,6962.0,7410.0
12450.0,-1.1400000000001,231.0,229.0,100.0,100.0,0.0,0.0,-2.47,-1.45,4.0,5.0,1.03,1.17,0.2,0.15,7051.0,7383.0
12455.0,-1.1399999999999864,232.0,228.0,100.0,57.0,0.0,73.0,-2.43,-2.1,4.0,1.0,1.22,1.28,0.12,-1.08,6966.0,7254.0
12460.0,-1.1399999999999864,231.0,223.0,58.0,0.0,49.0,100.0,-2.99,-2.83,4.0,0.0,1.06,1.04,-0.75,-2.04,6845.0,8147.0
12465.0,-1.1400000000001,227.0,217.0,3.0,0.0,85.0,100.0,-3.02,-1.74,4.0,4.0,1.24,1.61,-1.88,-2.19,6541.0,7523.0
12470.0,-1.1399999999999864,221.0,211.0,69.0,0.0,100.0,100.0,-2.5,-0.61,0.0,4.0,1.15,1.39,-2.12,-1.99,7068.0,7658.0
12475.0,-1.1399999999999864,216.0,206.0,0.0,0.0,100.0,100.0,-4.01,-0.9,3.0,4.0,0.74,0.9,-1.86,-1.78,7144.0,6926.0
12480.0,-1.1200000000000045,210.0,198.0,0.0,0.0,100.0,100.0,-8.52,-2.58,3.0,0.0,1.03,1.07,-1.94,-1.97,6839.0,8144.0
12485.0,-1.1399999999999864,203.0,193.0,0.0,0.0,85.0,93.0,-11.08,-4.69,3.0,3.0,1.21,1.07,-1.74,-1.76,6673.0,7871.0
12490.0,-1.1200000000000045,198.0,187.0,0.0,19.0,61.0,40.0,-11.43,-6.82,3.0,3.0,1.48,1.28,-1.74,-1.28,6601.0,8141.0
12495.0,-1.1200000000000045,193.0,185.0,0.0,26.0,21.0,0.0,-11.09,-8.76,3.0,3.0,1.74,1.54,-1.04,-0.24,6718.0,8351.0
12500.0,-1.1199999999998909,191.0,184.0,0.0,9.0,0.0,2.0,-11.17,-9.44,3.0,3.0,2.13,1.94,-0.44,-0.33,6810.0,8256.0
12505.0,-1.1000000000000227,189.0,182.0,0.0,8.0,0.0,0.0,-11.32,-10.08,3.0,3.0,1.96,1.56,-0.4,-0.3,6757.0,8177.0
12510.0,-1.1000000000000227,187.0,181.0,0.0,8.0,1.0,0.0,-12.19,-10.51,3.0,3.0,1.89,1.98,-0.42,-0.3,6644.0,8111.0
12515.0,-1.1000000000000227,185.0,179.0,0.0,9.0,5.0,0.0,-12.77,-10.76,3.0,3.0,1.97,1.94,-0.49,-0.29,6585.0,8041.0
12520.0,-1.1000000000000227,183.0,178.0,0.0,12.0,7.0,0.0,-13.48,-10.62,3.0,3.0,1.99,2.18,-0.56,-0.28,6473.0,7976.0
12525.0,-1.099999999999909,180.0,176.0,0.0,29.0,7.0,0.0,-13.8,-10.88,3.0,3.0,2.05,1.94,-0.52,-0.2,6422.0,7981.0
12530.0,-1.1000000000000227,178.0,175.0,0.0,63.0,5.0,0.0,-14.06,-10.89,3.0,3.0,2.04,2.24,-0.5,0.1,6339.0,8170.0
12535.0,-1.1000000000000227,175.0,175.0,11.0,70.0,6.0,0.0,-14.2,-10.87,3.0,3.0,2.35,2.48,-0.53,0.14,6299.0,8129.0
12540.0,-1.1000000000000227,174.0,175.0,81.0,70.0,7.0,0.0,-14.31,-9.8,3.0,3.0,2.53,2.67,-0.19,0.19,6366.0,8123.0
12545.0,-1.080000000000041,172.0,174.0,75.0,69.0,6.0,0.0,-14.37,-8.11,3.0,3.0,2.27,2.17,-0.14,0.12,6346.0,8101.0
12550.0,-1.099999999999909,171.0,174.0,61.0,69.0,5.0,0.0,-14.51,-5.1,3.0,3.0,2.39,2.1,-0.13,0.26,6330.0,8240.0
12555.0,-1.1000000000000227,170.0,174.0,55.0,67.0,5.0,0.0,-13.08,-3.46,3.0,3.0,2.52,2.51,-0.14,0.18,6278.0,8047.0
12560.0,-1.1000000000000227,169.0,174.0,57.0,71.0,0.0,0.0,-10.5,-2.8,3.0,3.0,1.67,2.25,-0.05,0.16,6303.0,8058.0
12565.0,-1.1200000000000045,169.0,174.0,61.0,73.0,0.0,0.0,-6.78,-1.53,3.0,3.0,2.45,2.12,0.06,0.18,6251.0,8042.0
12570.0,-1.1000000000000227,169.0,174.0,67.0,77.0,0.0,0.0,-3.7,1.1,3.0,3.0,1.77,1.42,0.12,0.19,6273.0,8105.0
12575.0,-1.1000000000000227,169.0,175.0,68.0,77.0,0.0,0.0,-0.79,4.92,3.0,3.0,1.63,1.13,0.23,0.25,6304.0,8122.0
12580.0,-1.1200000000000045,169.0,176.0,71.0,73.0,0.0,0.0,2.42,7.83,3.0,3.0,1.14,0.29,0.15,0.19,6304.0,8053.0
12585.0,-1.1200000000000045,170.0,176.0,57.0,38.0,0.0,0.0,8.07,10.05,3.0,3.0,0.24,-1.05,0.18,-0.02,6247.0,7968.0
12590.0,-1.1200000000000045,170.0,175.0,16.0,0.0,0.0,0.0,11.49,10.66,3.0,3.0,-1.03,-1.36,-0.15,-0.33,6207.0,7867.0
12595.0,-1.1399999999999864,170.0,174.0,27.0,0.0,0.0,0.0,11.81,10.51,3.0,3.0,-1.52,-1.67,-0.01,-0.34,6239.0,7777.0
12600.0,-1.1200000000000045,169.0,172.0,25.0,0.0,0.0,0.0,13.58,9.66,3.0,3.0,-1.43,-1.16,-0.09,-0.31,6245.0,7678.0
12605.0,-1.1200000000000045,168.0,170.0,2.0,0.0,0.0,0.0,14.42,8.38,3.0,3.0,-1.87,-1.99,-0.28,-0.31,6099.0,7600.0
12610.0,-1.1399999999999864,166.0,169.0,0.0,20.0,0.0,0.0,16.39,8.92,3.0,3.0,-1.54,-1.56,-0.37,-0.24,5958.0,7598.0
12615.0,-1.1200000000000045,165.0,167.0,0.0,63.0,0.0,0.0,16.97,10.34,3.0,3.0,-1.87,-1.95,-0.38,0.07,5918.0,7811.0
12620.0,-1.1399999999999864,163.0,167.0,38.0,82.0,0.0,0.0,17.03,9.63,3.0,3.0,-2.12,-2.14,-0.04,0.32,6044.0,7892.0
12625.0,-1.1399999999999864,163.0,168.0,74.0,85.0,0.0,0.0,17.08,4.8,3.0,3.0,-1.91,-2.04,0.02,0.25,6090.0,8040.0
12630.0,-1.1399999999999864,163.0,168.0,76.0,72.0,0.0,0.0,16.62,7.81,3.0,3.0,-2.13,-2.57,0.12,0.26,6103.0,7849.0
12635.0,-1.1399999999999864,162.0,168.0,57.0,68.0,0.0,0.0,16.3,7.74,3.0,3.0,-2.25,-2.05,0.11,0.1,6089.0,7868.0
12640.0,-1.1599999999999682,162.0,167.0,58.0,67.0,0.0,0.0,15.93,2.69,3.0,3.0,-1.98,-1.38,0.17,0.14,6084.0,8094.0
12645.0,-1.1399999999999864,162.0,168.0,60.0,68.0,0.0,0.0,15.05,-4.36,3.0,3.0,-2.23,-2.11,0.17,0.27,6207.0,7730.0
12650.0,-1.1600000000000819,162.0,168.0,78.0,75.0,0.0,0.0,7.3,1.75,3.0,3.0,-1.37,-0.68,0.14,0.14,6221.0,7854.0
12655.0,-1.1800000000000637,162.0,169.0,83.0,51.0,0.0,0.0,1.19,13.07,3.0,3.0,-0.98,-0.43,0.18,0.0,6439.0,7934.0
12660.0,-1.1600000000000819,163.0,169.0,78.0,53.0,0.0,0.0,-2.43,7.68,3.0,3.0,-1.09,-0.81,0.32,0.1,6761.0,7760.0
12665.0,-1.17999999999995,163.0,169.0,77.0,66.0,0.0,0.0,-4.11,4.55,3.0,3.0,-0.99,-0.85,0.1,0.08,6844.0,7997.0
12670.0,-1.17999999999995,164.0,170.0,75.0,62.0,0.0,0.0,-6.75,6.78,3.0,3.0,-1.67,-1.69,0.48,0.23,6670.0,7843.0
12675.0,-1.17999999999995,165.0,171.0,86.0,68.0,0.0,0.0,-7.48,-0.92,3.0,3.0,-1.46,-1.35,0.37,0.23,6321.0,7898.0
12680.0,-1.17999999999995,166.0,171.0,99.0,82.0,0.0,0.0,-7.05,1.21,3.0,3.0,-0.9,-1.02,0.37,0.24,6239.0,8013.0
12685.0,-1.1800000000000637,168.0,172.0,100.0,100.0,0.0,0.0,-1.52,2.53,3.0,3.0,-0.33,-1.23,0.43,0.36,6272.0,8124.0
12690.0,-1.2000000000000455,169.0,174.0,100.0,100.0,0.0,0.0,5.49,3.0,3.0,3.0,-0.43,-1.23,0.34,0.29,6286.0,8080.0
12695.0,-1.1800000000000637,170.0,175.0,100.0,100.0,0.0,0.0,3.12,-0.37,3.0,3.0,-0.55,-0.87,0.41,0.52,6349.0,8151.0
12700.0,-1.17999999999995,172.0,176.0,100.0,100.0,0.0,0.0,1.29,-4.02,3.0,3.0,-0.47,-0.4,0.31,0.26,6525.0,8432.0
12705.0,-1.1999999999999318,173.0,177.0,70.0,76.0,19.0,15.0,0.14,-2.78,3.0,3.0,-0.83,-0.45,0.02,0.27,6371.0,8143.0
12710.0,-1.1999999999999318,171.0,176.0,69.0,11.0,64.0,72.0,-0.15,1.18,0.0,3.0,-0.55,-0.31,-1.23,-0.77,6669.0,7827.0
12715.0,-1.2000000000000455,165.0,171.0,0.0,0.0,100.0,100.0,-1.8,1.74,2.0,3.0,-0.12,-0.21,-1.67,-0.79,6740.0,7209.0
12720.0,-1.2000000000000455,160.0,168.0,0.0,0.0,100.0,100.0,-0.45,0.79,2.0,3.0,-0.03,-0.37,-1.18,-1.14,5953.0,6891.0
12725.0,-1.2200000000000273,153.0,163.0,0.0,0.0,100.0,100.0,4.68,-2.69,2.0,3.0,-0.13,-0.52,-1.43,-1.64,5877.0,6144.0
12730.0,-1.2200000000000273,146.0,156.0,0.0,0.0,100.0,100.0,11.38,2.13,2.0,3.0,-0.43,-0.96,-1.79,-1.46,5714.0,6381.0
12735.0,-1.2200000000000273,141.0,150.0,3.0,0.0,0.0,100.0,14.4,12.25,2.0,3.0,-1.14,-0.76,-0.37,-1.33,6171.0,5831.0
12740.0,-1.240000000000009,140.0,144.0,18.0,0.0,0.0,23.0,15.63,13.29,2.0,3.0,-1.06,-0.99,-0.09,-0.66,6305.0,5866.0
12745.0,-1.240000000000009,140.0,142.0,36.0,0.0,0.0,0.0,15.57,13.67,2.0,3.0,-1.72,-1.58,0.1,-0.2,6352.0,6419.0
12750.0,-1.2200000000000273,140.0,141.0,35.0,0.0,0.0,0.0,16.1,14.49,2.0,3.0,-1.12,-1.17,0.07,-0.15,6364.0,6313.0
12755.0,-1.240000000000009,140.0,140.0,36.0,0.0,0.0,0.0,16.88,15.18,2.0,3.0,-1.67,-1.68,0.12,-0.16,6377.0,6263.0
12760.0,-1.240000000000009,140.0,139.0,30.0,0.0,0.0,0.0,17.93,16.06,2.0,3.0,-1.45,-1.56,0.05,-0.15,6353.0,6207.0
12765.0,-1.240000000000009,140.0,137.0,19.0,0.0,0.0,0.0,20.07,17.32,2.0,3.0,-1.44,-1.48,0.0,-0.14,6304.0,6140.0
12770.0,-1.2200000000000273,140.0,136.0,29.0,0.0,0.0,0.0,20.61,17.81,2.0,3.0,-1.7,-2.03,0.07,-0.15,6329.0,6082.0
12775.0,-1.240000000000009,140.0,135.0,37.0,0.0,0.0,0.0,20.59,17.91,2.0,3.0,-2.0,-2.23,0.1,-0.16,6368.0,6022.0
12780.0,-1.2200000000000273,140.0,133.0,41.0,45.0,0.0,0.0,20.89,17.81,2.0,3.0,-2.01,-2.03,0.08,0.15,6359.0,6248.0
12785.0,-1.2000000000000455,140.0,134.0,43.0,83.0,0.0,0.0,21.09,14.85,2.0,3.0,-2.03,-2.18,0.14,0.46,6365.0,6456.0
12790.0,-1.2200000000000273,140.0,136.0,66.0,90.0,0.0,0.0,21.12,9.49,2.0,3.0,-2.3,-1.95,0.16,0.47,6417.0,6451.0
12795.0,-1.1999999999999318,141.0,137.0,75.0,88.0,0.0,0.0,21.03,9.59,2.0,3.0,-2.08,-2.16,0.26,0.54,6605.0,6681.0
12800.0,-1.2200000000000273,142.0,139.0,75.0,90.0,0.0,0.0,20.94,9.35,2.0,3.0,-2.17,-2.11,0.34,0.47,6584.0,6580.0
12805.0,-1.1999999999999318,143.0,140.0,72.0,95.0,0.0,0.0,20.29,0.49,2.0,3.0,-1.9,-2.15,0.43,0.59,6644.0,6712.0
12810.0,-1.1999999999999318,143.0,141.0,72.0,96.0,0.0,0.0,17.32,-1.78,2.0,3.0,-2.25,-2.05,0.4,0.54,6725.0,6719.0
12815.0,-1.1999999999999318,144.0,143.0,76.0,100.0,0.0,0.0,10.2,-1.54,2.0,3.0,-2.13,-2.07,0.4,0.55,6740.0,6727.0
12820.0,-1.1999999999999318,145.0,145.0,81.0,100.0,0.0,0.0,9.99,6.94,2.0,3.0,-2.17,-1.83,0.44,0.52,6750.0,6747.0
12825.0,-1.1999999999999318,146.0,147.0,82.0,100.0,0.0,0.0,9.59,9.49,2.0,3.0,-1.92,-1.65,0.4,0.46,6857.0,6878.0
12830.0,-1.1999999999999318,148.0,148.0,85.0,100.0,0.0,0.0,9.2,6.57,2.0,3.0,-2.14,-1.91,0.4,0.52,6839.0,6893.0
12835.0,-1.1999999999999318,149.0,150.0,88.0,100.0,0.0,0.0,6.81,4.17,2.0,3.0,-1.39,-1.19,0.35,0.41,7037.0,7151.0
12840.0,-1.2000000000000455,150.0,152.0,0.0,100.0,0.0,0.0,3.68,2.19,0.0,3.0,-1.8,-1.58,-0.05,0.47,7006.0,7134.0
12845.0,-1.2000000000000455,151.0,153.0,88.0,100.0,0.0,0.0,1.43,2.14,3.0,3.0,-1.17,-1.12,0.62,0.49,5943.0,7303.0
12850.0,-1.2000000000000455,152.0,154.0,83.0,96.0,0.0,0.0,0.82,-4.06,3.0,3.0,-0.59,-0.87,0.14,0.31,6240.0,8078.0
12855.0,-1.2000000000000455,153.0,157.0,83.0,91.0,0.0,0.0,-1.71,-10.17,3.0,3.0,-1.39,-1.56,0.72,0.98,6316.0,7586.0
12860.0,-1.2200000000000273,156.0,158.0,94.0,100.0,0.0,0.0,-0.43,-6.06,3.0,3.0,-0.92,-1.04,0.38,0.39,5993.0,7502.0
12865.0,-1.2200000000000273,158.0,160.0,100.0,100.0,0.0,0.0,0.37,1.03,3.0,3.0,-1.13,-1.04,0.55,0.54,5907.0,7432.0
12870.0,-1.2000000000000455,159.0,162.0,100.0,100.0,0.0,0.0,0.49,0.05,3.0,3.0,-0.74,-0.66,0.5,0.55,6109.0,7609.0
12875.0,-1.2200000000000273,162.0,164.0,100.0,100.0,0.0,0.0,-1.0,-1.21,3.0,3.0,-0.5,-0.53,0.46,0.5,6119.0,7676.0
12880.0,-1.1999999999999318,164.0,166.0,100.0,100.0,0.0,0.0,-2.2,-1.77,3.0,3.0,-0.25,-0.22,0.52,0.48,6059.0,7656.0
12885.0,-1.2199999999999136,166.0,168.0,100.0,100.0,0.0,0.0,-4.56,-2.71,3.0,3.0,0.41,0.11,0.53,0.47,6165.0,7767.0
12890.0,-1.2200000000000273,167.0,170.0,100.0,100.0,0.0,0.0,-5.35,-3.99,3.0,3.0,0.63,0.28,0.47,0.47,6253.0,7876.0
12895.0,-1.2200000000000273,169.0,171.0,100.0,100.0,0.0,0.0,-5.21,-4.12,3.0,3.0,1.22,0.78,0.55,0.65,6377.0,7934.0
12900.0,-1.2200000000000273,171.0,173.0,100.0,100.0,0.0,0.0,-5.24,-4.85,3.0,3.0,1.25,1.02,0.44,0.41,6361.0,7995.0
12905.0,-1.2200000000000273,172.0,175.0,100.0,100.0,0.0,0.0,-5.23,-4.64,3.0,3.0,0.91,0.77,0.44,0.43,6511.0,8264.0
12910.0,-1.2200000000000273,174.0,176.0,100.0,100.0,0.0,0.0,-5.06,-3.99,3.0,3.0,1.21,1.38,0.54,0.52,6601.0,8276.0
12915.0,-1.240000000000009,176.0,177.0,100.0,100.0,0.0,0.0,-3.72,-1.89,3.0,3.0,1.2,1.33,0.46,0.42,6661.0,8316.0
12920.0,-1.240000000000009,177.0,177.0,100.0,40.0,0.0,0.0,-2.51,-0.14,3.0,1.0,0.54,0.75,0.32,-0.06,6660.0,8053.0
12925.0,-1.240000000000009,177.0,178.0,96.0,93.0,0.0,0.0,-3.03,0.55,3.0,4.0,0.68,0.69,0.12,0.31,7454.0,8352.0
12930.0,-1.240000000000009,179.0,180.0,100.0,100.0,0.0,0.0,-0.79,3.12,3.0,4.0,1.41,1.44,0.55,0.97,6657.0,7209.0
12935.0,-1.240000000000009,180.0,182.0,100.0,100.0,0.0,0.0,-0.6,2.36,3.0,4.0,0.7,0.93,0.41,0.34,6871.0,7176.0
12940.0,-1.240000000000009,182.0,183.0,100.0,100.0,0.0,0.0,0.18,3.59,3.0,4.0,1.0,1.25,0.58,0.58,6921.0,7511.0
12945.0,-1.240000000000009,184.0,184.0,100.0,100.0,0.0,0.0,0.01,7.01,3.0,4.0,0.79,1.51,0.43,0.43,6820.0,7147.0
12950.0,-1.240000000000009,185.0,186.0,100.0,100.0,0.0,0.0,-0.1,4.57,3.0,4.0,0.6,1.09,0.55,0.46,6901.0,7263.0
12955.0,-1.240000000000009,187.0,187.0,100.0,100.0,0.0,0.0,0.17,3.82,3.0,4.0,0.41,0.93,0.48,0.45,6891.0,7158.0
12960.0,-1.2200000000000273,189.0,189.0,100.0,100.0,0.0,0.0,0.32,1.07,3.0,4.0,0.15,0.17,0.43,0.38,6946.0,7235.0
12965.0,-1.2199999999999136,190.0,190.0,100.0,100.0,0.0,0.0,0.62,1.35,3.0,4.0,0.03,-0.1,0.47,0.42,7000.0,7273.0
12970.0,-1.240000000000009,191.0,191.0,100.0,100.0,0.0,0.0,0.74,1.11,3.0,4.0,-0.09,-0.25,0.43,0.4,7066.0,7318.0
12975.0,-1.2300000000000182,193.0,193.0,50.0,100.0,0.0,0.0,0.8049999999999999,1.79,3.0,4.0,-0.15,-0.34,0.375,0.38,7093.5,7383.0
12980.0,-1.2200000000000273,193.0,194.0,100.0,100.0,0.0,0.0,0.94,1.57,4.0,4.0,-0.2,-0.46,0.26,0.39,6377.0,7462.0
12985.0,-1.240000000000009,194.0,195.0,100.0,100.0,0.0,0.0,1.05,1.05,4.0,4.0,-0.23,-0.53,0.4,0.4,5887.0,7509.0
12990.0,-1.2300000000000182,196.0,197.0,100.0,100.0,0.0,0.0,1.025,-0.16,4.0,4.0,-0.295,-0.49,0.4,0.4,5923.5,7551.0
12995.0,-1.240000000000009,197.0,198.0,100.0,100.0,0.0,0.0,1.02,-0.11,4.0,4.0,-0.32,-0.4,0.39,0.39,5973.0,7600.0
13000.0,-1.240000000000009,198.0,199.0,100.0,100.0,0.0,0.0,1.1,0.21,4.0,4.0,-0.35,-0.3,0.39,0.4,6002.0,7654.0
13005.0,-1.2299999999999613,199.0,200.0,100.0,100.0,0.0,0.0,1.16,0.485,4.0,4.0,-0.39,-0.28500000000000003,0.39,0.39,6021.0,7680.0
13010.0,-1.240000000000009,201.0,202.0,100.0,100.0,0.0,0.0,1.42,1.62,4.0,4.0,-0.41,-0.34,0.38,0.37,6064.0,7724.0
13015.0,-1.240000000000009,202.0,203.0,100.0,100.0,0.0,0.0,1.93,3.1,4.0,4.0,-0.48,-0.55,0.38,0.36,6123.0,7793.0
13020.0,-1.240000000000009,203.0,204.0,100.0,100.0,0.0,0.0,2.92,4.9,4.0,4.0,-0.64,-0.91,0.35,0.35,6124.0,7819.0
13025.0,-1.240000000000009,204.0,205.0,100.0,100.0,0.0,0.0,4.5,5.23,4.0,4.0,-0.81,-1.04,0.34,0.32,6187.0,7889.0
13030.0,-1.2200000000000273,205.0,206.0,100.0,100.0,0.0,0.0,6.34,4.79,4.0,4.0,-1.09,-1.32,0.33,0.38,6223.0,7932.0
13035.0,-1.240000000000009,206.0,207.0,96.0,100.0,0.0,0.0,8.06,4.84,4.0,4.0,-1.29,-1.36,0.31,0.35,6267.0,7985.0
13040.0,-1.240000000000009,207.0,207.0,87.0,100.0,0.0,0.0,8.23,4.99,4.0,4.0,-1.49,-1.48,0.25,0.3,6285.0,8050.0
13045.0,-1.2300000000000182,207.5,208.0,85.5,100.0,0.0,0.0,8.42,6.15,4.0,4.0,-1.615,-1.58,0.265,0.32,6301.5,8070.0
13050.0,-1.240000000000009,208.0,209.0,78.0,100.0,0.0,0.0,9.11,6.54,4.0,4.0,-1.92,-1.88,0.25,0.34,6343.0,8132.0
13055.0,-1.240000000000009,208.0,209.0,73.0,95.0,0.0,0.0,9.36,6.16,4.0,4.0,-2.06,-2.06,0.24,0.37,6293.0,8083.0
13060.0,-1.2300000000000182,209.0,210.0,53.5,53.0,0.0,0.0,10.535,7.52,4.0,4.0,-1.72,-1.64,0.16,0.15,6320.0,8038.0
13065.0,-1.240000000000009,209.0,210.0,36.0,30.0,0.0,0.0,12.91,9.93,4.0,4.0,-1.28,-1.19,0.09,0.0,6306.0,7966.0
13070.0,-1.240000000000009,209.0,209.0,24.0,34.0,0.0,0.0,15.67,11.38,4.0,4.0,-1.17,-1.05,0.04,-0.01,6267.0,7964.0
13075.0,-1.240000000000009,209.0,209.0,23.5,34.0,0.0,0.0,17.25,13.155,4.0,4.0,-1.2850000000000001,-1.4500000000000002,0.03,0.015,6255.0,7952.5
13080.0,-1.240000000000009,209.0,209.0,34.0,35.0,0.0,0.0,17.43,13.24,4.0,4.0,-2.13,-2.53,0.1,0.0,6247.0,7903.0
13085.0,-1.2399999999998954,209.0,208.0,51.0,56.0,0.0,0.0,17.33,13.2,4.0,4.0,-1.91,-1.9,0.12,0.11,6266.0,7938.0
13090.0,-1.2300000000000182,209.0,208.0,54.0,65.5,0.0,0.0,17.36,12.48,4.0,4.0,-2.14,-2.225,0.1,0.185,6328.0,8025.5
13095.0,-1.240000000000009,209.0,209.0,52.0,66.0,0.0,0.0,17.79,12.22,4.0,4.0,-1.84,-2.25,0.07,0.11,6292.0,8016.0
13100.0,-1.240000000000009,208.0,208.0,51.0,65.0,0.0,0.0,17.88,11.92,4.0,4.0,-3.5,-3.38,-0.02,-0.17,6238.0,7949.0
13105.0,-1.2300000000000182,208.0,208.0,51.0,62.5,0.0,0.0,17.94,12.185,4.0,4.0,-2.66,-2.42,0.02,0.1,6247.0,7969.0
13110.0,-1.240000000000009,207.0,208.0,51.0,59.0,0.0,0.0,18.56,12.79,4.0,4.0,-1.93,-1.6,0.14,0.1,6263.0,7997.0
13115.0,-1.240000000000009,207.0,208.0,54.0,57.0,0.0,0.0,19.05,13.05,4.0,4.0,-2.35,-2.35,0.11,0.12,6270.0,8005.0
13120.0,-1.2399999999999523,207.0,207.0,61.5,61.0,0.0,0.0,18.39,10.935,4.0,4.0,-2.3049999999999997,-2.585,0.11499999999999999,0.16999999999999998,6246.5,7938.0
13125.0,-1.240000000000009,207.0,207.0,66.0,68.0,0.0,0.0,16.52,7.19,4.0,4.0,-1.72,-1.28,0.15,0.14,6287.0,8024.0
13130.0,-1.240000000000009,208.0,207.0,70.0,74.0,0.0,0.0,13.34,4.2,4.0,4.0,-1.66,-1.94,0.19,0.29,6303.0,8093.0
13135.0,-1.2299999999999613,208.0,208.0,83.5,67.0,0.0,0.0,8.105,-1.38,4.0,4.0,-1.7200000000000002,-1.89,0.26,0.3,6310.0,7979.0
13140.0,-1.240000000000009,209.0,208.0,85.0,24.0,0.0,45.0,3.62,-4.85,4.0,4.0,-1.46,-1.64,0.24,-0.38,6365.0,7747.0
13145.0,-1.240000000000009,209.0,204.0,65.0,0.0,3.0,100.0,1.22,-6.28,4.0,4.0,-1.32,-0.75,0.22,-1.48,6301.0,7118.0
13150.0,-1.2299999999999613,207.5,198.0,69.0,69.0,75.0,100.0,-0.615,-6.09,0.0,0.0,-1.135,-0.57,-1.365,-1.88,6514.5,7778.0
13155.0,-1.240000000000009,202.0,193.0,0.0,0.0,100.0,100.0,-2.58,-6.75,3.0,3.0,-0.17,0.2,-1.49,-1.68,6266.0,7997.0
13160.0,-1.2200000000000273,197.0,186.0,0.0,0.0,100.0,100.0,-5.35,-6.58,3.0,3.0,0.19,1.1,-2.17,-1.82,6634.0,7660.0
13165.0,-1.2200000000000273,191.0,182.0,0.0,7.0,100.0,21.0,-8.22,-3.94,3.0,3.0,0.51,0.98,-1.52,-0.77,6208.0,7917.0
13170.0,-1.2199999999999136,185.0,181.0,0.0,18.0,90.0,0.0,-8.9,-6.27,3.0,3.0,0.94,1.56,-1.82,-0.11,5773.0,8131.0
13175.0,-1.2199999999999136,180.0,180.0,0.0,12.0,31.0,0.0,-8.92,-9.38,3.0,3.0,1.7,1.89,-1.05,-0.13,6126.0,8078.0
13180.0,-1.2200000000000273,178.0,179.0,0.0,20.0,0.0,0.0,-9.97,-10.73,3.0,3.0,1.54,1.25,-0.21,-0.09,6354.0,8062.0
13185.0,-1.2200000000000273,177.0,179.0,0.0,40.0,0.0,0.0,-10.88,-12.83,3.0,3.0,1.9,1.88,-0.22,0.05,6292.0,8216.0
13190.0,-1.2200000000000273,175.0,179.0,1.0,37.0,0.0,0.0,-11.71,-13.84,3.0,3.0,1.65,1.61,-0.19,0.08,6269.0,8120.0
13195.0,-1.2199999999999136,174.0,178.0,3.0,26.0,0.0,5.0,-14.37,-16.01,3.0,3.0,1.44,1.4,-0.12,-0.12,6256.0,8080.0
13200.0,-1.2399999999998954,173.0,177.0,3.0,22.0,1.0,8.0,-16.27,-16.49,3.0,3.0,2.02,2.1,-0.18,-0.13,6216.0,7981.0
13205.0,-1.240000000000009,172.0,176.0,1.0,21.0,4.0,7.0,-17.52,-16.87,3.0,3.0,1.88,2.06,-0.28,-0.3,6146.0,7893.0
13210.0,-1.2200000000000273,170.0,175.0,28.0,27.0,4.0,0.0,-17.68,-16.6,3.0,3.0,2.32,2.19,-0.15,-0.01,6200.0,7889.0
13215.0,-1.2200000000000273,170.0,174.0,41.0,33.0,3.0,0.0,-17.61,-16.72,3.0,3.0,1.78,1.38,-0.06,-0.06,6214.0,7977.0
13220.0,-1.240000000000009,169.0,174.0,58.0,42.0,0.0,0.0,-17.96,-16.72,3.0,3.0,1.81,1.78,0.08,0.2,6243.0,8014.0
13225.0,-1.240000000000009,169.0,174.0,55.0,0.0,0.0,0.0,-17.88,-16.17,3.0,0.0,1.62,2.02,0.13,-0.09,6247.0,7896.0
13230.0,-1.240000000000009,170.0,174.0,49.0,41.0,0.0,0.0,-18.37,-15.8,3.0,4.0,1.25,0.82,0.16,0.2,6288.0,6957.0
13235.0,-1.240000000000009,170.0,174.0,45.0,41.0,0.0,0.0,-18.78,-14.38,3.0,4.0,1.59,1.69,0.17,0.22,6280.0,6683.0
13240.0,-1.240000000000009,170.0,174.0,48.0,40.0,1.0,0.0,-18.95,-8.73,3.0,4.0,1.64,1.61,0.16,0.08,6309.0,6722.0
13245.0,-1.240000000000009,170.0,174.0,52.0,39.0,1.0,0.0,-19.1,-3.39,3.0,4.0,1.73,1.32,0.17,0.28,6332.0,7037.0
13250.0,-1.259999999999991,171.0,175.0,48.0,42.0,2.0,0.0,-18.0,-6.23,3.0,4.0,1.85,1.26,0.2,0.16,6315.0,6808.0
13255.0,-1.259999999999991,171.0,175.0,42.0,40.0,0.0,0.0,-14.35,-6.27,3.0,4.0,1.8,1.01,0.01,0.08,6487.0,6917.0
13260.0,-1.2600000000001046,170.0,175.0,43.0,37.0,0.0,0.0,-8.89,-3.47,3.0,4.0,1.16,1.38,0.05,0.23,6972.0,6841.0
13265.0,-1.240000000000009,171.0,175.0,50.0,39.0,0.0,0.0,-1.23,-0.39,3.0,4.0,1.44,1.56,0.24,0.28,6760.0,6753.0
13270.0,-1.259999999999991,172.0,176.0,56.0,44.0,0.0,0.0,0.71,0.29,3.0,4.0,0.78,0.83,0.18,0.07,6463.0,6837.0
13275.0,-1.259999999999991,173.0,176.0,71.0,63.0,0.0,0.0,1.49,-0.54,3.0,4.0,0.78,0.66,0.37,0.12,6608.0,7302.0
13280.0,-1.259999999999991,174.0,177.0,86.0,73.0,0.0,0.0,2.04,0.89,3.0,4.0,1.42,1.73,0.54,-0.25,6468.0,6787.0
13285.0,-1.259999999999991,176.0,178.0,94.0,74.0,0.0,0.0,6.07,6.73,3.0,4.0,-0.28,-0.0,0.43,0.12,6500.0,6963.0
13290.0,-1.259999999999991,177.0,179.0,90.0,44.0,0.0,0.0,8.7,11.59,3.0,4.0,-0.73,-0.73,0.55,0.73,6840.0,6816.0
13295.0,-1.259999999999991,179.0,179.0,76.0,30.0,0.0,0.0,11.86,10.66,3.0,4.0,-1.46,-1.42,0.31,0.02,6614.0,6802.0
13300.0,-1.259999999999991,180.0,179.0,54.0,22.0,0.0,0.0,13.63,12.15,3.0,4.0,-1.16,-0.85,0.33,0.03,6740.0,6891.0
13305.0,-1.259999999999991,181.0,179.0,40.0,23.0,0.0,0.0,15.73,12.96,3.0,4.0,-1.23,-1.47,0.22,0.0,6708.0,6816.0
13310.0,-1.259999999999991,181.0,179.0,41.0,43.0,0.0,0.0,16.84,10.75,3.0,4.0,-1.54,-2.38,0.22,0.14,6711.0,6879.0
13315.0,-1.259999999999991,181.0,179.0,46.0,47.0,0.0,0.0,16.83,6.35,3.0,4.0,-2.65,-2.67,0.27,0.23,6668.0,6839.0
13320.0,-1.259999999999991,182.0,179.0,59.0,50.0,0.0,0.0,16.77,5.75,3.0,4.0,-0.89,-0.65,0.22,0.04,6772.0,7082.0
13325.0,-1.259999999999991,182.0,179.0,64.0,47.0,0.0,0.0,16.7,5.32,3.0,4.0,-1.03,-1.22,0.06,0.09,7237.0,7598.0
13330.0,-1.259999999999991,182.0,179.0,93.0,47.0,0.0,0.0,14.6,2.48,3.0,4.0,-2.43,-2.32,0.03,0.44,7336.0,7919.0
13335.0,-1.259999999999991,182.0,179.0,90.0,49.0,0.0,0.0,12.19,5.68,3.0,4.0,-2.06,-1.45,0.23,0.24,6798.0,6875.0
13340.0,-1.259999999999991,183.0,180.0,86.0,42.0,0.0,0.0,12.73,11.49,3.0,4.0,-0.8,-0.76,0.08,0.02,7201.0,7264.0
13345.0,-1.259999999999991,183.0,180.0,76.0,51.0,0.0,0.0,12.43,10.27,3.0,4.0,-4.23,-4.14,0.29,0.05,6635.0,6773.0
13350.0,-1.259999999999991,182.0,179.0,84.0,58.0,0.0,0.0,9.3,8.57,3.0,4.0,-1.36,-0.84,0.26,0.1,6810.0,6982.0
13355.0,-1.259999999999991,183.0,179.0,91.0,61.0,0.0,0.0,7.63,4.41,3.0,4.0,-1.82,-1.44,0.47,0.46,6876.0,7135.0
13360.0,-1.259999999999991,184.0,180.0,92.0,80.0,0.0,0.0,8.44,2.18,3.0,4.0,-1.87,-2.43,0.52,0.48,6943.0,6983.0
13365.0,-1.259999999999991,185.0,181.0,95.0,95.0,0.0,0.0,8.91,-6.22,3.0,4.0,-1.71,-1.46,0.43,0.41,6923.0,7077.0
13370.0,-1.259999999999991,186.0,182.0,94.0,100.0,0.0,0.0,8.23,-3.83,3.0,4.0,-1.4,-1.27,0.33,0.37,7044.0,7225.0
13375.0,-1.259999999999991,188.0,184.0,100.0,100.0,0.0,0.0,6.46,3.12,3.0,4.0,-1.88,-1.96,0.46,0.49,6996.0,7090.0
13380.0,-1.240000000000009,187.0,185.0,100.0,100.0,0.0,0.0,5.14,4.31,4.0,4.0,-1.72,-1.43,0.1,0.42,6308.0,7113.0
13385.0,-1.240000000000009,189.0,186.0,100.0,100.0,0.0,0.0,4.09,1.94,4.0,4.0,-1.2,-0.96,0.47,0.46,5793.0,7216.0
13390.0,-1.240000000000009,190.0,188.0,100.0,100.0,0.0,0.0,3.24,2.03,4.0,4.0,-1.05,-1.06,0.26,0.49,6109.0,7464.0
13395.0,-1.240000000000009,192.0,189.0,100.0,100.0,0.0,0.0,1.57,-0.39,4.0,4.0,-1.48,-1.32,0.5,0.49,5772.0,7208.0
13400.0,-1.240000000000009,193.0,190.0,100.0,100.0,0.0,0.0,0.98,-0.34,4.0,4.0,-0.82,-0.64,0.4,0.37,5827.0,7337.0
13405.0,-1.240000000000009,195.0,192.0,100.0,100.0,0.0,0.0,-0.0,-0.48,4.0,4.0,-0.82,-0.58,0.49,0.51,5859.0,7323.0
13410.0,-1.240000000000009,196.0,193.0,100.0,100.0,0.0,0.0,-0.07,0.16,4.0,4.0,-0.42,-0.43,0.4,0.44,5910.0,7392.0
13415.0,-1.2300000000000182,197.0,194.5,100.0,100.0,0.0,0.0,-0.74,-0.95,4.0,4.0,-0.1,-0.12,0.39,0.42,5956.0,7451.0
13420.0,-1.240000000000009,198.0,196.0,100.0,100.0,0.0,0.0,-0.62,-0.66,4.0,4.0,-0.01,-0.04,0.36,0.23,5978.0,7595.0
13425.0,-1.2199999999999136,200.0,197.0,100.0,100.0,0.0,0.0,-0.26,-0.02,4.0,4.0,0.14,0.13,0.7,0.47,6055.0,7577.0
13430.0,-1.240000000000009,201.0,198.0,100.0,100.0,0.0,0.0,0.0,0.71,4.0,4.0,0.17,0.15,0.41,0.39,6081.0,7599.0
13435.0,-1.2200000000000273,202.0,200.0,100.0,100.0,0.0,0.0,0.32,0.05,4.0,4.0,0.13,0.12,0.38,0.4,6079.0,7629.0
13440.0,-1.240000000000009,203.0,201.0,100.0,100.0,0.0,0.0,0.2,0.06,4.0,4.0,0.03,0.1,0.35,0.35,6132.0,7697.0
13445.0,-1.2199999999999136,204.0,202.0,100.0,100.0,0.0,0.0,0.12,0.38,4.0,4.0,0.01,0.1,0.37,0.39,6142.0,7707.0
13450.0,-1.2300000000000182,205.0,203.0,64.0,63.0,11.5,38.0,0.245,0.64,4.0,4.0,-0.02,0.01,0.07,-0.32,6128.5,7653.0
13455.0,-1.2200000000000273,203.0,198.0,0.0,0.0,76.0,100.0,0.73,1.4,4.0,4.0,-0.11,-0.17,-1.87,-2.06,5864.0,7346.0
13460.0,-1.2299999999999613,195.5,192.0,21.0,0.0,100.0,100.0,2.225,2.09,0.0,4.0,-0.405,-0.36,-2.1100000000000003,-2.06,6943.0,7095.0
13465.0,-1.2200000000000273,188.0,186.0,0.0,0.0,100.0,100.0,4.96,5.01,3.0,0.0,-0.74,-0.65,-2.17,-1.98,6588.0,8147.0
13470.0,-1.2200000000000273,181.0,178.0,0.0,0.0,100.0,100.0,7.72,10.1,3.0,3.0,-0.89,-1.27,-1.96,-1.94,6278.0,7594.0
13475.0,-1.2200000000000273,173.0,171.0,0.0,0.0,100.0,100.0,11.31,11.52,3.0,3.0,-1.85,-2.38,-2.61,-2.35,5830.0,7321.0
13480.0,-1.2200000000000273,164.0,162.0,2.0,0.0,57.0,65.0,13.84,9.97,3.0,3.0,-2.21,-2.18,-1.52,-1.64,5858.0,6932.0
13485.0,-1.2200000000000273,161.0,159.0,0.0,3.0,0.0,0.0,14.6,7.02,3.0,3.0,-2.08,-2.05,-0.37,-0.24,5811.0,7106.0
13490.0,-1.2200000000000273,160.0,157.0,0.0,17.0,0.0,0.0,15.19,-0.81,3.0,3.0,-1.87,-1.93,-0.34,-0.11,5746.0,7093.0
13495.0,-1.2199999999999136,158.0,156.0,11.0,31.0,0.0,0.0,16.1,2.34,3.0,3.0,-0.92,-1.03,-0.17,-0.05,5754.0,7185.0
13500.0,-1.1999999999999318,157.0,156.0,20.0,60.0,0.0,0.0,16.21,11.16,3.0,3.0,-2.34,-2.31,-0.13,0.27,5771.0,7289.0
13505.0,-1.2200000000000273,156.0,157.0,57.0,69.0,0.0,0.0,15.99,8.74,3.0,3.0,-1.67,-1.48,-0.02,0.19,5785.0,7332.0
13510.0,-1.2200000000000273,156.0,157.0,71.0,72.0,0.0,0.0,16.13,3.13,3.0,3.0,-1.81,-1.52,0.13,0.46,5867.0,7562.0
13515.0,-1.2200000000000273,156.0,158.0,77.0,71.0,0.0,0.0,14.65,8.24,3.0,3.0,-1.5,-1.74,0.12,0.26,5873.0,7430.0
13520.0,-1.2000000000000455,156.0,159.0,77.0,65.0,0.0,0.0,14.04,4.53,3.0,3.0,-1.94,-1.81,0.3,0.29,5936.0,7449.0
13525.0,-1.2200000000000273,157.0,160.0,76.0,73.0,0.0,0.0,15.19,4.63,3.0,3.0,-1.76,-1.75,0.23,0.3,5913.0,7496.0
13530.0,-1.2200000000000273,157.0,161.0,73.0,62.0,0.0,0.0,16.67,11.11,3.0,3.0,-1.51,-1.42,0.28,0.22,5997.0,7580.0
13535.0,-1.240000000000009,158.0,161.0,50.0,42.0,0.0,0.0,17.65,14.25,3.0,3.0,-2.03,-1.89,0.2,0.08,6098.0,7528.0
13540.0,-1.2200000000000273,158.0,160.0,43.0,36.0,0.0,0.0,17.67,15.18,3.0,3.0,-1.19,-0.96,-0.0,-0.07,6242.0,7632.0
13545.0,-1.2200000000000273,157.0,159.0,47.0,39.0,0.0,0.0,17.65,15.22,3.0,3.0,-1.13,-0.93,-0.02,-0.08,7025.0,8125.0
13550.0,-1.240000000000009,158.0,160.0,54.0,54.0,0.0,0.0,17.5,14.97,3.0,3.0,-1.7,-1.93,0.52,0.27,6536.0,7329.0
13555.0,-1.240000000000009,159.0,161.0,83.0,68.0,0.0,0.0,16.36,13.82,3.0,3.0,-1.54,-1.3,0.32,0.29,6006.0,7480.0
13560.0,-1.2199999999999136,160.0,162.0,80.0,66.0,0.0,0.0,15.19,11.62,3.0,3.0,-1.48,-1.66,0.3,0.26,6063.0,7581.0
13565.0,-1.240000000000009,161.0,163.0,90.0,63.0,0.0,0.0,6.18,7.78,3.0,3.0,-1.81,-1.92,0.39,0.25,6096.0,7536.0
13570.0,-1.2200000000000273,162.0,163.0,91.0,59.0,0.0,0.0,4.85,6.6,3.0,3.0,-1.83,-1.64,0.48,0.26,6172.0,7594.0
13575.0,-1.240000000000009,163.0,164.0,85.0,55.0,0.0,0.0,5.54,7.77,3.0,3.0,-0.86,-0.84,0.18,0.06,6379.0,7796.0
13580.0,-1.2200000000000273,164.0,164.0,82.0,49.0,0.0,0.0,2.42,3.31,3.0,3.0,-1.85,-2.25,0.52,0.4,6684.0,7676.0
13585.0,-1.240000000000009,165.0,164.0,66.0,55.0,0.0,0.0,-3.2,2.24,3.0,3.0,-0.93,-0.78,0.32,0.14,6247.0,7603.0
13590.0,-1.2200000000000273,166.0,164.0,87.0,47.0,0.0,0.0,-1.19,-6.54,3.0,3.0,-0.77,-0.77,0.26,0.07,7188.0,8373.0
13595.0,-1.240000000000009,167.0,165.0,73.0,53.0,0.0,0.0,-0.27,-6.31,3.0,3.0,-1.13,-1.24,0.15,0.34,7023.0,7984.0
13600.0,-1.2199999999999136,167.0,166.0,72.0,52.0,0.0,0.0,-3.18,-5.72,3.0,3.0,-0.9,-0.86,0.18,0.16,7221.0,8145.0
13605.0,-1.240000000000009,168.0,166.0,68.0,57.0,0.0,0.0,-7.27,-5.16,3.0,3.0,-1.06,-1.1,0.35,0.42,7022.0,8037.0
13610.0,-1.240000000000009,169.0,167.0,82.0,0.0,0.0,0.0,-3.23,-3.46,3.0,0.0,-0.66,-0.68,0.07,0.23,7243.0,8236.0
13615.0,-1.2200000000000273,170.0,168.0,92.0,100.0,0.0,0.0,1.72,-1.87,3.0,4.0,-0.92,-0.49,0.58,0.9,6893.0,7064.0
13620.0,-1.2200000000000273,172.0,170.0,93.0,100.0,0.0,0.0,2.46,1.23,3.0,4.0,-0.95,-0.75,0.3,0.47,6782.0,6784.0
13625.0,-1.240000000000009,174.0,172.0,100.0,100.0,0.0,0.0,-0.41,1.07,3.0,4.0,-1.15,-0.74,0.64,0.49,6419.0,6575.0
13630.0,-1.2199999999999136,175.0,174.0,99.0,100.0,0.0,0.0,0.44,0.13,3.0,4.0,-0.66,-0.35,0.77,0.27,6880.0,6898.0
13635.0,-1.2199999999999136,178.0,176.0,100.0,100.0,0.0,0.0,-1.89,-0.54,3.0,4.0,-0.47,-0.16,0.49,0.21,6614.0,6814.0
13640.0,-1.2200000000000273,179.0,177.0,100.0,100.0,0.0,0.0,-2.01,-0.74,3.0,4.0,-0.22,-0.1,0.63,0.68,7042.0,6936.0
13645.0,-1.2200000000000273,181.0,179.0,100.0,100.0,0.0,0.0,-3.2,-0.92,3.0,4.0,-0.16,-0.04,0.58,0.5,6690.0,6870.0
13650.0,-1.2200000000000273,183.0,181.0,100.0,100.0,0.0,0.0,-3.55,-1.03,3.0,4.0,0.33,0.05,0.41,0.45,6837.0,6936.0
13655.0,-1.2199999999999136,185.0,183.0,100.0,100.0,0.0,0.0,-4.19,-1.83,3.0,4.0,0.9,0.25,0.56,0.51,6833.0,7002.0
13660.0,-1.2199999999999136,186.0,184.0,100.0,100.0,0.0,0.0,-4.34,-2.49,3.0,4.0,0.97,0.47,0.46,0.46,6922.0,7073.0
13665.0,-1.2200000000000273,188.0,186.0,100.0,100.0,0.0,0.0,-4.07,-2.94,3.0,4.0,1.17,0.63,0.49,0.47,6975.0,7121.0
13670.0,-1.2000000000000455,189.0,187.0,100.0,100.0,0.0,0.0,-3.86,-3.95,3.0,4.0,0.97,0.73,0.42,0.41,7070.0,7282.0
13675.0,-1.2200000000000273,191.0,188.0,100.0,77.0,0.0,22.0,-2.99,-4.29,3.0,4.0,1.26,1.15,0.54,0.32,7103.0,7247.0
13680.0,-1.2199999999999136,191.0,186.0,27.0,0.0,68.0,100.0,-2.89,-3.91,3.0,0.0,1.01,0.95,-0.73,-1.57,6850.0,7869.0
13685.0,-1.2200000000000273,186.0,180.0,69.0,0.0,100.0,100.0,-3.44,-1.57,0.0,3.0,0.76,0.74,-1.73,-1.42,7225.0,7215.0
13690.0,-1.2200000000000273,180.0,175.0,0.0,1.0,100.0,100.0,-3.28,-0.64,2.0,3.0,0.59,0.99,-1.61,-1.6,7004.0,7001.0
13695.0,-1.2000000000000455,174.0,167.0,0.0,6.0,100.0,93.0,-7.49,-3.02,2.0,3.0,0.89,1.18,-1.91,-1.41,6804.0,6808.0
13700.0,-1.2000000000000455,167.0,163.0,0.0,2.0,85.0,70.0,-10.73,-9.78,2.0,3.0,1.21,1.32,-1.59,-1.22,6736.0,6827.0
13705.0,-1.17999999999995,163.0,158.0,0.0,1.0,41.0,22.0,-11.29,-12.62,2.0,3.0,1.53,1.88,-1.04,-0.76,6553.0,6855.0
13710.0,-1.1999999999999318,160.0,157.0,2.0,11.0,3.0,0.0,-11.7,-11.91,2.0,3.0,1.85,1.82,-0.3,-0.03,6977.0,7040.0
13715.0,-1.1999999999999318,158.0,156.0,0.0,19.0,5.0,0.0,-12.66,-12.45,2.0,3.0,1.69,1.62,-0.23,0.06,6898.0,7081.0
13720.0,-1.1999999999999318,157.0,156.0,0.0,32.0,10.0,0.0,-14.26,-13.52,2.0,3.0,1.74,1.77,-0.37,0.14,6731.0,7163.0
13725.0,-1.17999999999995,155.0,156.0,0.0,22.0,9.0,0.0,-14.57,-14.03,2.0,3.0,2.16,2.01,-0.36,0.08,6680.0,7039.0
13730.0,-1.17999999999995,152.0,155.0,0.0,10.0,9.0,2.0,-15.18,-14.64,2.0,3.0,1.87,1.78,-0.34,-0.03,6543.0,6953.0
13735.0,-1.2000000000000455,150.0,154.0,2.0,6.0,0.0,3.0,-16.92,-15.85,2.0,3.0,1.36,1.45,-0.21,-0.12,6475.0,6876.0
13740.0,-1.2000000000000455,149.0,153.0,19.0,4.0,0.0,7.0,-18.26,-16.03,2.0,3.0,1.97,2.17,0.02,-0.24,6652.0,6821.0
13745.0,-1.2000000000000455,149.0,151.0,43.0,4.0,0.0,7.0,-19.26,-15.92,2.0,3.0,2.31,2.15,0.09,-0.19,6697.0,6739.0
13750.0,-1.2000000000000455,148.0,150.0,56.0,5.0,0.0,5.0,-19.47,-15.83,2.0,3.0,2.14,2.12,0.15,-0.17,6705.0,6674.0
13755.0,-1.2000000000000455,149.0,149.0,60.0,48.0,0.0,0.0,-19.53,-15.73,2.0,3.0,2.33,2.68,0.14,0.28,6731.0,6916.0
13760.0,-1.2200000000000273,149.0,149.0,62.0,52.0,1.0,0.0,-19.15,-15.59,2.0,3.0,2.39,2.67,0.17,0.32,6728.0,6878.0
13765.0,-1.2200000000000273,150.0,150.0,64.0,55.0,0.0,0.0,-17.62,-15.63,2.0,3.0,1.81,1.83,0.25,0.3,6789.0,6974.0
13770.0,-1.2200000000000273,150.0,150.0,59.0,58.0,0.0,0.0,-15.71,-15.52,2.0,3.0,1.84,1.86,0.4,0.44,6861.0,6999.0
13775.0,-1.2200000000000273,151.0,151.0,0.0,58.0,0.0,0.0,-15.07,-15.65,0.0,3.0,2.01,1.87,0.0,0.31,6891.0,7218.0
13780.0,-1.2200000000000273,151.0,152.0,50.0,55.0,0.0,0.0,-14.29,-15.25,3.0,3.0,1.98,1.91,0.28,0.33,5643.0,7039.0
13785.0,-1.2000000000000455,152.0,153.0,50.0,49.0,0.0,0.0,-14.73,-15.22,3.0,3.0,1.72,1.75,0.36,0.31,5750.0,7170.0
13790.0,-1.1999999999999318,153.0,153.0,59.0,61.0,0.0,0.0,-14.46,-14.66,3.0,3.0,1.85,1.88,0.35,0.4,5787.0,7152.0
13795.0,-1.1999999999999318,154.0,154.0,54.0,63.0,0.0,0.0,-14.68,-14.09,3.0,3.0,0.87,0.95,0.26,0.22,5914.0,7576.0
13800.0,-1.1999999999999318,155.0,156.0,55.0,66.0,0.0,0.0,-14.31,-11.34,3.0,3.0,1.96,2.08,0.46,0.53,5894.0,7270.0
13805.0,-1.1999999999999318,156.0,157.0,57.0,60.0,0.0,0.0,-14.45,-11.67,3.0,3.0,1.54,1.45,0.39,0.33,5969.0,7411.0
13810.0,-1.2199999999999136,157.0,158.0,72.0,57.0,0.0,0.0,-14.71,-12.64,3.0,3.0,1.53,1.59,0.42,0.37,5969.0,7407.0
13815.0,-1.1999999999999318,158.0,158.0,72.0,62.0,0.0,0.0,-14.83,-12.74,3.0,3.0,1.44,1.44,0.5,0.38,6005.0,7429.0
13820.0,-1.2000000000000455,159.0,160.0,73.0,71.0,0.0,0.0,-15.54,-13.06,3.0,3.0,1.67,1.74,0.48,0.47,6054.0,7578.0
13825.0,-1.2200000000000273,160.0,161.0,78.0,81.0,0.0,0.0,-15.8,-12.97,3.0,3.0,1.47,1.61,0.45,0.51,6072.0,7576.0
13830.0,-1.2000000000000455,162.0,162.0,77.0,88.0,0.0,0.0,-16.3,-12.81,3.0,3.0,1.74,1.82,0.45,0.63,6167.0,7759.0
13835.0,-1.2200000000000273,163.0,164.0,79.0,89.0,0.0,0.0,-16.36,-12.16,3.0,3.0,1.81,1.95,0.43,0.54,6140.0,7737.0
13840.0,-1.2000000000000455,164.0,165.0,78.0,91.0,0.0,0.0,-16.75,-10.48,3.0,3.0,1.67,1.57,0.41,0.49,6218.0,7890.0
13845.0,-1.2200000000000273,166.0,167.0,78.0,100.0,0.0,0.0,-16.68,-4.25,3.0,3.0,2.07,2.06,0.44,0.64,6235.0,7928.0
13850.0,-1.1999999999999318,166.0,168.0,77.0,100.0,0.0,0.0,-16.15,-1.42,3.0,3.0,2.31,2.27,0.42,0.65,6261.0,7932.0
13855.0,-1.2199999999999136,167.0,169.0,75.0,100.0,0.0,0.0,-15.22,3.0,3.0,3.0,2.0,2.04,0.37,0.59,6333.0,8049.0
13860.0,-1.2200000000000273,168.0,171.0,75.0,100.0,0.0,0.0,-13.08,2.86,3.0,3.0,1.68,1.36,0.49,0.52,6318.0,8053.0
13865.0,-1.2200000000000273,169.0,172.0,80.0,100.0,0.0,0.0,-8.31,2.01,3.0,3.0,1.84,2.06,0.51,0.76,6588.0,8344.0
13870.0,-1.2200000000000273,171.0,174.0,96.0,100.0,0.0,0.0,-3.95,0.1,3.0,3.0,2.49,2.23,0.57,0.6,6389.0,7968.0
13875.0,-1.2200000000000273,172.0,176.0,99.0,100.0,0.0,0.0,-1.88,0.38,3.0,3.0,1.87,0.98,0.53,0.53,6441.0,8156.0
13880.0,-1.2199999999999136,172.0,176.0,36.0,28.0,42.0,61.0,-0.32,1.52,3.0,3.0,1.43,0.75,-0.39,-0.7,6235.0,7806.0
13885.0,-1.2399999999998954,166.0,170.0,0.0,0.0,100.0,100.0,1.18,0.83,2.0,3.0,0.64,0.28,-1.92,-1.97,7079.0,7384.0
13890.0,-1.2200000000000273,159.0,163.0,0.0,0.0,100.0,100.0,2.3,4.19,2.0,3.0,0.09,-0.15,-1.82,-1.97,6716.0,6929.0
13895.0,-1.240000000000009,152.0,157.0,0.0,0.0,100.0,100.0,6.88,7.13,2.0,3.0,-0.41,-0.56,-1.64,-1.32,5943.0,6046.0
13900.0,-1.240000000000009,145.0,150.0,0.0,0.0,12.0,100.0,13.72,8.21,2.0,3.0,-1.46,-1.11,-0.84,-1.7,6050.0,6306.0
13905.0,-1.240000000000009,143.0,144.0,2.0,0.0,0.0,28.0,15.76,10.18,2.0,3.0,-1.45,-0.96,-0.16,-0.87,6354.0,5996.0
13910.0,-1.240000000000009,142.0,142.0,0.0,7.0,0.0,0.0,17.74,12.66,2.0,3.0,-1.32,-1.14,-0.18,-0.01,6258.0,6380.0
13915.0,-1.240000000000009,142.0,142.0,0.0,9.0,0.0,0.0,19.26,15.01,2.0,3.0,-0.36,-1.05,-0.04,0.0,5965.0,6398.0
13920.0,-1.240000000000009,140.0,141.0,0.0,14.0,0.0,0.0,19.36,15.84,2.0,3.0,-1.77,-1.42,-0.19,0.07,6142.0,6390.0
13925.0,-1.240000000000009,139.0,141.0,0.0,10.0,0.0,0.0,20.08,17.41,2.0,3.0,-1.31,-1.38,-0.17,-0.02,6015.0,6332.0
13930.0,-1.259999999999991,138.0,140.0,60.0,8.0,0.0,0.0,20.07,18.24,2.0,3.0,-1.24,-1.45,0.21,0.0,6318.0,6323.0
13935.0,-1.240000000000009,139.0,140.0,80.0,8.0,0.0,0.0,19.24,18.7,2.0,3.0,-2.13,-2.33,0.33,-0.03,6404.0,6282.0
13940.0,-1.259999999999991,140.0,139.0,83.0,35.0,0.0,0.0,19.56,18.7,2.0,3.0,-1.95,-2.04,0.41,0.11,6438.0,6375.0
13945.0,-1.2399999999998954,141.0,140.0,82.0,85.0,0.0,0.0,19.74,18.06,2.0,3.0,-2.19,-2.29,0.43,0.59,6520.0,6592.0
13950.0,-1.240000000000009,143.0,142.0,80.0,84.0,0.0,0.0,19.76,15.52,2.0,3.0,-2.22,-2.34,0.41,0.58,6599.0,6681.0
13955.0,-1.2600000000001046,144.0,143.0,78.0,87.0,0.0,0.0,19.03,13.08,2.0,3.0,-2.33,-2.32,0.41,0.51,6698.0,6792.0
13960.0,-1.2399999999998954,146.0,145.0,77.0,95.0,0.0,0.0,17.3,7.86,2.0,3.0,-1.83,-1.77,0.49,0.55,6736.0,6870.0
13965.0,-1.2399999999998954,146.0,147.0,72.0,94.0,0.0,0.0,15.88,7.16,2.0,3.0,-2.16,-2.34,0.58,0.62,6941.0,6967.0
13970.0,-1.240000000000009,148.0,149.0,74.0,99.0,0.0,0.0,11.6,2.39,2.0,3.0,-2.01,-1.82,0.46,0.56,6869.0,7041.0
13975.0,-1.240000000000009,149.0,150.0,82.0,100.0,0.0,0.0,7.51,3.84,2.0,3.0,-2.32,-2.3,0.47,0.73,6983.0,7103.0
13980.0,-1.240000000000009,150.0,152.0,88.0,100.0,0.0,0.0,5.73,2.1,2.0,3.0,-1.92,-1.79,0.44,0.59,7004.0,7219.0
13985.0,-1.240000000000009,152.0,154.0,93.0,100.0,0.0,0.0,5.34,2.75,2.0,3.0,-2.04,-2.1,0.49,0.63,7039.0,7203.0
13990.0,-1.240000000000009,154.0,156.0,100.0,100.0,0.0,0.0,6.36,6.36,2.0,3.0,-1.87,-1.72,0.58,0.51,7058.0,7218.0
13995.0,-1.259999999999991,156.0,158.0,0.0,100.0,0.0,0.0,6.07,5.31,0.0,3.0,-1.54,-1.29,0.18,0.52,7097.0,7345.0
14000.0,-1.259999999999991,157.0,160.0,100.0,100.0,0.0,0.0,5.83,4.53,3.0,3.0,-1.48,-1.59,0.71,0.62,5966.0,7455.0
14005.0,-1.240000000000009,159.0,162.0,97.0,100.0,0.0,0.0,6.06,3.04,3.0,3.0,-1.05,-1.25,0.34,0.44,6071.0,7708.0
14010.0,-1.259999999999991,161.0,164.0,100.0,100.0,0.0,0.0,4.17,0.5,3.0,3.0,-1.52,-1.62,0.65,0.51,6007.0,7612.0
14015.0,-1.240000000000009,163.0,165.0,100.0,100.0,0.0,0.0,3.88,0.55,3.0,3.0,-1.4,-1.51,0.53,0.52,6130.0,7718.0
14020.0,-1.259999999999991,165.0,167.0,100.0,100.0,0.0,0.0,2.23,-0.2,3.0,3.0,-1.41,-1.26,0.56,0.52,6156.0,7752.0
14025.0,-1.259999999999991,167.0,169.0,100.0,100.0,0.0,0.0,1.33,-0.49,3.0,3.0,-1.26,-0.88,0.53,0.57,6242.0,7789.0
14030.0,-1.259999999999991,169.0,171.0,100.0,100.0,0.0,0.0,0.0,-0.43,3.0,3.0,-0.55,-0.4,0.48,0.42,6353.0,7908.0
14035.0,-1.259999999999991,171.0,173.0,100.0,100.0,0.0,0.0,0.26,-0.37,3.0,3.0,-0.27,-0.22,0.52,0.55,6297.0,7918.0
14040.0,-1.259999999999991,172.0,175.0,100.0,100.0,0.0,0.0,-0.29,-0.74,3.0,3.0,-0.13,-0.02,0.52,0.41,6444.0,8065.0
14045.0,-1.2799999999999727,174.0,176.0,100.0,100.0,0.0,0.0,0.07,-0.46,3.0,3.0,-0.02,0.08,0.38,0.48,6484.0,8124.0
14050.0,-1.2799999999999727,176.0,178.0,100.0,100.0,0.0,0.0,-0.11,-0.11,3.0,3.0,0.0,0.15,0.42,0.45,6497.0,8179.0
14055.0,-1.2800000000000864,177.0,179.0,100.0,100.0,0.0,0.0,0.1,0.38,3.0,3.0,0.03,0.06,0.41,0.43,6608.0,8241.0
14060.0,-1.2799999999999727,179.0,181.0,100.0,100.0,0.0,0.0,0.25,0.76,3.0,3.0,0.04,0.05,0.4,0.45,6595.0,8296.0
14065.0,-1.2799999999999727,180.0,182.0,100.0,100.0,0.0,0.0,0.64,0.98,3.0,3.0,-0.03,-0.03,0.39,0.41,6730.0,8388.0
14070.0,-1.2799999999999727,182.0,184.0,100.0,100.0,0.0,0.0,0.97,1.12,3.0,3.0,-0.06,-0.2,0.38,0.39,6712.0,8441.0
14075.0,-1.2799999999999727,183.0,185.0,100.0,100.0,0.0,0.0,1.23,1.18,3.0,3.0,-0.16,-0.25,0.46,0.37,6778.0,8459.0
14080.0,-1.2800000000000864,185.0,186.0,100.0,100.0,0.0,0.0,1.26,1.4,3.0,3.0,-0.22,-0.35,0.45,0.28,6804.0,8458.0
14085.0,-1.2799999999999727,186.0,187.0,100.0,100.0,0.0,0.0,1.43,1.32,3.0,3.0,-0.23,-0.39,0.24,0.24,6910.0,8503.0
14090.0,-1.259999999999991,187.0,188.0,100.0,100.0,0.0,0.0,1.9,1.87,3.0,3.0,-0.33,-0.37,0.37,0.2,6888.0,8547.0
14095.0,-1.2799999999999727,188.0,188.0,100.0,96.0,0.0,0.0,3.12,2.48,3.0,3.0,-0.51,-0.54,0.24,-0.03,7226.0,8741.0
14100.0,-1.2800000000000864,189.0,186.0,52.0,18.0,34.0,83.0,3.22,3.06,3.0,3.0,-0.82,-0.77,-0.28,-1.57,6891.0,8161.0
14105.0,-1.2799999999999727,184.0,179.0,0.0,0.0,100.0,100.0,3.38,3.23,3.0,3.0,-0.73,-0.84,-1.93,-1.99,6226.0,7532.0
14110.0,-1.2799999999999727,178.0,173.0,69.0,0.0,100.0,100.0,4.01,3.12,0.0,3.0,-0.94,-0.77,-1.76,-1.7,7157.0,7344.0
14115.0,-1.259999999999991,172.0,164.0,0.0,0.0,100.0,100.0,4.51,1.58,2.0,3.0,-0.84,-1.13,-2.13,-2.11,6883.0,6990.0
14120.0,-1.259999999999991,163.0,158.0,0.0,0.0,100.0,100.0,5.35,3.81,2.0,0.0,-1.18,-1.28,-1.94,-1.91,6781.0,8210.0
14125.0,-1.259999999999991,154.0,150.0,0.0,0.0,100.0,100.0,13.42,10.47,2.0,2.0,-1.08,-0.98,-1.59,-1.46,6487.0,7719.0
14130.0,-1.240000000000009,148.0,142.0,0.0,0.0,100.0,66.0,18.88,14.53,2.0,2.0,-1.08,-1.39,-1.72,-1.48,5665.0,7139.0
14135.0,-1.259999999999991,141.0,139.0,0.0,14.0,0.0,0.0,18.83,14.05,2.0,2.0,-2.05,-2.27,-0.53,-0.24,5769.0,7692.0
14140.0,-1.240000000000009,139.0,137.0,0.0,22.0,0.0,0.0,18.95,14.26,2.0,2.0,-2.63,-2.4,-0.39,-0.08,6107.0,7706.0
14145.0,-1.259999999999991,136.0,136.0,0.0,0.0,0.0,0.0,19.07,14.09,2.0,0.0,-2.28,-2.19,-0.36,-0.2,5971.0,7398.0
14150.0,-1.240000000000009,134.0,135.0,7.0,11.0,0.0,0.0,19.23,14.51,2.0,3.0,-2.14,-1.96,-0.23,-0.17,5952.0,6118.0
14155.0,-1.240000000000009,133.0,134.0,62.0,30.0,0.0,0.0,19.24,14.02,2.0,3.0,-2.12,-2.31,0.02,0.04,6071.0,6187.0
14160.0,-1.259999999999991,132.0,133.0,76.0,32.0,0.0,0.0,16.44,14.5,2.0,3.0,-2.44,-2.45,0.17,0.1,6073.0,6121.0
14165.0,-1.259999999999991,132.0,133.0,68.0,30.0,0.0,0.0,16.68,14.9,2.0,3.0,-1.7,-1.74,0.13,0.04,6172.0,6145.0
14170.0,-1.259999999999991,133.0,133.0,68.0,64.0,0.0,0.0,15.04,14.65,2.0,3.0,-2.05,-2.16,0.27,0.31,6170.0,6233.0
14175.0,-1.240000000000009,133.0,133.0,62.0,59.0,0.0,0.0,15.44,13.31,2.0,3.0,-2.02,-2.1,0.29,0.26,6198.0,6256.0
14180.0,-1.259999999999991,134.0,133.0,56.0,58.0,0.0,0.0,14.34,10.74,2.0,3.0,-2.19,-2.2,0.27,0.28,6246.0,6278.0
14185.0,-1.259999999999991,134.0,134.0,57.0,57.0,0.0,0.0,11.09,9.17,2.0,3.0,-1.39,-1.44,0.24,0.11,6315.0,6391.0
14190.0,-1.259999999999991,135.0,134.0,60.0,66.0,0.0,0.0,5.49,2.16,2.0,3.0,-1.88,-2.04,0.5,0.37,6364.0,6343.0
14195.0,-1.240000000000009,136.0,135.0,65.0,67.0,0.0,0.0,4.56,1.2,2.0,3.0,-1.59,-1.59,0.37,0.34,6432.0,6518.0
14200.0,-1.259999999999991,136.0,136.0,67.0,66.0,0.0,0.0,4.6,-0.86,2.0,3.0,-1.77,-1.72,0.46,0.38,6440.0,6449.0
14205.0,-1.240000000000009,137.0,137.0,74.0,77.0,0.0,0.0,5.2,-0.07,2.0,3.0,-1.56,-1.74,0.33,0.39,6608.0,6596.0
14210.0,-1.259999999999991,139.0,139.0,84.0,97.0,0.0,0.0,3.66,-2.51,2.0,3.0,-1.51,-1.5,0.43,0.41,6624.0,6599.0
14215.0,-1.240000000000009,140.0,140.0,82.0,98.0,0.0,0.0,4.01,-2.53,2.0,3.0,-1.5,-1.56,0.44,0.52,6728.0,6769.0
14220.0,-1.259999999999991,141.0,142.0,86.0,100.0,0.0,0.0,1.06,-1.23,2.0,3.0,-1.68,-1.42,0.57,0.49,6671.0,6650.0
14225.0,-1.259999999999991,142.0,143.0,95.0,97.0,0.0,0.0,0.88,2.76,2.0,3.0,-1.04,-1.06,0.07,0.28,7217.0,7343.0
14230.0,-1.259999999999991,144.0,145.0,84.0,100.0,0.0,0.0,1.43,2.89,2.0,3.0,-1.21,-1.34,0.18,0.35,6886.0,6965.0
14235.0,-1.259999999999991,145.0,147.0,87.0,100.0,0.0,0.0,1.59,1.21,2.0,3.0,-1.42,-1.24,0.45,0.45,6866.0,7110.0
14240.0,-1.259999999999991,145.0,148.0,81.0,99.0,0.0,0.0,2.35,-3.57,3.0,3.0,-1.12,-1.2,0.43,0.46,5867.0,7163.0
14245.0,-1.259999999999991,147.0,150.0,88.0,96.0,0.0,0.0,1.07,-3.44,3.0,3.0,-1.3,-1.38,0.4,0.57,5737.0,7447.0
14250.0,-1.259999999999991,148.0,152.0,95.0,100.0,0.0,0.0,1.88,-3.87,3.0,3.0,-1.71,-1.59,0.5,0.47,5646.0,7218.0
14255.0,-1.259999999999991,150.0,153.0,94.0,97.0,0.0,0.0,1.95,-6.27,3.0,3.0,-0.99,-1.44,0.29,0.55,5735.0,7490.0
14260.0,-1.259999999999991,152.0,155.0,100.0,96.0,0.0,0.0,2.82,-9.69,3.0,3.0,-1.36,-1.45,0.53,0.53,5750.0,7319.0
14265.0,-1.259999999999991,154.0,156.0,99.0,100.0,0.0,0.0,1.68,-8.44,3.0,3.0,-0.75,-0.93,0.37,0.51,5876.0,7388.0
14270.0,-1.2800000000000864,155.0,158.0,90.0,100.0,0.0,0.0,0.2,-2.92,3.0,3.0,-0.84,-0.51,0.27,0.51,6271.0,7425.0
14275.0,-1.2800000000000864,156.0,160.0,83.0,100.0,0.0,0.0,-1.16,1.77,3.0,3.0,-0.92,-0.34,0.4,0.48,6661.0,7390.0
14280.0,-1.2800000000000864,159.0,162.0,100.0,100.0,0.0,0.0,-1.51,1.05,3.0,3.0,-0.87,-0.27,0.46,0.45,5954.0,7516.0
14285.0,-1.2799999999999727,160.0,164.0,100.0,100.0,0.0,0.0,-0.77,0.72,3.0,3.0,-0.49,-0.26,0.46,0.47,6010.0,7618.0
14290.0,-1.2799999999999727,162.0,166.0,100.0,100.0,0.0,0.0,-0.75,0.2,3.0,3.0,-0.2,-0.28,0.49,0.48,6066.0,7698.0
14295.0,-1.2799999999999727,164.0,167.0,100.0,100.0,0.0,0.0,-0.34,0.09,3.0,3.0,-0.04,-0.25,0.49,0.48,6128.0,7737.0
14300.0,-1.2999999999999545,166.0,169.0,100.0,100.0,0.0,0.0,0.63,0.2,3.0,3.0,-0.02,-0.18,0.49,0.47,6202.0,7826.0
14305.0,-1.2799999999999727,168.0,171.0,100.0,100.0,0.0,0.0,-0.15,0.07,3.0,3.0,0.0,-0.16,0.46,0.48,6244.0,7924.0
14310.0,-1.2799999999999727,170.0,173.0,100.0,100.0,0.0,0.0,-0.2,0.26,3.0,3.0,0.04,-0.12,0.48,0.46,6274.0,7941.0
14315.0,-1.3000000000000682,171.0,174.0,100.0,100.0,0.0,0.0,-0.46,0.26,3.0,3.0,0.06,-0.11,0.44,0.42,6369.0,8068.0
14320.0,-1.3000000000000682,173.0,176.0,100.0,100.0,0.0,0.0,-0.3,0.05,3.0,3.0,0.09,-0.1,0.48,0.46,6423.0,8099.0
14325.0,-1.2999999999999545,175.0,178.0,100.0,100.0,0.0,0.0,-0.36,-0.01,3.0,3.0,0.1,-0.04,0.41,0.41,6500.0,8207.0
14330.0,-1.2999999999999545,176.0,179.0,100.0,100.0,0.0,0.0,-0.35,-0.26,3.0,3.0,0.14,0.0,0.45,0.46,6545.0,8243.0
14335.0,-1.2999999999999545,178.0,181.0,100.0,100.0,0.0,0.0,-0.3,-0.25,3.0,3.0,0.12,0.02,0.41,0.41,6586.0,8318.0
14340.0,-1.3000000000000682,179.0,182.0,100.0,100.0,0.0,0.0,-0.34,-0.34,3.0,3.0,0.11,0.06,0.44,0.41,6668.0,8408.0
14345.0,-1.3000000000000682,181.0,183.0,100.0,100.0,0.0,0.0,-0.51,-0.63,3.0,3.0,0.12,0.16,0.39,0.38,6769.0,8468.0
14350.0,-1.2999999999999545,182.0,185.0,100.0,100.0,0.0,0.0,-0.53,-0.98,3.0,3.0,0.19,0.23,0.42,0.4,6734.0,8480.0
14355.0,-1.2999999999999545,184.0,186.0,100.0,100.0,0.0,0.0,-0.46,-0.91,3.0,3.0,0.17,0.33,0.42,0.24,6815.0,8477.0
14360.0,-1.2999999999999545,185.0,187.0,100.0,100.0,0.0,0.0,-0.53,-0.79,3.0,3.0,0.19,0.42,0.4,0.21,6848.0,8479.0
14365.0,-1.3000000000000682,187.0,186.0,96.0,37.0,3.0,58.0,-0.67,-0.72,3.0,3.0,0.22,0.33,0.35,-0.82,6864.0,8307.0
14370.0,-1.3000000000000682,185.0,181.0,16.0,0.0,91.0,100.0,-1.16,-1.04,3.0,3.0,0.24,0.34,-1.57,-2.02,6559.0,7798.0
14375.0,-1.2999999999999545,177.0,173.0,0.0,0.0,100.0,100.0,-2.46,-2.22,3.0,3.0,0.46,0.64,-2.23,-2.07,6270.0,7600.0
14380.0,-1.2999999999999545,169.0,166.0,0.0,0.0,100.0,100.0,-4.82,-3.4,2.0,3.0,0.76,0.76,-2.08,-2.0,7248.0,7291.0
14385.0,-1.2999999999999545,160.0,158.0,0.0,0.0,100.0,100.0,-7.53,-6.19,2.0,2.0,0.98,0.83,-2.06,-1.84,6828.0,8391.0
14390.0,-1.2999999999999545,152.0,150.0,0.0,0.0,100.0,100.0,-8.51,-7.79,2.0,2.0,0.82,0.89,-1.64,-1.58,6016.0,7506.0
14395.0,-1.2999999999999545,144.0,143.0,0.0,0.0,82.0,100.0,-10.23,-8.93,2.0,2.0,1.33,1.31,-1.69,-1.72,5675.0,7201.0
14400.0,-1.2999999999999545,140.0,137.0,9.0,0.0,16.0,62.0,-10.88,-10.56,2.0,2.0,1.47,1.18,-0.51,-1.24,6071.0,6742.0
14405.0,-1.2999999999999545,138.0,132.0,12.0,5.0,0.0,0.0,-12.8,-10.15,2.0,2.0,1.65,1.66,-0.14,-0.29,6175.0,7260.0
14410.0,-1.2799999999999727,137.0,130.0,25.0,7.0,0.0,0.0,-13.44,-10.09,2.0,2.0,1.9,1.82,-0.03,-0.17,6188.0,7206.0
14415.0,-1.2799999999999727,136.0,129.0,14.0,23.0,1.0,0.0,-14.58,-7.57,2.0,2.0,1.8,1.84,-0.14,-0.08,6069.0,7233.0
14420.0,-1.259999999999991,134.0,127.0,10.0,17.0,7.0,0.0,-15.4,-6.68,2.0,2.0,1.88,1.95,-0.26,-0.05,5983.0,7138.0
14425.0,-1.259999999999991,132.0,126.0,5.0,3.0,15.0,3.0,-16.24,-12.15,2.0,2.0,1.62,1.66,-0.45,-0.21,5795.0,6952.0
14430.0,-1.259999999999991,129.0,124.0,4.0,60.0,15.0,5.0,-16.69,-12.37,2.0,2.0,1.77,1.77,-0.49,0.18,5645.0,7235.0
14435.0,-1.2399999999998954,127.0,124.0,58.0,60.0,7.0,4.0,-17.18,-12.64,2.0,2.0,1.67,1.68,-0.09,0.29,5812.0,7382.0
14440.0,-1.240000000000009,126.0,125.0,58.0,57.0,4.0,4.0,-17.44,-13.08,2.0,2.0,1.87,1.72,0.01,0.23,5808.0,7311.0
14445.0,-1.259999999999991,126.0,125.0,53.0,58.0,4.0,3.0,-17.28,-12.13,2.0,2.0,1.75,1.6,0.05,0.24,5865.0,7432.0
14450.0,-1.259999999999991,126.0,126.0,48.0,63.0,0.0,0.0,-15.66,-4.25,2.0,2.0,1.53,1.57,0.06,0.27,5882.0,7593.0
14455.0,-1.259999999999991,126.0,127.0,49.0,69.0,0.0,0.0,-12.46,-2.86,2.0,2.0,1.96,1.99,0.31,0.5,5854.0,7511.0
14460.0,-1.259999999999991,126.0,128.0,51.0,65.0,0.0,0.0,-9.66,-2.62,2.0,2.0,1.49,1.52,0.35,0.35,5970.0,7700.0
14465.0,-1.259999999999991,127.0,129.0,53.0,64.0,0.0,0.0,-6.59,3.3,2.0,2.0,1.78,1.8,0.38,0.48,6110.0,7832.0
14470.0,-1.259999999999991,128.0,130.0,62.0,66.0,0.0,0.0,-2.67,9.09,2.0,2.0,1.65,1.54,0.38,0.43,6108.0,7742.0
14475.0,-1.259999999999991,129.0,131.0,75.0,78.0,0.0,0.0,-1.76,12.93,2.0,2.0,1.67,1.75,0.43,0.61,6288.0,8005.0
14480.0,-1.259999999999991,131.0,133.0,82.0,87.0,0.0,0.0,-1.22,10.59,2.0,2.0,1.64,1.65,0.39,0.52,6250.0,7916.0
14485.0,-1.259999999999991,133.0,135.0,87.0,97.0,0.0,0.0,1.46,8.58,2.0,2.0,1.51,1.41,0.44,0.65,6244.0,7908.0
14490.0,-1.2799999999999727,135.0,138.0,93.0,100.0,0.0,0.0,1.59,5.73,2.0,2.0,1.13,0.42,0.48,0.54,6341.0,7952.0
14495.0,-1.259999999999991,136.0,140.0,92.0,100.0,0.0,0.0,-0.24,-2.17,2.0,2.0,0.79,0.13,0.43,0.56,6533.0,8100.0
14500.0,-1.2799999999999727,139.0,142.0,97.0,100.0,0.0,0.0,0.41,-2.22,2.0,2.0,0.83,0.29,0.5,0.5,6517.0,8272.0
14505.0,-1.2799999999999727,141.0,144.0,100.0,0.0,0.0,0.0,2.94,-0.15,2.0,0.0,0.45,0.43,0.63,-0.21,6454.0,8177.0
14510.0,-1.2799999999999727,144.0,145.0,100.0,100.0,0.0,0.0,4.38,2.46,2.0,3.0,-0.28,-0.02,0.77,0.48,6626.0,7605.0
14515.0,-1.2799999999999727,145.0,147.0,100.0,100.0,0.0,0.0,3.27,1.05,2.0,3.0,-0.54,-0.19,0.03,0.86,7051.0,7273.0
14520.0,-1.2799999999999727,147.0,149.0,96.0,100.0,0.0,0.0,2.12,2.08,2.0,3.0,-0.67,-0.36,0.19,0.22,7065.0,6999.0
14525.0,-1.2799999999999727,149.0,151.0,100.0,100.0,0.0,0.0,0.26,0.99,2.0,3.0,-0.81,-0.52,0.17,0.36,7214.0,7052.0
14530.0,-1.2799999999999727,149.0,152.0,81.0,100.0,0.0,0.0,0.79,0.54,3.0,3.0,-0.33,-0.47,0.17,0.35,6219.0,7511.0
14535.0,-1.2799999999999727,151.0,154.0,99.0,100.0,0.0,0.0,1.18,0.38,3.0,3.0,-0.71,-0.5,0.82,0.19,5676.0,7267.0
14540.0,-1.3000000000000682,151.0,155.0,93.0,100.0,0.0,0.0,2.29,-0.45,3.0,3.0,-0.24,-0.23,-0.06,0.01,6861.0,8236.0
14545.0,-1.3000000000000682,153.0,156.0,77.0,98.0,0.0,0.0,3.05,-0.59,3.0,3.0,-1.69,-1.81,1.17,1.18,6249.0,7743.0
14550.0,-1.3000000000000682,155.0,158.0,88.0,100.0,0.0,0.0,0.49,-3.99,3.0,3.0,-1.0,-0.83,0.39,0.31,5976.0,7476.0
14555.0,-1.3000000000000682,157.0,160.0,92.0,100.0,0.0,0.0,-1.63,-1.77,3.0,3.0,-1.28,-0.92,0.52,0.67,6000.0,7716.0
14560.0,-1.3000000000000682,158.0,162.0,93.0,100.0,0.0,0.0,-2.3,0.75,3.0,3.0,-0.89,-0.94,0.44,0.43,6130.0,7600.0
14565.0,-1.3000000000000682,160.0,164.0,97.0,100.0,0.0,0.0,1.35,0.63,3.0,3.0,-1.2,-0.86,0.51,0.47,6129.0,7673.0
14570.0,-1.3199999999999363,161.0,165.0,96.0,100.0,0.0,0.0,0.19,-0.47,3.0,3.0,-0.96,-0.72,0.46,0.47,6216.0,7743.0
14575.0,-1.2999999999999545,163.0,167.0,94.0,100.0,0.0,0.0,-1.7,-0.19,3.0,3.0,-0.56,-0.35,0.36,0.29,6302.0,8145.0
14580.0,-1.3199999999999363,164.0,168.0,92.0,100.0,0.0,0.0,-1.07,-0.77,3.0,3.0,-0.8,-0.63,0.56,0.64,6466.0,8165.0
14585.0,-1.32000000000005,166.0,170.0,100.0,100.0,0.0,0.0,-1.72,0.36,3.0,3.0,-1.1,-0.98,0.52,0.5,6280.0,7894.0
14590.0,-1.32000000000005,168.0,172.0,100.0,100.0,0.0,0.0,-2.16,0.33,3.0,3.0,-0.76,-0.75,0.52,0.51,6278.0,7987.0
14595.0,-1.32000000000005,170.0,174.0,100.0,100.0,0.0,0.0,-2.9,-1.31,3.0,3.0,-0.16,-0.48,0.5,0.48,6302.0,8022.0
14600.0,-1.32000000000005,172.0,176.0,100.0,100.0,0.0,0.0,-2.9,-1.28,3.0,3.0,0.25,-0.19,0.47,0.46,6385.0,8114.0
14605.0,-1.3199999999999363,173.0,177.0,100.0,100.0,0.0,0.0,-2.25,-1.72,3.0,3.0,0.45,0.06,0.45,0.47,6467.0,8239.0
14610.0,-1.3399999999999181,175.0,179.0,100.0,100.0,0.0,0.0,-1.94,-1.7,3.0,3.0,0.48,0.18,0.48,0.42,6514.0,8265.0
14615.0,-1.3400000000000318,177.0,180.0,100.0,0.0,0.0,0.0,-2.42,-2.02,3.0,0.0,0.47,0.4,0.5,0.15,6837.0,8442.0
14620.0,-1.3400000000000318,179.0,181.0,100.0,100.0,0.0,0.0,-2.34,-2.15,3.0,4.0,0.76,0.57,0.44,0.88,6637.0,7109.0
14625.0,-1.3400000000000318,180.0,183.0,100.0,100.0,0.0,0.0,-2.65,-2.43,3.0,4.0,0.7,0.66,0.44,0.41,6713.0,7024.0
14630.0,-1.3400000000000318,182.0,184.0,100.0,100.0,0.0,0.0,-3.65,-2.71,3.0,4.0,0.64,0.62,0.43,0.42,6855.0,7237.0
14635.0,-1.3399999999999181,183.0,186.0,100.0,100.0,0.0,0.0,-3.58,-2.47,3.0,4.0,0.97,1.02,0.48,0.44,6829.0,7156.0
14640.0,-1.3400000000000318,185.0,187.0,100.0,100.0,0.0,0.0,-3.39,-2.33,3.0,4.0,1.0,0.94,0.46,0.41,6867.0,7191.0
14645.0,-1.3500000000000227,186.0,188.0,100.0,100.0,0.0,0.0,-3.3049999999999997,-2.7,3.0,4.0,0.7050000000000001,0.73,0.385,0.41,6913.0,7303.0
14650.0,-1.3400000000000318,188.0,190.0,100.0,100.0,0.0,0.0,-3.33,-2.69,3.0,4.0,0.74,0.85,0.48,0.48,7082.0,7351.0
14655.0,-1.3399999999999181,189.0,191.0,100.0,100.0,0.0,0.0,-3.36,-2.56,3.0,4.0,0.99,0.92,0.48,0.43,7020.0,7356.0
14660.0,-1.3400000000000318,190.0,193.0,0.0,100.0,0.0,0.0,-3.62,-2.75,0.0,4.0,0.85,0.86,-0.03,0.42,6570.0,7451.0
14665.0,-1.3600000000000136,191.0,194.0,100.0,100.0,0.0,0.0,-3.57,-2.92,4.0,4.0,0.97,0.98,0.43,0.44,5837.0,7501.0
14670.0,-1.3400000000000318,192.0,195.0,100.0,100.0,0.0,0.0,-3.49,-2.88,4.0,4.0,1.23,1.33,0.48,0.47,5861.0,7514.0
14675.0,-1.349999999999909,194.0,196.5,100.0,100.0,0.0,0.0,-3.27,-2.785,4.0,4.0,1.23,1.185,0.43,0.42,5852.0,7559.0
14680.0,-1.3600000000000136,195.0,198.0,100.0,100.0,0.0,0.0,-3.2,-2.76,4.0,4.0,1.01,1.12,0.43,0.42,5924.0,7628.0
14685.0,-1.3400000000000318,196.0,199.0,100.0,100.0,0.0,0.0,-3.35,-2.26,4.0,4.0,1.03,1.19,0.41,0.43,5976.0,7670.0
14690.0,-1.3600000000000136,198.0,200.0,100.0,100.0,0.0,0.0,-3.07,-2.23,4.0,4.0,0.88,0.92,0.41,0.41,5991.0,7741.0
14695.0,-1.3399999999999181,199.0,202.0,100.0,100.0,0.0,0.0,-3.44,-2.4,4.0,4.0,0.99,1.3,0.46,0.49,6079.0,7797.0
14700.0,-1.3600000000000136,200.0,203.0,100.0,100.0,0.0,0.0,-3.49,-1.98,4.0,4.0,1.17,1.33,0.43,0.43,6051.0,7778.0
14705.0,-1.3500000000000227,201.0,204.0,100.0,100.0,0.0,0.0,-3.51,-2.165,4.0,4.0,1.05,1.045,0.41,0.41,6103.0,7866.0
14710.0,-1.3600000000000136,203.0,205.0,100.0,100.0,0.0,0.0,-3.58,-2.29,4.0,4.0,1.06,1.0,0.43,0.43,6148.0,7918.0
14715.0,-1.3600000000000136,204.0,207.0,100.0,100.0,0.0,0.0,-3.59,-2.56,4.0,4.0,1.0,0.97,0.42,0.41,6207.0,7959.0
14720.0,-1.3600000000000136,205.0,208.0,100.0,100.0,0.0,0.0,-4.0,-2.53,4.0,4.0,1.01,0.91,0.4,0.41,6281.0,8056.0
14725.0,-1.3600000000000136,207.0,209.0,100.0,100.0,0.0,0.0,-3.84,-2.45,4.0,4.0,1.07,1.06,0.45,0.48,6312.0,8099.0
14730.0,-1.3600000000000136,208.0,210.0,100.0,100.0,0.0,0.0,-3.91,-3.24,4.0,4.0,1.12,1.34,0.4,0.46,6355.0,8136.0
14735.0,-1.3700000000000045,209.0,211.0,100.0,100.0,0.0,0.0,-3.77,-3.37,4.0,4.0,1.45,1.51,0.43,0.42,6338.0,8135.5
14740.0,-1.3600000000000136,210.0,212.0,100.0,100.0,0.0,0.0,-3.73,-3.41,4.0,4.0,1.4,1.3,0.43,0.4,6352.0,8167.0
14745.0,-1.3600000000000136,211.0,213.0,100.0,100.0,0.0,0.0,-4.53,-3.93,4.0,4.0,1.02,1.03,0.38,0.38,6405.0,8281.0
14750.0,-1.3700000000000045,212.0,214.0,100.0,100.0,0.0,0.0,-6.635,-4.67,4.0,4.0,1.46,1.61,0.45,0.45,6451.0,8261.0
14755.0,-1.3700000000000045,213.0,215.5,100.0,100.0,0.0,0.0,-7.68,-4.8149999999999995,4.0,4.0,1.82,1.995,0.39,0.4,6438.0,8247.5
14760.0,-1.3599999999999,214.0,216.0,100.0,100.0,0.0,0.0,-7.59,-4.83,4.0,4.0,1.86,1.61,0.37,0.37,6461.0,8296.0
14765.0,-1.3600000000000136,215.0,217.0,100.0,100.0,0.0,0.0,-7.46,-4.96,4.0,4.0,1.63,1.49,0.35,0.34,6521.0,8382.0
14770.0,-1.3600000000000136,216.0,217.0,100.0,0.0,0.0,0.0,-7.27,-4.56,4.0,0.0,1.92,2.13,0.39,-0.09,6558.0,8207.0
14775.0,-1.3700000000000614,217.0,218.0,100.0,100.0,0.0,0.0,-6.1,-4.05,4.0,5.0,2.4699999999999998,2.49,0.365,0.43,6536.5,6898.0
14780.0,-1.3799999999999955,218.0,219.0,100.0,100.0,0.0,0.0,-4.7,-3.46,4.0,5.0,2.24,1.92,0.35,0.32,6543.0,7064.0
14785.0,-1.3799999999999955,218.0,219.0,100.0,100.0,0.0,0.0,-3.96,-2.78,4.0,5.0,1.73,1.77,0.34,0.32,6598.0,7127.0
14790.0,-1.3699999999999477,219.0,220.0,100.0,100.0,0.0,0.0,-3.49,-2.03,4.0,5.0,1.84,2.0199999999999996,0.36,0.335,6613.0,7092.5
14795.0,-1.3700000000000045,220.0,221.0,100.0,100.0,0.0,0.0,-3.28,-1.125,4.0,5.0,1.43,1.5699999999999998,0.32,0.28500000000000003,6636.0,7151.5
14800.0,-1.3600000000000136,221.0,221.0,100.0,100.0,0.0,0.0,-2.69,-0.93,4.0,5.0,1.33,1.68,0.35,0.34,6699.0,7172.0
14805.0,-1.3600000000000136,222.0,222.0,100.0,100.0,0.0,0.0,-2.01,-0.48,4.0,5.0,1.39,1.83,0.32,0.32,6674.0,7158.0
14810.0,-1.3600000000000136,223.0,223.0,100.0,100.0,0.0,0.0,-1.48,-0.19,4.0,5.0,1.12,1.07,0.32,0.27,6690.0,7199.0
14815.0,-1.3600000000000136,223.0,224.0,100.0,100.0,0.0,0.0,-1.24,0.29,4.0,5.0,0.78,1.07,0.31,0.32,6759.0,7231.0
14820.0,-1.3600000000000136,224.0,224.0,100.0,100.0,0.0,0.0,-0.91,1.25,4.0,5.0,0.81,0.79,0.33,0.3,6742.0,7219.0
14825.0,-1.3600000000000136,225.0,225.0,100.0,100.0,0.0,0.0,-0.25,1.99,4.0,5.0,0.53,0.41,0.3,0.29,6779.0,7249.0
14830.0,-1.3600000000000136,226.0,226.0,100.0,100.0,0.0,0.0,0.97,2.85,4.0,5.0,0.32,-0.11,0.32,0.29,6786.0,7257.0
14835.0,-1.3600000000000136,227.0,227.0,100.0,100.0,0.0,0.0,2.25,2.69,4.0,5.0,-0.12,-0.48,0.3,0.28,6804.0,7277.0
14840.0,-1.3600000000000136,228.0,227.0,100.0,100.0,0.0,0.0,3.11,2.97,4.0,5.0,-0.49,-0.7,0.28,0.25,6838.0,7337.0
14845.0,-1.3599999999999,229.0,228.0,100.0,100.0,0.0,0.0,3.92,2.93,4.0,5.0,-0.76,-0.92,0.29,0.26,6904.0,7387.0
14850.0,-1.3600000000000136,229.0,229.0,100.0,100.0,0.0,0.0,3.73,2.49,4.0,5.0,-1.02,-1.28,0.27,0.28,6925.0,7397.0
14855.0,-1.3700000000000045,230.0,229.5,100.0,100.0,0.0,0.0,3.18,1.835,4.0,5.0,-1.46,-1.665,0.28,0.27,6916.0,7376.0
14860.0,-1.3699999999999477,231.0,230.0,100.0,100.0,0.0,0.0,2.11,0.79,4.0,5.0,-1.46,-1.45,0.25,0.255,6913.0,7379.0
14865.0,-1.3700000000000045,231.0,231.0,100.0,100.0,0.0,0.0,1.11,-0.265,4.0,5.0,-1.07,-0.9199999999999999,0.23,0.22,6943.0,7432.0
14870.0,-1.3799999999999955,232.0,231.0,100.0,100.0,0.0,0.0,0.7,-0.74,4.0,5.0,-0.71,-0.75,0.24,0.28,7001.0,7477.0
14875.0,-1.3799999999999955,233.0,232.0,100.0,100.0,0.0,0.0,0.08,-1.21,4.0,5.0,-0.58,-0.54,0.25,0.23,7009.0,7473.0
14880.0,-1.3700000000000045,233.0,232.0,100.0,100.0,0.0,0.0,-0.9,-1.58,4.0,5.0,-0.36,-0.26,0.255,0.24,7018.5,7486.0
14885.0,-1.3699999999999477,234.0,233.0,100.0,100.0,0.0,0.0,-2.0300000000000002,-1.77,4.0,5.0,0.0,0.04,0.24,0.23,7040.0,7508.0
14890.0,-1.3600000000000136,235.0,234.0,100.0,100.0,0.0,0.0,-2.21,-1.67,4.0,5.0,0.26,0.26,0.24,0.24,7066.0,7539.0
14895.0,-1.3600000000000136,235.0,234.0,100.0,100.0,0.0,0.0,-2.19,-1.57,4.0,5.0,0.41,0.36,0.19,0.21,7104.0,7621.0
14900.0,-1.3700000000000045,236.0,235.0,100.0,100.0,0.0,0.0,-2.22,-1.455,4.0,5.0,0.46,0.42000000000000004,0.22,0.25,7158.0,7643.0
14905.0,-1.3799999999999955,236.0,236.0,100.0,100.0,0.0,0.0,-2.06,-1.29,4.0,5.0,0.82,0.77,0.26,0.26,7135.0,7605.0
14910.0,-1.3699999999999477,237.0,236.0,100.0,100.0,0.0,0.0,-1.56,-0.85,4.0,5.0,0.895,0.77,0.235,0.24,7104.0,7590.0
14915.0,-1.3700000000000045,237.0,237.0,46.5,100.0,39.5,0.0,-1.3900000000000001,-0.77,4.0,5.0,0.6399999999999999,0.55,-0.41,0.2,7024.5,7655.0
14920.0,-1.3600000000000136,235.0,236.0,0.0,29.0,34.0,55.0,-1.61,-0.44,4.0,5.0,0.73,0.72,-0.97,-0.81,6809.0,7385.0
14925.0,-1.3599999999999,233.0,234.0,10.0,0.0,13.0,34.0,-0.87,0.17,4.0,5.0,0.76,0.64,-0.35,-0.86,6891.0,7351.0
14930.0,-1.3700000000000045,232.0,232.0,11.0,69.0,11.0,26.0,-0.2,0.155,4.0,0.0,0.52,0.44,-0.34,-0.635,6866.0,8214.0
14935.0,-1.3700000000000045,231.0,230.0,17.0,5.0,8.0,23.5,0.15,0.015,4.0,4.0,0.19,0.08,-0.18,-0.31,6852.0,8524.5
14940.0,-1.3799999999999955,231.0,230.0,15.0,8.0,4.0,15.0,-0.16,0.0,4.0,4.0,0.02,0.03,-0.13,-0.11,6901.0,8129.0
14945.0,-1.3799999999999955,231.0,230.0,9.0,6.0,17.0,13.0,-0.66,-0.18,4.0,4.0,0.03,0.04,-0.01,0.02,6877.0,7791.0
14950.0,-1.3799999999999955,231.0,229.0,0.0,0.0,39.0,20.0,-0.79,-0.66,4.0,4.0,0.03,0.01,0.06,-0.52,6330.0,7305.0
14955.0,-1.3700000000000045,229.0,228.0,0.0,0.0,54.5,45.0,-0.52,-0.05,4.0,4.0,-0.09,-0.06,-1.145,-0.46,5375.5,6568.0
14960.0,-1.3700000000000045,224.0,222.0,0.0,0.0,64.5,84.0,-0.4,0.78,4.0,4.0,-0.49,-0.98,-1.915,-2.89,6329.0,8196.0
14965.0,-1.3800000000001091,219.0,216.0,0.0,0.0,75.0,100.0,-0.29,1.02,4.0,4.0,-0.22,-0.53,-1.83,-2.43,6356.0,8127.0
14970.0,-1.3700000000000045,214.0,210.5,69.0,0.0,89.0,100.0,1.56,0.81,0.0,4.0,-0.3,-0.44999999999999996,-1.98,-2.0300000000000002,7227.0,7487.0
14975.0,-1.3600000000000136,208.0,202.0,0.0,0.0,87.0,100.0,2.51,-0.37,3.0,4.0,-0.47,-0.39,-2.34,-2.15,7454.0,7494.0
14980.0,-1.3599999999999568,202.0,196.0,0.0,0.0,65.0,98.5,7.81,5.525,3.0,4.0,-1.15,-0.735,-1.665,-1.96,7185.5,7192.0
14985.0,-1.3600000000000136,199.0,191.0,0.0,0.0,0.0,53.0,11.15,8.82,3.0,4.0,-1.81,-1.22,-0.37,-1.31,7180.0,6999.0
14990.0,-1.3600000000000136,198.0,189.0,0.0,0.0,0.0,0.0,10.83,9.64,3.0,4.0,-2.41,-2.26,-0.36,-0.26,7108.0,7103.0
14995.0,-1.3400000000000318,196.0,188.0,0.0,28.0,0.0,0.0,10.49,6.71,3.0,4.0,-2.47,-2.01,-0.36,-0.08,7055.0,7123.0
15000.0,-1.3599999999999,195.0,188.0,0.0,28.0,0.0,0.0,10.86,8.48,3.0,4.0,-1.93,-1.53,-0.34,-0.06,6987.0,7133.0
15005.0,-1.3400000000000318,194.0,187.0,7.0,19.0,0.0,0.0,11.93,9.69,3.0,4.0,-1.62,-1.7,-0.21,-0.14,7004.0,7071.0
15010.0,-1.3400000000000318,192.0,186.0,1.0,22.0,0.0,0.0,13.26,10.77,3.0,4.0,-1.89,-1.94,-0.3,-0.11,6908.0,7046.0
15015.0,-1.3400000000000318,191.0,185.0,2.0,30.0,0.0,0.0,14.23,11.78,3.0,4.0,-1.82,-1.62,-0.29,-0.09,6867.0,7045.0
15020.0,-1.3400000000000318,190.0,185.0,27.0,46.0,0.0,0.0,14.97,12.68,3.0,4.0,-2.07,-2.07,-0.15,0.06,6909.0,7096.0
15025.0,-1.3199999999999363,189.0,185.0,50.0,84.0,0.0,0.0,15.2,12.17,3.0,4.0,-2.21,-2.28,-0.11,0.27,6912.0,7165.0
15030.0,-1.32000000000005,188.0,185.0,64.0,79.0,0.0,0.0,15.23,10.92,3.0,4.0,-2.34,-2.53,-0.04,0.27,6904.0,7182.0
15035.0,-1.330000000000041,188.0,185.0,55.0,71.0,0.0,0.0,15.28,11.309999999999999,3.0,4.0,-2.6,-2.675,-0.05,0.245,6868.0,7143.0
15040.0,-1.3400000000000318,187.0,185.0,45.0,57.0,0.0,0.0,15.38,11.47,3.0,4.0,-2.02,-2.02,-0.07,0.1,6845.0,7154.0
15045.0,-1.3399999999999181,186.0,185.0,40.0,63.0,0.0,0.0,15.53,9.81,3.0,4.0,-2.08,-2.1,-0.04,0.18,6834.0,7203.0
15050.0,-1.32000000000005,186.0,185.0,41.0,76.0,0.0,0.0,15.52,4.13,3.0,4.0,-2.08,-2.09,-0.08,0.29,6822.0,7250.0
15055.0,-1.32000000000005,185.0,185.0,43.0,83.0,0.0,0.0,15.61,-0.84,3.0,4.0,-2.21,-2.37,-0.01,0.34,6801.0,7232.0
15060.0,-1.32000000000005,184.0,185.0,36.0,82.0,0.0,0.0,15.52,-0.32,3.0,4.0,-2.3,-2.37,-0.06,0.32,6748.0,7190.0
15065.0,-1.3199999999999363,184.0,185.0,39.0,79.0,0.0,0.0,15.52,-0.03,3.0,4.0,-2.08,-2.0,-0.03,0.3,6749.0,7232.0
15070.0,-1.3199999999999363,183.0,185.0,58.0,82.0,0.0,0.0,15.57,3.09,3.0,4.0,-1.97,-1.99,0.01,0.27,6774.0,7277.0
15075.0,-1.3400000000000318,183.0,186.0,76.0,84.0,0.0,0.0,15.41,6.31,3.0,4.0,-2.09,-2.1,0.13,0.3,6801.0,7237.0
15080.0,-1.3400000000000318,183.0,186.0,77.0,86.0,0.0,0.0,15.37,7.35,3.0,4.0,-1.87,-1.85,0.12,0.25,6848.0,7307.0
15085.0,-1.3400000000000318,183.0,186.0,77.0,86.0,0.0,0.0,14.93,7.01,3.0,4.0,-2.01,-2.08,0.21,0.31,6846.0,7272.0
15090.0,-1.3399999999999181,183.0,187.0,76.0,80.0,0.0,0.0,13.99,8.44,3.0,4.0,-1.87,-1.87,0.18,0.25,6883.0,7305.0
15095.0,-1.3400000000000318,183.0,187.0,75.0,78.0,0.0,0.0,12.67,6.13,3.0,4.0,-1.71,-1.83,0.18,0.25,6894.0,7369.0
15100.0,-1.3400000000000318,184.0,187.0,77.0,81.0,0.0,0.0,11.59,2.4,3.0,4.0,-2.26,-2.28,0.26,0.3,6896.0,7306.0
15105.0,-1.3500000000000227,184.0,187.0,82.5,87.0,0.0,0.0,9.825,3.43,3.0,4.0,-2.295,-2.29,0.21000000000000002,0.28,6877.5,7295.0
15110.0,-1.3399999999999181,184.0,188.0,82.0,90.0,0.0,0.0,9.86,1.55,3.0,4.0,-1.92,-1.7,0.2,0.29,6904.0,7351.0
15115.0,-1.3399999999999181,184.0,188.0,82.0,100.0,0.0,0.0,9.69,3.17,3.0,4.0,-1.65,-1.63,0.23,0.32,6979.0,7503.0
15120.0,-1.3400000000000318,185.0,189.0,83.0,100.0,0.0,0.0,9.76,6.48,3.0,4.0,-1.76,-1.97,0.21,0.32,6966.0,7445.0
15125.0,-1.3400000000000318,185.0,189.0,84.0,100.0,0.0,0.0,9.64,6.74,3.0,4.0,-1.89,-2.1,0.23,0.31,6967.0,7445.0
15130.0,-1.3600000000000136,185.0,189.0,87.0,100.0,0.0,0.0,9.26,4.82,3.0,4.0,-2.27,-2.31,0.27,0.33,6929.0,7390.0
15135.0,-1.3599999999999,186.0,189.0,89.0,100.0,0.0,0.0,9.14,1.99,3.0,4.0,-1.82,-1.89,0.22,0.28,6959.0,7453.0
15140.0,-1.3600000000000136,186.0,190.0,91.0,100.0,0.0,0.0,8.02,-1.06,3.0,4.0,-1.79,-1.83,0.26,0.35,6987.0,7478.0
15145.0,-1.3500000000000227,187.0,190.0,97.0,100.0,0.0,0.0,6.13,-3.86,3.0,4.0,-1.495,-1.76,0.28500000000000003,0.32,7046.0,7550.0
15150.0,-1.3600000000000136,187.0,191.0,99.0,100.0,0.0,0.0,5.43,-3.16,3.0,4.0,-1.81,-2.12,0.33,0.42,7080.0,7489.0
15155.0,-1.3599999999999,188.0,191.0,100.0,100.0,0.0,0.0,3.68,-2.78,3.0,4.0,-1.64,-1.73,0.33,0.31,7062.0,7443.0
15160.0,-1.3600000000000136,189.0,192.0,100.0,100.0,0.0,0.0,2.77,-1.07,3.0,4.0,-1.45,-1.66,0.3,0.37,7118.0,7557.0
15165.0,-1.3700000000000045,189.0,193.0,100.0,100.0,0.0,0.0,0.96,-6.205,4.0,4.0,-1.39,-1.3900000000000001,0.36,0.33999999999999997,6058.0,7462.5
15170.0,-1.3600000000000136,190.0,194.0,100.0,100.0,0.0,0.0,-0.49,-5.04,4.0,4.0,-1.19,-0.81,0.31,0.3,5768.0,7436.0
15175.0,-1.3600000000000136,191.0,195.0,100.0,100.0,0.0,0.0,-2.47,-4.95,4.0,4.0,-0.45,0.14,0.28,0.3,5770.0,7474.0
15180.0,-1.3799999999999955,192.0,196.0,100.0,100.0,0.0,0.0,-1.88,-5.21,4.0,4.0,0.03,0.68,0.31,0.27,5798.0,7528.0
15185.0,-1.3799999999999955,193.0,196.0,100.0,100.0,0.0,0.0,-1.74,-4.1,4.0,4.0,0.31,1.0,0.31,0.27,5871.0,7637.0
15190.0,-1.3600000000000136,194.0,197.0,100.0,100.0,0.0,0.0,-3.02,-1.68,4.0,4.0,0.55,1.04,0.29,0.31,5849.0,7626.0
15195.0,-1.3799999999999955,194.0,198.0,100.0,100.0,0.0,0.0,-3.76,0.43,4.0,4.0,0.4,0.36,0.11,0.07,6132.0,7930.0
15200.0,-1.3700000000000045,195.5,199.0,100.0,100.0,0.0,0.0,-3.34,0.88,4.0,4.0,0.745,0.92,0.49,0.43,5989.0,7922.0
15205.0,-1.3799999999999955,196.0,200.0,100.0,100.0,0.0,0.0,-2.91,-0.44,4.0,4.0,0.58,0.73,0.24,0.27,6112.0,7841.0
15210.0,-1.3799999999999955,197.0,200.0,96.0,100.0,0.0,0.0,-3.18,-0.33,4.0,4.0,0.27,0.26,0.08,0.08,6511.0,8494.0
15215.0,-1.3799999999999955,198.0,201.0,100.0,100.0,0.0,0.0,-3.26,1.13,4.0,4.0,0.92,0.81,0.46,0.48,6264.0,8230.0
15220.0,-1.3799999999999955,199.0,202.0,96.0,100.0,0.0,0.0,-4.05,-0.49,4.0,4.0,0.51,0.44,0.27,0.24,6423.0,8131.0
15225.0,-1.3799999999999955,199.0,202.0,83.0,100.0,0.0,0.0,-5.83,-3.88,4.0,4.0,0.9,1.14,0.21,0.42,6646.0,8487.0
15230.0,-1.3799999999999955,201.0,204.0,97.0,100.0,0.0,0.0,-5.09,-3.44,4.0,4.0,1.48,1.27,0.39,0.3,6190.0,7962.0
15235.0,-1.3799999999999955,201.0,204.0,87.0,100.0,0.0,0.0,-6.44,-3.91,4.0,4.0,1.32,1.37,0.37,0.31,6409.0,8107.0
15240.0,-1.3899999999999864,202.0,205.0,87.0,100.0,0.0,0.0,-7.57,-3.685,4.0,4.0,2.15,2.005,0.35,0.38,6224.0,8002.5
15245.0,-1.3799999999999955,202.0,206.0,90.0,100.0,0.0,0.0,-6.89,-4.18,4.0,4.0,2.33,2.31,0.28,0.38,6182.0,7969.0
15250.0,-1.400000000000091,203.0,206.0,95.0,100.0,0.0,0.0,-6.25,-4.71,4.0,4.0,2.29,2.05,0.32,0.39,6154.0,7965.0
15255.0,-1.3799999999999955,203.0,207.0,95.0,100.0,0.0,0.0,-5.84,-2.96,4.0,4.0,1.58,1.8,0.24,0.39,6258.0,8080.0
15260.0,-1.3999999999999773,204.0,208.0,100.0,100.0,0.0,0.0,-6.05,-2.37,4.0,4.0,1.97,1.84,0.36,0.35,6198.0,8007.0
15265.0,-1.400000000000091,204.0,208.0,100.0,100.0,0.0,0.0,-5.91,-2.94,4.0,4.0,1.72,1.75,0.27,0.37,6263.0,8075.0
15270.0,-1.3899999999999864,205.0,209.0,100.0,100.0,0.0,0.0,-5.630000000000001,-2.48,4.0,4.0,2.125,2.08,0.315,0.38,6222.5,8023.0
15275.0,-1.3999999999999773,206.0,210.0,100.0,100.0,0.0,0.0,-4.99,-2.92,4.0,4.0,1.65,1.38,0.3,0.29,6229.0,8058.0
15280.0,-1.3999999999999773,207.0,211.0,100.0,100.0,0.0,0.0,-5.1,-2.64,4.0,4.0,1.21,1.19,0.29,0.29,6339.0,8269.0
15285.0,-1.4200000000000728,208.0,212.0,100.0,100.0,0.0,0.0,-4.88,-2.42,4.0,4.0,1.76,1.86,0.32,0.37,6302.0,8139.0
15290.0,-1.3999999999999773,208.0,212.0,100.0,100.0,0.0,0.0,-4.42,-1.0,4.0,4.0,1.75,1.65,0.32,0.3,6299.0,8147.0
15295.0,-1.3999999999999773,209.0,213.0,100.0,100.0,0.0,0.0,-3.47,-0.91,4.0,4.0,1.56,1.32,0.32,0.29,6318.0,8185.0
15300.0,-1.410000000000025,210.0,214.0,100.0,100.0,0.0,0.0,-2.6500000000000004,-0.74,4.0,4.0,1.36,1.34,0.315,0.32,6365.0,8216.0
15305.0,-1.419999999999959,211.0,214.0,100.0,100.0,0.0,0.0,-2.8,-1.22,4.0,4.0,1.23,1.2,0.26,0.29,6368.0,8231.0
15310.0,-1.4099999999999682,211.0,215.0,100.0,100.0,0.0,0.0,-2.19,-0.41500000000000004,4.0,4.0,1.14,1.14,0.41,0.3,6400.0,8261.5
15315.0,-1.400000000000091,212.0,216.0,100.0,100.0,0.0,0.0,-1.83,0.06,4.0,4.0,0.93,0.91,0.31,0.28,6395.0,8273.0
15320.0,-1.419999999999959,213.0,217.0,100.0,100.0,0.0,0.0,-1.6,0.29,4.0,4.0,0.58,0.64,0.35,0.28,6487.0,8331.0
15325.0,-1.419999999999959,214.0,218.0,100.0,100.0,0.0,0.0,-1.69,0.14,4.0,4.0,0.64,0.52,0.34,0.27,6456.0,8358.0
15330.0,-1.4200000000000728,214.0,218.0,100.0,100.0,0.0,0.0,-2.19,-0.09,4.0,4.0,0.34,0.35,0.19,0.27,6525.0,8386.0
15335.0,-1.419999999999959,215.0,219.0,100.0,100.0,0.0,0.0,-1.73,-0.21,4.0,4.0,0.38,0.37,0.27,0.29,6671.0,8433.0
15340.0,-1.42999999999995,216.0,219.0,100.0,0.0,0.0,0.0,-1.165,-0.46,4.0,0.0,0.485,0.34,0.2,-0.17,6511.5,8172.0
15345.0,-1.4300000000000637,217.0,220.0,100.0,100.0,0.0,0.0,-1.25,-0.88,4.0,5.0,0.47,0.36,0.23,0.20500000000000002,6567.0,7146.5
15350.0,-1.419999999999959,218.0,221.0,100.0,100.0,0.0,0.0,-1.4,-1.43,4.0,5.0,0.44,0.45,0.25,0.24,6571.0,7128.0
15355.0,-1.419999999999959,218.0,222.0,100.0,100.0,0.0,0.0,-1.87,-2.09,4.0,5.0,0.23,0.56,0.15,0.24,6610.0,7138.0
15360.0,-1.4200000000000728,219.0,222.0,100.0,100.0,0.0,0.0,-2.08,-1.93,4.0,5.0,0.47,0.48,0.21,0.21,6625.0,7199.0
15365.0,-1.419999999999959,220.0,223.0,100.0,100.0,0.0,0.0,-2.6,-2.13,4.0,5.0,0.5,0.64,0.26,0.29,6657.0,7259.0
15370.0,-1.419999999999959,221.0,224.0,100.0,100.0,0.0,0.0,-3.2,-1.98,4.0,5.0,0.81,0.89,0.34,0.25,6704.0,7202.0
15375.0,-1.4200000000000728,221.0,224.0,100.0,100.0,0.0,0.0,-3.2,-2.33,4.0,5.0,0.81,0.93,0.24,0.24,6682.0,7237.0
15380.0,-1.419999999999959,222.0,225.0,100.0,100.0,0.0,0.0,-3.57,-3.29,4.0,5.0,1.01,1.09,0.27,0.25,6720.0,7257.0
15385.0,-1.4300000000000637,223.0,225.0,100.0,100.0,0.0,0.0,-3.9050000000000002,-4.27,4.0,5.0,1.1,1.27,0.25,0.23,6725.5,7284.0
15390.0,-1.4300000000000068,224.0,226.0,100.0,100.0,0.0,0.0,-4.119999999999999,-4.54,4.0,5.0,1.125,1.03,0.265,0.22,6743.0,7298.0
15395.0,-1.42999999999995,224.0,226.0,100.0,100.0,0.0,0.0,-4.51,-4.69,4.0,5.0,0.765,0.88,0.21500000000000002,0.22,6830.0,7380.0
15400.0,-1.4300000000000637,225.0,227.0,100.0,100.0,0.0,0.0,-4.365,-4.77,4.0,5.0,0.76,0.7,0.28,0.25,6846.0,7424.0
15405.0,-1.4300000000000068,226.0,227.0,100.0,100.0,0.0,0.0,-4.720000000000001,-5.43,4.0,5.0,0.47500000000000003,0.68,0.2,0.05,6879.5,7537.0
15410.0,-1.42999999999995,226.0,228.0,100.0,100.0,0.0,0.0,-5.640000000000001,-5.61,4.0,5.0,0.835,1.08,0.32499999999999996,0.32,6987.0,7476.0
15415.0,-1.4300000000000637,227.0,229.0,100.0,100.0,0.0,0.0,-5.88,-5.72,4.0,5.0,0.9450000000000001,0.9,0.31000000000000005,0.22,6875.5,7464.0
15420.0,-1.42999999999995,228.0,229.0,100.0,100.0,0.0,0.0,-6.225,-5.74,4.0,5.0,0.875,1.24,0.2,0.31,7053.0,7580.0
15425.0,-1.4399999999999977,228.5,230.0,100.0,100.0,0.0,0.0,-5.855,-5.1850000000000005,4.0,5.0,1.61,1.78,0.32,0.305,6935.0,7458.0
15430.0,-1.4300000000000637,229.0,230.5,100.0,100.0,0.0,0.0,-5.43,-4.404999999999999,4.0,5.0,1.72,1.7349999999999999,0.29,0.275,6927.0,7447.0
15435.0,-1.42999999999995,230.0,231.0,100.0,100.0,0.0,0.0,-4.98,-4.01,4.0,5.0,1.18,1.04,0.25,0.165,6955.0,7566.5
15440.0,-1.4400000000000546,230.0,231.0,100.0,100.0,0.0,0.0,-4.93,-3.89,4.0,5.0,0.79,0.44,0.37,0.15,7057.0,7750.0
15445.0,-1.4399999999999409,230.0,231.0,0.0,100.0,0.0,0.0,-4.97,-4.05,0.0,5.0,0.18,0.08,-0.09,-0.07,6669.0,8389.0
15450.0,-1.4399999999999409,230.0,231.0,100.0,100.0,0.0,0.0,-5.19,-4.14,5.0,5.0,0.06,0.06,-0.02,-0.02,6927.0,8524.0
15455.0,-1.4400000000000546,230.0,232.0,98.0,97.0,0.0,0.0,-5.21,-4.2,5.0,5.0,0.07,0.27,0.13,0.46,7307.0,8518.0
15460.0,-1.4399999999999409,232.0,233.0,81.0,100.0,0.0,0.0,-5.21,-4.24,5.0,5.0,0.84,1.57,0.74,0.65,6565.0,7757.0
15465.0,-1.4399999999999409,234.0,234.0,100.0,100.0,0.0,0.0,-4.14,-3.25,5.0,5.0,0.88,1.16,0.48,0.38,6168.0,7653.0
15470.0,-1.4400000000000546,234.0,235.0,100.0,100.0,0.0,0.0,-4.05,-3.465,5.0,5.0,0.31999999999999995,0.39,0.16,0.215,6232.0,7874.0
15475.0,-1.4399999999999409,235.0,236.0,100.0,100.0,0.0,0.0,-3.955,-2.95,5.0,5.0,1.19,1.1400000000000001,0.48,0.445,6157.0,7894.5
15480.0,-1.4400000000000546,236.0,237.0,100.0,100.0,0.0,0.0,-2.1,0.05,5.0,5.0,1.49,1.97,0.4,0.46,6148.0,7651.0
15485.0,-1.4399999999999409,237.0,237.0,100.0,100.0,0.0,0.0,-2.14,-0.03,5.0,5.0,1.79,1.45,0.3,0.32,6032.0,7621.0
15490.0,-1.4399999999999409,238.0,238.0,100.0,100.0,0.0,0.0,-1.37,-1.56,5.0,5.0,1.28,0.83,0.35,0.3,6073.0,7692.0
15495.0,-1.4500000000000455,239.0,239.0,100.0,100.0,0.0,0.0,-2.39,-1.425,5.0,5.0,0.91,0.96,0.31,0.32499999999999996,6177.0,7833.5
15500.0,-1.4399999999999409,239.5,240.0,100.0,100.0,0.0,0.0,-2.1950000000000003,-0.475,5.0,5.0,1.26,1.29,0.375,0.315,6097.5,7689.0
15505.0,-1.4400000000000546,240.0,240.0,100.0,100.0,0.0,0.0,-1.29,0.43,5.0,5.0,1.07,0.89,0.31,0.31,6105.0,7710.0
15510.0,-1.4399999999999409,241.0,241.0,100.0,100.0,0.0,0.0,-0.8,0.83,5.0,5.0,0.88,0.61,0.32,0.31,6142.0,7757.0
15515.0,-1.4499999999999886,242.0,242.0,100.0,100.0,0.0,0.0,0.03,1.77,5.0,5.0,0.64,0.22999999999999998,0.29,0.305,6151.0,7755.0
15520.0,-1.4500000000000455,243.0,243.0,100.0,100.0,0.0,0.0,1.51,2.78,5.0,5.0,0.20500000000000002,-0.25,0.28,0.28,6173.5,7776.0
15525.0,-1.4399999999999409,243.0,244.0,100.0,100.0,0.0,0.0,3.58,4.17,5.0,5.0,-0.43,-1.02,0.28,0.24,6189.0,7823.0
15530.0,-1.4400000000000546,243.0,244.0,100.0,100.0,0.0,0.0,4.77,4.24,5.0,5.0,-1.07,-1.67,-0.12,-0.15,6189.0,7818.0
15535.0,-1.4399999999999977,243.0,244.0,100.0,100.0,0.0,0.0,5.035,4.07,5.0,5.0,-1.355,-1.6749999999999998,-0.08499999999999999,0.195,6187.5,7824.5
15540.0,-1.4400000000000546,243.0,244.0,100.0,100.0,0.0,0.0,5.05,4.23,5.0,5.0,-1.55,-1.77,0.19,0.21,6196.0,7854.0
15545.0,-1.4400000000000546,244.0,245.0,100.0,100.0,0.0,0.0,5.45,3.35,5.0,5.0,-1.73,-1.89,0.18,0.18,6218.0,7883.0
15550.0,-1.4499999999999318,244.0,245.0,100.0,100.0,0.0,0.0,6.55,3.205,5.0,5.0,-1.93,-1.73,0.17,0.16999999999999998,6221.0,7865.0
15555.0,-1.4400000000000546,244.0,245.0,100.0,100.0,0.0,0.0,6.75,3.74,5.0,5.0,-1.54,-1.2,0.11,0.07,6247.0,7943.0
15560.0,-1.4399999999999409,245.0,245.0,100.0,100.0,0.0,0.0,5.95,3.8,5.0,5.0,-2.04,-1.96,0.22,0.2,6291.0,7922.0
15565.0,-1.4499999999999886,245.0,246.0,100.0,100.0,0.0,0.0,5.68,3.75,5.0,5.0,-2.17,-2.135,0.16,0.18,6245.0,7893.0
15570.0,-1.4500000000000455,245.0,246.0,100.0,100.0,0.0,0.0,5.83,3.82,5.0,5.0,-2.12,-2.15,0.13,0.13,6258.5,7904.0
15575.0,-1.4399999999999409,245.0,246.0,100.0,100.0,0.0,0.0,5.47,2.8,5.0,5.0,-2.27,-2.28,0.14,0.16,6251.0,7904.0
15580.0,-1.4500000000000455,245.0,246.0,100.0,100.0,0.0,0.0,6.16,2.64,5.0,5.0,-2.29,-2.05,0.07,0.15,6240.0,7896.5
15585.0,-1.4499999999999318,245.0,246.0,100.0,100.0,0.0,0.0,6.59,3.15,5.0,5.0,-1.705,-1.39,0.10500000000000001,0.09,6275.5,7949.0
15590.0,-1.4400000000000546,245.0,246.0,100.0,100.0,0.0,0.0,6.99,3.64,5.0,5.0,-1.39,-1.3,0.13,0.11,6318.0,8052.0
15595.0,-1.4500000000000455,245.0,247.0,100.0,100.0,0.0,0.0,7.13,3.375,5.0,5.0,-1.51,-1.66,0.12,0.14,6332.0,7992.5
15600.0,-1.4499999999999318,246.0,247.0,100.0,100.0,0.0,0.0,6.475,3.35,5.0,5.0,-1.7,-1.71,0.17,0.13,6332.0,7974.0
15605.0,-1.4400000000000546,246.0,247.0,100.0,100.0,0.0,0.0,6.52,2.98,5.0,5.0,-1.51,-1.4,0.09,0.11,6330.0,8041.0
15610.0,-1.4499999999999318,246.0,247.0,100.0,100.0,0.0,0.0,7.18,2.6,5.0,5.0,-2.03,-2.045,0.17,0.175,6327.0,8001.5
15615.0,-1.4500000000000455,246.0,247.0,100.0,100.0,0.0,0.0,6.635,2.99,5.0,5.0,-1.3900000000000001,-1.16,0.09,0.11,6310.5,7985.0
15620.0,-1.4399999999999409,246.0,247.0,100.0,100.0,0.0,0.0,7.16,4.44,5.0,5.0,-0.33,-0.05,-0.12,-0.23,6523.0,8550.0
15625.0,-1.4499999999999886,246.0,247.0,85.0,100.0,0.0,0.0,8.13,5.205,5.0,5.0,-1.73,-1.92,0.59,0.425,6770.0,8237.0
15630.0,-1.4500000000000455,246.0,247.0,99.5,100.0,0.0,0.0,7.925,5.08,5.0,5.0,-2.5700000000000003,-2.53,0.14,-0.07,6304.5,7925.0
15635.0,-1.4399999999999409,246.0,247.0,100.0,100.0,0.0,0.0,7.96,5.04,5.0,5.0,-2.25,-1.26,0.11,0.11,6290.0,7953.0
15640.0,-1.4500000000000455,246.0,247.0,96.0,100.0,0.0,0.0,7.36,5.295,5.0,5.0,-0.99,-0.51,0.11,-0.08,6420.0,8360.5
15645.0,-1.4499999999999318,247.0,247.0,96.0,100.0,0.0,0.0,7.83,5.39,5.0,5.0,-1.46,-1.41,0.2,0.37,6401.5,8142.0
15650.0,-1.4400000000000546,247.0,247.0,100.0,100.0,0.0,0.0,7.44,5.55,5.0,5.0,-1.57,-1.82,0.16,0.17,6369.0,8017.0
15655.0,-1.4600000000000364,247.0,248.0,100.0,100.0,0.0,0.0,7.58,5.32,5.0,5.0,-1.69,-1.74,0.15,0.14,6375.0,8032.0
15660.0,-1.4499999999999318,247.0,248.0,100.0,100.0,0.0,0.0,7.29,4.32,5.0,5.0,-2.0949999999999998,-2.28,0.16,0.18,6342.0,8025.0
15665.0,-1.4500000000000455,247.0,248.0,100.0,100.0,0.0,0.0,6.85,4.220000000000001,5.0,5.0,-2.46,-2.5599999999999996,0.14,0.165,6311.0,7963.0
15670.0,-1.4599999999999227,247.0,248.0,100.0,100.0,0.0,0.0,6.61,3.76,5.0,5.0,-1.86,-2.0,0.11,0.11,6328.0,7986.0
15675.0,-1.4500000000000455,247.5,248.0,100.0,100.0,0.0,0.0,5.52,2.72,5.0,5.0,-1.8199999999999998,-1.86,0.15000000000000002,0.15,6357.5,8055.0
15680.0,-1.4499999999999318,248.0,248.0,100.0,100.0,0.0,0.0,4.8,2.405,5.0,5.0,-2.02,-1.9,0.16,0.18,6334.0,8010.0
15685.0,-1.4600000000000364,248.0,248.0,100.0,100.0,0.0,0.0,4.39,1.42,5.0,5.0,-1.76,-1.91,0.07,0.13,6391.0,8053.0
15690.0,-1.4400000000000546,248.0,248.0,100.0,100.0,0.0,0.0,2.97,0.2,5.0,5.0,-2.07,-1.77,0.19,0.16,6337.0,7995.0
15695.0,-1.4499999999999318,248.0,248.0,100.0,100.0,0.0,0.0,0.23,-0.7949999999999999,5.0,5.0,-1.18,-1.2,0.12,0.15,6375.0,8041.0
15700.0,-1.4500000000000455,249.0,248.0,100.0,100.0,0.0,0.0,-0.885,-1.95,5.0,5.0,-0.635,-0.43,0.16499999999999998,-0.02,6378.0,8296.0
15705.0,-1.4399999999999409,249.0,249.0,100.0,100.0,0.0,0.0,-0.64,-1.1,5.0,5.0,-0.15,-0.14,0.01,0.1,6623.0,8312.0
15710.0,-1.4600000000000364,249.0,249.0,98.0,100.0,0.0,0.0,-0.2,-0.63,5.0,5.0,-0.01,-0.04,0.2,-0.08,6738.0,8515.0
15715.0,-1.4499999999999886,249.0,249.0,97.0,100.0,0.0,0.0,0.815,-0.73,5.0,5.0,0.01,-0.25,0.11,0.35,6993.5,8348.0
15720.0,-1.4499999999999886,250.0,250.0,100.0,100.0,0.0,0.0,1.82,-0.315,5.0,5.0,-0.04,-0.165,0.45,0.21,6388.0,8033.0
15725.0,-1.4600000000000364,251.0,250.0,100.0,100.0,0.0,0.0,0.46,-1.04,5.0,5.0,-0.06,0.06,0.18,0.17,6404.0,8057.0
15730.0,-1.4399999999999409,251.0,251.0,100.0,100.0,0.0,0.0,-2.04,-1.78,5.0,5.0,0.09,0.08,0.21,0.05,6426.0,8100.0
15735.0,-1.4600000000000364,252.0,251.0,100.0,100.0,0.0,0.0,-3.16,-1.32,5.0,5.0,0.42,0.62,0.17,0.33,6446.0,8142.0
15740.0,-1.4499999999999886,252.0,251.0,100.0,100.0,0.0,0.0,-2.175,-1.04,5.0,5.0,0.665,0.29,0.175,0.11,6438.0,8134.0
15745.0,-1.4500000000000455,253.0,251.0,100.0,100.0,0.0,0.0,-2.17,-1.0350000000000001,5.0,5.0,0.5,0.305,0.0,0.0,6459.0,8351.5
15750.0,-1.4499999999999886,253.0,251.0,100.0,100.0,0.0,0.0,-1.8599999999999999,-0.3,5.0,5.0,0.9199999999999999,0.89,0.36,0.37,6513.0,8432.0
15755.0,-1.4399999999999409,253.0,252.0,100.0,100.0,0.0,0.0,-0.61,0.47,5.0,5.0,0.83,1.6,0.18,0.0,6473.0,8076.0
15760.0,-1.4600000000000364,254.0,252.0,100.0,100.0,0.0,0.0,0.21,1.03,5.0,5.0,0.66,0.99,0.19,0.16,6489.0,8100.0
15765.0,-1.4399999999999409,254.0,252.0,100.0,100.0,0.0,0.0,0.82,2.17,5.0,5.0,0.38,0.33,0.17,0.0,6493.0,8398.0
15770.0,-1.4500000000000455,255.0,253.0,100.0,100.0,0.0,0.0,1.01,2.605,5.0,5.0,0.15,0.545,0.2,0.295,6521.0,8206.0
15775.0,-1.4399999999999409,255.0,254.0,100.0,100.0,0.0,0.0,1.25,2.82,5.0,5.0,-0.07,0.22,0.18,0.2,6524.0,8149.0
15780.0,-1.4500000000000455,256.0,254.0,100.0,100.0,0.0,0.0,1.54,3.16,5.0,5.0,-0.14,-0.21500000000000002,0.12,0.195,6591.0,8208.0
15785.0,-1.4399999999999409,256.0,254.0,100.0,100.0,0.0,0.0,1.89,4.26,5.0,5.0,-0.19,-0.12,0.11,0.04,6737.0,8363.0
15790.0,-1.4499999999999886,257.0,254.5,100.0,100.0,0.0,0.0,2.47,4.82,5.0,5.0,-0.57,-0.8999999999999999,0.19,0.22000000000000003,6602.0,8448.0
15795.0,-1.4500000000000455,257.0,255.0,100.0,100.0,0.0,0.0,2.71,4.09,5.0,5.0,-0.825,-1.48,0.195,0.23,6574.0,8210.0
15800.0,-1.4399999999999409,258.0,256.0,100.0,100.0,0.0,0.0,2.81,3.9,5.0,5.0,-0.82,-1.5,0.21,0.17,6583.0,8232.0
15805.0,-1.4500000000000455,258.0,256.0,100.0,100.0,0.0,0.0,3.615,4.1,5.0,5.0,-1.24,-1.76,0.19,0.15,6599.0,8258.0
15810.0,-1.4399999999999409,258.0,256.0,100.0,100.0,0.0,0.0,4.05,3.96,5.0,5.0,-1.52,-2.12,0.17,0.2,6582.0,8228.0
15815.0,-1.4500000000000455,259.0,256.0,100.0,100.0,0.0,0.0,4.9,4.0,5.0,5.0,-1.525,-2.0,0.15000000000000002,0.17,6593.5,8234.0
15820.0,-1.4399999999999409,259.0,256.0,100.0,0.0,0.0,0.0,6.42,3.89,5.0,0.0,-1.7,-2.12,0.15,-0.22,6630.0,8075.0
15825.0,-1.4400000000000546,259.0,256.0,100.0,100.0,0.0,0.0,7.8,3.67,5.0,6.0,-2.17,-2.31,0.15,0.38,6613.0,7523.0
15830.0,-1.4400000000000546,259.0,256.0,100.0,100.0,0.0,0.0,8.06,3.24,5.0,6.0,-2.61,-2.64,-0.07,0.14,6611.0,7272.0
15835.0,-1.4399999999999409,259.0,256.0,100.0,100.0,0.0,0.0,7.78,3.12,5.0,6.0,-2.28,-2.14,0.11,0.15,6594.0,7271.0
15840.0,-1.4400000000000546,259.0,256.0,100.0,100.0,0.0,0.0,7.67,2.56,5.0,6.0,-2.58,-2.15,0.15,0.16,6641.0,7294.0
15845.0,-1.42999999999995,259.0,256.0,100.0,100.0,0.0,0.0,7.26,2.245,5.0,6.0,-2.27,-1.415,0.12,0.125,6606.0,7301.5
15850.0,-1.4400000000000546,259.0,256.0,88.0,100.0,0.0,0.0,7.18,2.83,5.0,6.0,-1.09,-1.38,-0.06,0.13,6846.0,7466.0
15855.0,-1.42999999999995,259.0,257.0,96.0,100.0,0.0,0.0,6.09,1.865,5.0,6.0,-1.99,-1.605,0.31,0.165,6714.0,7350.5
15860.0,-1.4400000000000546,259.0,257.0,100.0,100.0,0.0,0.0,4.08,1.21,5.0,6.0,-1.81,-1.67,0.15,0.12,6680.0,7321.0
15865.0,-1.42999999999995,259.0,257.0,100.0,100.0,0.0,0.0,4.38,0.9750000000000001,5.0,6.0,-1.8,-1.41,0.15,0.14,6674.0,7346.5
15870.0,-1.4399999999999409,260.0,257.0,100.0,100.0,0.0,0.0,2.53,0.11,5.0,6.0,-2.02,-1.6,0.19,0.18,6665.0,7340.0
15875.0,-1.4300000000000637,260.0,258.0,100.0,100.0,0.0,0.0,1.32,-0.44499999999999995,5.0,6.0,-2.03,-1.58,0.16,0.16999999999999998,6621.0,7306.5
15880.0,-1.42999999999995,260.0,258.0,100.0,100.0,0.0,0.0,1.0350000000000001,0.02,5.0,6.0,-1.4300000000000002,-0.98,0.17,0.13,6618.5,7315.0
15885.0,-1.4300000000000637,260.0,258.0,100.0,100.0,0.0,0.0,1.35,0.755,5.0,6.0,-0.71,-0.6599999999999999,0.07,0.14500000000000002,6685.0,7432.0
15890.0,-1.42999999999995,261.0,258.0,100.0,100.0,0.0,0.0,1.5150000000000001,0.54,5.0,6.0,-0.8200000000000001,-0.83,0.21,0.18,6674.5,7383.0
15895.0,-1.4300000000000637,261.0,259.0,100.0,100.0,0.0,0.0,1.02,-0.145,5.0,6.0,-0.68,-0.75,0.13,0.16,6666.0,7366.0
15900.0,-1.42999999999995,261.5,259.0,100.0,100.0,0.0,0.0,0.76,-0.76,5.0,6.0,-0.55,-0.55,0.165,0.15,6688.0,7379.0
15905.0,-1.4300000000000068,262.0,260.0,100.0,100.0,0.0,0.0,0.75,-1.34,5.0,6.0,-0.43,-0.3,0.15,0.135,6699.0,7409.5
15910.0,-1.4300000000000068,262.0,260.0,100.0,100.0,0.0,0.0,0.345,-1.2,5.0,6.0,-0.39,-0.15,0.16999999999999998,0.16,6698.5,7398.0
15915.0,-1.4399999999999409,263.0,260.0,100.0,100.0,0.0,0.0,-0.13,-0.93,5.0,6.0,-0.24,0.02,0.17,0.17,6693.0,7389.0
15920.0,-1.4200000000000728,263.0,261.0,100.0,100.0,0.0,0.0,-0.34,-0.77,5.0,6.0,-0.14,0.22,0.17,0.15,6710.0,7402.0
15925.0,-1.42999999999995,263.5,261.0,100.0,100.0,0.0,0.0,-0.855,-0.61,5.0,6.0,0.03,0.27,0.17,0.16,6713.5,7416.0
15930.0,-1.4200000000000728,264.0,262.0,100.0,100.0,0.0,0.0,-1.17,-0.57,5.0,6.0,0.17,0.31,0.15,0.13,6726.0,7438.0
15935.0,-1.42999999999995,264.0,262.0,100.0,100.0,0.0,0.0,-1.3900000000000001,-0.74,5.0,6.0,0.315,0.37,0.16,0.14,6751.5,7457.0
15940.0,-1.4300000000000637,265.0,262.0,100.0,100.0,0.0,0.0,-1.74,-0.825,5.0,6.0,0.49,0.405,0.15,0.155,6763.0,7472.0
15945.0,-1.419999999999959,265.0,263.0,100.0,100.0,0.0,0.0,-1.88,-0.76,5.0,6.0,0.65,0.61,0.18,0.16,6764.0,7457.0
15950.0,-1.4300000000000068,265.0,263.0,100.0,100.0,0.0,0.0,-1.62,-0.7,5.0,6.0,0.81,0.5900000000000001,0.13,0.165,6760.0,7464.0
15955.0,-1.419999999999959,266.0,263.0,100.0,100.0,0.0,0.0,-1.61,-0.76,5.0,6.0,0.76,0.53,0.12,0.13,6784.0,7507.0
15960.0,-1.4300000000000637,266.0,264.0,100.0,100.0,0.0,0.0,-1.6400000000000001,-0.74,5.0,6.0,0.915,0.64,0.185,0.17,6789.0,7503.0
15965.0,-1.419999999999959,266.0,264.0,100.0,100.0,0.0,0.0,-1.39,-0.64,5.0,6.0,0.88,0.68,0.12,0.17,6785.0,7495.0
15970.0,-1.419999999999959,267.0,264.0,100.0,100.0,0.0,0.0,-1.15,-0.55,5.0,6.0,0.86,0.67,0.17,0.16,6810.0,7489.0
15975.0,-1.420000000000016,267.0,265.0,100.0,100.0,0.0,0.0,-0.62,-0.47,5.0,6.0,0.7,0.52,0.135,0.125,6800.5,7528.0
15980.0,-1.419999999999959,267.0,265.0,100.0,100.0,0.0,0.0,-1.07,-0.57,5.0,6.0,0.59,0.6,0.15,0.15,6823.0,7517.0
15985.0,-1.4300000000000637,268.0,265.0,100.0,100.0,0.0,0.0,-1.0899999999999999,-0.57,5.0,6.0,0.67,0.67,0.135,0.09,6820.0,7524.0
15990.0,-1.419999999999959,268.0,266.0,100.0,100.0,0.0,0.0,-0.52,-0.39,5.0,6.0,0.51,0.5,0.13,0.12,6817.0,7533.0
15995.0,-1.4200000000000728,268.0,266.0,100.0,100.0,0.0,0.0,-0.88,-0.51,5.0,6.0,0.47,0.51,0.08,0.12,6850.0,7573.0
16000.0,-1.419999999999959,269.0,266.0,100.0,100.0,0.0,0.0,-0.935,-0.245,5.0,6.0,0.53,0.44500000000000006,0.12,-0.0049999999999999906,6837.5,7560.5
16005.0,-1.4200000000000728,269.0,266.0,100.0,100.0,0.0,0.0,-0.61,0.26,5.0,6.0,0.37,0.32,0.11,0.06,6852.0,7571.0
16010.0,-1.419999999999959,269.0,267.0,100.0,100.0,0.0,0.0,-0.8,-0.03,5.0,6.0,0.39,0.22,0.11,0.09,6876.0,7610.0
16015.0,-1.420000000000016,269.0,267.0,100.0,100.0,0.0,0.0,-0.6599999999999999,-0.010000000000000002,5.0,6.0,0.375,0.33499999999999996,0.11,0.16,6895.5,7626.0
16020.0,-1.419999999999959,270.0,267.0,100.0,100.0,0.0,0.0,-0.59,0.08,5.0,6.0,0.48,0.33,0.13,0.13,6870.0,7578.0
16025.0,-1.4099999999999682,270.0,267.5,100.0,100.0,0.0,0.0,-0.46,0.025,5.0,6.0,0.42,0.265,0.1,0.11499999999999999,6870.0,7580.0
16030.0,-1.410000000000025,270.0,268.0,100.0,100.0,0.0,0.0,-0.16999999999999998,0.0,5.0,6.0,0.355,0.18,0.1,0.09,6881.0,7602.0
16035.0,-1.419999999999959,271.0,268.0,100.0,100.0,0.0,0.0,-0.18,0.02,5.0,6.0,0.28,0.15,0.11,0.11,6880.0,7595.0
16040.0,-1.4099999999999682,271.0,268.0,100.0,100.0,0.0,0.0,-0.15,-0.035,5.0,6.0,0.21,0.095,0.07,0.08,6895.0,7615.5
16045.0,-1.4099999999999682,271.0,268.0,100.0,100.0,0.0,0.0,-0.055,0.1,5.0,6.0,0.14500000000000002,0.04,0.10500000000000001,0.08,6910.5,7635.0
16050.0,-1.4200000000000728,271.0,269.0,100.0,100.0,0.0,0.0,0.2,0.1,5.0,6.0,0.05,0.01,0.1,0.08,6921.0,7647.0
16055.0,-1.4099999999999682,271.0,269.0,100.0,100.0,0.0,0.0,0.44,0.07,5.0,6.0,-0.01,-0.04,0.09,0.11499999999999999,6937.0,7649.5
16060.0,-1.4100000000000819,272.0,269.0,100.0,100.0,0.0,0.0,0.615,0.06,5.0,6.0,-0.11,-0.12,0.095,0.1,6921.0,7638.0
16065.0,-1.419999999999959,272.0,269.0,100.0,100.0,0.0,0.0,0.75,0.07,5.0,6.0,-0.19,-0.08,0.09,0.08,6925.0,7651.0
16070.0,-1.4100000000000819,272.0,270.0,100.0,100.0,0.0,0.0,1.01,0.12,5.0,6.0,-0.28,-0.14,0.08,0.12,6971.0,7673.5
16075.0,-1.4099999999999682,272.0,270.0,100.0,100.0,0.0,0.0,1.245,0.27,5.0,6.0,-0.51,-0.2,0.11,0.1,6924.5,7638.0
16080.0,-1.4200000000000728,273.0,270.0,100.0,100.0,0.0,0.0,1.33,0.41,5.0,6.0,-0.57,-0.18,0.09,0.09,6926.0,7646.0
16085.0,-1.4099999999999682,273.0,270.0,100.0,100.0,0.0,0.0,1.45,0.81,5.0,6.0,-0.56,-0.24,0.07,0.065,6953.0,7687.5
16090.0,-1.4099999999999682,273.0,270.0,100.0,100.0,0.0,0.0,1.98,1.39,5.0,6.0,-0.6799999999999999,-0.41,0.07500000000000001,0.08,6952.5,7682.0
16095.0,-1.419999999999959,273.0,271.0,100.0,100.0,0.0,0.0,2.45,1.83,5.0,6.0,-0.84,-0.54,0.05,0.08,6966.0,7680.0
16100.0,-1.4099999999999682,273.0,271.0,100.0,100.0,0.0,0.0,2.5,2.0,5.0,6.0,-0.89,-0.76,0.06,0.08,6986.0,7705.5
16105.0,-1.3999999999999773,273.0,271.0,100.0,100.0,0.0,0.0,2.4,2.23,5.0,6.0,-1.03,-0.98,0.09,0.06,6970.0,7703.0
16110.0,-1.4099999999999682,274.0,271.0,100.0,100.0,0.0,0.0,2.38,2.19,5.0,6.0,-1.08,-1.16,0.055,0.07,6983.0,7708.0
16115.0,-1.4099999999999682,274.0,271.0,100.0,100.0,0.0,0.0,2.35,2.03,5.0,6.0,-1.05,-1.13,0.05,0.065,6971.0,7707.5
16120.0,-1.3999999999999773,274.0,271.0,83.0,100.0,9.0,0.0,2.63,2.01,5.0,6.0,-1.06,-1.15,0.03,0.03,6991.0,7746.0
16125.0,-1.410000000000025,272.5,271.0,39.0,99.0,56.0,0.0,2.45,1.71,5.0,6.0,-1.13,-1.36,-0.79,0.06,6835.5,7726.0
16130.0,-1.4099999999999682,270.0,270.5,0.0,53.5,97.0,58.5,2.41,1.645,5.0,6.0,-0.76,-0.98,-1.59,-0.625,6578.0,7556.0
16135.0,-1.400000000000091,266.0,268.0,0.0,5.0,100.0,100.0,2.81,1.92,5.0,6.0,-0.48,-0.77,-1.5,-1.5,5732.0,7026.0
16140.0,-1.3999999999999773,261.5,262.5,69.0,13.5,100.0,100.0,3.54,2.7800000000000002,0.0,0.0,-0.8400000000000001,-1.2000000000000002,-2.36,-2.19,7080.0,7658.0
16145.0,-1.400000000000091,256.0,257.0,0.0,0.0,100.0,100.0,4.03,3.46,4.0,5.0,-1.22,-1.78,-2.32,-2.2,7232.0,7785.0
16150.0,-1.4099999999999682,250.0,252.0,0.0,0.0,100.0,100.0,4.76,2.415,4.0,5.0,-1.18,-1.425,-2.03,-1.8199999999999998,7146.0,7583.5
16155.0,-1.4099999999999682,244.0,248.0,0.0,0.0,100.0,100.0,7.415,-0.43,4.0,5.0,-1.35,-1.33,-1.855,-1.73,6594.0,7072.0
16160.0,-1.3999999999999773,239.0,242.0,0.0,0.0,100.0,100.0,6.54,-1.69,4.0,5.0,-1.58,-1.37,-2.21,-1.89,6636.0,7083.0
16165.0,-1.4099999999999682,234.0,238.0,0.0,0.0,100.0,100.0,3.59,-1.15,4.0,5.0,-1.03,-0.895,-1.65,-1.6099999999999999,6189.0,6755.0
16170.0,-1.4200000000000728,230.0,233.0,0.0,41.0,100.0,100.0,2.46,0.08,4.0,0.0,-0.84,-0.72,-1.65,-1.69,5934.0,7721.0
16175.0,-1.419999999999959,224.0,228.0,0.0,0.0,93.0,100.0,4.29,4.21,4.0,4.0,-1.25,-1.24,-1.72,-1.81,5930.0,7731.0
16180.0,-1.419999999999959,220.0,224.0,0.0,0.0,35.0,100.0,4.87,7.37,4.0,4.0,-1.29,-0.98,-1.13,-1.7,6000.0,7613.0
16185.0,-1.4200000000000728,219.0,219.0,27.0,0.0,0.0,31.0,6.97,8.27,4.0,4.0,-1.69,-1.43,-0.13,-1.37,6491.0,7634.0
16190.0,-1.4099999999999682,218.0,217.0,44.0,0.0,0.0,0.0,11.56,8.805,4.0,4.0,-1.93,-1.93,-0.08,-0.245,6501.0,8136.5
16195.0,-1.3999999999999773,218.0,216.0,39.0,0.0,0.0,0.0,12.53,10.0,4.0,4.0,-2.0,-1.97,-0.1,-0.26,6490.0,8103.0
16200.0,-1.4100000000000819,217.0,215.0,39.5,0.0,0.0,0.0,12.68,9.74,4.0,4.0,-1.7,-1.65,-0.065,-0.24,6492.0,8050.0
16205.0,-1.419999999999959,217.0,214.0,30.0,0.0,0.0,0.0,14.13,9.87,4.0,4.0,-2.08,-2.15,-0.09,-0.25,6467.0,8002.0
16210.0,-1.419999999999959,216.0,213.0,20.0,0.0,0.0,0.0,14.43,9.7,4.0,4.0,-2.2,-2.41,-0.14,-0.25,6423.0,7952.0
16215.0,-1.4100000000000819,215.0,211.0,18.0,0.0,0.0,0.0,14.47,9.425,4.0,4.0,-2.29,-2.215,-0.16,-0.235,6390.0,7879.5
16220.0,-1.3999999999999773,214.0,210.0,15.0,15.0,0.0,0.0,14.77,9.54,4.0,4.0,-2.34,-2.54,-0.18,-0.2,6365.0,7845.0
16225.0,-1.4099999999999682,213.0,208.0,15.0,22.0,0.0,0.0,14.895,9.68,4.0,4.0,-2.4699999999999998,-2.3,-0.17,-0.14,6322.0,7817.0
16230.0,-1.410000000000025,212.0,207.0,26.0,26.5,0.0,0.0,15.31,9.325,4.0,4.0,-2.24,-2.2350000000000003,-0.13,-0.125,6324.0,7808.0
16235.0,-1.3999999999999773,211.0,206.0,28.0,40.0,0.0,0.0,15.46,9.13,4.0,4.0,-2.55,-2.71,-0.12,0.0,6291.0,7819.0
16240.0,-1.3999999999999773,210.0,205.0,29.0,52.0,0.0,0.0,16.06,11.36,4.0,4.0,-2.18,-2.17,-0.14,0.01,6270.0,7860.0
16245.0,-1.3899999999999864,209.5,205.0,48.0,75.0,0.0,0.0,16.244999999999997,11.9,4.0,4.0,-2.9,-2.98,-0.065,0.2,6267.5,7875.0
16250.0,-1.3999999999999773,209.0,205.0,78.0,88.0,0.0,0.0,16.25,11.86,4.0,4.0,-3.02,-2.78,-0.03,0.23,6248.0,7874.0
16255.0,-1.3999999999999773,208.0,205.0,82.0,70.0,0.0,0.0,15.81,11.57,4.0,4.0,-2.51,-2.37,0.03,0.18,6253.0,7857.0
16260.0,-1.3899999999999864,208.0,205.0,80.0,69.0,0.0,0.0,15.445,10.31,4.0,4.0,-2.65,-2.97,0.06,0.19,6278.5,7864.0
16265.0,-1.400000000000091,207.0,204.0,81.0,74.0,0.0,0.0,15.03,8.74,4.0,4.0,-2.56,-2.41,0.1,0.17,6245.0,7845.0
16270.0,-1.3799999999999955,207.0,204.0,78.0,78.0,0.0,0.0,15.23,8.3,4.0,4.0,-1.82,-1.84,0.16,0.13,6324.0,7997.0
16275.0,-1.3999999999999773,207.0,205.0,77.0,80.0,0.0,0.0,14.93,5.35,4.0,4.0,-2.22,-2.22,0.14,0.26,6297.0,7948.0
16280.0,-1.400000000000091,207.0,205.0,77.0,81.0,0.0,0.0,14.97,3.73,4.0,4.0,-2.13,-2.27,0.18,0.25,6285.0,7915.0
16285.0,-1.3799999999999955,207.0,205.0,76.0,81.0,0.0,0.0,15.04,2.93,4.0,4.0,-2.39,-2.33,0.18,0.27,6325.0,7926.0
16290.0,-1.3999999999999773,207.0,205.0,77.0,89.0,0.0,0.0,14.9,3.44,4.0,4.0,-2.27,-2.16,0.11,0.25,6288.0,7955.0
16295.0,-1.3799999999999955,207.0,205.0,76.0,100.0,0.0,0.0,14.52,3.91,4.0,4.0,-2.13,-2.29,0.1,0.29,6303.0,8017.0
16300.0,-1.3799999999999955,207.0,205.0,77.0,100.0,0.0,0.0,12.65,1.09,4.0,4.0,-2.48,-2.39,0.14,0.32,6260.0,7918.0
16305.0,-1.3999999999999773,207.0,205.0,88.0,100.0,0.0,0.0,9.36,1.05,4.0,4.0,-2.46,-2.32,0.19,0.3,6293.0,7955.0
16310.0,-1.3799999999999955,207.0,206.0,100.0,100.0,0.0,0.0,6.12,0.41,4.0,4.0,-2.38,-1.77,0.23,0.27,6268.0,7933.0
16315.0,-1.3900000000000432,207.0,206.0,100.0,100.0,0.0,0.0,3.94,0.24,4.0,4.0,-1.37,-1.29,0.135,0.18,6385.5,8110.0
16320.0,-1.3899999999999864,208.0,207.0,100.0,87.0,0.0,14.0,2.41,-1.62,4.0,4.0,-1.97,-1.38,0.33,0.11500000000000002,6294.0,7899.0
16325.0,-1.3799999999999955,208.0,205.0,62.0,12.0,49.0,79.0,0.65,-0.9,4.0,4.0,-1.21,-0.7,-0.46,-1.37,6175.0,7524.0
16330.0,-1.400000000000091,203.0,200.0,69.0,0.0,100.0,100.0,-1.0,-2.01,0.0,4.0,-0.56,-0.23,-1.94,-1.89,6114.0,6737.0
16335.0,-1.3799999999999955,197.0,193.0,69.0,27.0,100.0,100.0,-3.24,-3.38,0.0,0.0,-0.27,0.06,-2.1,-2.08,6967.0,8450.0
16340.0,-1.3799999999999955,189.0,185.0,0.0,0.0,100.0,100.0,-4.11,-3.64,3.0,3.0,0.49,0.66,-2.21,-2.01,6625.0,8115.0
16345.0,-1.3799999999999955,182.0,179.0,0.0,0.0,100.0,100.0,-3.91,-4.57,3.0,3.0,0.54,0.53,-1.93,-1.64,6349.0,7576.0
16350.0,-1.3799999999999955,175.0,173.0,69.0,0.0,100.0,100.0,-3.59,-6.09,0.0,3.0,0.51,0.62,-1.78,-1.69,6844.0,6768.0
16355.0,-1.3799999999999955,169.0,166.0,0.0,0.0,100.0,100.0,-4.01,-5.41,2.0,3.0,0.82,1.25,-2.07,-1.86,6591.0,6784.0
16360.0,-1.3799999999999955,160.0,160.0,0.0,11.0,100.0,17.0,-5.75,-7.43,2.0,3.0,0.92,1.29,-1.9,-0.76,6337.0,6841.0
16365.0,-1.3600000000000136,154.0,158.0,0.0,12.0,71.0,0.0,-11.79,-9.35,2.0,3.0,1.4,1.86,-1.62,-0.2,6145.0,7105.0
16370.0,-1.3799999999999955,149.0,156.0,0.0,6.0,15.0,0.0,-12.89,-10.03,2.0,3.0,1.65,1.78,-0.82,-0.21,6347.0,7026.0
16375.0,-1.3999999999999773,146.0,155.0,0.0,0.0,0.0,0.0,-13.31,-10.78,2.0,3.0,1.69,1.67,-0.35,-0.27,6371.0,6922.0
16380.0,-1.3999999999999773,144.0,153.0,0.0,0.0,0.0,0.0,-13.6,-10.96,2.0,3.0,1.71,1.77,-0.34,-0.27,6266.0,6840.0
16385.0,-1.3999999999999773,142.0,151.0,0.0,0.0,0.0,0.0,-14.12,-10.77,2.0,3.0,1.78,1.75,-0.35,-0.25,6185.0,6767.0
16390.0,-1.419999999999959,139.0,150.0,0.0,0.0,6.0,0.0,-14.66,-10.77,2.0,3.0,1.84,1.94,-0.45,-0.26,6040.0,6688.0
16395.0,-1.419999999999959,136.0,148.0,0.0,0.0,6.0,0.0,-15.03,-11.21,2.0,3.0,1.61,1.48,-0.46,-0.24,5935.0,6608.0
16400.0,-1.4399999999999409,134.0,146.0,70.0,0.0,1.0,0.0,-15.24,-11.36,2.0,3.0,1.91,2.02,0.05,-0.25,6132.0,6543.0
16405.0,-1.4600000000000364,134.0,145.0,74.0,0.0,4.0,1.0,-15.45,-11.77,2.0,3.0,1.47,1.5,0.06,-0.26,6162.0,6464.0
16410.0,-1.4400000000000546,134.0,143.0,78.0,0.0,3.0,2.0,-15.58,-11.93,2.0,3.0,1.64,1.85,0.1,-0.28,6196.0,6373.0
16415.0,-1.4600000000000364,134.0,141.0,72.0,0.0,1.0,1.0,-14.47,-11.83,2.0,3.0,1.78,1.91,0.16,-0.27,6282.0,6291.0
16420.0,-1.4800000000000182,135.0,140.0,70.0,65.0,0.0,0.0,-11.45,-11.6,2.0,3.0,1.54,1.64,0.25,0.31,6355.0,6652.0
16425.0,-1.4600000000000364,136.0,141.0,71.0,64.0,0.0,0.0,-6.86,-9.77,2.0,3.0,1.68,1.82,0.31,0.33,6393.0,6656.0
16430.0,-1.4800000000000182,137.0,141.0,74.0,56.0,0.0,0.0,-3.57,-8.91,2.0,3.0,1.45,1.59,0.32,0.25,6516.0,6695.0
16435.0,-1.4800000000000182,139.0,142.0,85.0,58.0,0.0,0.0,1.28,-6.35,2.0,3.0,1.39,1.83,0.54,0.3,6608.0,6706.0
16440.0,-1.4800000000000182,140.0,142.0,88.0,66.0,0.0,0.0,-3.84,-0.28,2.0,3.0,1.41,1.44,0.58,0.33,6670.0,6808.0
16445.0,-1.4800000000000182,142.0,143.0,88.0,75.0,0.0,0.0,-2.83,4.63,2.0,3.0,1.39,1.65,0.47,0.43,6810.0,6985.0
16450.0,-1.5,144.0,144.0,92.0,78.0,0.0,0.0,-4.35,4.77,2.0,3.0,1.38,1.56,0.44,0.42,6751.0,6888.0
16455.0,-1.4800000000000182,145.0,146.0,89.0,76.0,0.0,0.0,-4.49,-0.28,2.0,3.0,1.37,1.41,0.5,0.43,6848.0,7086.0
16460.0,-1.4800000000000182,147.0,147.0,91.0,96.0,0.0,0.0,-3.09,2.16,2.0,3.0,1.22,1.53,0.48,0.46,6956.0,7130.0
16465.0,-1.4800000000000182,148.0,148.0,88.0,98.0,0.0,0.0,-3.21,4.71,2.0,3.0,1.38,1.41,0.47,0.52,7062.0,7141.0
16470.0,-1.4800000000000182,150.0,150.0,89.0,99.0,0.0,0.0,-3.08,3.98,2.0,3.0,1.36,1.36,0.42,0.52,7109.0,7229.0
16475.0,-1.4800000000000182,151.0,151.0,90.0,99.0,0.0,0.0,-2.37,-1.8,2.0,3.0,1.44,1.56,0.42,0.54,7138.0,7222.0
16480.0,-1.4800000000000182,152.0,153.0,0.0,100.0,0.0,0.0,-1.08,-0.17,0.0,3.0,1.52,1.62,-0.13,0.38,6775.0,7273.0
16485.0,-1.4800000000000182,153.0,154.0,97.0,100.0,0.0,0.0,-2.45,1.52,3.0,3.0,1.28,0.99,0.52,0.18,5821.0,7345.0
16490.0,-1.4800000000000182,155.0,156.0,100.0,100.0,0.0,0.0,-2.77,-1.19,3.0,3.0,1.17,0.74,0.46,0.47,5862.0,7529.0
16495.0,-1.5,156.0,157.0,99.0,100.0,0.0,0.0,-2.82,-1.49,3.0,3.0,0.48,0.51,0.35,0.58,6041.0,7718.0
16500.0,-1.5,159.0,159.0,100.0,100.0,0.0,0.0,-2.13,-0.44,3.0,3.0,0.93,0.59,0.57,0.63,5962.0,7416.0
16505.0,-1.4799999999999045,160.0,161.0,100.0,100.0,0.0,0.0,0.27,-3.3,3.0,3.0,0.71,0.42,0.42,0.3,5988.0,7465.0
16510.0,-1.5,162.0,163.0,100.0,100.0,0.0,0.0,0.39,-4.72,3.0,3.0,0.47,0.33,0.41,0.55,6093.0,7677.0
16515.0,-1.4800000000000182,164.0,165.0,100.0,100.0,0.0,0.0,1.67,-2.74,3.0,3.0,0.26,0.34,0.58,0.52,6091.0,7651.0
16520.0,-1.5,166.0,166.0,100.0,100.0,0.0,0.0,-0.36,-1.21,3.0,3.0,0.07,0.16,0.58,0.41,6297.0,7920.0
16525.0,-1.5,167.0,168.0,100.0,100.0,0.0,0.0,0.17,-1.65,3.0,3.0,-0.13,0.23,0.48,0.31,6295.0,7926.0
16530.0,-1.5,169.0,170.0,100.0,100.0,0.0,0.0,-0.22,-2.43,3.0,3.0,-0.14,0.04,0.5,0.57,6306.0,8003.0
16535.0,-1.5,171.0,172.0,100.0,100.0,0.0,0.0,-1.97,-3.24,3.0,3.0,0.06,0.25,0.64,0.54,6421.0,8024.0
16540.0,-1.5,173.0,174.0,100.0,100.0,0.0,0.0,-1.78,-1.28,3.0,3.0,0.22,0.27,0.58,0.51,6407.0,7984.0
16545.0,-1.5,174.0,175.0,100.0,100.0,0.0,0.0,0.54,0.16,3.0,3.0,0.13,0.24,0.49,0.49,6524.0,8124.0
16550.0,-1.4800000000000182,176.0,177.0,100.0,100.0,0.0,0.0,0.77,1.66,3.0,3.0,0.0,0.08,0.53,0.47,6514.0,8161.0
16555.0,-1.4800000000000182,178.0,178.0,100.0,100.0,0.0,0.0,0.27,2.56,3.0,3.0,-0.03,-0.07,0.45,0.13,6617.0,8283.0
16560.0,-1.5,180.0,180.0,100.0,100.0,0.0,0.0,-0.13,1.56,3.0,3.0,-0.05,-0.38,0.45,0.45,6646.0,8280.0
16565.0,-1.5,181.0,182.0,100.0,100.0,0.0,0.0,0.1,1.23,3.0,3.0,-0.04,-0.54,0.47,0.45,6721.0,8370.0
16570.0,-1.4800000000000182,183.0,183.0,100.0,100.0,0.0,0.0,-0.04,0.11,3.0,3.0,-0.01,-0.45,0.42,0.41,6743.0,8425.0
16575.0,-1.5,184.0,184.0,100.0,100.0,0.0,0.0,-0.14,-0.87,3.0,3.0,-0.01,-0.33,0.45,0.42,6803.0,8481.0
16580.0,-1.5,185.0,186.0,81.0,86.0,16.0,14.0,-0.39,-1.93,3.0,3.0,0.02,-0.04,0.09,0.13,6787.0,8455.0
16585.0,-1.5,181.0,182.0,0.0,0.0,100.0,100.0,-0.99,-3.55,3.0,3.0,0.1,0.36,-1.98,-1.92,6281.0,7909.0
16590.0,-1.5,174.0,174.0,69.0,0.0,100.0,100.0,-2.27,-2.97,0.0,3.0,0.35,0.72,-2.0,-1.91,6988.0,7647.0
16595.0,-1.5,166.0,167.0,0.0,0.0,100.0,100.0,-4.92,-2.29,2.0,3.0,0.51,0.69,-1.9,-1.89,6824.0,7066.0
16600.0,-1.5,160.0,161.0,0.0,0.0,100.0,100.0,-7.0,-5.64,2.0,0.0,0.56,0.54,-1.66,-1.36,6478.0,8210.0
16605.0,-1.5,153.0,154.0,0.0,0.0,100.0,100.0,-8.26,-9.51,2.0,2.0,0.76,0.85,-1.76,-1.83,5985.0,7600.0
16610.0,-1.5,145.0,147.0,0.0,0.0,99.0,100.0,-7.07,-10.33,2.0,2.0,1.06,1.15,-1.74,-1.64,5766.0,7426.0
16615.0,-1.5199999999999818,137.0,139.0,0.0,0.0,61.0,100.0,-12.0,-11.11,2.0,2.0,1.69,1.58,-1.41,-1.7,5489.0,6802.0
16620.0,-1.5,132.0,132.0,0.0,0.0,41.0,36.0,-14.03,-11.58,2.0,2.0,1.45,1.35,-0.95,-0.9,5630.0,6695.0
16625.0,-1.5,127.0,128.0,0.0,0.0,9.0,3.0,-15.35,-12.1,2.0,2.0,1.89,1.87,-0.6,-0.35,5475.0,6965.0
16630.0,-1.5200000000000955,125.0,126.0,6.0,0.0,0.0,0.0,-15.66,-12.04,2.0,2.0,1.71,1.83,-0.1,-0.15,5546.0,6922.0
16635.0,-1.5199999999999818,123.0,124.0,23.0,18.0,0.0,0.0,-16.29,-11.33,2.0,2.0,2.58,2.8,-0.03,-0.05,5590.0,6954.0
16640.0,-1.5,123.0,122.0,29.0,8.0,0.0,0.0,-16.68,-12.29,2.0,2.0,2.02,2.04,0.02,-0.12,5495.0,6737.0
16645.0,-1.5199999999999818,122.0,120.0,8.0,0.0,9.0,10.0,-17.88,-13.13,2.0,2.0,1.53,1.28,-0.19,-0.24,5389.0,6467.0
16650.0,-1.5,118.0,115.0,0.0,24.0,18.0,9.0,-19.36,-13.58,2.0,2.0,2.48,2.98,-1.63,-0.38,5203.0,6491.0
16655.0,-1.5,116.0,116.0,52.0,63.0,12.0,6.0,-20.04,-14.93,2.0,2.0,1.95,1.56,-0.16,0.19,5258.0,6746.0
16660.0,-1.5,115.0,117.0,48.0,49.0,11.0,10.0,-20.5,-15.09,2.0,2.0,1.78,1.96,-0.11,0.06,5291.0,6666.0
16665.0,-1.5199999999999818,115.0,117.0,62.0,52.0,5.0,9.0,-19.05,-14.55,2.0,2.0,2.69,2.38,0.16,0.07,5259.0,6721.0
16670.0,-1.5,116.0,118.0,60.0,51.0,0.0,1.0,-15.92,-13.65,2.0,2.0,1.97,2.07,0.22,0.03,5364.0,6920.0
16675.0,-1.5,117.0,119.0,72.0,57.0,0.0,0.0,-11.45,-12.33,2.0,2.0,2.33,2.22,0.39,0.33,5351.0,6734.0
16680.0,-1.5199999999999818,119.0,119.0,74.0,52.0,0.0,0.0,-10.33,-10.59,2.0,2.0,1.95,1.82,0.88,0.79,5798.0,7228.0
16685.0,-1.5,120.0,121.0,97.0,54.0,0.0,0.0,-10.05,-8.43,2.0,2.0,1.94,1.88,0.04,0.68,6235.0,7275.0
16690.0,-1.5199999999999818,123.0,122.0,85.0,58.0,0.0,0.0,-2.71,-3.89,2.0,2.0,1.1,1.34,0.4,0.37,5915.0,6976.0
16695.0,-1.5199999999999818,124.0,122.0,100.0,72.0,0.0,0.0,-0.17,0.2,2.0,2.0,1.06,0.89,0.12,0.08,7216.0,8235.0
16700.0,-1.5,124.0,123.0,100.0,86.0,0.0,0.0,1.11,0.62,2.0,2.0,0.62,0.59,0.07,0.69,7386.0,8412.0
16705.0,-1.5,128.0,127.0,100.0,100.0,0.0,0.0,-3.28,-3.58,2.0,2.0,1.08,0.71,0.66,0.54,5855.0,7358.0
16710.0,-1.5,130.0,130.0,89.0,100.0,0.0,0.0,-5.3,-4.39,2.0,2.0,0.95,1.15,0.68,1.04,6305.0,7727.0
16715.0,-1.5,133.0,133.0,100.0,100.0,0.0,0.0,-4.89,-2.77,2.0,2.0,1.01,0.94,0.61,0.6,6169.0,7640.0
16720.0,-1.5,136.0,135.0,95.0,100.0,0.0,0.0,-4.79,-3.56,2.0,2.0,0.74,0.75,0.52,0.55,6468.0,8141.0
16725.0,-1.5,138.0,138.0,97.0,100.0,0.0,0.0,-3.9,-2.7,2.0,2.0,1.2,1.37,0.62,0.69,6497.0,8000.0
16730.0,-1.5,141.0,141.0,98.0,100.0,0.0,0.0,-3.42,-2.69,2.0,2.0,0.82,0.7,0.48,0.38,6595.0,8293.0
16735.0,-1.5,143.0,143.0,95.0,100.0,0.0,0.0,-3.28,-2.92,2.0,2.0,1.29,1.35,0.73,0.65,6767.0,8305.0
16740.0,-1.5,146.0,144.0,100.0,0.0,0.0,0.0,-3.31,-3.42,2.0,0.0,1.36,1.21,0.52,-0.08,6733.0,8076.0
16745.0,-1.5199999999999818,148.0,146.0,99.0,100.0,0.0,0.0,-3.43,-3.49,2.0,3.0,0.85,0.95,0.41,0.48,6948.0,6919.0
16750.0,-1.5199999999999818,151.0,149.0,100.0,100.0,0.0,0.0,-3.67,-3.27,2.0,3.0,1.09,1.22,0.54,0.52,6969.0,6957.0
16755.0,-1.5,153.0,151.0,100.0,100.0,0.0,0.0,-3.57,-2.65,2.0,3.0,1.22,1.24,0.56,0.48,7004.0,7012.0
16760.0,-1.5,154.0,153.0,0.0,100.0,0.0,0.0,-3.58,-2.5,0.0,3.0,1.13,1.15,-0.1,0.48,6722.0,7079.0
16765.0,-1.5,155.0,155.0,100.0,100.0,0.0,0.0,-3.29,-2.65,3.0,3.0,0.95,0.98,0.51,0.47,5819.0,7151.0
16770.0,-1.5,158.0,157.0,100.0,100.0,0.0,0.0,-3.22,-2.84,3.0,3.0,0.91,0.82,0.5,0.48,5848.0,7224.0
16775.0,-1.5,159.0,158.0,100.0,100.0,0.0,0.0,-3.49,-3.23,3.0,3.0,0.72,0.8,0.45,0.48,6116.0,7527.0
16780.0,-1.5,161.0,160.0,100.0,100.0,0.0,0.0,-3.3,-2.51,3.0,3.0,1.07,1.13,0.48,0.51,6023.0,7432.0
16785.0,-1.5,163.0,162.0,100.0,100.0,0.0,0.0,-2.4,-1.11,3.0,3.0,0.76,0.74,0.5,0.5,6088.0,7513.0
16790.0,-1.4800000000000182,165.0,164.0,95.0,100.0,0.0,0.0,-1.96,-0.38,3.0,3.0,0.44,0.5,0.29,0.54,6502.0,7931.0
16795.0,-1.5,167.0,166.0,100.0,100.0,0.0,0.0,-1.91,0.08,3.0,3.0,0.62,0.57,0.45,0.52,6341.0,7774.0
16800.0,-1.5,168.0,168.0,99.0,100.0,0.0,0.0,-1.81,-1.07,3.0,3.0,0.43,0.36,0.44,0.39,6527.0,7931.0
16805.0,-1.4800000000000182,170.0,170.0,99.0,100.0,0.0,0.0,-1.6,-0.92,3.0,3.0,0.91,0.78,0.63,0.67,6625.0,7938.0
16810.0,-1.5,172.0,172.0,100.0,100.0,0.0,0.0,-0.86,-0.84,3.0,3.0,1.22,0.77,0.52,0.5,6387.0,7882.0
16815.0,-1.5,174.0,173.0,100.0,100.0,0.0,0.0,-0.87,-0.92,3.0,3.0,0.81,0.54,0.48,0.48,6460.0,8007.0
16820.0,-1.5,176.0,175.0,100.0,100.0,0.0,0.0,-0.74,-1.3,3.0,3.0,0.5,0.5,0.46,0.47,6548.0,8086.0
16825.0,-1.5,177.0,177.0,100.0,100.0,0.0,0.0,-1.37,-1.18,3.0,3.0,0.51,0.54,0.48,0.49,6550.0,8115.0
16830.0,-1.4800000000000182,179.0,179.0,100.0,100.0,0.0,0.0,-1.2,-1.22,3.0,3.0,0.36,0.48,0.42,0.45,6674.0,8274.0
16835.0,-1.4800000000000182,181.0,180.0,100.0,100.0,0.0,0.0,-1.17,-1.1,3.0,3.0,0.4,0.5,0.46,0.45,6667.0,8276.0
16840.0,-1.4800000000000182,182.0,182.0,100.0,100.0,0.0,0.0,-1.03,-1.07,3.0,3.0,0.39,0.51,0.45,0.48,6755.0,8356.0
16845.0,-1.5,184.0,183.0,100.0,100.0,0.0,0.0,-0.99,-1.14,3.0,3.0,0.3,0.42,0.41,0.4,6815.0,8427.0
16850.0,-1.5,185.0,183.0,100.0,100.0,0.0,0.0,-0.85,-1.05,3.0,4.0,0.38,0.44,0.49,0.94,6838.0,7894.0
16855.0,-1.5,187.0,185.0,100.0,100.0,0.0,0.0,-0.8,-0.95,3.0,4.0,0.32,0.51,0.42,0.42,6882.0,7017.0
16860.0,-1.5,188.0,187.0,100.0,100.0,0.0,0.0,-0.8,-0.93,3.0,4.0,0.29,0.42,0.39,0.36,6973.0,7187.0
16865.0,-1.4799999999999045,190.0,188.0,100.0,100.0,0.0,0.0,-0.69,-0.75,3.0,4.0,0.28,0.46,0.4,0.38,6980.0,7181.0
16870.0,-1.4800000000000182,191.0,189.0,100.0,100.0,0.0,0.0,-0.6,-0.72,3.0,4.0,0.24,0.32,0.39,0.3,7070.0,7298.0
16875.0,-1.490000000000009,192.0,190.0,100.0,100.0,0.0,0.0,-0.38,-0.585,3.0,4.0,0.23,0.39,0.39,0.38,7068.0,7264.0
16880.0,-1.490000000000009,193.5,191.0,100.0,100.0,0.0,0.0,-0.31,-0.63,3.0,4.0,0.16999999999999998,0.28,0.31,0.33,7174.5,7360.0
16885.0,-1.4799999999999045,193.0,193.0,0.0,100.0,0.0,0.0,-0.08,-0.25,0.0,4.0,0.17,0.34,-0.12,0.37,6707.0,7372.0
16890.0,-1.4800000000000182,195.0,194.0,100.0,100.0,0.0,0.0,0.07,0.01,4.0,4.0,0.08,0.19,0.4,0.32,5857.0,7431.0
16895.0,-1.4800000000000182,196.0,195.0,100.0,100.0,0.0,0.0,-0.13,-0.05,4.0,4.0,0.04,0.15,0.37,0.34,5943.0,7511.0
16900.0,-1.4800000000000182,197.0,196.0,100.0,100.0,0.0,0.0,-0.08,-0.03,4.0,4.0,0.03,0.11,0.35,0.36,5930.0,7491.0
16905.0,-1.5,198.0,197.0,100.0,100.0,0.0,0.0,-0.21,0.03,4.0,4.0,0.04,0.07,0.31,0.32,5996.0,7553.0
16910.0,-1.4800000000000182,199.0,198.0,100.0,100.0,0.0,0.0,-0.19,0.61,4.0,4.0,0.06,-0.03,0.33,0.33,5991.0,7585.0
16915.0,-1.5,200.0,199.0,100.0,100.0,0.0,0.0,-0.25,0.66,4.0,4.0,0.06,-0.12,0.34,0.31,6058.0,7645.0
16920.0,-1.4800000000000182,201.0,200.0,100.0,100.0,0.0,0.0,-0.35,0.43,4.0,4.0,0.09,-0.18,0.29,0.31,6044.0,7646.0
16925.0,-1.5,202.0,201.0,100.0,100.0,0.0,0.0,-0.34,0.06,4.0,4.0,0.1,-0.15,0.26,0.28,6085.0,7691.0
16930.0,-1.4800000000000182,203.0,202.0,100.0,100.0,0.0,0.0,-0.37,-0.43,4.0,4.0,0.11,-0.06,0.29,0.28,6106.0,7722.0
16935.0,-1.490000000000009,204.0,203.0,100.0,100.0,0.0,0.0,-0.36,-0.19,4.0,4.0,0.11,-0.01,0.25,0.26,6149.5,7772.0
16940.0,-1.4799999999999045,205.0,204.0,100.0,100.0,0.0,0.0,-0.2,0.11,4.0,4.0,0.14,-0.01,0.25,0.22,6160.0,7815.0
16945.0,-1.4800000000000182,206.0,205.0,100.0,100.0,0.0,0.0,0.08,0.4,4.0,4.0,0.07,0.03,0.23,0.24,6188.0,7828.0
16950.0,-1.4800000000000182,206.0,206.0,100.0,93.0,0.0,5.0,0.36,0.2,4.0,4.0,0.0,-0.12,0.24,0.19,6223.0,7872.0
16955.0,-1.4799999999999045,207.0,205.0,74.0,43.0,10.0,49.0,0.92,0.56,4.0,4.0,-0.06,-0.07,-0.01,-0.72,6180.0,7681.0
16960.0,-1.4800000000000182,205.0,202.0,69.0,0.0,70.0,86.0,2.44,1.57,0.0,4.0,-0.26,-0.21,-1.54,-1.66,7078.0,7203.0
16965.0,-1.4800000000000182,199.0,195.0,0.0,0.0,66.0,99.0,5.43,5.38,3.0,4.0,-0.73,-0.57,-1.57,-1.8,7037.0,6912.0
16970.0,-1.4700000000000273,195.0,189.0,0.0,0.0,11.5,50.0,7.380000000000001,7.9,3.0,4.0,-1.1099999999999999,-0.92,-0.75,-1.3,6876.5,6505.0
16975.0,-1.4699999999999136,194.0,187.0,0.0,5.0,0.0,0.0,7.61,6.075,3.0,4.0,-1.61,-1.615,-0.38,-0.225,6972.0,7032.5
16980.0,-1.4800000000000182,192.0,186.0,0.0,10.0,0.0,0.0,9.47,6.91,3.0,4.0,-1.58,-1.7,-0.35,-0.24,6909.0,7009.0
16985.0,-1.4700000000000273,191.0,185.0,0.0,9.0,0.0,0.0,9.65,9.22,3.0,4.0,-1.93,-1.9,-0.38,-0.25,6856.0,6956.0
16990.0,-1.4600000000000364,189.0,184.0,0.0,20.0,0.0,0.0,10.77,8.2,3.0,4.0,-1.31,-1.26,-0.34,-0.18,6800.0,6952.0
16995.0,-1.4599999999999227,188.0,183.0,0.0,16.0,0.0,0.0,12.71,10.42,3.0,4.0,-1.63,-1.75,-0.37,-0.16,6733.0,6925.0
17000.0,-1.4599999999999227,186.0,182.0,0.0,18.0,0.0,0.0,13.43,10.61,3.0,4.0,-1.79,-1.92,-0.36,-0.17,6687.0,6877.0
17005.0,-1.4600000000000364,185.0,181.0,12.0,43.0,0.0,0.0,13.99,11.0,3.0,4.0,-1.41,-1.42,-0.19,0.01,6705.0,6944.0
17010.0,-1.4600000000000364,184.0,181.0,67.0,79.0,0.0,0.0,15.18,11.74,3.0,4.0,-1.87,-1.52,-0.05,0.18,6885.0,7251.0
17015.0,-1.4600000000000364,184.0,182.0,76.0,97.0,0.0,0.0,14.99,10.46,3.0,4.0,-2.67,-2.77,0.02,0.29,6741.0,7019.0
17020.0,-1.4399999999999409,183.0,182.0,69.0,70.0,0.0,0.0,14.96,9.86,3.0,4.0,-2.07,-1.9,-0.03,0.08,6757.0,7108.0
17025.0,-1.4399999999999409,183.0,182.0,47.0,54.0,0.0,0.0,14.7,7.32,3.0,4.0,-2.31,-2.53,0.07,0.12,6724.0,7052.0
17030.0,-1.4400000000000546,182.0,181.0,53.0,55.0,0.0,0.0,13.99,-0.68,3.0,4.0,-2.45,-2.42,-0.01,0.14,6701.0,6985.0
17035.0,-1.4400000000000546,182.0,181.0,65.0,57.0,0.0,0.0,13.4,-4.03,3.0,4.0,-2.28,-1.86,0.04,0.18,6757.0,6994.0
17040.0,-1.4399999999999409,181.0,181.0,88.0,54.0,0.0,0.0,11.6,-5.7,3.0,4.0,-0.95,-1.26,-0.13,0.03,6949.0,7225.0
17045.0,-1.4399999999999409,182.0,181.0,82.0,56.0,0.0,0.0,8.88,-4.42,3.0,4.0,-2.02,-1.7,0.34,0.21,6844.0,6957.0
17050.0,-1.4399999999999409,182.0,181.0,80.0,74.0,0.0,0.0,7.19,9.1,3.0,4.0,-0.29,-0.5,-0.15,-0.19,7123.0,7494.0
17055.0,-1.4400000000000546,182.0,182.0,91.0,99.0,0.0,0.0,4.89,9.13,3.0,4.0,-1.84,-1.42,0.42,0.59,7004.0,7316.0
17060.0,-1.4400000000000546,183.0,183.0,97.0,100.0,0.0,0.0,3.6,4.83,3.0,4.0,-1.59,-1.24,0.33,0.25,6903.0,7112.0
17065.0,-1.4499999999999318,183.0,184.0,93.0,100.0,0.0,0.0,5.26,4.365,3.0,4.0,-0.94,-0.89,0.28,0.22,7014.0,7351.5
17070.0,-1.4599999999999227,184.0,185.0,96.0,100.0,0.0,0.0,6.23,3.06,3.0,4.0,-1.85,-1.64,0.36,0.4,6969.0,7274.0
17075.0,-1.4600000000000364,185.0,186.0,100.0,100.0,0.0,0.0,5.17,0.43,3.0,4.0,-1.88,-1.89,0.37,0.31,6909.0,7154.0
17080.0,-1.4600000000000364,186.0,186.0,100.0,100.0,0.0,0.0,5.21,0.28,3.0,4.0,-1.39,-1.3,0.31,0.28,6976.0,7259.0
17085.0,-1.4600000000000364,187.0,187.0,100.0,100.0,0.0,0.0,4.42,1.13,3.0,4.0,-1.49,-1.46,0.34,0.36,6939.0,7238.0
17090.0,-1.4399999999999409,188.0,188.0,100.0,100.0,0.0,0.0,4.5,5.64,3.0,4.0,-1.7,-1.71,0.4,0.34,7012.0,7205.0
17095.0,-1.4499999999999886,189.0,189.0,100.0,100.0,0.0,0.0,4.82,3.935,3.0,4.0,-1.07,-1.005,0.26,0.22,7003.0,7332.0
17100.0,-1.4600000000000364,189.0,190.0,100.0,100.0,0.0,0.0,4.51,2.97,3.0,4.0,-1.53,-1.61,0.43,0.52,7083.0,7389.0
17105.0,-1.4600000000000364,190.0,191.0,0.0,100.0,0.0,0.0,4.94,1.96,0.0,4.0,-1.55,-1.67,-0.41,0.29,6951.0,7344.0
17110.0,-1.4399999999999409,190.0,192.0,100.0,100.0,0.0,0.0,4.61,0.97,4.0,4.0,-1.25,-1.21,0.52,0.3,5958.0,7397.0
17115.0,-1.4600000000000364,191.0,192.0,100.0,100.0,0.0,0.0,4.54,1.05,4.0,4.0,-0.79,-0.8,0.33,0.34,5832.0,7440.0
17120.0,-1.4600000000000364,192.0,193.0,98.0,100.0,0.0,0.0,4.86,1.6,4.0,4.0,-0.89,-0.82,0.26,0.37,6229.0,7734.0
17125.0,-1.4600000000000364,193.0,195.0,100.0,100.0,0.0,0.0,6.32,3.05,4.0,4.0,-1.28,-1.02,0.33,0.33,5878.0,7474.0
17130.0,-1.4599999999999227,194.0,195.0,98.0,100.0,0.0,0.0,6.29,5.46,4.0,4.0,-1.08,-0.97,0.26,0.3,6111.0,7619.0
17135.0,-1.4600000000000364,195.0,196.0,100.0,100.0,0.0,0.0,5.04,7.92,4.0,4.0,-1.21,-0.97,0.28,0.31,6003.0,7649.0
17140.0,-1.4500000000000455,195.5,197.0,97.5,86.0,0.0,0.0,6.14,7.87,4.0,4.0,-1.16,-1.25,0.275,0.28,6120.0,7734.0
17145.0,-1.4600000000000364,196.0,198.0,100.0,66.0,0.0,0.0,3.46,7.64,4.0,4.0,-1.33,-1.33,0.33,0.17,6046.0,7664.0
17150.0,-1.4599999999999227,197.0,198.0,100.0,49.0,0.0,0.0,4.07,8.37,4.0,4.0,-1.52,-1.84,0.39,0.09,6078.0,7611.0
17155.0,-1.4600000000000364,198.0,198.0,100.0,48.0,0.0,0.0,5.01,8.79,4.0,4.0,-1.18,-1.45,0.28,0.08,6054.0,7601.0
17160.0,-1.4600000000000364,199.0,198.0,88.0,53.0,0.0,0.0,8.83,8.63,4.0,4.0,-1.23,-1.23,0.34,0.12,6201.0,7740.0
17165.0,-1.4599999999999227,199.0,198.0,88.0,50.0,0.0,0.0,10.15,9.19,4.0,4.0,-1.37,-1.37,0.31,0.17,6150.0,7667.0
17170.0,-1.4599999999999227,200.0,198.0,92.0,45.0,0.0,0.0,6.91,10.25,4.0,4.0,-1.12,-1.48,0.3,0.09,6288.0,7679.0
17175.0,-1.4600000000000364,201.0,198.0,98.0,47.0,0.0,0.0,6.34,10.86,4.0,4.0,-1.74,-1.84,0.42,0.15,6156.0,7599.0
17180.0,-1.4600000000000364,202.0,198.0,88.0,49.0,0.0,0.0,9.31,11.79,4.0,4.0,-1.24,-1.36,0.27,0.1,6191.0,7609.0
17185.0,-1.4399999999999409,202.0,198.0,82.0,51.0,0.0,0.0,10.37,12.32,4.0,4.0,-1.54,-1.91,0.28,0.21,6305.0,7635.0
17190.0,-1.4600000000000364,203.0,198.0,80.0,56.0,0.0,0.0,11.64,12.44,4.0,4.0,-1.84,-1.83,0.28,0.17,6182.0,7590.0
17195.0,-1.4400000000000546,203.0,198.0,57.0,65.0,0.0,0.0,12.47,12.25,4.0,4.0,-1.56,-1.34,0.23,0.24,6177.0,7643.0
17200.0,-1.4600000000000364,203.0,198.0,51.0,83.0,0.0,0.0,14.29,12.29,4.0,4.0,-1.17,-0.92,0.17,0.24,6339.0,7934.0
17205.0,-1.4399999999999409,204.0,199.0,55.0,97.0,0.0,0.0,14.83,9.94,4.0,4.0,-1.85,-1.73,0.25,0.51,6247.0,7911.0
17210.0,-1.4500000000000455,204.0,200.0,60.5,100.0,0.0,0.0,15.370000000000001,6.74,4.0,4.0,-1.725,-1.75,0.165,0.37,6202.0,7776.0
17215.0,-1.4400000000000546,204.0,201.0,64.0,100.0,0.0,0.0,15.88,4.77,4.0,4.0,-1.83,-1.63,0.27,0.39,6189.0,7838.0
17220.0,-1.4399999999999409,205.0,202.0,73.0,100.0,0.0,0.0,16.28,5.01,4.0,4.0,-1.77,-1.62,0.24,0.4,6233.0,7869.0
17225.0,-1.4399999999999409,205.0,203.0,78.0,100.0,0.0,0.0,16.48,6.2,4.0,4.0,-1.43,-1.51,0.23,0.43,6295.0,7988.0
17230.0,-1.4400000000000546,206.0,203.0,77.0,100.0,0.0,0.0,16.76,6.52,4.0,4.0,-1.01,-0.97,0.19,0.3,6314.0,8078.0
17235.0,-1.4399999999999977,206.0,204.0,72.5,100.0,0.0,0.0,16.915,7.595000000000001,4.0,4.0,-0.97,-1.22,0.26,0.48,6532.5,8270.0
17240.0,-1.4399999999999409,207.0,205.0,78.0,100.0,0.0,0.0,16.68,7.46,4.0,4.0,-1.92,-2.2,0.19,0.43,6330.0,8017.0
17245.0,-1.4400000000000546,207.0,206.0,83.0,100.0,0.0,0.0,15.92,6.53,4.0,4.0,-1.99,-1.81,0.26,0.39,6269.0,7979.0
17250.0,-1.4300000000000068,208.0,207.0,80.0,100.0,0.0,0.0,15.515,6.71,4.0,4.0,-1.745,-1.89,0.24,0.44,6411.0,8226.0
17255.0,-1.4399999999999409,209.0,208.0,83.0,100.0,0.0,0.0,14.13,6.24,4.0,4.0,-2.3,-2.34,0.28,0.44,6302.0,8046.0
17260.0,-1.4400000000000546,209.0,208.0,82.0,100.0,0.0,0.0,13.63,5.91,4.0,4.0,-2.78,-2.79,0.29,0.42,6324.0,8032.0
17265.0,-1.4300000000000637,209.0,209.0,82.0,100.0,0.0,0.0,12.280000000000001,5.41,4.0,4.0,-2.24,-1.89,0.255,0.36,6324.0,8079.0
17270.0,-1.4399999999999409,210.0,209.0,78.0,100.0,0.0,0.0,12.2,5.32,4.0,4.0,-1.74,-1.54,0.26,0.29,6437.0,8221.0
17275.0,-1.4400000000000546,210.0,210.0,82.0,100.0,0.0,0.0,11.18,5.05,4.0,4.0,-2.32,-2.17,0.29,0.41,6381.0,8178.0
17280.0,-1.4200000000000728,210.0,211.0,83.0,100.0,0.0,0.0,11.15,5.14,4.0,4.0,-2.15,-2.22,0.28,0.34,6380.0,8146.0
17285.0,-1.4399999999999409,211.0,211.0,86.0,100.0,0.0,0.0,10.66,5.41,4.0,4.0,-2.6,-2.49,0.28,0.39,6372.0,8159.0
17290.0,-1.4399999999999409,211.0,212.0,88.0,100.0,0.0,0.0,10.71,4.91,4.0,4.0,-2.63,-2.7,0.26,0.37,6373.0,8147.0
17295.0,-1.4400000000000546,211.0,212.0,88.0,100.0,0.0,0.0,10.99,5.81,4.0,4.0,-2.61,-2.79,0.26,0.35,6386.0,8163.0
17300.0,-1.4300000000000068,212.0,213.0,92.5,100.0,0.0,0.0,10.665,5.35,4.0,4.0,-2.73,-2.69,0.265,0.33,6376.0,8152.0
17305.0,-1.4399999999999409,212.0,213.0,91.0,100.0,0.0,0.0,10.6,4.87,4.0,4.0,-2.44,-2.5,0.21,0.3,6409.0,8200.0
17310.0,-1.4400000000000546,212.0,213.0,96.0,100.0,0.0,0.0,9.95,4.24,4.0,4.0,-2.69,-2.59,0.28,0.33,6389.0,8177.0
17315.0,-1.4399999999999409,213.0,214.0,92.0,100.0,0.0,0.0,10.33,4.16,4.0,4.0,-1.97,-1.81,0.18,0.24,6430.0,8253.0
17320.0,-1.4399999999999409,213.0,215.0,89.0,100.0,0.0,0.0,10.395,4.615,4.0,4.0,-2.06,-1.95,0.23,0.34,6461.5,8286.5
17325.0,-1.4400000000000546,213.0,215.0,89.0,100.0,0.0,0.0,10.16,4.0,4.0,4.0,-2.21,-2.11,0.19,0.28,6475.0,8279.0
17330.0,-1.4400000000000546,214.0,216.0,94.0,100.0,0.0,0.0,8.88,3.99,4.0,4.0,-2.25,-2.04,0.25,0.3,6464.0,8284.0
17335.0,-1.4399999999999409,214.0,216.0,94.0,0.0,0.0,0.0,7.97,3.87,4.0,0.0,-2.17,-2.11,0.21,0.26,6524.0,8285.0
17340.0,-1.4400000000000546,214.0,215.0,100.0,80.0,0.0,0.0,6.89,3.72,4.0,4.0,-2.42,-2.16,0.29,-0.18,6456.0,8063.0
17345.0,-1.4500000000000455,215.0,216.0,100.0,100.0,0.0,0.0,6.57,3.755,4.0,5.0,-1.72,-1.64,0.2,0.24,6577.0,7020.5
17350.0,-1.4399999999999409,215.0,217.0,100.0,100.0,0.0,0.0,6.16,3.67,4.0,5.0,-2.1,-1.98,0.24,0.25,6522.0,7031.0
17355.0,-1.4400000000000546,216.0,217.0,100.0,100.0,0.0,0.0,5.39,3.46,4.0,5.0,-1.79,-1.98,0.25,0.22,6528.0,7017.0
17360.0,-1.4400000000000546,216.0,218.0,100.0,100.0,0.0,0.0,5.14,2.91,4.0,5.0,-1.79,-1.81,0.29,0.25,6536.0,7030.0
17365.0,-1.4399999999999409,217.0,218.0,100.0,100.0,0.0,0.0,4.91,1.39,4.0,5.0,-1.68,-1.63,0.28,0.23,6569.0,7060.0
17370.0,-1.4500000000000455,217.5,219.0,100.0,100.0,0.0,0.0,4.63,1.74,4.0,5.0,-1.6549999999999998,-1.71,0.265,0.25,6568.5,7057.0
17375.0,-1.4600000000000364,218.0,219.0,100.0,100.0,0.0,0.0,4.53,1.59,4.0,5.0,-1.31,-1.29,0.21,0.2,6592.0,7086.0
17380.0,-1.4599999999999227,219.0,220.0,100.0,100.0,0.0,0.0,3.47,1.47,4.0,5.0,-1.27,-1.25,0.24,0.25,6615.0,7103.0
17385.0,-1.4500000000000455,220.0,220.0,100.0,100.0,0.0,0.0,2.49,1.245,4.0,5.0,-1.13,-0.9950000000000001,0.24,0.21000000000000002,6629.0,7102.5
17390.0,-1.4400000000000546,220.0,221.0,100.0,100.0,0.0,0.0,1.8,1.19,4.0,5.0,-0.82,-0.78,0.15,0.18,6759.0,7237.0
17395.0,-1.4399999999999409,221.0,221.0,100.0,100.0,0.0,0.0,1.0,-0.1,4.0,5.0,-0.94,-0.83,0.24,0.24,6655.0,7141.0
17400.0,-1.4400000000000546,221.0,222.0,100.0,100.0,0.0,0.0,0.28,-0.58,4.0,5.0,-0.63,-0.57,0.26,0.21,6701.0,7173.0
17405.0,-1.4399999999999409,222.0,223.0,100.0,100.0,0.0,0.0,0.13,-0.4,4.0,5.0,-0.37,-0.31,0.22,0.01,6745.0,7309.0
17410.0,-1.4399999999999409,223.0,223.0,100.0,100.0,0.0,0.0,0.02,-0.47,4.0,5.0,-0.34,-0.3,0.29,0.25,6697.0,7168.0
17415.0,-1.4400000000000546,224.0,224.0,100.0,100.0,0.0,0.0,0.16,-0.27,4.0,5.0,-0.09,-0.11,0.03,0.15,6743.0,7265.0
17420.0,-1.4399999999999409,224.0,225.0,100.0,100.0,0.0,0.0,0.1,-0.12,4.0,5.0,-0.09,-0.04,0.36,0.37,6743.0,7300.0
17425.0,-1.4400000000000546,225.0,225.0,100.0,100.0,0.0,0.0,-0.07,0.04,4.0,5.0,-0.04,-0.01,0.23,0.18,6785.0,7248.0
17430.0,-1.4400000000000546,226.0,226.0,100.0,100.0,0.0,0.0,-0.09,0.25,4.0,5.0,0.0,-0.02,0.27,0.23,6807.0,7279.0
17435.0,-1.4399999999999409,227.0,227.0,100.0,100.0,0.0,0.0,0.0,0.26,4.0,5.0,0.02,0.0,0.23,0.25,6815.0,7311.0
17440.0,-1.4400000000000546,227.0,227.0,100.0,100.0,0.0,0.0,0.08,0.32,4.0,5.0,0.02,-0.06,0.23,0.23,6856.0,7354.0
17445.0,-1.4400000000000546,228.0,228.0,100.0,100.0,0.0,0.0,0.08,0.73,4.0,5.0,0.0,-0.09,0.26,0.17,6905.0,7379.0
17450.0,-1.4399999999999409,229.0,228.0,100.0,100.0,0.0,0.0,-0.07,0.73,4.0,5.0,0.02,-0.12,0.23,0.26,6913.0,7400.0
17455.0,-1.4400000000000546,229.0,229.0,100.0,100.0,0.0,0.0,-0.04,0.61,4.0,5.0,0.03,-0.19,0.29,0.22,6893.0,7369.0
17460.0,-1.4399999999999409,230.0,230.0,100.0,100.0,0.0,0.0,-0.08,0.36,4.0,5.0,0.04,-0.19,0.23,0.22,6941.0,7413.0
17465.0,-1.4499999999999886,231.0,230.0,100.0,100.0,0.0,0.0,-0.1,0.085,4.0,5.0,0.07,-0.2,0.23,0.235,6933.0,7417.5
17470.0,-1.4500000000000455,231.0,231.0,100.0,100.0,0.0,0.0,-0.12,-0.255,4.0,5.0,0.01,-0.10500000000000001,0.2,0.19,6983.0,7463.0
17475.0,-1.4599999999999227,232.0,231.0,100.0,100.0,0.0,0.0,-0.3,-0.35,4.0,5.0,0.06,-0.03,0.3,0.09,7315.0,7807.0
17480.0,-1.4600000000000364,233.0,232.0,100.0,100.0,0.0,0.0,-0.21,-0.35,4.0,5.0,0.11,0.0,0.25,0.27,6988.0,7464.0
17485.0,-1.4500000000000455,233.0,233.0,100.0,100.0,0.0,0.0,-0.265,-0.39,4.0,5.0,0.11,0.07,0.235,0.2,7020.0,7497.0
17490.0,-1.4499999999999318,233.0,233.0,0.0,100.0,0.0,0.0,-0.39,-0.45,0.0,5.0,0.07500000000000001,0.08,-0.16499999999999998,0.07,6697.0,7679.0
17495.0,-1.4400000000000546,234.0,234.0,100.0,100.0,0.0,0.0,-0.49,-0.41,5.0,5.0,0.16,0.25,0.32,0.27,5973.0,7554.0
17500.0,-1.4399999999999409,234.0,235.0,100.0,100.0,0.0,0.0,-0.4,-0.29,5.0,5.0,0.17,0.3,0.24,0.23,5974.0,7541.0
17505.0,-1.4499999999999886,235.0,235.0,100.0,100.0,0.0,0.0,-0.37,-0.24,5.0,5.0,0.18,0.255,0.23,0.2,6017.0,7584.0
17510.0,-1.4600000000000364,236.0,236.0,100.0,100.0,0.0,0.0,-0.51,-0.4,5.0,5.0,0.16,0.18,0.2,0.17,6054.0,7660.0
17515.0,-1.4499999999999318,236.0,236.0,100.0,100.0,0.0,0.0,-0.33,-0.25,5.0,5.0,0.22999999999999998,0.34,0.27,0.29,6057.0,7635.0
17520.0,-1.4500000000000455,237.0,237.0,100.0,100.0,0.0,0.0,-0.135,0.25,5.0,5.0,0.195,0.28,0.215,0.23,6034.0,7610.0
17525.0,-1.4399999999999409,237.0,238.0,100.0,100.0,0.0,0.0,-0.35,-0.09,5.0,5.0,0.15,0.19,0.18,0.17,6086.0,7683.0
17530.0,-1.4499999999999886,238.0,238.0,100.0,100.0,0.0,0.0,-0.3,-0.10500000000000001,5.0,5.0,0.17,0.20500000000000002,0.22,0.25,6092.0,7713.0
17535.0,-1.4600000000000364,239.0,239.0,100.0,100.0,0.0,0.0,-0.26,-0.06,5.0,5.0,0.18,0.22,0.23,0.23,6086.0,7681.0
17540.0,-1.4499999999999318,239.0,239.0,100.0,100.0,0.0,0.0,-0.21500000000000002,-0.02,5.0,5.0,0.155,0.17,0.21,0.21,6111.0,7700.0
17545.0,-1.4400000000000546,240.0,240.0,100.0,100.0,0.0,0.0,-0.24,0.05,5.0,5.0,0.14,0.14,0.22,0.25,6114.0,7729.0
17550.0,-1.4400000000000546,240.0,241.0,100.0,100.0,0.0,0.0,-0.26,-0.02,5.0,5.0,0.12,0.12,0.22,0.21,6155.0,7777.0
17555.0,-1.4499999999999886,241.0,241.0,100.0,100.0,0.0,0.0,-0.17,0.045,5.0,5.0,0.14,0.10500000000000001,0.22,0.23,6142.0,7754.5
17560.0,-1.4500000000000455,241.5,242.0,100.0,100.0,0.0,0.0,-0.15,-0.04,5.0,5.0,0.07,0.05,0.2,0.2,6164.0,7771.0
17565.0,-1.4399999999999409,242.0,242.0,100.0,100.0,0.0,0.0,-0.35,-0.09,5.0,5.0,0.13,0.09,0.55,0.53,6505.0,7830.0
17570.0,-1.4500000000000455,243.0,243.0,100.0,100.0,0.0,0.0,0.0,0.12,5.0,5.0,0.15,0.07,0.19,0.22,6176.0,7786.5
17575.0,-1.4600000000000364,243.0,243.0,100.0,100.0,0.0,0.0,-0.2,-0.01,5.0,5.0,0.09,0.05,0.13,0.16,6248.0,7843.0
17580.0,-1.4499999999999318,244.0,244.0,100.0,100.0,0.0,0.0,-0.095,0.04,5.0,5.0,0.085,0.04,0.27,0.29,6286.0,8058.0
17585.0,-1.4400000000000546,244.0,245.0,100.0,100.0,0.0,0.0,0.0,0.01,5.0,5.0,0.1,0.06,0.22,0.23,6250.0,7870.0
17590.0,-1.4599999999999227,245.0,245.0,100.0,100.0,0.0,0.0,0.03,0.05,5.0,5.0,0.07,0.06,0.21,0.21,6237.0,7859.0
17595.0,-1.4500000000000455,245.0,246.0,100.0,100.0,0.0,0.0,-0.1,-0.08,5.0,5.0,0.055,0.05,0.17,0.15,6286.0,7914.0
17600.0,-1.4399999999999409,246.0,246.0,100.0,100.0,0.0,0.0,-0.08,0.01,5.0,5.0,0.07,0.04,0.22,0.23,6264.0,7915.0
17605.0,-1.4600000000000364,246.0,247.0,100.0,100.0,0.0,0.0,-0.1,-0.16,5.0,5.0,0.06,0.06,0.17,0.2,6292.0,7919.0
17610.0,-1.4500000000000455,247.0,247.0,100.0,100.0,0.0,0.0,-0.045,-0.19,5.0,5.0,0.05,0.07,0.21000000000000002,0.18,6314.0,7962.0
17615.0,-1.4399999999999409,247.0,248.0,100.0,100.0,0.0,0.0,-0.12,-0.16,5.0,5.0,0.07,0.09,0.21,0.22,6334.0,7979.0
17620.0,-1.4600000000000364,248.0,248.0,100.0,100.0,0.0,0.0,-0.02,-0.1,5.0,5.0,0.06,0.1,0.18,0.21,6316.0,7967.0
17625.0,-1.4499999999999318,248.0,249.0,100.0,100.0,0.0,0.0,-0.03,-0.15,5.0,5.0,0.055,0.11,0.18,0.18,6348.0,8007.0
17630.0,-1.4500000000000455,249.0,249.0,100.0,100.0,0.0,0.0,-0.02,-0.07,5.0,5.0,0.05,0.08499999999999999,0.19,0.18,6363.0,8038.0
17635.0,-1.4600000000000364,249.0,250.0,100.0,100.0,0.0,0.0,0.01,-0.09,5.0,5.0,0.02,0.09,0.19,0.2,6380.0,8050.0
17640.0,-1.4399999999999409,250.0,250.0,100.0,100.0,0.0,0.0,0.02,-0.04,5.0,5.0,0.02,0.1,0.22,0.18,6374.0,8037.0
17645.0,-1.4600000000000364,250.0,251.0,100.0,100.0,0.0,0.0,-0.03,0.07,5.0,5.0,0.03,0.08,0.17,0.17,6386.0,8057.0
17650.0,-1.4499999999999318,251.0,251.0,100.0,100.0,0.0,0.0,-0.025,0.02,5.0,5.0,0.02,0.04,0.16,0.16,6453.0,8142.0
17655.0,-1.4500000000000455,251.0,252.0,100.0,100.0,0.0,0.0,0.01,0.060000000000000005,5.0,5.0,0.01,0.045,0.19,0.195,6409.0,8089.5
17660.0,-1.4599999999999227,252.0,252.0,100.0,100.0,0.0,0.0,0.03,0.02,5.0,5.0,0.0,0.03,0.18,0.18,6429.0,8098.0
17665.0,-1.4400000000000546,252.0,253.0,100.0,100.0,0.0,0.0,-0.06,-0.01,5.0,5.0,0.0,0.02,0.2,0.17,6440.0,8128.0
17670.0,-1.4600000000000364,253.0,253.0,100.0,100.0,0.0,0.0,0.02,0.04,5.0,5.0,0.01,0.03,0.15,0.16,6477.0,8181.0
17675.0,-1.4499999999999318,253.0,254.0,100.0,100.0,0.0,0.0,0.09,0.12,5.0,5.0,0.01,0.01,0.25,0.21,6489.0,8159.0
17680.0,-1.4500000000000455,254.0,254.0,100.0,100.0,0.0,0.0,0.05,0.12,5.0,5.0,0.01,0.0,0.19,0.2,6465.0,8148.5
17685.0,-1.4499999999999318,254.0,254.0,100.0,100.0,0.0,0.0,0.03,0.09,5.0,5.0,0.0,-0.01,0.16999999999999998,0.17,6482.5,8181.0
17690.0,-1.4500000000000455,255.0,255.0,100.0,100.0,0.0,0.0,0.0,0.065,5.0,5.0,0.01,-0.02,0.14,0.15500000000000003,6526.0,8243.0
17695.0,-1.4499999999999318,255.0,255.0,100.0,100.0,0.0,0.0,-0.07,0.03,5.0,5.0,0.01,-0.04,0.195,0.21,6518.0,8223.0
17700.0,-1.4500000000000455,256.0,256.0,100.0,100.0,0.0,0.0,-0.11,-0.02,5.0,5.0,0.02,-0.04,0.18,0.185,6511.0,8208.0
17705.0,-1.4600000000000364,256.0,256.0,100.0,100.0,0.0,0.0,-0.02,-0.02,5.0,5.0,0.02,-0.04,0.16,0.16,6546.0,8237.0
17710.0,-1.4499999999999886,257.0,257.0,100.0,100.0,0.0,0.0,0.05,0.045,5.0,5.0,0.02,-0.03,0.21,0.19,6585.0,8296.5
17715.0,-1.4600000000000364,257.0,257.0,100.0,100.0,0.0,0.0,-0.06,0.05,5.0,5.0,0.02,-0.04,0.18,0.19,6561.0,8265.0
17720.0,-1.4499999999999318,258.0,257.5,100.0,100.0,0.0,0.0,-0.04,0.025,5.0,5.0,0.02,-0.04,0.18,0.18,6577.0,8278.5
17725.0,-1.4600000000000364,258.0,258.0,100.0,100.0,0.0,0.0,-0.01,0.0,5.0,5.0,0.03,-0.04,0.18,0.17,6575.0,8284.0
17730.0,-1.4499999999999318,258.0,258.0,100.0,100.0,0.0,0.0,-0.02,0.025,5.0,5.0,0.03,-0.02,0.16,0.14500000000000002,6614.0,8335.0
17735.0,-1.4600000000000364,259.0,259.0,100.0,100.0,0.0,0.0,0.0,0.02,5.0,5.0,0.03,-0.03,0.23,0.21,6610.0,8338.0
17740.0,-1.4499999999999318,259.0,259.0,100.0,100.0,0.0,0.0,0.04,0.02,5.0,5.0,0.02,-0.035,0.19,0.18,6606.0,8320.0
17745.0,-1.4500000000000455,260.0,260.0,100.0,100.0,0.0,0.0,0.055,-0.01,5.0,5.0,0.005,-0.04,0.185,0.16,6627.0,8342.0
17750.0,-1.4500000000000455,260.0,260.0,100.0,100.0,0.0,0.0,0.04,0.0,5.0,5.0,0.0,-0.03,0.2,0.16999999999999998,6638.0,8365.5
17755.0,-1.4499999999999318,261.0,261.0,100.0,100.0,0.0,0.0,0.005,-0.03,5.0,5.0,0.005,-0.02,0.17,0.17,6643.0,8366.0
17760.0,-1.4500000000000455,261.0,260.0,100.0,0.0,0.0,0.0,0.03,-0.045,5.0,0.0,0.0,-0.015,0.18,-0.215,6660.0,8163.0
17765.0,-1.4499999999999318,262.0,261.0,100.0,100.0,0.0,0.0,0.065,-0.05,5.0,6.0,0.0,-0.02,0.175,0.02,6671.0,7475.0
17770.0,-1.4600000000000364,262.0,261.0,100.0,100.0,0.0,0.0,0.12,-0.07,5.0,6.0,0.0,0.0,0.13,0.17,6708.0,7427.0
17775.0,-1.4499999999999318,262.5,261.0,100.0,100.0,0.0,0.0,0.12,-0.05,5.0,6.0,-0.01,0.0,0.185,0.17,6691.5,7431.0
17780.0,-1.4600000000000364,263.0,262.0,100.0,100.0,0.0,0.0,0.07,-0.17,5.0,6.0,-0.01,0.02,0.16,0.15,6692.0,7422.0
17785.0,-1.4499999999999318,263.0,262.0,100.0,100.0,0.0,0.0,0.08,-0.165,5.0,6.0,-0.01,0.04,0.17,0.135,6706.0,7445.5
17790.0,-1.4600000000000364,264.0,263.0,100.0,100.0,0.0,0.0,0.08,-0.15,5.0,6.0,0.0,0.05,0.12,0.11,6773.0,7520.0
17795.0,-1.4500000000000455,264.0,263.0,100.0,100.0,0.0,0.0,0.08,-0.075,5.0,6.0,-0.02,0.07500000000000001,0.22,0.175,6738.0,7471.0
17800.0,-1.4500000000000455,264.0,263.0,100.0,100.0,0.0,0.0,0.06,0.02,5.0,6.0,-0.025,0.06,0.16,0.15,6725.0,7462.0
17805.0,-1.4500000000000455,265.0,264.0,100.0,100.0,0.0,0.0,0.06,0.0,5.0,6.0,-0.02,0.045,0.15,0.13,6758.0,7496.5
17810.0,-1.4399999999999409,265.0,264.0,100.0,100.0,0.0,0.0,0.08,-0.02,5.0,6.0,-0.03,0.06,0.19,0.15,6756.0,7494.0
17815.0,-1.4600000000000364,266.0,264.0,100.0,100.0,0.0,0.0,0.08,-0.02,5.0,6.0,-0.02,0.05,0.15,0.14,6771.0,7507.0
17820.0,-1.4499999999999318,266.0,265.0,100.0,100.0,0.0,0.0,0.05,-0.025,5.0,6.0,-0.01,0.035,0.16,0.15,6780.0,7520.0
17825.0,-1.4500000000000455,266.0,265.0,100.0,100.0,0.0,0.0,0.04,-0.1,5.0,6.0,-0.02,0.04,0.15500000000000003,0.14,6788.0,7523.0
17830.0,-1.4499999999999318,267.0,265.0,100.0,100.0,0.0,0.0,0.13,-0.055,5.0,6.0,-0.01,0.03,0.13,0.125,6810.0,7553.0
17835.0,-1.4400000000000546,267.0,266.0,100.0,100.0,0.0,0.0,0.11,-0.05,5.0,6.0,-0.03,0.05,0.16,0.16,6820.0,7562.0
17840.0,-1.4499999999999318,267.5,266.0,100.0,100.0,0.0,0.0,0.01,-0.02,5.0,6.0,-0.03,0.02,0.15,0.14,6800.5,7541.0
17845.0,-1.4500000000000455,268.0,266.5,100.0,100.0,0.0,0.0,0.01,-0.045,5.0,6.0,-0.02,0.035,0.15,0.135,6828.0,7563.0
17850.0,-1.4499999999999886,268.0,267.0,100.0,100.0,0.0,0.0,0.09,-0.04,5.0,6.0,-0.015,0.03,0.155,0.13,6829.0,7581.0
17855.0,-1.4600000000000364,269.0,267.0,100.0,100.0,0.0,0.0,0.07,-0.04,5.0,6.0,-0.01,0.03,0.12,0.12,6856.0,7593.0
17860.0,-1.4400000000000546,269.0,267.0,100.0,100.0,0.0,0.0,0.06,-0.01,5.0,6.0,0.0,0.04,0.16,0.14,6857.0,7590.0
17865.0,-1.4499999999999318,269.0,268.0,100.0,100.0,0.0,0.0,0.07,0.04,5.0,6.0,-0.01,0.04,0.135,0.13,6841.5,7586.0
17870.0,-1.4500000000000455,270.0,268.0,100.0,100.0,0.0,0.0,0.07,0.02,5.0,6.0,0.0,0.01,0.14,0.115,6897.0,7641.0
17875.0,-1.4399999999999409,270.0,268.0,100.0,100.0,0.0,0.0,0.09,0.02,5.0,6.0,-0.03,0.01,0.13,0.14,6863.0,7614.0
17880.0,-1.4500000000000455,270.0,269.0,100.0,100.0,0.0,0.0,0.005,0.0,5.0,6.0,-0.01,0.0,0.10500000000000001,0.12,6891.0,7618.0
17885.0,-1.4499999999999318,270.0,269.0,100.0,100.0,0.0,0.0,0.02,0.05,5.0,6.0,-0.02,0.0,0.16,0.10500000000000001,6943.0,7668.5
17890.0,-1.4400000000000546,271.0,269.0,100.0,100.0,0.0,0.0,0.04,0.01,5.0,6.0,-0.02,0.0,0.14,0.13,6887.0,7641.0
17895.0,-1.4499999999999318,271.0,270.0,100.0,100.0,0.0,0.0,0.01,-0.06,5.0,6.0,-0.01,0.0,0.105,0.12,6910.5,7647.0
17900.0,-1.4500000000000455,271.0,270.0,100.0,100.0,0.0,0.0,0.0,-0.02,5.0,6.0,0.0,0.0,0.16,0.12,6913.0,7668.5
17905.0,-1.4399999999999409,272.0,270.0,100.0,100.0,0.0,0.0,0.01,0.05,5.0,6.0,0.0,0.0,0.14,0.13,6904.0,7657.0
17910.0,-1.4500000000000455,272.0,270.0,100.0,100.0,0.0,0.0,0.03,-0.01,5.0,6.0,0.0,0.0,0.09,0.1,6942.0,7692.0
17915.0,-1.4499999999999318,272.0,271.0,100.0,100.0,0.0,0.0,-0.01,-0.07,5.0,6.0,0.0,0.0,0.12,0.125,6934.0,7682.0
17920.0,-1.4400000000000546,273.0,271.0,100.0,100.0,0.0,0.0,-0.01,-0.01,5.0,6.0,0.01,0.0,0.1,0.11,6945.0,7696.0
17925.0,-1.4499999999999886,273.0,271.0,100.0,100.0,0.0,0.0,0.005,0.0,5.0,6.0,0.005,0.0,0.13,0.11,6954.0,7709.0
17930.0,-1.4499999999999886,273.0,272.0,100.0,100.0,0.0,0.0,-0.01,-0.09,5.0,6.0,0.02,0.005,0.13,0.125,6963.0,7713.5
17935.0,-1.4400000000000546,273.0,272.0,100.0,100.0,0.0,0.0,0.01,-0.07,5.0,6.0,0.02,0.01,0.12,0.11,6956.0,7708.0
17940.0,-1.4399999999999409,274.0,272.0,100.0,100.0,0.0,0.0,0.01,-0.06,5.0,6.0,0.02,0.01,0.09,0.11,6963.0,7711.0
17945.0,-1.4400000000000546,274.0,272.0,100.0,100.0,0.0,0.0,0.015,-0.005000000000000001,5.0,6.0,0.019999999999999997,0.015,0.10500000000000001,0.08499999999999999,6980.0,7741.5
17950.0,-1.4399999999999409,274.0,273.0,100.0,100.0,0.0,0.0,0.01,0.0,5.0,6.0,0.01,0.03,0.08,0.11,7005.0,7766.0
17955.0,-1.4400000000000546,275.0,273.0,100.0,100.0,0.0,0.0,0.0,-0.01,5.0,6.0,0.02,0.01,0.12,0.11,6993.0,7745.0
17960.0,-1.4399999999999409,275.0,273.0,100.0,100.0,0.0,0.0,0.035,0.04,5.0,6.0,0.005,0.005,0.12,0.1,6988.0,7741.5
17965.0,-1.4400000000000546,275.0,273.0,100.0,100.0,0.0,0.0,0.02,0.0,5.0,6.0,0.01,0.0,0.07,0.09,7016.0,7767.0
17970.0,-1.4399999999999409,275.0,274.0,100.0,100.0,0.0,0.0,0.03,-0.07,5.0,6.0,0.0,0.0,0.1,0.11,7027.0,7787.0
17975.0,-1.4400000000000546,276.0,274.0,100.0,100.0,0.0,0.0,0.03,-0.06,5.0,6.0,0.01,0.01,0.08,0.1,7015.0,7774.0
17980.0,-1.4399999999999409,276.0,274.0,100.0,100.0,0.0,0.0,0.045,0.005,5.0,6.0,0.005,0.015,0.08499999999999999,0.095,7018.5,7774.0
17985.0,-1.4400000000000546,276.0,274.0,100.0,100.0,0.0,0.0,0.04,0.0,5.0,6.0,0.0,0.01,0.08,0.09,7027.0,7788.0
17990.0,-1.4399999999999409,276.0,275.0,100.0,100.0,0.0,0.0,0.06,-0.03,5.0,6.0,0.01,0.01,0.1,0.08,7044.0,7806.0
17995.0,-1.4400000000000546,276.0,275.0,0.0,100.0,0.0,0.0,0.0,-0.015,0.0,6.0,0.0,-0.005,-0.245,0.1,6658.5,7813.0
18000.0,-1.42999999999995,276.0,275.0,100.0,100.0,0.0,0.0,0.04,-0.01,6.0,6.0,-0.01,0.01,0.11,0.1,6066.5,7811.0
18005.0,-1.4400000000000546,276.0,275.0,100.0,100.0,0.0,0.0,0.03,-0.02,6.0,6.0,-0.01,0.0,0.12,0.11,6062.0,7801.0
18010.0,-1.4399999999999409,276.0,275.0,100.0,100.0,0.0,0.0,0.02,-0.02,6.0,6.0,0.0,0.02,0.08,0.09,6081.0,7817.0
18015.0,-1.4399999999999977,277.0,276.0,100.0,100.0,0.0,0.0,0.03,-0.060000000000000005,6.0,6.0,0.005,0.02,0.11,0.095,6076.0,7823.5
18020.0,-1.4300000000000068,277.0,276.0,100.0,100.0,0.0,0.0,0.045,-0.03,6.0,6.0,0.005,0.02,0.08499999999999999,0.08,6084.0,7835.0
18025.0,-1.4400000000000546,277.0,276.0,100.0,100.0,0.0,0.0,0.02,-0.04,6.0,6.0,0.01,0.01,0.09,0.08,6095.0,7845.0
18030.0,-1.42999999999995,277.0,276.0,100.0,100.0,0.0,0.0,0.02,-0.025,6.0,6.0,0.01,0.02,0.09,0.095,6107.0,7854.5
18035.0,-1.4399999999999977,277.0,277.0,100.0,100.0,0.0,0.0,0.02,-0.02,6.0,6.0,0.015,0.035,0.10500000000000001,0.10500000000000001,6100.5,7853.0
18040.0,-1.4400000000000546,278.0,277.0,100.0,100.0,0.0,0.0,0.04,0.04,6.0,6.0,0.01,0.01,0.08,0.1,6101.0,7855.0
18045.0,-1.4399999999999409,278.0,277.0,100.0,100.0,0.0,0.0,0.04,0.02,6.0,6.0,0.0,0.01,0.07,0.09,6104.0,7858.0
18050.0,-1.4300000000000637,278.0,277.0,100.0,100.0,0.0,0.0,0.01,-0.025,6.0,6.0,-0.01,0.0,0.07,0.08,6128.0,7878.5
18055.0,-1.4399999999999409,278.0,277.0,100.0,100.0,0.0,0.0,0.11,0.045,6.0,6.0,-0.015,-0.015,0.095,0.1,6123.5,7900.5
18060.0,-1.4300000000000637,278.0,278.0,100.0,100.0,0.0,0.0,0.07,-0.03,6.0,6.0,-0.025,-0.02,0.09,0.1,6116.0,7872.0
18065.0,-1.4399999999999409,279.0,278.0,100.0,100.0,0.0,0.0,0.01,-0.06,6.0,6.0,-0.01,0.0,0.08,0.09,6133.0,7880.0
18070.0,-1.4300000000000637,279.0,278.0,100.0,100.0,0.0,0.0,0.1,0.055,6.0,6.0,0.0,0.005,0.07,0.04,6143.0,7926.0
18075.0,-1.4399999999999409,279.0,278.0,100.0,100.0,0.0,0.0,0.06,0.0,6.0,6.0,-0.02,0.0,0.125,0.11499999999999999,6149.0,7936.0
18080.0,-1.4300000000000637,279.0,279.0,100.0,100.0,0.0,0.0,0.015,-0.05,6.0,6.0,-0.015,-0.02,0.105,0.11,6124.5,7882.0
18085.0,-1.4399999999999409,279.0,279.0,100.0,100.0,0.0,0.0,0.03,0.0,6.0,6.0,0.0,-0.01,0.06,0.07,6142.0,7898.0
18090.0,-1.4400000000000546,280.0,279.0,100.0,100.0,0.0,0.0,0.02,-0.02,6.0,6.0,0.0,0.0,0.08,0.03,6186.0,7977.0
18095.0,-1.42999999999995,280.0,279.0,100.0,100.0,0.0,0.0,0.04,0.01,6.0,6.0,0.0,-0.005,0.13,0.115,6152.0,7939.0
18100.0,-1.4300000000000637,280.0,279.0,100.0,100.0,0.0,0.0,0.065,0.01,6.0,6.0,0.0,-0.01,0.08,0.1,6154.0,7917.0
18105.0,-1.4399999999999409,280.0,280.0,100.0,100.0,0.0,0.0,0.06,0.01,6.0,6.0,-0.02,-0.01,0.09,0.08,6161.0,7926.0
18110.0,-1.4400000000000546,280.0,280.0,100.0,100.0,0.0,0.0,0.03,-0.02,6.0,6.0,-0.02,-0.01,0.07,0.06,6174.0,7951.0
18115.0,-1.42999999999995,281.0,280.0,100.0,100.0,0.0,0.0,0.01,-0.03,6.0,6.0,-0.01,-0.005,0.08,0.08499999999999999,6167.0,7946.5
18120.0,-1.4400000000000546,281.0,280.0,100.0,100.0,0.0,0.0,0.0,-0.03,6.0,6.0,0.0,0.0,0.07,0.08499999999999999,6170.5,7944.0
18125.0,-1.42999999999995,281.0,280.0,100.0,100.0,0.0,0.0,0.01,0.0,6.0,6.0,0.01,0.01,0.07500000000000001,0.07,6182.5,7962.0
18130.0,-1.4400000000000546,281.0,281.0,100.0,100.0,0.0,0.0,0.0,-0.05,6.0,6.0,0.02,0.02,0.1,0.09,6194.0,7981.0
18135.0,-1.4399999999999409,281.0,281.0,100.0,100.0,0.0,0.0,0.01,-0.04,6.0,6.0,0.02,0.01,0.09,0.09,6183.0,7971.0
18140.0,-1.4300000000000637,282.0,281.0,100.0,100.0,0.0,0.0,0.02,-0.025,6.0,6.0,0.01,0.025,0.08,0.08,6184.0,7965.5
18145.0,-1.42999999999995,282.0,281.0,100.0,100.0,0.0,0.0,0.04,0.01,6.0,6.0,0.01,0.0,0.085,0.07,6192.5,7975.0
18150.0,-1.4300000000000637,282.0,281.0,100.0,100.0,0.0,0.0,0.015,0.0,6.0,6.0,0.01,0.01,0.08499999999999999,0.06,6206.0,7994.0
18155.0,-1.4399999999999409,282.0,281.0,100.0,100.0,0.0,0.0,0.03,0.06,6.0,6.0,0.0,-0.01,0.09,0.09,6204.0,7994.0
18160.0,-1.4300000000000068,282.0,282.0,100.0,100.0,0.0,0.0,0.02,0.045,6.0,6.0,-0.01,-0.025,0.08,0.08499999999999999,6198.0,7982.5
18165.0,-1.42999999999995,282.0,282.0,100.0,100.0,0.0,0.0,0.02,0.035,6.0,6.0,-0.01,-0.01,0.06,0.065,6204.0,7994.0
18170.0,-1.42999999999995,283.0,282.0,100.0,100.0,0.0,0.0,-0.03,-0.02,6.0,6.0,0.01,0.0,0.07,0.06,6240.0,8041.0
18175.0,-1.4300000000000068,283.0,282.0,100.0,100.0,0.0,0.0,0.025,0.09,6.0,6.0,0.01,-0.01,0.09,0.1,6209.0,8000.0
18180.0,-1.4400000000000546,283.0,282.0,100.0,100.0,0.0,0.0,0.03,0.05,6.0,6.0,0.01,-0.02,0.07,0.08,6218.0,8003.0
18185.0,-1.42999999999995,283.0,283.0,100.0,100.0,0.0,0.0,0.02,0.03,6.0,6.0,0.0,-0.025,0.04,0.055,6235.0,8029.5
18190.0,-1.4300000000000068,283.0,283.0,100.0,100.0,0.0,0.0,0.02,0.03,6.0,6.0,0.0,-0.025,0.09,0.06,6241.0,8051.5
18195.0,-1.4300000000000068,284.0,283.0,100.0,100.0,0.0,0.0,0.01,0.03,6.0,6.0,0.0,-0.04,0.095,0.07,6221.0,8016.0
18200.0,-1.42999999999995,284.0,283.0,100.0,100.0,0.0,0.0,-0.01,0.03,6.0,6.0,0.01,-0.02,0.045,0.06,6236.5,8027.0
18205.0,-1.4400000000000546,284.0,283.0,100.0,100.0,0.0,0.0,0.03,0.05,6.0,6.0,0.0,-0.02,0.11,0.07,6295.0,8111.0
18210.0,-1.4399999999999409,284.0,283.0,100.0,100.0,0.0,0.0,-0.01,0.0,6.0,6.0,0.0,-0.05,0.07,0.1,6230.0,8037.0
18215.0,-1.4300000000000637,284.0,284.0,100.0,100.0,0.0,0.0,-0.02,-0.015,6.0,6.0,0.01,-0.04,0.06,0.08,6239.0,8030.0
18220.0,-1.4300000000000068,284.0,284.0,100.0,100.0,0.0,0.0,0.01,0.02,6.0,6.0,0.01,-0.035,0.06,0.055,6255.0,8056.5
18225.0,-1.4300000000000068,285.0,284.0,100.0,100.0,0.0,0.0,0.035,0.05,6.0,6.0,0.005,-0.02,0.07500000000000001,0.08,6258.5,8072.0
18230.0,-1.42999999999995,285.0,284.0,100.0,100.0,0.0,0.0,-0.01,0.02,6.0,6.0,0.019999999999999997,-0.01,0.065,0.07,6265.0,8068.0
18235.0,-1.4400000000000546,285.0,284.0,100.0,100.0,0.0,0.0,0.0,0.0,6.0,6.0,0.03,-0.02,0.08,0.08,6262.0,8065.0
18240.0,-1.4399999999999409,285.0,284.0,100.0,100.0,0.0,0.0,0.0,0.01,6.0,6.0,0.01,-0.03,0.05,0.06,6264.0,8064.0
18245.0,-1.4300000000000637,285.0,285.0,100.0,100.0,0.0,0.0,0.0,-0.04,6.0,6.0,0.01,-0.025,0.07,0.07500000000000001,6270.0,8068.5
18250.0,-1.42999999999995,285.0,285.0,100.0,100.0,0.0,0.0,0.04,-0.06,6.0,6.0,0.01,-0.005,0.04,0.07,6258.0,8063.5
18255.0,-1.4300000000000637,285.0,285.0,100.0,100.0,0.0,0.0,0.04,-0.02,6.0,6.0,0.015,0.0,0.055,0.02,6315.0,8122.0
18260.0,-1.42999999999995,286.0,285.0,100.0,100.0,0.0,0.0,0.005,-0.02,6.0,6.0,0.01,-0.01,0.09,0.11,6281.0,8102.0
18265.0,-1.4400000000000546,286.0,285.0,100.0,100.0,0.0,0.0,0.0,-0.03,6.0,6.0,0.0,0.0,0.07,0.08,6274.0,8074.0
18270.0,-1.4399999999999409,286.0,285.0,100.0,100.0,0.0,0.0,-0.01,-0.03,6.0,6.0,0.02,0.01,0.04,0.04,6317.0,8109.0
18275.0,-1.4300000000000637,286.0,285.5,100.0,100.0,0.0,0.0,0.0,-0.015,6.0,6.0,0.01,0.005,0.11,0.07500000000000001,6290.0,8117.0
18280.0,-1.42999999999995,286.0,286.0,100.0,100.0,0.0,0.0,-0.02,-0.03,6.0,6.0,0.01,0.0,0.06,0.07,6286.0,8097.5
18285.0,-1.4300000000000637,286.5,286.0,100.0,100.0,0.0,0.0,0.0,-0.02,6.0,6.0,0.015,0.0,0.06,0.06,6292.0,8100.0
18290.0,-1.42999999999995,287.0,286.0,100.0,100.0,0.0,0.0,0.0,0.0,6.0,6.0,0.01,0.03,0.04,0.04,6301.0,8119.0
18295.0,-1.4300000000000637,287.0,286.0,100.0,100.0,0.0,0.0,-0.005,-0.04,6.0,6.0,0.015,0.01,0.07,0.05,6308.0,8130.0
18300.0,-1.4399999999999409,287.0,286.0,100.0,100.0,0.0,0.0,-0.01,-0.03,6.0,6.0,0.01,0.01,0.06,0.07,6310.0,8128.0
18305.0,-1.4300000000000637,287.0,286.0,100.0,100.0,0.0,0.0,0.01,0.0,6.0,6.0,0.01,0.0,0.06,0.065,6297.0,8110.5
18310.0,-1.42999999999995,287.0,287.0,100.0,100.0,0.0,0.0,0.0,-0.025,6.0,6.0,0.0,0.025,0.03,0.025,6341.0,8151.0
18315.0,-1.4300000000000637,287.0,287.0,100.0,100.0,0.0,0.0,0.0,-0.035,6.0,6.0,0.01,0.02,0.09,0.07,6335.0,8185.5
18320.0,-1.42999999999995,287.5,287.0,100.0,100.0,0.0,0.0,0.01,-0.02,6.0,6.0,0.01,0.03,0.065,0.08,6312.0,8126.0
18325.0,-1.4300000000000637,288.0,287.0,100.0,100.0,0.0,0.0,0.005,-0.03,6.0,6.0,0.0,0.02,0.055,0.05,6322.0,8136.0
18330.0,-1.42999999999995,288.0,287.0,100.0,100.0,0.0,0.0,0.0,-0.04,6.0,6.0,0.01,0.02,0.07500000000000001,0.05,6323.5,8144.0
18335.0,-1.4400000000000546,288.0,287.0,100.0,100.0,0.0,0.0,0.02,-0.03,6.0,6.0,0.02,0.02,0.07,0.06,6324.0,8152.0
18340.0,-1.42999999999995,288.0,287.0,100.0,100.0,0.0,0.0,0.02,-0.02,6.0,6.0,0.01,0.02,0.06,0.065,6319.0,8138.0
18345.0,-1.4300000000000637,288.0,288.0,100.0,100.0,0.0,0.0,0.02,-0.04,6.0,6.0,0.01,0.02,0.05,0.03,6346.0,8163.5
18350.0,-1.42999999999995,288.0,288.0,100.0,100.0,0.0,0.0,0.03,-0.04,6.0,6.0,0.0,0.035,0.11,0.09,6369.0,8210.5
18355.0,-1.4200000000000728,288.0,288.0,100.0,100.0,0.0,0.0,0.04,-0.02,6.0,6.0,0.0,0.02,0.04,0.07,6330.0,8155.0
18360.0,-1.42999999999995,289.0,288.0,100.0,100.0,0.0,0.0,0.03,-0.04,6.0,6.0,0.005,0.03,0.06,0.05,6343.5,8160.0
18365.0,-1.4300000000000637,289.0,288.0,100.0,100.0,0.0,0.0,0.04,-0.02,6.0,6.0,0.0,0.02,0.060000000000000005,0.04,6359.5,8185.0
18370.0,-1.42999999999995,289.0,288.0,100.0,100.0,0.0,0.0,0.04,-0.02,6.0,6.0,0.0,0.03,0.07500000000000001,0.08,6343.5,8174.0
18375.0,-1.4400000000000546,289.0,288.0,100.0,100.0,0.0,0.0,0.02,-0.06,6.0,6.0,0.0,0.01,0.03,0.04,6351.0,8174.0
18380.0,-1.42999999999995,289.0,288.0,100.0,100.0,0.0,0.0,0.04,-0.03,6.0,6.0,0.0,0.035,0.08,0.055,6351.0,8177.5
18385.0,-1.4300000000000637,289.0,289.0,100.0,100.0,0.0,0.0,0.04,-0.03,6.0,6.0,0.0,0.035,0.04,0.035,6358.0,8192.0
18390.0,-1.42999999999995,289.0,289.0,100.0,100.0,0.0,0.0,0.03,-0.065,6.0,6.0,0.0,0.025,0.05,0.055,6387.0,8218.0
18395.0,-1.4200000000000728,290.0,289.0,100.0,100.0,0.0,0.0,0.04,-0.02,6.0,6.0,0.0,0.04,0.06,0.07,6359.0,8191.0
18400.0,-1.42999999999995,290.0,289.0,100.0,100.0,0.0,0.0,0.01,-0.04,6.0,6.0,0.0,0.03,0.06,0.06,6354.0,8177.0
18405.0,-1.4300000000000637,290.0,289.0,100.0,100.0,0.0,0.0,0.005,-0.04,6.0,6.0,-0.005,0.03,0.02,0.04,6370.0,8203.0
18410.0,-1.42999999999995,290.0,289.0,100.0,100.0,0.0,0.0,0.015,-0.02,6.0,6.0,0.0,0.02,0.035,0.02,6389.0,8242.0
18415.0,-1.4300000000000637,290.0,289.0,100.0,100.0,0.0,0.0,-0.025,-0.05,6.0,6.0,0.0,0.04,0.065,0.08,6382.5,8242.0
18420.0,-1.42999999999995,290.0,289.5,100.0,100.0,0.0,0.0,-0.04,-0.005,6.0,6.0,0.0,0.04,0.06,0.065,6368.0,8200.0
18425.0,-1.4300000000000637,290.0,290.0,100.0,100.0,0.0,0.0,-0.04,-0.04,6.0,6.0,0.0,0.025,0.07,0.055,6384.0,8209.0
18430.0,-1.42999999999995,290.0,290.0,100.0,100.0,0.0,0.0,-0.04,-0.005,6.0,6.0,0.01,0.015,0.08,0.05,6377.0,8218.5
18435.0,-1.4200000000000728,291.0,290.0,100.0,100.0,0.0,0.0,-0.06,-0.04,6.0,6.0,0.0,0.02,0.05,0.05,6387.0,8225.0
18440.0,-1.419999999999959,291.0,290.0,100.0,100.0,0.0,0.0,-0.09,-0.06,6.0,6.0,0.02,0.03,0.05,0.05,6395.0,8231.0
18445.0,-1.4300000000000637,291.0,290.0,100.0,100.0,0.0,0.0,-0.07500000000000001,-0.06,6.0,6.0,0.035,0.03,0.07,0.06,6389.0,8227.0
18450.0,-1.42999999999995,291.0,290.0,100.0,100.0,0.0,0.0,-0.045,-0.08,6.0,6.0,0.035,0.03,0.04,0.05,6384.5,8220.0
18455.0,-1.4300000000000637,291.0,290.0,100.0,100.0,0.0,0.0,-0.045,-0.08,6.0,6.0,0.035,0.03,0.04,0.05,6391.5,8226.0
18460.0,-1.42999999999995,291.0,290.0,100.0,100.0,0.0,0.0,-0.05,-0.07,6.0,6.0,0.045,0.05,0.055,0.05,6394.0,8234.0
18465.0,-1.4300000000000637,291.0,291.0,100.0,100.0,0.0,0.0,-0.05,-0.06,6.0,6.0,0.03,0.045,0.04,0.04,6399.0,8239.0
18470.0,-1.42999999999995,291.0,291.0,100.0,100.0,0.0,0.0,-0.05,-0.055,6.0,6.0,0.03,0.04,0.04,0.035,6410.0,8250.0
18475.0,-1.4300000000000637,292.0,291.0,100.0,100.0,0.0,0.0,-0.04,-0.05,6.0,6.0,0.04,0.05,0.06,0.045,6410.0,8253.5
18480.0,-1.42999999999995,292.0,291.0,100.0,100.0,0.0,0.0,-0.05,-0.05,6.0,6.0,0.05,0.045,0.06,0.04,6414.0,8258.0
18485.0,-1.4200000000000728,292.0,291.0,100.0,100.0,0.0,0.0,-0.04,-0.02,6.0,6.0,0.04,0.05,0.06,0.04,6410.0,8251.0
18490.0,-1.419999999999959,292.0,291.0,100.0,100.0,0.0,0.0,-0.04,-0.03,6.0,6.0,0.05,0.03,0.05,0.04,6410.0,8252.0
18495.0,-1.4200000000000728,292.0,291.0,100.0,100.0,0.0,0.0,-0.04,-0.04,6.0,6.0,0.05,0.06,0.05,0.05,6414.0,8253.0
18500.0,-1.42999999999995,292.0,291.0,100.0,100.0,0.0,0.0,-0.04,-0.02,6.0,6.0,0.05,0.05,0.03,0.04,6409.0,8251.0
18505.0,-1.4300000000000068,292.0,291.0,100.0,100.0,0.0,0.0,-0.04,-0.02,6.0,6.0,0.045,0.03,0.045,0.04,6419.5,8259.0
18510.0,-1.42999999999995,292.0,291.0,100.0,100.0,0.0,0.0,-0.04,-0.02,6.0,6.0,0.045,0.05,0.035,0.03,6422.5,8269.0
18515.0,-1.420000000000016,292.0,292.0,100.0,100.0,0.0,0.0,-0.04,-0.02,6.0,6.0,0.035,0.035,0.035,0.04,6419.5,8263.0
18520.0,-1.42999999999995,292.0,292.0,100.0,100.0,0.0,0.0,-0.04,-0.02,6.0,6.0,0.04,0.025,0.04,0.035,6423.0,8263.5
18525.0,-1.4300000000000637,293.0,292.0,100.0,100.0,0.0,0.0,-0.04,-0.02,6.0,6.0,0.04,0.019999999999999997,0.03,0.025,6427.0,8270.5
18530.0,-1.42999999999995,293.0,292.0,100.0,100.0,0.0,0.0,-0.04,-0.02,6.0,6.0,0.04,0.035,0.04,0.03,6431.0,8276.5
18535.0,-1.4200000000000728,293.0,292.0,100.0,100.0,0.0,0.0,-0.04,0.0,6.0,6.0,0.05,0.03,0.04,0.03,6431.0,8276.0
18540.0,-1.419999999999959,293.0,292.0,100.0,100.0,0.0,0.0,-0.04,0.0,6.0,6.0,0.05,0.0,0.04,0.04,6437.0,8281.0
18545.0,-1.419999999999959,293.0,292.0,100.0,100.0,0.0,0.0,-0.04,0.0,6.0,6.0,0.03,0.03,0.03,0.02,6442.0,8290.0
18550.0,-1.419999999999959,293.0,292.0,100.0,100.0,0.0,0.0,-0.04,0.0,6.0,6.0,0.04,0.03,0.04,0.04,6438.0,8285.0
18555.0,-1.419999999999959,293.0,292.0,100.0,100.0,0.0,0.0,-0.04,0.0,6.0,6.0,0.04,0.01,0.04,0.03,6430.0,8275.0
18560.0,-1.42999999999995,293.0,292.0,100.0,100.0,0.0,0.0,-0.015,0.02,6.0,6.0,0.04,0.0,0.03,0.02,6432.0,8274.0
18565.0,-1.4300000000000068,293.0,292.0,100.0,100.0,0.0,0.0,-0.01,0.05,6.0,6.0,0.035,0.0,0.03,0.01,6439.5,8287.0
18570.0,-1.419999999999959,293.0,292.0,100.0,100.0,0.0,0.0,-0.03,0.01,6.0,6.0,0.045,-0.005,0.015,0.019999999999999997,6446.0,8295.5
18575.0,-1.420000000000016,293.0,292.0,100.0,100.0,0.0,0.0,-0.03,0.0,6.0,6.0,0.03,-0.005,0.03,0.025,6439.5,8286.5
18580.0,-1.420000000000016,293.0,292.0,100.0,100.0,0.0,0.0,-0.03,0.0,6.0,6.0,0.04,-0.005,0.025,0.015,6444.5,8288.0
18585.0,-1.42999999999995,293.0,292.0,100.0,100.0,0.0,0.0,-0.03,0.0,6.0,6.0,0.03,-0.005,0.02,0.015,6450.0,8297.0
18590.0,-1.4300000000000068,294.0,293.0,100.0,100.0,0.0,0.0,-0.03,-0.025,6.0,6.0,0.03,0.0,0.03,0.025,6451.0,8300.5
18595.0,-1.419999999999959,294.0,293.0,100.0,100.0,0.0,0.0,-0.02,-0.07,6.0,6.0,0.03,0.0,0.02,0.02,6446.0,8294.0
18600.0,-1.419999999999959,294.0,293.0,100.0,100.0,0.0,0.0,-0.01,-0.07,6.0,6.0,0.04,0.02,0.03,0.02,6451.0,8294.0
18605.0,-1.419999999999959,294.0,293.0,100.0,100.0,0.0,0.0,0.0,-0.06,6.0,6.0,0.04,0.01,0.01,0.01,6452.0,8300.0
18610.0,-1.419999999999959,294.0,293.0,100.0,100.0,0.0,0.0,0.0,-0.06,6.0,6.0,0.04,0.04,0.02,0.01,6455.0,8304.0
18615.0,-1.419999999999959,294.0,293.0,100.0,100.0,0.0,0.0,0.01,-0.05,6.0,6.0,0.03,0.03,0.02,0.01,6453.0,8301.0
18620.0,-1.4200000000000728,294.0,293.0,100.0,100.0,0.0,0.0,0.0,-0.03,6.0,6.0,0.01,0.03,0.02,0.02,6453.0,8299.0
18625.0,-1.42999999999995,294.0,293.0,100.0,100.0,0.0,0.0,-0.01,-0.05,6.0,6.0,-0.005,0.03,0.01,0.0,6454.5,8300.0
18630.0,-1.4300000000000637,294.0,293.0,100.0,100.0,0.0,0.0,-0.03,-0.06,6.0,6.0,0.005,0.02,0.005,0.0,6465.0,8315.0
18635.0,-1.419999999999959,294.0,293.0,100.0,100.0,0.0,0.0,-0.03,-0.04,6.0,6.0,0.005,0.03,0.025,0.025,6461.5,8313.5
18640.0,-1.420000000000016,294.0,293.0,100.0,100.0,0.0,0.0,-0.035,-0.05,6.0,6.0,0.02,0.03,0.0,0.015,6459.5,8307.5
18645.0,-1.419999999999959,294.0,293.0,100.0,100.0,0.0,0.0,-0.04,-0.025,6.0,6.0,0.025,0.035,0.0,0.01,6459.0,8305.5
18650.0,-1.420000000000016,294.0,293.0,100.0,100.0,0.0,0.0,-0.04,-0.01,6.0,6.0,0.02,0.025,0.035,0.02,6456.5,8301.5
18655.0,-1.42999999999995,294.0,293.0,100.0,100.0,0.0,0.0,-0.05,-0.025,6.0,6.0,0.03,0.02,0.0,0.015,6451.0,8297.0
18660.0,-1.4200000000000728,294.0,293.0,100.0,100.0,0.0,0.0,-0.03,-0.04,6.0,6.0,0.05,0.02,0.0,0.0,6458.0,8303.0
18665.0,-1.419999999999959,294.0,293.0,100.0,100.0,0.0,0.0,-0.01,-0.02,6.0,6.0,0.03,0.03,-0.02,0.0,6481.0,8332.0
18670.0,-1.4200000000000728,294.0,293.0,100.0,100.0,0.0,0.0,-0.02,-0.02,6.0,6.0,0.02,0.02,0.0,0.02,6465.0,8321.0
18675.0,-1.419999999999959,294.0,293.0,100.0,100.0,0.0,0.0,-0.02,-0.02,6.0,6.0,0.03,0.02,0.0,0.01,6457.0,8303.0
18680.0,-1.4200000000000728,294.0,293.0,100.0,100.0,0.0,0.0,-0.02,-0.01,6.0,6.0,0.01,0.0,0.01,0.0,6461.0,8304.0
18685.0,-1.419999999999959,294.0,293.0,100.0,100.0,0.0,0.0,-0.01,-0.02,6.0,6.0,0.01,0.01,-0.01,0.0,6471.0,8323.0
18690.0,-1.4200000000000728,294.0,293.0,100.0,100.0,0.0,0.0,-0.01,-0.03,6.0,6.0,0.03,0.01,0.03,0.0,6468.0,8326.0
18695.0,-1.4099999999999682,294.0,293.0,100.0,100.0,0.0,0.0,0.0,-0.02,6.0,6.0,0.02,0.015,0.0,0.005,6462.0,8309.0
18700.0,-1.4200000000000728,294.0,293.0,100.0,100.0,0.0,0.0,0.0,-0.02,6.0,6.0,0.015,0.01,0.0,0.005,6465.0,8309.0
18705.0,-1.419999999999959,294.0,293.0,100.0,100.0,0.0,0.0,0.025,-0.005,6.0,6.0,0.005,0.01,0.005,-0.005,6469.0,8315.5
18710.0,-1.4200000000000728,294.0,293.0,100.0,100.0,0.0,0.0,0.0,-0.005,6.0,6.0,0.0,0.01,0.005,0.0,6469.0,8321.5
18715.0,-1.419999999999959,294.0,293.0,100.0,100.0,0.0,0.0,0.0,-0.01,6.0,6.0,0.0,0.0,0.005,0.005,6462.5,8308.5
18720.0,-1.4100000000000819,294.0,293.0,100.0,100.0,0.0,0.0,0.0,0.0,6.0,6.0,0.005,0.0,-0.01,0.0,6463.0,8309.0
18725.0,-1.4099999999999682,294.0,293.0,100.0,100.0,0.0,0.0,0.03,-0.01,6.0,6.0,0.0,0.01,-0.004999999999999999,0.0,6474.0,8323.0
18730.0,-1.4200000000000728,294.0,293.0,100.0,100.0,0.0,0.0,0.03,-0.01,6.0,6.0,0.01,0.0,0.0,0.01,6463.0,8317.0
18735.0,-1.419999999999959,294.0,293.0,100.0,100.0,0.0,0.0,0.0,0.0,6.0,6.0,0.02,0.0,0.0,0.0,6468.0,8310.0
18740.0,-1.4200000000000728,294.0,293.0,100.0,100.0,0.0,0.0,0.01,-0.01,6.0,6.0,0.01,0.0,0.0,-0.01,6469.0,8315.0
18745.0,-1.419999999999959,294.0,293.0,100.0,100.0,0.0,0.0,0.01,0.0,6.0,6.0,0.01,0.0,-0.01,0.0,6466.0,8313.0
18750.0,-1.4200000000000728,294.0,293.0,100.0,100.0,0.0,0.0,0.0,-0.01,6.0,6.0,-0.01,0.0,0.0,0.0,6467.0,8313.0
18755.0,-1.419999999999959,294.0,293.0,100.0,100.0,0.0,0.0,0.0,0.0,6.0,6.0,0.01,0.0,0.02,-0.01,6469.0,8314.0
18760.0,-1.4100000000000819,294.0,293.0,100.0,100.0,0.0,0.0,0.02,0.0,6.0,6.0,0.0,0.005,0.0,0.0,6466.0,8313.0
18765.0,-1.4099999999999682,294.0,293.0,100.0,100.0,0.0,0.0,0.02,-0.015,6.0,6.0,-0.01,-0.015,-0.01,-0.015,6476.0,8321.0
18770.0,-1.4200000000000728,294.0,293.0,100.0,100.0,0.0,0.0,0.02,-0.02,6.0,6.0,-0.01,-0.005,0.0,-0.005,6470.0,8320.0
18775.0,-1.419999999999959,294.0,293.0,100.0,100.0,0.0,0.0,0.01,-0.02,6.0,6.0,0.0,0.0,0.0,-0.005,6471.0,8314.0
18780.0,-1.4200000000000728,294.0,293.0,100.0,100.0,0.0,0.0,0.0,-0.02,6.0,6.0,0.0,0.01,0.005,0.0,6466.5,8311.5
18785.0,-1.4099999999999682,294.0,293.0,100.0,100.0,0.0,0.0,-0.005,-0.02,6.0,6.0,0.01,0.01,0.0,0.0,6467.0,8311.0
18790.0,-1.410000000000025,294.0,293.0,100.0,100.0,0.0,0.0,-0.025,-0.02,6.0,6.0,0.005,0.01,-0.015,0.0,6469.0,8315.0
18795.0,-1.4099999999999682,294.0,293.0,100.0,100.0,0.0,0.0,-0.04,-0.03,6.0,6.0,0.005,0.01,0.01,0.0,6469.5,8315.0
18800.0,-1.4200000000000728,294.0,293.0,100.0,100.0,0.0,0.0,-0.02,-0.02,6.0,6.0,0.02,0.02,0.01,0.0,6469.0,8313.0
18805.0,-1.419999999999959,294.0,293.0,100.0,100.0,0.0,0.0,-0.01,-0.02,6.0,6.0,0.01,0.02,0.0,-0.01,6468.0,8311.0
18810.0,-1.4200000000000728,294.0,293.0,100.0,100.0,0.0,0.0,-0.01,-0.02,6.0,6.0,0.01,0.02,-0.03,0.0,6470.0,8313.0
18815.0,-1.419999999999959,294.0,293.0,100.0,100.0,0.0,0.0,-0.01,-0.01,6.0,6.0,0.02,0.02,0.01,0.0,6468.0,8314.0
18820.0,-1.4200000000000728,294.0,293.0,100.0,100.0,0.0,0.0,-0.01,-0.02,6.0,6.0,0.0,0.02,-0.02,-0.01,6465.0,8309.0
18825.0,-1.4099999999999682,294.0,293.0,100.0,100.0,0.0,0.0,-0.02,-0.02,6.0,6.0,0.02,0.005,0.0,-0.005,6471.0,8315.5
18830.0,-1.4099999999999682,294.0,293.0,100.0,100.0,0.0,0.0,-0.01,-0.02,6.0,6.0,0.01,0.005,0.0,0.0,6472.0,8317.5
18835.0,-1.4099999999999682,294.0,293.0,100.0,100.0,0.0,0.0,-0.01,-0.02,6.0,6.0,0.01,0.0,0.0,0.0,6464.0,8307.0
18840.0,-1.4099999999999682,294.0,293.0,100.0,100.0,0.0,0.0,-0.01,-0.02,6.0,6.0,0.02,0.01,0.0,-0.01,6470.0,8311.5
18845.0,-1.419999999999959,294.0,293.0,100.0,100.0,0.0,0.0,0.0,-0.015,6.0,6.0,0.004999999999999999,-0.005,0.025,-0.005,6475.5,8320.0
18850.0,-1.410000000000025,294.0,293.0,100.0,100.0,0.0,0.0,0.0,-0.01,6.0,6.0,0.01,0.01,0.01,0.0,6470.0,8316.0
18855.0,-1.4099999999999682,294.0,293.0,100.0,100.0,0.0,0.0,0.0,0.0,6.0,6.0,0.005,0.01,-0.005,0.0,6463.5,8305.0
18860.0,-1.410000000000025,294.0,293.0,100.0,100.0,0.0,0.0,0.0,0.0,6.0,6.0,0.0,0.0,0.0,0.0,6461.5,8300.0
18865.0,-1.4099999999999682,294.0,293.0,100.0,100.0,0.0,0.0,-0.01,-0.01,6.0,6.0,0.0,0.0,0.0,-0.02,6471.0,8315.0
18870.0,-1.4099999999999682,294.0,293.0,100.0,100.0,0.0,0.0,0.0,0.0,6.0,6.0,0.0,0.0,0.0,0.01,6479.0,8329.0
18875.0,-1.419999999999959,294.0,293.0,100.0,100.0,0.0,0.0,0.01,0.0,6.0,6.0,0.0,0.0,0.01,0.0,6465.0,8309.0
18880.0,-1.419999999999959,294.0,293.0,100.0,100.0,0.0,0.0,0.02,0.0,6.0,6.0,0.01,0.0,0.0,0.0,6470.0,8303.0
18885.0,-1.419999999999959,294.0,293.0,100.0,100.0,0.0,0.0,0.01,-0.01,6.0,6.0,0.01,-0.01,0.0,0.0,6478.0,8315.0
18890.0,-1.4099999999999682,294.0,293.0,100.0,100.0,0.0,0.0,0.0,-0.005,6.0,6.0,-0.01,0.0,0.0,0.0,6478.0,8327.0
18895.0,-1.4099999999999682,294.0,293.0,100.0,100.0,0.0,0.0,0.02,-0.005,6.0,6.0,0.0,0.01,0.0,0.005,6468.0,8309.0
18900.0,-1.4099999999999682,294.0,293.0,100.0,100.0,0.0,0.0,0.04,0.0,6.0,6.0,0.0,0.005,0.0,0.0,6466.0,8301.0
18905.0,-1.410000000000025,294.0,293.0,100.0,100.0,0.0,0.0,0.04,-0.01,6.0,6.0,0.0,0.005,0.0,0.0,6470.0,8311.5
18910.0,-1.4099999999999682,294.0,293.0,100.0,100.0,0.0,0.0,0.08,-0.01,6.0,6.0,-0.01,0.0,0.01,0.0,6477.0,8320.0
18915.0,-1.4099999999999682,294.0,293.0,100.0,100.0,0.0,0.0,0.07,-0.01,6.0,6.0,-0.015,0.01,0.0,0.0,6466.0,8306.0
18920.0,-1.4099999999999682,294.0,293.0,100.0,100.0,0.0,0.0,0.06,-0.01,6.0,6.0,-0.019999999999999997,0.0,0.0,0.0,6472.5,8306.0
18925.0,-1.4099999999999682,294.0,293.0,100.0,100.0,0.0,0.0,0.05,-0.02,6.0,6.0,-0.019999999999999997,0.01,0.0,0.0,6482.0,8324.0
18930.0,-1.4099999999999682,294.0,293.0,100.0,100.0,0.0,0.0,0.07,0.0,6.0,6.0,-0.015,0.01,0.005,0.0,6477.5,8323.0
18935.0,-1.4099999999999682,295.0,293.0,100.0,100.0,0.0,0.0,0.06,0.0,6.0,6.0,-0.015,0.01,0.005,0.01,6468.5,8307.0
18940.0,-1.4099999999999682,295.0,293.0,100.0,100.0,0.0,0.0,0.065,0.0,6.0,6.0,-0.015,0.0,0.01,0.0,6467.0,8301.0
18945.0,-1.4200000000000728,295.0,293.0,100.0,100.0,0.0,0.0,0.07,0.02,6.0,6.0,-0.01,0.0,0.0,0.0,6478.0,8317.0
18950.0,-1.419999999999959,295.0,293.0,100.0,100.0,0.0,0.0,0.08,0.01,6.0,6.0,-0.02,0.0,0.02,0.0,6478.0,8329.0
18955.0,-1.410000000000025,295.0,293.0,100.0,100.0,0.0,0.0,0.07,0.0,6.0,6.0,-0.02,0.005,0.01,0.01,6470.0,8311.0
18960.0,-1.4099999999999682,295.0,293.0,100.0,100.0,0.0,0.0,0.07,0.0,6.0,6.0,-0.02,-0.005,0.0,0.005,6479.0,8310.0
18965.0,-1.410000000000025,295.0,293.0,100.0,100.0,0.0,0.0,0.08,0.02,6.0,6.0,-0.02,0.0,0.02,-0.005,6487.0,8324.5
18970.0,-1.4099999999999682,295.0,293.0,100.0,100.0,0.0,0.0,0.07,0.01,6.0,6.0,-0.03,-0.01,0.0,0.01,6475.0,8316.5
18975.0,-1.410000000000025,295.0,293.0,100.0,100.0,0.0,0.0,0.06,0.005,6.0,6.0,-0.03,-0.005,0.0,0.005,6469.0,8307.0
18980.0,-1.3999999999999773,295.0,293.0,100.0,100.0,0.0,0.0,0.07,0.0,6.0,6.0,0.0,-0.01,0.02,0.0,6477.0,8315.0
18985.0,-1.400000000000091,295.0,293.0,100.0,100.0,0.0,0.0,0.06,0.01,6.0,6.0,-0.01,-0.01,0.02,0.0,6482.0,8323.0
18990.0,-1.3999999999999773,295.0,293.0,100.0,100.0,0.0,0.0,0.05,0.01,6.0,6.0,-0.02,0.0,0.0,0.01,6476.0,8319.0
18995.0,-1.400000000000091,295.0,293.0,100.0,100.0,0.0,0.0,0.05,0.0,6.0,6.0,-0.02,-0.02,0.0,0.01,6479.0,8315.0
19000.0,-1.4099999999999682,295.0,293.0,100.0,100.0,0.0,0.0,0.05,-0.02,6.0,6.0,-0.025,-0.02,0.005,0.0,6479.0,8318.0
19005.0,-1.4100000000000819,295.0,293.0,100.0,100.0,0.0,0.0,0.04,-0.01,6.0,6.0,-0.015,0.0,0.005,0.02,6475.5,8313.0
19010.0,-1.4099999999999682,295.0,293.0,100.0,100.0,0.0,0.0,0.045,0.03,6.0,6.0,-0.005,-0.01,0.01,0.0,6482.5,8319.0
19015.0,-1.4100000000000819,295.0,293.0,100.0,100.0,0.0,0.0,0.04,0.04,6.0,6.0,-0.005,-0.01,0.02,0.01,6486.5,8325.0
19020.0,-1.3999999999999773,295.0,293.0,100.0,100.0,0.0,0.0,0.04,0.02,6.0,6.0,-0.005,-0.005,0.005,0.005,6474.5,8314.0
19025.0,-1.400000000000091,295.0,293.0,100.0,100.0,0.0,0.0,0.04,0.015,6.0,6.0,-0.01,-0.01,0.005,0.01,6482.0,8317.0
19030.0,-1.4099999999999682,295.0,293.0,100.0,100.0,0.0,0.0,0.05,0.02,6.0,6.0,-0.01,-0.01,0.0,0.005,6483.0,8323.0
19035.0,-1.4100000000000819,295.0,293.0,100.0,100.0,0.0,0.0,0.06,0.02,6.0,6.0,-0.01,-0.02,0.02,0.0,6483.0,8321.0
19040.0,-1.4099999999999682,295.0,293.0,100.0,100.0,0.0,0.0,0.05,0.02,6.0,6.0,-0.01,-0.025,0.01,0.01,6479.0,8317.5
19045.0,-1.400000000000091,295.0,293.0,100.0,100.0,0.0,0.0,0.04,0.01,6.0,6.0,-0.01,-0.03,0.0,0.01,6481.0,8318.0
19050.0,-1.3999999999999773,295.0,293.0,100.0,100.0,0.0,0.0,0.05,0.02,6.0,6.0,-0.01,-0.02,0.01,0.0,6486.0,8324.0
19055.0,-1.400000000000091,295.0,293.0,100.0,100.0,0.0,0.0,0.04,0.02,6.0,6.0,-0.01,-0.04,0.02,0.0,6484.0,8321.0
19060.0,-1.3999999999999773,295.0,293.0,100.0,100.0,0.0,0.0,0.06,0.02,6.0,6.0,-0.02,-0.03,0.01,0.02,6483.0,8321.0
19065.0,-1.400000000000091,295.0,293.0,100.0,100.0,0.0,0.0,0.06,0.02,6.0,6.0,-0.01,-0.02,0.01,0.0,6490.0,8327.0
19070.0,-1.3999999999999773,295.0,293.0,100.0,100.0,0.0,0.0,0.08,0.02,6.0,6.0,-0.03,-0.04,0.02,0.0,6485.0,8324.0
19075.0,-1.3999999999999773,295.0,293.0,100.0,100.0,0.0,0.0,0.07,0.01,6.0,6.0,-0.02,-0.04,0.0,0.02,6485.0,8321.0
19080.0,-1.3999999999999773,295.0,294.0,100.0,100.0,0.0,0.0,0.07,0.02,6.0,6.0,-0.02,-0.04,0.01,0.01,6483.0,8319.0
19085.0,-1.400000000000034,295.0,294.0,100.0,100.0,0.0,0.0,0.08,0.005,6.0,6.0,-0.015,-0.03,0.0,0.005,6486.0,8323.0
19090.0,-1.3999999999999773,295.0,294.0,100.0,100.0,0.0,0.0,0.095,0.0,6.0,6.0,-0.02,-0.025,0.01,0.005,6486.0,8324.0
19095.0,-1.400000000000034,295.0,294.0,100.0,100.0,0.0,0.0,0.1,0.01,6.0,6.0,-0.025,-0.03,0.0,0.01,6493.0,8329.5
19100.0,-1.3999999999999773,295.0,294.0,100.0,100.0,0.0,0.0,0.10500000000000001,0.015,6.0,6.0,-0.03,-0.03,0.005,0.0,6490.0,8329.5
19105.0,-1.400000000000034,295.0,294.0,100.0,100.0,0.0,0.0,0.14500000000000002,0.02,6.0,6.0,-0.025,-0.025,0.01,0.005,6491.5,8327.0
19110.0,-1.3899999999999864,295.0,294.0,100.0,100.0,0.0,0.0,0.17,0.0,6.0,6.0,-0.045,-0.03,0.0,0.01,6490.0,8326.0
19115.0,-1.3899999999999864,295.0,294.0,100.0,100.0,0.0,0.0,0.155,0.0,6.0,6.0,-0.055,-0.02,0.005,0.0,6488.5,8326.0
19120.0,-1.3999999999999773,295.0,294.0,100.0,100.0,0.0,0.0,0.13,-0.01,6.0,6.0,-0.05,-0.02,0.01,0.0,6492.0,8328.0
19125.0,-1.3999999999999773,295.0,294.0,100.0,100.0,0.0,0.0,0.15,-0.02,6.0,6.0,-0.06,-0.02,0.0,0.0,6493.0,8331.0
19130.0,-1.3999999999999773,295.0,294.0,100.0,100.0,0.0,0.0,0.15,0.0,6.0,6.0,-0.05,0.0,0.01,0.0,6496.0,8333.0
19135.0,-1.3999999999999773,295.0,294.0,100.0,100.0,0.0,0.0,0.14,-0.03,6.0,6.0,-0.06,-0.02,0.01,0.0,6492.0,8328.0
19140.0,-1.3999999999999773,296.0,294.0,100.0,100.0,0.0,0.0,0.13,0.0,6.0,6.0,-0.06,0.0,0.0,0.01,6493.0,8326.0
19145.0,-1.3999999999999773,296.0,294.0,100.0,100.0,0.0,0.0,0.13,0.0,6.0,6.0,-0.04,0.0,0.02,0.0,6497.0,8334.0
19150.0,-1.3999999999999773,296.0,294.0,100.0,100.0,0.0,0.0,0.14,0.0,6.0,6.0,-0.06,0.0,0.01,0.0,6497.0,8337.0
19155.0,-1.3999999999999773,296.0,294.0,100.0,100.0,0.0,0.0,0.13,-0.01,6.0,6.0,-0.06,0.0,0.01,0.01,6490.0,8325.0
19160.0,-1.3899999999999864,296.0,294.0,100.0,100.0,0.0,0.0,0.11,0.0,6.0,6.0,-0.04,0.0,-0.01,0.0,6495.0,8327.0
19165.0,-1.3899999999999864,296.0,294.0,100.0,100.0,0.0,0.0,0.08,-0.025,6.0,6.0,-0.06,0.0,0.03,0.0,6499.0,8337.5
19170.0,-1.3899999999999864,296.0,294.0,100.0,100.0,0.0,0.0,0.08,-0.015,6.0,6.0,-0.04,0.0,0.02,0.005,6501.0,8341.5
19175.0,-1.3999999999999773,296.0,294.0,100.0,100.0,0.0,0.0,0.08,0.0,6.0,6.0,-0.05,0.0,0.005,0.015,6492.5,8327.5
19180.0,-1.3999999999999773,296.0,294.0,100.0,100.0,0.0,0.0,0.04,0.005,6.0,6.0,-0.04,-0.01,0.01,0.0,6490.0,8321.0
19185.0,-1.3899999999999864,296.0,294.0,100.0,100.0,0.0,0.0,0.015,0.01,6.0,6.0,-0.03,0.0,0.0,-0.01,6498.0,8339.0
19190.0,-1.3899999999999864,296.0,294.0,100.0,100.0,0.0,0.0,0.025,0.03,6.0,6.0,-0.025,-0.02,0.005,0.01,6507.0,8348.0
19195.0,-1.3899999999999864,296.0,294.0,100.0,100.0,0.0,0.0,0.0,0.03,6.0,6.0,-0.02,-0.02,0.005,0.01,6491.0,8326.0
19200.0,-1.3899999999999864,296.0,294.0,100.0,100.0,0.0,0.0,0.0,0.07,6.0,6.0,-0.015,-0.03,-0.005,0.0,6493.5,8322.0
19205.0,-1.3899999999999864,296.0,294.0,100.0,100.0,0.0,0.0,-0.019999999999999997,0.08,6.0,6.0,-0.005,-0.05,0.005,0.0,6503.5,8337.0
19210.0,-1.3899999999999864,296.0,294.0,100.0,100.0,0.0,0.0,-0.055,0.07,6.0,6.0,0.0,-0.04,0.01,0.0,6500.0,8346.0
19215.0,-1.3999999999999773,296.0,294.0,100.0,100.0,0.0,0.0,-0.07,0.03,6.0,6.0,0.0,-0.04,0.0,0.0,6499.0,8335.0
19220.0,-1.3999999999999773,296.0,294.0,100.0,100.0,0.0,0.0,-0.11,0.03,6.0,6.0,0.01,-0.05,0.0,0.0,6507.0,8340.0
19225.0,-1.3999999999999773,296.0,294.0,100.0,100.0,0.0,0.0,-0.09,0.06,6.0,6.0,0.04,-0.06,0.03,0.0,6504.0,8344.0
19230.0,-1.3900000000000432,296.0,294.0,100.0,100.0,0.0,0.0,-0.1,0.04,6.0,6.0,0.06,-0.060000000000000005,0.0,0.01,6506.0,8341.5
19235.0,-1.3899999999999864,296.0,294.0,100.0,100.0,0.0,0.0,-0.08,0.005,6.0,6.0,0.05,-0.05,0.0,0.01,6496.0,8333.5
19240.0,-1.3900000000000432,296.0,294.0,100.0,100.0,0.0,0.0,-0.05,0.0,6.0,6.0,0.07,-0.04,0.0,0.0,6508.0,8335.5
19245.0,-1.3899999999999864,296.0,294.0,100.0,100.0,0.0,0.0,-0.04,0.0,6.0,6.0,0.05,-0.04,0.0,0.005,6506.0,8341.0
19250.0,-1.3900000000000432,296.0,294.0,100.0,100.0,0.0,0.0,-0.01,0.005,6.0,6.0,0.06,-0.04,0.03,0.005,6501.0,8338.0
19255.0,-1.3899999999999864,296.0,294.0,100.0,100.0,0.0,0.0,-0.01,0.005,6.0,6.0,0.03,-0.025,0.0,0.0,6508.0,8346.5
19260.0,-1.3799999999999955,296.0,294.0,100.0,100.0,0.0,0.0,-0.03,-0.02,6.0,6.0,0.04,-0.03,0.02,0.0,6511.0,8351.0
19265.0,-1.3799999999999955,296.0,294.0,100.0,100.0,0.0,0.0,-0.02,0.0,6.0,6.0,0.04,-0.03,0.0,0.01,6508.0,8342.0
19270.0,-1.3800000000001091,296.0,294.0,100.0,100.0,0.0,0.0,-0.01,-0.04,6.0,6.0,0.02,-0.03,0.03,0.0,6506.0,8339.0
19275.0,-1.3799999999999955,296.0,294.0,100.0,100.0,0.0,0.0,-0.01,-0.06,6.0,6.0,0.03,-0.02,0.01,0.01,6502.0,8340.0
19280.0,-1.3900000000000432,296.0,294.0,100.0,100.0,0.0,0.0,-0.04,-0.01,6.0,6.0,0.025,0.02,0.01,0.0,6512.0,8347.0
19285.0,-1.3899999999999864,296.0,294.0,100.0,100.0,0.0,0.0,-0.03,0.0,6.0,6.0,0.02,-0.01,0.015,0.01,6516.5,8356.0
19290.0,-1.3900000000000432,296.0,294.0,100.0,100.0,0.0,0.0,-0.035,-0.05,6.0,6.0,0.025,0.0,0.015,0.02,6508.5,8349.0
19295.0,-1.3899999999999864,296.0,294.0,100.0,100.0,0.0,0.0,-0.07500000000000001,-0.05,6.0,6.0,0.03,0.03,0.005,0.02,6509.0,8344.0
19300.0,-1.3900000000000432,296.0,294.0,100.0,100.0,0.0,0.0,-0.09,-0.09,6.0,6.0,0.035,0.04,0.005,0.0,6522.5,8355.0
19305.0,-1.3799999999999955,296.0,294.0,100.0,100.0,0.0,0.0,-0.08,-0.11499999999999999,6.0,6.0,0.045,0.05,0.03,0.015,6515.5,8353.5
19310.0,-1.3800000000000523,296.0,294.0,100.0,100.0,0.0,0.0,-0.07,-0.11499999999999999,6.0,6.0,0.05,0.035,0.02,0.01,6508.5,8345.0
19315.0,-1.3799999999999955,296.0,294.0,100.0,100.0,0.0,0.0,-0.08,-0.14500000000000002,6.0,6.0,0.04,0.05,0.015,0.0,6520.5,8355.0
19320.0,-1.3899999999999864,297.0,294.0,100.0,100.0,0.0,0.0,-0.09,-0.195,6.0,6.0,0.06,0.055,0.02,0.02,6520.0,8363.5
19325.0,-1.3899999999999864,297.0,294.0,100.0,100.0,0.0,0.0,-0.08,-0.19,6.0,6.0,0.06,0.08,0.01,0.03,6514.0,8351.5
19330.0,-1.3899999999999864,297.0,295.0,100.0,100.0,0.0,0.0,-0.09,-0.165,6.0,6.0,0.07,0.1,0.03,0.01,6517.0,8350.5
19335.0,-1.3799999999999955,297.0,295.0,100.0,100.0,0.0,0.0,-0.1,-0.15,6.0,6.0,0.07,0.1,0.02,0.02,6520.0,8356.0
19340.0,-1.3799999999999955,297.0,295.0,100.0,100.0,0.0,0.0,-0.13,-0.15,6.0,6.0,0.08,0.1,0.01,0.0,6519.0,8358.0
19345.0,-1.3799999999999955,297.0,295.0,100.0,100.0,0.0,0.0,-0.15,-0.15,6.0,6.0,0.08,0.09,0.01,0.02,6520.0,8358.0
19350.0,-1.3799999999999955,297.0,295.0,100.0,100.0,0.0,0.0,-0.17,-0.18,6.0,6.0,0.1,0.11,0.04,0.01,6523.0,8360.0
19355.0,-1.3799999999999955,297.0,295.0,100.0,100.0,0.0,0.0,-0.17,-0.17,6.0,6.0,0.11,0.12,0.03,0.01,6522.0,8359.0
19360.0,-1.3799999999999955,297.0,295.0,100.0,100.0,0.0,0.0,-0.17,-0.17,6.0,6.0,0.1,0.15,0.01,0.03,6522.0,8360.0
19365.0,-1.3799999999999955,297.0,295.0,100.0,100.0,0.0,0.0,-0.18,-0.12,6.0,6.0,0.1,0.14,0.04,0.01,6529.0,8367.0
19370.0,-1.3799999999999955,297.0,295.0,100.0,100.0,0.0,0.0,-0.22,-0.11,6.0,6.0,0.13,0.16,0.02,0.02,6528.0,8368.0
19375.0,-1.3799999999999955,297.0,295.0,100.0,100.0,0.0,0.0,-0.24,-0.08,6.0,6.0,0.14,0.13,0.03,0.03,6528.0,8364.0
19380.0,-1.3799999999999955,297.0,295.0,100.0,100.0,0.0,0.0,-0.28,-0.09,6.0,6.0,0.16,0.15,0.01,0.02,6528.0,8364.0
19385.0,-1.3799999999999955,297.0,295.0,100.0,100.0,0.0,0.0,-0.3,-0.1,6.0,6.0,0.16,0.13,0.0,0.0,6533.0,8373.0
19390.0,-1.3700000000000045,297.0,295.0,100.0,100.0,0.0,0.0,-0.35,-0.14500000000000002,6.0,6.0,0.18,0.13,0.02,0.02,6536.0,8378.0
19395.0,-1.3700000000000045,297.0,295.0,100.0,100.0,0.0,0.0,-0.38,-0.18,6.0,6.0,0.19,0.14500000000000002,0.02,0.02,6538.0,8379.5
19400.0,-1.3799999999999955,297.0,295.0,100.0,100.0,0.0,0.0,-0.445,-0.18,6.0,6.0,0.22999999999999998,0.165,0.035,0.025,6541.0,8380.5
19405.0,-1.3799999999999955,297.0,295.0,100.0,100.0,0.0,0.0,-0.495,-0.20500000000000002,6.0,6.0,0.26,0.175,0.02,0.03,6536.5,8373.0
19410.0,-1.3799999999999955,298.0,295.0,100.0,100.0,0.0,0.0,-0.555,-0.25,6.0,6.0,0.265,0.185,0.025,0.02,6537.0,8374.0
19415.0,-1.3799999999999955,298.0,295.0,100.0,100.0,0.0,0.0,-0.6699999999999999,-0.29000000000000004,6.0,6.0,0.305,0.175,0.03,0.015,6551.5,8391.0
19420.0,-1.3799999999999955,298.0,295.0,100.0,100.0,0.0,0.0,-0.815,-0.31,6.0,6.0,0.365,0.21500000000000002,0.015,0.04,6542.5,8393.0
19425.0,-1.3700000000000045,298.0,296.0,100.0,100.0,0.0,0.0,-0.82,-0.28,6.0,6.0,0.41,0.26,0.03,0.03,6539.0,8375.0
19430.0,-1.3700000000000045,298.0,296.0,100.0,100.0,0.0,0.0,-0.835,-0.29,6.0,6.0,0.435,0.26,0.03,0.03,6544.0,8378.0
19435.0,-1.3700000000000045,298.0,296.0,100.0,100.0,0.0,0.0,-0.96,-0.4,6.0,6.0,0.45499999999999996,0.24,0.02,0.03,6556.0,8402.0
19440.0,-1.3700000000000045,298.0,296.0,100.0,100.0,0.0,0.0,-1.145,-0.59,6.0,6.0,0.535,0.34,0.04,0.03,6547.0,8394.0
19445.0,-1.3699999999999477,298.0,296.0,100.0,100.0,0.0,0.0,-1.2349999999999999,-0.78,6.0,6.0,0.58,0.38,0.04,0.03,6548.0,8387.0
19450.0,-1.3700000000000045,298.0,296.0,100.0,100.0,0.0,0.0,-1.38,-0.96,6.0,6.0,0.59,0.41,0.03,0.03,6559.0,8395.0
19455.0,-1.3699999999999477,298.0,296.0,100.0,100.0,0.0,0.0,-1.5750000000000002,-1.21,6.0,6.0,0.6699999999999999,0.49,0.035,0.03,6564.5,8412.0
19460.0,-1.3700000000000045,298.0,296.0,100.0,100.0,0.0,0.0,-1.6749999999999998,-1.44,6.0,6.0,0.785,0.65,0.03,0.03,6554.5,8404.0
19465.0,-1.3699999999999477,298.0,296.0,100.0,100.0,0.0,0.0,-1.705,-1.47,6.0,6.0,0.84,0.82,0.05,0.04,6555.5,8396.0
19470.0,-1.3799999999999955,298.0,296.0,100.0,100.0,0.0,0.0,-1.71,-1.4,6.0,6.0,0.84,0.89,0.03,0.03,6560.0,8400.0
19475.0,-1.3800000000001091,298.0,296.0,100.0,100.0,0.0,0.0,-1.84,-1.53,6.0,6.0,0.9,0.91,0.06,0.03,6566.0,8416.0
19480.0,-1.3799999999999955,298.0,296.0,100.0,100.0,0.0,0.0,-1.98,-1.62,6.0,6.0,0.99,1.08,0.04,0.05,6564.0,8416.0
19485.0,-1.3799999999999955,298.0,296.0,100.0,100.0,0.0,0.0,-2.1,-1.61,6.0,6.0,1.02,1.22,0.03,0.04,6562.0,8408.0
19490.0,-1.3700000000000045,299.0,296.0,100.0,100.0,0.0,0.0,-2.15,-1.59,6.0,6.0,1.12,1.2850000000000001,0.03,0.03,6562.0,8404.0
19495.0,-1.3699999999999477,299.0,296.0,100.0,100.0,0.0,0.0,-2.08,-1.55,6.0,6.0,1.15,1.41,0.05,0.035,6560.0,8403.5
19500.0,-1.3700000000000045,299.0,296.0,100.0,100.0,0.0,0.0,-2.07,-1.5550000000000002,6.0,6.0,1.15,1.37,0.0,0.03,6560.0,8403.0
19505.0,-1.3699999999999477,299.0,296.0,100.0,100.0,0.0,0.0,-2.12,-1.59,6.0,6.0,1.14,1.35,0.03,0.03,6565.0,8406.5
19510.0,-1.3700000000000045,299.0,296.0,100.0,100.0,0.0,0.0,-2.17,-1.6150000000000002,6.0,6.0,1.11,1.3250000000000002,0.02,0.03,6568.0,8412.5
19515.0,-1.3700000000000045,299.0,296.0,100.0,100.0,0.0,0.0,-2.3,-1.67,6.0,6.0,1.12,1.26,0.04,0.025,6572.0,8418.0
19520.0,-1.3700000000000045,299.0,296.0,100.0,100.0,0.0,0.0,-2.38,-1.66,6.0,6.0,1.23,1.45,0.04,0.04,6568.0,8412.0
19525.0,-1.3700000000000045,299.0,296.0,100.0,100.0,0.0,0.0,-2.25,-1.46,6.0,6.0,1.23,1.495,0.02,0.035,6561.0,8399.5
19530.0,-1.3600000000000136,299.0,296.0,100.0,100.0,0.0,0.0,-2.18,-1.34,6.0,6.0,1.16,1.38,0.03,0.03,6570.0,8405.0
19535.0,-1.3600000000000136,299.0,296.0,100.0,100.0,0.0,0.0,-2.17,-1.36,6.0,6.0,1.18,1.28,0.06,0.04,6577.0,8419.0
19540.0,-1.3600000000000136,299.0,296.0,100.0,100.0,0.0,0.0,-2.06,-1.19,6.0,6.0,1.21,1.36,0.03,0.04,6567.0,8408.0
19545.0,-1.3600000000000136,299.0,296.0,100.0,100.0,0.0,0.0,-1.98,-1.05,6.0,6.0,1.14,1.28,0.03,0.04,6570.0,8402.0
19550.0,-1.3600000000000136,299.0,296.0,100.0,100.0,0.0,0.0,-1.97,-1.05,6.0,6.0,1.1,1.24,0.04,0.03,6576.0,8409.0
19555.0,-1.3600000000000136,299.0,296.0,100.0,100.0,0.0,0.0,-1.87,-1.0,6.0,6.0,1.12,1.23,0.02,0.04,6571.0,8408.0
19560.0,-1.3600000000000136,299.0,296.0,100.0,100.0,0.0,0.0,-1.81,-0.87,6.0,6.0,1.12,1.24,0.04,0.03,6569.0,8401.0
19565.0,-1.3600000000000136,299.0,296.0,100.0,100.0,0.0,0.0,-1.78,-0.73,6.0,6.0,1.1,1.19,0.04,0.03,6571.0,8401.0
19570.0,-1.3600000000000136,299.0,296.0,100.0,100.0,0.0,0.0,-1.71,-0.63,6.0,6.0,1.03,1.1,0.04,0.04,6571.0,8401.0
19575.0,-1.3600000000000136,299.0,296.0,100.0,100.0,0.0,0.0,-1.68,-0.69,6.0,6.0,0.94,0.99,0.05,0.03,6581.0,8412.0
19580.0,-1.3600000000000136,299.0,296.0,100.0,100.0,0.0,0.0,-1.68,-0.73,6.0,6.0,1.0,0.99,0.05,0.04,6584.0,8419.0
19585.0,-1.3600000000000136,299.0,296.0,100.0,100.0,0.0,0.0,-1.61,-0.56,6.0,6.0,1.01,1.04,0.06,0.06,6577.0,8407.0
19590.0,-1.3600000000000136,299.0,296.0,100.0,100.0,0.0,0.0,-1.33,-0.29,6.0,6.0,0.88,0.9,0.04,0.05,6581.0,8408.0
19595.0,-1.3500000000000227,299.0,296.0,100.0,100.0,0.0,0.0,-1.23,-0.24,6.0,6.0,0.94,0.845,0.06,0.045,6585.0,8419.0
19600.0,-1.3500000000000227,299.0,297.0,100.0,100.0,0.0,0.0,-1.05,-0.12,6.0,6.0,0.94,0.85,0.05,0.05,6570.0,8402.0
19605.0,-1.3500000000000227,300.0,297.0,100.0,100.0,0.0,0.0,-0.82,0.019999999999999997,6.0,6.0,0.69,0.645,0.04,0.04,6580.0,8405.5
19610.0,-1.349999999999909,300.0,297.0,100.0,100.0,0.0,0.0,-0.88,-0.05,6.0,6.0,0.6,0.52,0.04,0.02,6612.0,8440.0
19615.0,-1.3500000000000227,300.0,297.0,100.0,100.0,0.0,0.0,-1.01,-0.14500000000000002,6.0,6.0,0.65,0.505,0.08,0.060000000000000005,6599.0,8445.5
19620.0,-1.349999999999909,300.0,297.0,100.0,100.0,0.0,0.0,-0.92,-0.11,6.0,6.0,0.65,0.52,0.05,0.055,6590.0,8425.5
19625.0,-1.3500000000000227,300.0,297.0,100.0,100.0,0.0,0.0,-0.69,-0.025,6.0,6.0,0.59,0.44999999999999996,0.06,0.05,6595.0,8422.5
19630.0,-1.349999999999909,300.0,297.0,100.0,100.0,0.0,0.0,-0.48,-0.005,6.0,6.0,0.55,0.39,0.05,0.055,6591.0,8422.5
19635.0,-1.3500000000000227,300.0,297.0,100.0,100.0,0.0,0.0,-0.5,-0.02,6.0,6.0,0.48,0.33499999999999996,0.06,0.05,6592.0,8427.0
19640.0,-1.349999999999966,300.0,297.0,100.0,100.0,0.0,0.0,-0.59,0.005,6.0,6.0,0.44,0.30000000000000004,0.06,0.05,6597.0,8434.5
19645.0,-1.3500000000000227,300.0,298.0,100.0,100.0,0.0,0.0,-0.64,0.02,6.0,6.0,0.42,0.22499999999999998,0.06,0.06,6599.0,8435.0
19650.0,-1.349999999999966,301.0,298.0,100.0,100.0,0.0,0.0,-0.71,0.035,6.0,6.0,0.4,0.19,0.05,0.05,6601.0,8435.5
19655.0,-1.3400000000000318,301.0,298.0,100.0,100.0,0.0,0.0,-0.68,0.03,6.0,6.0,0.38,0.14,0.08,0.05,6604.0,8440.0
19660.0,-1.3399999999999181,301.0,298.0,100.0,100.0,0.0,0.0,-0.51,0.0,6.0,6.0,0.35,0.13,0.06,0.06,6610.0,8448.0
19665.0,-1.3400000000000318,301.0,298.0,100.0,100.0,0.0,0.0,-0.45,-0.03,6.0,6.0,0.35,0.05,0.06,0.06,6614.0,8454.0
19670.0,-1.3399999999999181,301.0,298.0,100.0,100.0,0.0,0.0,-0.45,-0.09,6.0,6.0,0.33,0.07,0.04,0.05,6614.0,8455.0
19675.0,-1.3400000000000318,301.0,298.0,100.0,100.0,0.0,0.0,-0.39,-0.17,6.0,6.0,0.29,0.08,0.07,0.05,6619.0,8456.0
19680.0,-1.3400000000000318,301.0,298.0,100.0,100.0,0.0,0.0,-0.24,-0.16,6.0,6.0,0.25,0.05,0.06,0.05,6620.0,8462.0
19685.0,-1.3400000000000318,301.0,299.0,100.0,100.0,0.0,0.0,-0.15,-0.15,6.0,6.0,0.22,0.07,0.07,0.05,6627.0,8469.0
19690.0,-1.3400000000000318,302.0,299.0,100.0,100.0,0.0,0.0,-0.18,-0.17,6.0,6.0,0.19,0.06,0.06,0.06,6621.0,8465.0
19695.0,-1.3400000000000318,302.0,299.0,100.0,100.0,0.0,0.0,-0.13,-0.21,6.0,6.0,0.13,0.07,0.06,0.06,6624.0,8465.0
19700.0,-1.3400000000000318,302.0,299.0,100.0,100.0,0.0,0.0,-0.08,-0.2,6.0,6.0,0.11,0.08,0.07,0.05,6625.0,8469.0
19705.0,-1.3400000000000318,302.0,299.0,100.0,100.0,0.0,0.0,-0.13,-0.18,6.0,6.0,0.09,0.12,0.06,0.05,6627.0,8470.0
19710.0,-1.3400000000000318,302.0,299.0,100.0,100.0,0.0,0.0,-0.31,-0.23,6.0,6.0,0.1,0.11,0.06,0.05,6631.0,8474.0
19715.0,-1.3400000000000318,302.0,299.0,100.0,100.0,0.0,0.0,-0.34,-0.27,6.0,6.0,0.1,0.14,0.06,0.05,6631.0,8478.0
19720.0,-1.3400000000000318,302.0,299.0,100.0,100.0,0.0,0.0,-0.29,-0.27,6.0,6.0,0.12,0.16,0.06,0.05,6637.0,8481.0
19725.0,-1.3400000000000318,302.0,299.0,100.0,100.0,0.0,0.0,-0.31,-0.26,6.0,6.0,0.13,0.19,0.05,-0.02,6647.0,8501.0
19730.0,-1.3400000000000318,303.0,300.0,100.0,100.0,0.0,0.0,-0.3,-0.27,6.0,6.0,0.15,0.21,0.03,0.06,6643.0,8489.0
19735.0,-1.3399999999999181,303.0,300.0,100.0,100.0,0.0,0.0,-0.32,-0.31,6.0,6.0,0.17,0.27,0.05,0.05,6634.0,8477.0
19740.0,-1.3400000000000318,303.0,300.0,100.0,100.0,0.0,0.0,-0.3,-0.3,6.0,6.0,0.17,0.27,0.02,0.04,6641.0,8480.0
19745.0,-1.3399999999999181,303.0,300.0,100.0,100.0,0.0,0.0,-0.35,-0.3,6.0,6.0,0.18,0.31,0.04,0.04,6639.0,8483.0
19750.0,-1.3400000000000318,303.0,300.0,100.0,100.0,0.0,0.0,-0.36,-0.3,6.0,6.0,0.21,0.29,0.02,0.02,6634.0,8477.0
19755.0,-1.3399999999999181,303.0,300.0,100.0,100.0,0.0,0.0,-0.45,-0.35,6.0,6.0,0.22,0.3,0.01,0.02,6637.0,8480.0
19760.0,-1.3400000000000318,303.0,300.0,100.0,100.0,0.0,0.0,-0.55,-0.4,6.0,6.0,0.21,0.3,0.03,0.02,6645.0,8489.0
19765.0,-1.3399999999999181,303.0,300.0,100.0,100.0,0.0,0.0,-0.71,-0.47,6.0,6.0,0.26,0.3,0.01,0.01,6655.0,8501.0
19770.0,-1.3400000000000318,303.0,300.0,100.0,100.0,0.0,0.0,-0.77,-0.58,6.0,6.0,0.36,0.4,0.03,0.02,6643.0,8495.0
19775.0,-1.3399999999999181,303.0,300.0,100.0,100.0,0.0,0.0,-0.7,-0.56,6.0,6.0,0.45,0.43,-0.03,0.01,6647.0,8490.0
19780.0,-1.3400000000000318,302.0,300.0,100.0,100.0,0.0,0.0,-0.62,-0.47,6.0,6.0,0.41,0.51,-0.46,-0.15,6617.0,8475.0
19785.0,-1.3399999999999181,302.0,299.0,100.0,100.0,0.0,0.0,-0.54,-0.51,6.0,6.0,0.28,0.4,-0.07,0.0,6604.0,8458.0
19790.0,-1.3400000000000318,301.0,299.0,100.0,100.0,0.0,0.0,-0.62,-0.63,6.0,6.0,0.21,0.34,0.0,-0.02,6611.0,8475.0
19795.0,-1.3399999999999181,301.0,299.0,100.0,100.0,0.0,0.0,-0.63,-0.65,6.0,6.0,0.31,0.48,-0.09,-0.02,6598.0,8461.0
19800.0,-1.3400000000000318,301.0,299.0,100.0,100.0,0.0,0.0,-0.54,-0.39,6.0,6.0,0.29,0.45,-0.03,-0.2,6597.0,8451.0
19805.0,-1.3400000000000318,301.0,299.0,100.0,100.0,0.0,0.0,-0.72,-0.37,6.0,6.0,0.29,0.36,-0.06,-0.05,6605.0,8458.0
19810.0,-1.3400000000000318,301.0,299.0,100.0,100.0,0.0,0.0,-1.11,-0.66,6.0,6.0,0.38,0.35,-0.04,-0.05,6604.0,8480.0
19815.0,-1.3400000000000318,301.0,299.0,100.0,100.0,0.0,0.0,-1.23,-0.77,6.0,6.0,0.49,0.48,-0.04,-0.04,6596.0,8460.0
19820.0,-1.3400000000000318,301.0,299.0,100.0,100.0,0.0,0.0,-1.21,-0.66,6.0,6.0,0.52,0.5,-0.06,-0.05,6599.0,8448.0
19825.0,-1.3400000000000318,301.0,299.0,100.0,100.0,0.0,0.0,-1.26,-0.67,6.0,6.0,0.62,0.53,-0.05,-0.07,6605.0,8456.0
19830.0,-1.3400000000000318,300.0,298.0,100.0,100.0,0.0,0.0,-1.26,-0.78,6.0,6.0,0.69,0.57,-0.04,-0.06,6595.0,8460.0
19835.0,-1.3400000000000318,300.0,298.0,100.0,100.0,0.0,0.0,-1.3,-0.84,6.0,6.0,0.6,0.53,-0.07,-0.07,6603.0,8457.0
19840.0,-1.3400000000000318,300.0,298.0,100.0,100.0,0.0,0.0,-1.39,-0.87,6.0,6.0,0.49,0.47,-0.06,-0.08,6662.0,8497.0
19845.0,-1.330000000000041,300.0,298.0,100.0,100.0,0.0,0.0,-1.36,-0.745,6.0,6.0,0.76,0.66,-0.05,-0.095,6607.0,8464.0
19850.0,-1.330000000000041,300.0,298.0,100.0,100.0,0.0,0.0,-1.11,-0.49,6.0,6.0,0.78,0.75,-0.05,-0.035,6587.0,8439.5
19855.0,-1.330000000000041,300.0,297.0,100.0,100.0,0.0,0.0,-1.19,-0.45499999999999996,6.0,6.0,0.63,0.625,-0.06,-0.055,6599.0,8437.0
19860.0,-1.3299999999999272,300.0,297.0,100.0,100.0,0.0,0.0,-1.48,-0.615,6.0,6.0,0.42,0.41500000000000004,-0.08,-0.07,6634.0,8457.5
19865.0,-1.330000000000041,300.0,297.0,100.0,100.0,0.0,0.0,-1.78,-0.8999999999999999,6.0,6.0,0.57,0.465,0.0,-0.08,6633.0,8477.0
19870.0,-1.3299999999999272,300.0,297.0,100.0,100.0,0.0,0.0,-1.94,-1.17,6.0,6.0,0.71,0.655,-0.02,-0.01,6594.0,8450.0
19875.0,-1.330000000000041,299.0,297.0,100.0,100.0,0.0,0.0,-2.0,-1.37,6.0,6.0,0.82,0.84,-0.01,-0.02,6578.0,8416.0
19880.0,-1.3299999999999272,299.0,297.0,100.0,100.0,0.0,0.0,-2.07,-1.42,6.0,6.0,0.89,0.87,-0.03,-0.02,6573.0,8405.0
19885.0,-1.330000000000041,299.0,297.0,100.0,100.0,0.0,0.0,-2.79,-1.805,6.0,6.0,1.02,0.915,-0.04,-0.04,6581.0,8421.5
19890.0,-1.3299999999999272,299.0,297.0,100.0,100.0,0.0,0.0,-3.38,-2.2750000000000004,6.0,6.0,1.25,1.1600000000000001,-0.04,-0.035,6569.0,8419.5
19895.0,-1.330000000000041,299.0,296.0,100.0,100.0,0.0,0.0,-2.99,-2.435,6.0,6.0,1.32,1.18,-0.05,-0.025,6567.0,8400.0
19900.0,-1.3199999999999363,299.0,296.0,100.0,100.0,0.0,0.0,-2.58,-2.23,6.0,6.0,1.42,1.79,-0.02,-0.04,6553.0,8383.0
19905.0,-1.32000000000005,298.0,296.0,100.0,100.0,0.0,0.0,-2.37,-2.02,6.0,6.0,1.68,1.47,-0.28,-0.22,6534.0,8371.0
19910.0,-1.3199999999999363,298.0,296.0,100.0,100.0,0.0,0.0,-2.08,-1.61,6.0,6.0,1.32,1.5,-0.06,-0.05,6539.0,8372.0
19915.0,-1.32000000000005,298.0,295.0,100.0,100.0,0.0,0.0,-1.71,-1.03,6.0,6.0,1.08,1.33,-0.08,-0.09,6551.0,8402.0
19920.0,-1.3199999999999363,298.0,295.0,100.0,100.0,0.0,0.0,-1.32,-0.35,6.0,6.0,1.13,1.43,-0.03,-0.04,6531.0,8378.0
19925.0,-1.32000000000005,297.0,295.0,100.0,100.0,0.0,0.0,-0.94,0.66,6.0,6.0,0.99,1.43,-0.03,-0.03,6535.0,8364.0
19930.0,-1.3199999999999363,297.0,295.0,100.0,100.0,0.0,0.0,0.01,2.35,6.0,6.0,0.88,1.0,-0.03,-0.04,6534.0,8361.0
19935.0,-1.32000000000005,297.0,295.0,100.0,100.0,0.0,0.0,1.43,4.2,6.0,6.0,0.49,0.43,-0.05,-0.04,6520.0,8347.0
19940.0,-1.3299999999999272,297.0,294.0,100.0,100.0,0.0,0.0,2.51,4.92,6.0,6.0,0.024999999999999994,-0.25,-0.045,-0.05,6526.5,8349.0
19945.0,-1.330000000000041,297.0,294.0,100.0,100.0,0.0,0.0,3.0999999999999996,4.67,6.0,6.0,-0.445,-0.77,-0.045,-0.05,6524.5,8354.0
19950.0,-1.3299999999999272,297.0,294.0,100.0,100.0,0.0,0.0,3.375,3.96,6.0,6.0,-0.64,-0.92,-0.07,-0.08,6538.5,8365.0
19955.0,-1.32000000000005,297.0,294.0,100.0,100.0,0.0,0.0,3.53,3.3899999999999997,6.0,6.0,-0.915,-1.115,-0.045,-0.08499999999999999,6573.0,8432.5
19960.0,-1.3199999999999363,297.0,294.0,100.0,100.0,0.0,0.0,3.73,2.3200000000000003,6.0,6.0,-1.33,-1.595,-0.015,-0.005,6527.5,8384.5
19965.0,-1.32000000000005,296.0,294.0,100.0,100.0,0.0,0.0,4.195,2.11,6.0,6.0,-1.435,-1.67,-0.04,-0.045,6530.5,8358.0
19970.0,-1.3199999999999932,296.0,293.0,100.0,100.0,0.0,0.0,4.645,2.79,6.0,6.0,-1.625,-1.8849999999999998,-0.045,-0.04,6523.0,8350.0
19975.0,-1.32000000000005,296.0,293.0,100.0,100.0,0.0,0.0,4.775,3.645,6.0,6.0,-1.78,-1.9749999999999999,-0.05,-0.019999999999999997,6510.5,8337.5
19980.0,-1.3099999999999454,296.0,293.0,100.0,100.0,0.0,0.0,5.12,4.97,6.0,6.0,-1.4449999999999998,-1.27,-0.03,-0.08,6512.5,8342.0
19985.0,-1.32000000000005,295.0,292.0,100.0,100.0,0.0,0.0,6.69,5.72,6.0,6.0,-1.15,-1.2,-0.07,-0.07,6584.0,8397.0
19990.0,-1.3199999999999363,295.0,292.0,100.0,100.0,0.0,0.0,7.58,6.4,6.0,6.0,-1.81,-1.81,0.01,0.0,6515.0,8387.0
19995.0,-1.32000000000005,295.0,292.0,100.0,100.0,0.0,0.0,7.48,5.37,6.0,6.0,-2.09,-2.28,-0.07,-0.01,6492.0,8307.0
20000.0,-1.3199999999999363,295.0,292.0,100.0,100.0,0.0,0.0,7.64,4.84,6.0,6.0,-2.07,-2.23,-0.03,-0.03,6480.0,8275.0
20005.0,-1.32000000000005,294.0,291.0,98.0,100.0,0.0,0.0,7.61,4.93,6.0,6.0,-1.66,-1.64,-0.06,-0.07,6509.0,8313.0
20010.0,-1.32000000000005,294.0,291.0,98.0,100.0,0.0,0.0,7.25,3.94,6.0,6.0,-1.67,-1.45,-0.02,-0.07,6517.0,8357.0
20015.0,-1.3100000000000591,294.0,291.0,98.0,100.0,0.0,0.0,7.04,3.025,6.0,6.0,-1.82,-1.87,-0.01,0.01,6513.0,8328.0
20020.0,-1.3100000000000023,294.0,290.0,100.0,100.0,0.0,0.0,5.91,2.275,6.0,6.0,-2.08,-2.21,0.02,-0.005,6490.0,8288.0
20025.0,-1.3099999999999454,293.0,290.0,100.0,100.0,0.0,0.0,4.5,0.66,6.0,6.0,-2.14,-2.25,-0.03,0.0,6461.0,8251.5
20030.0,-1.3099999999999454,293.0,290.0,100.0,100.0,0.0,0.0,4.35,-0.03,6.0,6.0,-1.9849999999999999,-2.0,-0.025,0.0,6450.0,8240.0
20035.0,-1.3100000000000023,293.0,290.0,100.0,100.0,0.0,0.0,3.185,0.3,6.0,6.0,-1.8050000000000002,-1.88,-0.015,0.0,6449.5,8241.0
20040.0,-1.3099999999999454,293.0,289.0,100.0,100.0,0.0,0.0,2.37,-0.12,6.0,6.0,-1.595,-1.7,-0.005,0.01,6439.0,8227.0
20045.0,-1.3100000000000023,292.0,289.0,100.0,100.0,0.0,0.0,2.95,-0.01,6.0,6.0,-1.415,-1.39,-0.01,0.01,6442.5,8222.0
20050.0,-1.3100000000000591,292.0,289.0,100.0,100.0,0.0,0.0,2.9349999999999996,0.0,6.0,6.0,-1.37,-1.28,0.005,0.02,6434.0,8219.0
20055.0,-1.32000000000005,292.0,289.0,100.0,100.0,0.0,0.0,1.93,-0.08,6.0,6.0,-1.3,-1.11,0.0,0.01,6427.0,8208.0
20060.0,-1.3100000000000023,292.0,288.5,100.0,58.0,0.0,48.0,1.08,-0.74,6.0,6.0,-1.21,-0.94,0.0,-0.475,6419.0,8097.0
20065.0,-1.3099999999999454,292.0,286.5,89.0,13.0,11.0,93.5,0.24,-1.495,6.0,6.0,-1.03,-0.635,-0.1,-1.22,6389.0,7954.5
20070.0,-1.2999999999999545,291.0,283.0,35.0,69.0,82.0,100.0,-0.35,-1.86,6.0,0.0,-0.72,-0.15,-0.88,-1.57,6291.0,8135.0
20075.0,-1.2999999999999545,288.0,280.0,69.0,0.0,100.0,100.0,-0.11,-1.37,0.0,0.0,-0.46,0.01,-1.57,-1.78,6794.0,8633.0
20080.0,-1.2999999999999545,284.0,276.0,0.0,0.0,100.0,100.0,-0.23,-1.29,0.0,5.0,-0.3,0.19,-1.88,-1.99,6976.0,8334.0
20085.0,-1.3000000000000114,278.5,270.5,0.0,0.0,100.0,100.0,-0.5,-2.045,5.0,5.0,-0.11,0.5349999999999999,-2.225,-2.135,6800.0,8299.0
20090.0,-1.2999999999999545,273.0,265.0,0.0,0.0,100.0,100.0,-1.46,-2.55,5.0,5.0,0.12,0.8,-2.27,-2.19,6654.0,8102.0
20095.0,-1.3000000000000682,268.0,260.0,0.0,0.0,100.0,100.0,-2.99,-2.83,5.0,5.0,0.45,1.14,-2.25,-2.18,6579.0,7954.0
20100.0,-1.2899999999999636,262.5,254.0,69.0,0.0,100.0,100.0,-3.9450000000000003,-3.01,0.0,5.0,0.685,1.17,-2.075,-1.92,6647.5,7699.0
20105.0,-1.2900000000000773,258.0,250.0,56.0,34.5,100.0,100.0,-4.32,-1.78,0.0,0.0,0.76,0.9450000000000001,-1.96,-1.78,7250.0,8619.0
20110.0,-1.2899999999999636,253.0,246.0,0.0,0.0,100.0,100.0,-4.324999999999999,-0.22,4.0,4.0,0.875,0.93,-1.995,-1.93,7039.0,8345.0
20115.0,-1.2799999999999727,248.0,240.0,0.0,0.0,100.0,100.0,-4.05,0.54,4.0,4.0,0.84,0.86,-1.82,-1.76,6679.0,8097.0
20120.0,-1.2799999999999727,243.0,234.0,0.0,0.0,100.0,100.0,-4.78,0.97,4.0,4.0,0.9,0.83,-1.88,-1.85,6464.0,7867.0
20125.0,-1.2899999999999636,237.0,230.0,0.0,0.0,100.0,100.0,-6.63,1.06,4.0,4.0,1.16,0.86,-1.88,-1.88,6340.0,7737.5
20130.0,-1.2800000000000864,232.5,224.0,0.0,0.0,100.0,100.0,-7.83,0.33,4.0,4.0,1.3450000000000002,0.935,-1.9,-1.915,6215.0,7641.5
20135.0,-1.2699999999999818,227.5,218.0,69.0,69.0,100.0,100.0,-8.555,-3.45,0.0,0.0,1.395,0.96,-1.76,-1.75,6846.5,8684.0
20140.0,-1.2699999999999818,222.5,213.0,0.0,0.0,100.0,100.0,-8.56,-5.09,3.0,3.0,1.5,1.12,-1.855,-2.08,7213.5,8613.0
20145.0,-1.2700000000000387,216.5,207.0,0.0,0.0,96.5,100.0,-6.49,-4.1,3.0,3.0,1.7349999999999999,1.41,-1.935,-1.99,7063.0,8621.0
20150.0,-1.2699999999999818,210.0,200.0,0.0,0.0,100.0,100.0,-3.15,-2.33,3.0,3.0,1.61,1.3199999999999998,-1.88,-1.775,6942.0,8250.0
20155.0,-1.259999999999991,204.0,194.0,0.0,0.0,100.0,100.0,-4.15,-1.02,3.0,3.0,1.72,1.32,-2.01,-1.85,6740.0,8023.0
20160.0,-1.259999999999991,197.0,187.0,0.0,0.0,100.0,100.0,-5.27,1.63,3.0,3.0,1.77,1.51,-1.8,-1.91,6569.0,7848.0
20165.0,-1.240000000000009,192.0,182.0,69.0,0.0,100.0,100.0,-5.36,-1.06,0.0,3.0,1.18,0.77,-1.83,-1.72,6343.0,7295.0
20170.0,-1.240000000000009,186.0,175.0,0.0,0.0,100.0,100.0,-4.58,-2.87,2.0,3.0,1.12,1.09,-1.71,-1.64,7312.0,7173.0
20175.0,-1.240000000000009,180.0,169.0,0.0,0.0,100.0,100.0,-1.82,-1.15,2.0,3.0,1.02,0.76,-1.87,-1.78,6958.0,6767.0
20180.0,-1.2200000000000273,173.0,160.0,0.0,69.0,100.0,100.0,0.04,0.72,2.0,0.0,1.24,0.9,-2.02,-1.91,6899.0,7359.0
20185.0,-1.240000000000009,164.0,154.0,0.0,0.0,100.0,100.0,0.16,-0.83,2.0,2.0,0.84,0.65,-1.88,-1.76,6589.0,7931.0
20190.0,-1.1999999999999318,157.0,145.0,0.0,0.0,100.0,100.0,1.08,0.03,2.0,2.0,0.43,0.31,-1.81,-1.88,6142.0,7280.0
20195.0,-1.1999999999999318,150.0,137.0,0.0,0.0,100.0,100.0,2.73,1.04,2.0,2.0,0.15,0.1,-1.73,-1.61,5831.0,6901.0
20200.0,-1.17999999999995,143.0,129.0,69.0,0.0,100.0,95.0,3.87,1.82,0.0,2.0,-0.04,-0.05,-1.58,-1.58,6944.0,6316.0
20205.0,-1.1800000000000637,135.0,121.0,0.0,0.0,100.0,85.0,6.07,2.85,1.0,2.0,-0.36,-0.23,-1.67,-1.56,6663.0,6026.0
20210.0,-1.1600000000000819,127.0,112.0,0.0,0.0,100.0,79.0,11.27,9.68,1.0,2.0,-0.62,-0.8,-1.6,-1.49,6280.0,5642.0
20215.0,-1.1399999999999864,119.0,105.0,0.0,17.0,100.0,29.0,17.61,15.82,1.0,2.0,-0.91,-1.32,-1.54,-0.74,5906.0,5679.0
20220.0,-1.1200000000000045,110.0,105.0,0.0,28.0,31.0,0.0,21.84,16.81,1.0,2.0,-1.61,-1.69,-1.06,0.15,5736.0,5969.0
20225.0,-1.1399999999999864,106.0,105.0,0.0,24.0,0.0,0.0,23.14,18.04,1.0,2.0,-1.9,-1.64,-0.35,0.07,5943.0,5968.0
20230.0,-1.1399999999999864,104.0,104.0,0.0,3.0,0.0,0.0,24.3,18.7,0.0,2.0,-1.85,-2.16,-0.2,-0.25,5349.0,5790.0
20235.0,-1.1200000000000045,103.0,103.0,38.0,27.0,0.0,0.0,24.92,18.15,2.0,2.0,-1.91,-2.01,-0.03,-0.17,4811.0,6066.0
20240.0,-1.1200000000000045,102.0,102.0,58.0,25.0,0.0,0.0,26.25,14.71,2.0,2.0,-1.75,-2.57,-0.13,0.02,5097.0,6105.0
20245.0,-1.1399999999999864,102.0,101.0,48.0,32.0,0.0,0.0,25.72,6.05,2.0,2.0,-1.82,-0.9,0.19,-0.01,4779.0,6287.0
20250.0,-1.1400000000001,102.0,101.0,52.0,35.0,0.0,0.0,17.08,-6.72,2.0,2.0,-1.58,-1.86,0.17,0.0,4816.0,6073.0
20255.0,-1.1399999999999864,103.0,101.0,56.0,44.0,0.0,0.0,5.76,-15.29,2.0,2.0,-1.67,-1.51,0.21,0.02,4839.0,6548.0
20260.0,-1.1200000000000045,104.0,104.0,65.0,89.0,0.0,0.0,2.74,-3.17,2.0,2.0,-1.42,-2.51,0.35,0.92,4978.0,6175.0
20265.0,-1.1200000000000045,106.0,106.0,76.0,87.0,0.0,0.0,2.07,-2.6,2.0,2.0,-1.18,-0.83,0.51,0.45,5094.0,6777.0
20270.0,-1.1200000000000045,109.0,110.0,85.0,97.0,0.0,0.0,1.32,-10.11,2.0,2.0,-0.86,-0.67,0.45,0.63,5230.0,6399.0
20275.0,-1.1200000000000045,112.0,113.0,88.0,100.0,0.0,0.0,-0.47,1.07,2.0,2.0,-0.79,-0.11,0.54,0.59,5314.0,6546.0
20280.0,-1.1200000000000045,115.0,117.0,97.0,100.0,0.0,0.0,-4.27,1.58,2.0,2.0,-0.39,-0.18,0.63,0.57,5367.0,6738.0
20285.0,-1.1200000000000045,119.0,120.0,94.0,100.0,0.0,0.0,-10.81,-5.43,2.0,2.0,0.67,0.15,0.61,0.58,5544.0,6947.0
20290.0,-1.1200000000000045,121.0,123.0,68.0,100.0,0.0,0.0,-11.13,-8.73,2.0,2.0,1.01,0.62,0.39,0.57,5698.0,7144.0
20295.0,-1.1399999999999864,123.0,125.0,45.0,65.0,0.0,0.0,-12.4,-13.29,2.0,2.0,1.42,1.23,0.34,0.49,5776.0,7290.0
20300.0,-1.1399999999999864,124.0,126.0,39.0,39.0,0.0,0.0,-13.56,-15.48,2.0,2.0,1.68,1.92,0.26,0.09,5781.0,7218.0
20305.0,-1.1200000000000045,124.0,126.0,38.0,37.0,0.0,0.0,-13.85,-15.15,2.0,2.0,2.25,1.62,0.25,0.02,5761.0,7431.0
20310.0,-1.1399999999999864,125.0,126.0,42.0,41.0,0.0,0.0,-13.93,-12.9,2.0,2.0,1.87,1.98,0.28,0.18,5788.0,7291.0
20315.0,-1.1399999999999864,125.0,126.0,40.0,46.0,0.0,0.0,-13.04,-1.03,2.0,2.0,1.58,1.36,0.2,0.18,5913.0,7317.0
20320.0,-1.1399999999999864,126.0,126.0,43.0,48.0,0.0,0.0,-10.96,2.94,2.0,2.0,1.47,1.68,0.27,0.32,5953.0,7396.0
20325.0,-1.1399999999999864,127.0,127.0,50.0,51.0,0.0,0.0,-4.4,2.55,2.0,2.0,1.54,1.47,0.34,0.33,6044.0,7433.0
20330.0,-1.1399999999999864,128.0,128.0,56.0,59.0,0.0,0.0,-3.87,-2.66,2.0,2.0,1.51,1.55,0.34,0.38,6055.0,7422.0
20335.0,-1.1399999999999864,130.0,130.0,59.0,64.0,0.0,0.0,-0.41,-3.08,2.0,2.0,1.36,1.3,0.38,0.44,6115.0,7531.0
20340.0,-1.1399999999999864,131.0,132.0,66.0,69.0,0.0,0.0,2.0,-1.35,2.0,2.0,1.28,1.18,0.43,0.46,6144.0,7594.0
20345.0,-1.1400000000001,133.0,134.0,70.0,53.0,0.0,0.0,2.82,0.23,2.0,2.0,0.85,0.79,0.49,0.36,6141.0,7584.0
20350.0,-1.1399999999999864,132.0,131.0,0.0,0.0,64.0,68.0,3.95,1.72,0.0,2.0,-0.08,0.21,-1.25,-1.22,7342.0,7125.0
20355.0,-1.1399999999999864,124.0,124.0,0.0,0.0,88.0,100.0,2.67,2.99,1.0,2.0,-0.31,-0.12,-1.71,-1.67,6602.0,6459.0
20360.0,-1.1399999999999864,116.0,116.0,0.0,0.0,95.0,100.0,5.89,9.3,1.0,2.0,-0.37,-0.3,-1.49,-1.49,5730.0,5615.0
20365.0,-1.1399999999999864,108.0,108.0,0.0,0.0,74.0,89.0,13.35,14.5,1.0,2.0,-0.75,-0.54,-1.57,-1.33,5343.0,5299.0
20370.0,-1.1399999999999864,103.0,103.0,13.0,12.0,0.0,0.0,15.73,15.52,1.0,2.0,-1.38,-1.43,-0.12,-0.03,5991.0,5815.0
20375.0,-1.1399999999999864,103.0,102.0,25.0,0.0,0.0,0.0,15.6,17.66,1.0,2.0,-1.37,-1.53,0.07,-0.2,5998.0,5636.0
20380.0,-1.1400000000001,103.0,100.0,17.0,0.0,0.0,0.0,19.55,18.59,1.0,2.0,-1.4,-1.58,0.0,-0.19,5949.0,5532.0
20385.0,-1.1200000000000045,102.0,100.0,16.0,43.0,0.0,0.0,21.02,18.83,1.0,2.0,-1.48,-1.49,0.0,0.34,5926.0,5864.0
20390.0,-1.1200000000000045,101.0,100.0,0.0,36.0,0.0,0.0,22.47,19.53,1.0,2.0,-1.49,-1.42,-0.3,0.14,5686.0,5795.0
20395.0,-1.1200000000000045,101.0,101.0,47.0,42.0,0.0,0.0,22.69,19.47,1.0,2.0,-1.32,-1.33,0.17,0.26,5988.0,5942.0
20400.0,-1.1200000000000045,102.0,102.0,45.0,43.0,0.0,0.0,21.95,19.04,1.0,2.0,-1.54,-1.56,0.2,0.3,6018.0,5949.0
20405.0,-1.1200000000000045,103.0,103.0,51.0,55.0,0.0,0.0,18.12,15.7,1.0,2.0,-1.47,-1.44,0.28,0.39,6176.0,6136.0
20410.0,-1.1399999999999864,104.0,106.0,47.0,64.0,0.0,0.0,14.86,7.45,1.0,2.0,-1.53,-1.5,0.27,0.49,6295.0,6303.0
20415.0,-1.1200000000000045,105.0,108.0,49.0,63.0,0.0,0.0,10.08,3.82,1.0,2.0,-1.43,-1.4,0.34,0.48,6387.0,6463.0
20420.0,-1.1399999999999864,107.0,110.0,50.0,73.0,0.0,0.0,3.81,0.33,1.0,2.0,-1.43,-1.51,0.39,0.54,6554.0,6750.0
20425.0,-1.1399999999999864,108.0,113.0,0.0,86.0,0.0,0.0,-0.1,-6.4,0.0,2.0,-1.56,-1.5,-0.08,0.63,6270.0,6818.0
20430.0,-1.1599999999999682,110.0,116.0,83.0,87.0,0.0,0.0,0.15,-9.76,2.0,2.0,-1.14,-1.1,0.54,0.64,5276.0,7025.0
20435.0,-1.1800000000000637,114.0,119.0,89.0,95.0,0.0,0.0,1.57,-6.95,2.0,2.0,-1.13,-1.04,0.57,0.71,5309.0,7099.0
20440.0,-1.1599999999999682,116.0,122.0,92.0,100.0,0.0,0.0,2.37,4.62,2.0,2.0,-1.05,-1.11,0.67,0.67,5510.0,7075.0
20445.0,-1.17999999999995,119.0,125.0,94.0,100.0,0.0,0.0,2.68,3.6,2.0,2.0,-0.72,-0.88,0.57,0.59,5533.0,7224.0
20450.0,-1.17999999999995,122.0,128.0,100.0,100.0,0.0,0.0,2.21,2.2,2.0,2.0,-0.71,-0.79,0.64,0.64,5676.0,7414.0
20455.0,-1.2000000000000455,126.0,131.0,98.0,100.0,0.0,0.0,1.07,2.5,2.0,2.0,-0.32,-0.74,0.52,0.59,5805.0,7580.0
20460.0,-1.2000000000000455,129.0,134.0,100.0,100.0,0.0,0.0,1.11,1.33,2.0,2.0,-0.22,-0.73,0.59,0.56,5922.0,7736.0
20465.0,-1.2000000000000455,132.0,137.0,100.0,100.0,0.0,0.0,1.08,0.47,2.0,2.0,-0.28,-0.46,0.57,0.56,6136.0,7840.0
20470.0,-1.2000000000000455,134.0,139.0,100.0,100.0,0.0,0.0,1.24,0.82,2.0,2.0,-0.24,-0.34,0.57,0.59,6195.0,7984.0
20475.0,-1.2000000000000455,137.0,142.0,100.0,100.0,0.0,0.0,1.23,0.84,2.0,2.0,-0.29,-0.34,0.64,0.54,6300.0,8126.0
20480.0,-1.2200000000000273,140.0,144.0,100.0,100.0,0.0,0.0,1.42,0.87,2.0,2.0,-0.32,-0.32,0.63,0.49,6461.0,8279.0
20485.0,-1.2200000000000273,142.0,146.0,100.0,100.0,0.0,0.0,1.35,0.85,2.0,2.0,-0.31,-0.3,0.54,0.5,6533.0,8346.0
20490.0,-1.2200000000000273,145.0,148.0,100.0,0.0,0.0,0.0,1.37,0.81,2.0,0.0,-0.3,-0.27,0.51,-0.13,6647.0,8489.0
20495.0,-1.2200000000000273,147.0,149.0,100.0,99.0,0.0,0.0,1.47,0.98,2.0,3.0,-0.33,-0.19,0.5,0.87,6741.0,7251.0
20500.0,-1.2200000000000273,149.0,152.0,100.0,100.0,0.0,0.0,1.47,1.27,2.0,3.0,-0.35,-0.36,0.51,0.44,6837.0,7009.0
20505.0,-1.2200000000000273,151.0,154.0,100.0,100.0,0.0,0.0,1.47,1.3,2.0,3.0,-0.37,-0.39,0.51,0.44,6922.0,7093.0
20510.0,-1.2200000000000273,153.0,155.0,100.0,100.0,0.0,0.0,1.51,1.5,2.0,3.0,-0.37,-0.41,0.49,0.44,7013.0,7181.0
20515.0,-1.2200000000000273,154.0,157.0,100.0,100.0,0.0,0.0,1.45,1.7,3.0,3.0,-0.34,-0.46,0.72,0.45,5860.0,7268.0
20520.0,-1.240000000000009,156.0,159.0,100.0,100.0,0.0,0.0,1.7,1.86,3.0,3.0,-0.38,-0.49,0.47,0.44,5836.0,7334.0
20525.0,-1.240000000000009,158.0,161.0,100.0,100.0,0.0,0.0,1.82,1.83,3.0,3.0,-0.41,-0.54,0.43,0.43,5884.0,7428.0
20530.0,-1.240000000000009,160.0,162.0,100.0,100.0,0.0,0.0,1.88,1.68,3.0,3.0,-0.46,-0.55,0.44,0.44,5946.0,7507.0
20535.0,-1.240000000000009,161.0,164.0,100.0,100.0,0.0,0.0,1.84,1.59,3.0,3.0,-0.49,-0.56,0.44,0.42,6005.0,7573.0
20540.0,-1.240000000000009,163.0,166.0,100.0,100.0,0.0,0.0,1.81,1.44,3.0,3.0,-0.5,-0.59,0.42,0.43,6061.0,7641.0
20545.0,-1.240000000000009,165.0,167.0,100.0,100.0,0.0,0.0,1.92,1.26,3.0,3.0,-0.51,-0.55,0.41,0.4,6113.0,7702.0
20550.0,-1.259999999999991,166.0,169.0,100.0,100.0,0.0,0.0,1.91,1.34,3.0,3.0,-0.48,-0.5,0.41,0.4,6193.0,7793.0
20555.0,-1.240000000000009,168.0,170.0,100.0,100.0,0.0,0.0,1.82,1.21,3.0,3.0,-0.5,-0.5,0.42,0.41,6254.0,7867.0
20560.0,-1.240000000000009,169.0,172.0,100.0,100.0,0.0,0.0,1.75,0.95,3.0,3.0,-0.49,-0.47,0.4,0.41,6295.0,7935.0
20565.0,-1.259999999999991,171.0,173.0,100.0,100.0,0.0,0.0,1.51,0.7,3.0,3.0,-0.49,-0.43,0.41,0.42,6364.0,7992.0
20570.0,-1.259999999999991,172.0,175.0,100.0,100.0,0.0,0.0,1.49,0.39,3.0,3.0,-0.42,-0.33,0.35,0.38,6428.0,8078.0
20575.0,-1.240000000000009,174.0,176.0,100.0,100.0,0.0,0.0,1.25,0.28,3.0,3.0,-0.46,-0.28,0.43,0.41,6468.0,8130.0
20580.0,-1.240000000000009,175.0,178.0,100.0,100.0,0.0,0.0,0.76,0.25,3.0,3.0,-0.39,-0.19,0.41,0.4,6512.0,8190.0
20585.0,-1.240000000000009,177.0,179.0,100.0,100.0,0.0,0.0,-0.17,0.22,3.0,3.0,-0.25,-0.14,0.41,0.39,6581.0,8270.0
20590.0,-1.240000000000009,178.0,180.0,80.0,64.0,21.0,58.0,-1.34,-0.67,3.0,3.0,-0.07,-0.04,0.14,-0.38,6557.0,8149.0
